Configuration_ID,Transmit_Power_W,TX_Diameter_m,RX_Diameter_m,Slot_Rate_Hz,Packet_Bits,PPM_Order,Background_Photons_Per_Slot,Photon_Gain_Factor,Route_Name,Total_Worlds,Available_Worlds,Certified_Worlds,All_Available_Worlds_Certified,Minimum_Scaled_Bottleneck_Photons_Per_Slot,Worst_Log10_Route_Packet_Failure_Upper_Bound,Mean_Route_Packet_Success_Lower_Bound_Available
1,10,0.29999999999999999,0.29999999999999999,250000,1024,16,4,20.249999999999993,Direct_Earth_to_Mars,100,100,16,0,2.8732296827180996,0,0.22276274932729528
1,10,0.29999999999999999,0.29999999999999999,250000,1024,16,4,20.249999999999993,Earth_Relay0_Mars,100,94,24,0,2.815419662082316,0,0.25531865696414419
1,10,0.29999999999999999,0.29999999999999999,250000,1024,16,4,20.249999999999993,Earth_Relay1_Mars,100,91,7,0,3.0743700481543494,0,0.13296995635703379
1,10,0.29999999999999999,0.29999999999999999,250000,1024,16,4,20.249999999999993,Earth_Relay2_Mars,100,92,15,0,2.8586411873236499,0,0.23112020509480946
2,10,0.29999999999999999,0.29999999999999999,250000,2048,16,4,20.249999999999993,Direct_Earth_to_Mars,100,100,16,0,2.8732296827180996,0,0.21368198271256669
2,10,0.29999999999999999,0.29999999999999999,250000,2048,16,4,20.249999999999993,Earth_Relay0_Mars,100,94,24,0,2.815419662082316,0,0.25531816499211818
2,10,0.29999999999999999,0.29999999999999999,250000,2048,16,4,20.249999999999993,Earth_Relay1_Mars,100,91,7,0,3.0743700481543494,0,0.12308276985692469
2,10,0.29999999999999999,0.29999999999999999,250000,2048,16,4,20.249999999999993,Earth_Relay2_Mars,100,92,15,0,2.8586411873236499,0,0.22422087387101824
3,10,0.29999999999999999,0.29999999999999999,250000,4096,16,4,20.249999999999993,Direct_Earth_to_Mars,100,100,15,0,2.8732296827180996,0,0.20718523231266547
3,10,0.29999999999999999,0.29999999999999999,250000,4096,16,4,20.249999999999993,Earth_Relay0_Mars,100,94,24,0,2.815419662082316,0,0.25531718104806617
3,10,0.29999999999999999,0.29999999999999999,250000,4096,16,4,20.249999999999993,Earth_Relay1_Mars,100,91,5,0,3.0743700481543494,0,0.1194274414063108
3,10,0.29999999999999999,0.29999999999999999,250000,4096,16,4,20.249999999999993,Earth_Relay2_Mars,100,92,14,0,2.8586411873236499,0,0.22018087817681911
4,10,0.29999999999999999,0.29999999999999999,250000,8192,16,4,20.249999999999993,Direct_Earth_to_Mars,100,100,14,0,2.8732296827180996,0,0.20373640960738892
4,10,0.29999999999999999,0.29999999999999999,250000,8192,16,4,20.249999999999993,Earth_Relay0_Mars,100,94,24,0,2.815419662082316,0,0.25531521315996197
4,10,0.29999999999999999,0.29999999999999999,250000,8192,16,4,20.249999999999993,Earth_Relay1_Mars,100,91,5,0,3.0743700481543494,0,0.11797576193350076
4,10,0.29999999999999999,0.29999999999999999,250000,8192,16,4,20.249999999999993,Earth_Relay2_Mars,100,92,14,0,2.8586411873236499,0,0.2121008867884209
5,10,0.29999999999999999,0.29999999999999999,500000,1024,16,4,10.124999999999996,Direct_Earth_to_Mars,100,100,7,0,1.4366148413590498,0,0.11545978594744696
5,10,0.29999999999999999,0.29999999999999999,500000,1024,16,4,10.124999999999996,Earth_Relay0_Mars,100,94,12,0,1.407709831041158,0,0.21720537410601243
5,10,0.29999999999999999,0.29999999999999999,500000,1024,16,4,10.124999999999996,Earth_Relay1_Mars,100,91,0,0,1.5371850240771747,0,0.025897499232822075
5,10,0.29999999999999999,0.29999999999999999,500000,1024,16,4,10.124999999999996,Earth_Relay2_Mars,100,92,7,0,1.429320593661825,0,0.11883274328892905
6,10,0.29999999999999999,0.29999999999999999,500000,2048,16,4,10.124999999999996,Direct_Earth_to_Mars,100,100,7,0,1.4366148413590498,0,0.10949539918260394
6,10,0.29999999999999999,0.29999999999999999,500000,2048,16,4,10.124999999999996,Earth_Relay0_Mars,100,94,10,0,1.407709831041158,0,0.21178671569269084
6,10,0.29999999999999999,0.29999999999999999,500000,2048,16,4,10.124999999999996,Earth_Relay1_Mars,100,91,0,0,1.5371850240771747,0,0.018827965498611182
6,10,0.29999999999999999,0.29999999999999999,500000,2048,16,4,10.124999999999996,Earth_Relay2_Mars,100,92,7,0,1.429320593661825,0,0.11810026918655379
7,10,0.29999999999999999,0.29999999999999999,500000,4096,16,4,10.124999999999996,Direct_Earth_to_Mars,100,100,7,0,1.4366148413590498,0,0.10899079836520788
7,10,0.29999999999999999,0.29999999999999999,500000,4096,16,4,10.124999999999996,Earth_Relay0_Mars,100,94,6,0,1.407709831041158,0,0.2108074739385731
7,10,0.29999999999999999,0.29999999999999999,500000,4096,16,4,10.124999999999996,Earth_Relay1_Mars,100,91,0,0,1.5371850240771747,0,0.0062993941804222768
7,10,0.29999999999999999,0.29999999999999999,500000,4096,16,4,10.124999999999996,Earth_Relay2_Mars,100,92,7,0,1.429320593661825,0,0.11663532098180325
8,10,0.29999999999999999,0.29999999999999999,500000,8192,16,4,10.124999999999996,Direct_Earth_to_Mars,100,100,7,0,1.4366148413590498,0,0.10798159673041578
8,10,0.29999999999999999,0.29999999999999999,500000,8192,16,4,10.124999999999996,Earth_Relay0_Mars,100,94,3,0,1.407709831041158,0,0.20884899043033781
8,10,0.29999999999999999,0.29999999999999999,500000,8192,16,4,10.124999999999996,Earth_Relay1_Mars,100,91,0,0,1.5371850240771747,0,0.00073851688338604665
8,10,0.29999999999999999,0.29999999999999999,500000,8192,16,4,10.124999999999996,Earth_Relay2_Mars,100,92,7,0,1.429320593661825,0,0.11370542457230211
9,10,0.29999999999999999,0.29999999999999999,1000000,1024,16,4,5.0624999999999982,Direct_Earth_to_Mars,100,100,0,0,0.71830742067952491,0,0.042191054340274821
9,10,0.29999999999999999,0.29999999999999999,1000000,1024,16,4,5.0624999999999982,Earth_Relay0_Mars,100,94,0,0,0.70385491552057899,0,0
9,10,0.29999999999999999,0.29999999999999999,1000000,1024,16,4,5.0624999999999982,Earth_Relay1_Mars,100,91,0,0,0.76859251203858736,0,0
9,10,0.29999999999999999,0.29999999999999999,1000000,1024,16,4,5.0624999999999982,Earth_Relay2_Mars,100,92,0,0,0.71466029683091248,0,0.034705846812723803
10,10,0.29999999999999999,0.29999999999999999,1000000,2048,16,4,5.0624999999999982,Direct_Earth_to_Mars,100,100,0,0,0.71830742067952491,0,0.034520971956469859
10,10,0.29999999999999999,0.29999999999999999,1000000,2048,16,4,5.0624999999999982,Earth_Relay0_Mars,100,94,0,0,0.70385491552057899,0,0
10,10,0.29999999999999999,0.29999999999999999,1000000,2048,16,4,5.0624999999999982,Earth_Relay1_Mars,100,91,0,0,0.76859251203858736,0,0
10,10,0.29999999999999999,0.29999999999999999,1000000,2048,16,4,5.0624999999999982,Earth_Relay2_Mars,100,92,0,0,0.71466029683091248,0,0.025933432755882394
11,10,0.29999999999999999,0.29999999999999999,1000000,4096,16,4,5.0624999999999982,Direct_Earth_to_Mars,100,100,0,0,0.71830742067952491,0,0.029041943912939717
11,10,0.29999999999999999,0.29999999999999999,1000000,4096,16,4,5.0624999999999982,Earth_Relay0_Mars,100,94,0,0,0.70385491552057899,0,0
11,10,0.29999999999999999,0.29999999999999999,1000000,4096,16,4,5.0624999999999982,Earth_Relay1_Mars,100,91,0,0,0.76859251203858736,0,0
11,10,0.29999999999999999,0.29999999999999999,1000000,4096,16,4,5.0624999999999982,Earth_Relay2_Mars,100,92,0,0,0.71466029683091248,0,0.016212011065416997
12,10,0.29999999999999999,0.29999999999999999,1000000,8192,16,4,5.0624999999999982,Direct_Earth_to_Mars,100,100,0,0,0.71830742067952491,0,0.020025815188933163
12,10,0.29999999999999999,0.29999999999999999,1000000,8192,16,4,5.0624999999999982,Earth_Relay0_Mars,100,94,0,0,0.70385491552057899,0,0
12,10,0.29999999999999999,0.29999999999999999,1000000,8192,16,4,5.0624999999999982,Earth_Relay1_Mars,100,91,0,0,0.76859251203858736,0,0
12,10,0.29999999999999999,0.29999999999999999,1000000,8192,16,4,5.0624999999999982,Earth_Relay2_Mars,100,92,0,0,0.71466029683091248,0,0.0087022492162623505
13,10,0.40000000000000002,0.40000000000000002,250000,1024,16,4,64,Direct_Earth_to_Mars,100,100,37,0,9.0808246762448608,0,0.46032002713722925
13,10,0.40000000000000002,0.40000000000000002,250000,1024,16,4,64,Earth_Relay0_Mars,100,94,37,0,8.8981164628774465,0,0.44869429711374981
13,10,0.40000000000000002,0.40000000000000002,250000,1024,16,4,64,Earth_Relay1_Mars,100,91,31,0,9.7165275595989353,0,0.40418176011505091
13,10,0.40000000000000002,0.40000000000000002,250000,1024,16,4,64,Earth_Relay2_Mars,100,92,33,0,9.0347178266031438,0,0.47139210425535716
14,10,0.40000000000000002,0.40000000000000002,250000,2048,16,4,64,Direct_Earth_to_Mars,100,100,34,0,9.0808246762448608,0,0.45388918500453512
14,10,0.40000000000000002,0.40000000000000002,250000,2048,16,4,64,Earth_Relay0_Mars,100,94,37,0,8.8981164628774465,0,0.42696430441865058
14,10,0.40000000000000002,0.40000000000000002,250000,2048,16,4,64,Earth_Relay1_Mars,100,91,28,0,9.7165275595989353,0,0.37997453733043957
14,10,0.40000000000000002,0.40000000000000002,250000,2048,16,4,64,Earth_Relay2_Mars,100,92,33,0,9.0347178266031438,0,0.46452333894549702
15,10,0.40000000000000002,0.40000000000000002,250000,4096,16,4,64,Direct_Earth_to_Mars,100,100,33,0,9.0808246762448608,0,0.44777837000907028
15,10,0.40000000000000002,0.40000000000000002,250000,4096,16,4,64,Earth_Relay0_Mars,100,94,37,0,8.8981164628774465,0,0.4167455407334697
15,10,0.40000000000000002,0.40000000000000002,250000,4096,16,4,64,Earth_Relay1_Mars,100,91,27,0,9.7165275595989353,0,0.36016039978997816
15,10,0.40000000000000002,0.40000000000000002,250000,4096,16,4,64,Earth_Relay2_Mars,100,92,30,0,9.0347178266031438,0,0.45078580832577647
16,10,0.40000000000000002,0.40000000000000002,250000,8192,16,4,64,Direct_Earth_to_Mars,100,100,30,0,9.0808246762448608,0,0.43555674001814049
16,10,0.40000000000000002,0.40000000000000002,250000,8192,16,4,64,Earth_Relay0_Mars,100,94,37,0,8.8981164628774465,0,0.41387482621311289
16,10,0.40000000000000002,0.40000000000000002,250000,8192,16,4,64,Earth_Relay1_Mars,100,91,27,0,9.7165275595989353,0,0.35137668289501489
16,10,0.40000000000000002,0.40000000000000002,250000,8192,16,4,64,Earth_Relay2_Mars,100,92,30,0,9.0347178266031438,0,0.43930033957874892
17,10,0.40000000000000002,0.40000000000000002,500000,1024,16,4,32,Direct_Earth_to_Mars,100,100,24,0,4.5404123381224304,0,0.28186537976796711
17,10,0.40000000000000002,0.40000000000000002,500000,1024,16,4,32,Earth_Relay0_Mars,100,94,24,0,4.4490582314387233,0,0.33310024240845065
17,10,0.40000000000000002,0.40000000000000002,500000,1024,16,4,32,Earth_Relay1_Mars,100,91,13,0,4.8582637797994677,0,0.21618992622759958
17,10,0.40000000000000002,0.40000000000000002,500000,1024,16,4,32,Earth_Relay2_Mars,100,92,23,0,4.5173589133015719,0,0.30394641863119487
18,10,0.40000000000000002,0.40000000000000002,500000,2048,16,4,32,Direct_Earth_to_Mars,100,100,23,0,4.5404123381224304,0,0.27968557691217732
18,10,0.40000000000000002,0.40000000000000002,500000,2048,16,4,32,Earth_Relay0_Mars,100,94,24,0,4.4490582314387233,0,0.32495125292266475
18,10,0.40000000000000002,0.40000000000000002,500000,2048,16,4,32,Earth_Relay1_Mars,100,91,13,0,4.8582637797994677,0,0.20011955249657906
18,10,0.40000000000000002,0.40000000000000002,500000,2048,16,4,32,Earth_Relay2_Mars,100,92,22,0,4.5173589133015719,0,0.30354501117543309
19,10,0.40000000000000002,0.40000000000000002,500000,4096,16,4,32,Direct_Earth_to_Mars,100,100,23,0,4.5404123381224304,0,0.27937115382435462
19,10,0.40000000000000002,0.40000000000000002,500000,4096,16,4,32,Earth_Relay0_Mars,100,94,24,0,4.4490582314387233,0,0.31262354701543676
19,10,0.40000000000000002,0.40000000000000002,500000,4096,16,4,32,Earth_Relay1_Mars,100,91,13,0,4.8582637797994677,0,0.18534843694457101
19,10,0.40000000000000002,0.40000000000000002,500000,4096,16,4,32,Earth_Relay2_Mars,100,92,22,0,4.5173589133015719,0,0.30274219626390975
20,10,0.40000000000000002,0.40000000000000002,500000,8192,16,4,32,Direct_Earth_to_Mars,100,100,22,0,4.5404123381224304,0,0.27874230764870928
20,10,0.40000000000000002,0.40000000000000002,500000,8192,16,4,32,Earth_Relay0_Mars,100,94,24,0,4.4490582314387233,0,0.30158088471658767
20,10,0.40000000000000002,0.40000000000000002,500000,8192,16,4,32,Earth_Relay1_Mars,100,91,13,0,4.8582637797994677,0,0.18116968784697018
20,10,0.40000000000000002,0.40000000000000002,500000,8192,16,4,32,Earth_Relay2_Mars,100,92,21,0,4.5173589133015719,0,0.30113656644086312
21,10,0.40000000000000002,0.40000000000000002,1000000,1024,16,4,16,Direct_Earth_to_Mars,100,100,13,0,2.2702061690612152,0,0.18819161010620636
21,10,0.40000000000000002,0.40000000000000002,1000000,1024,16,4,16,Earth_Relay0_Mars,100,94,21,0,2.2245291157193616,0,0.25521530742557191
21,10,0.40000000000000002,0.40000000000000002,1000000,1024,16,4,16,Earth_Relay1_Mars,100,91,3,0,2.4291318898997338,0,0.10476956432196725
21,10,0.40000000000000002,0.40000000000000002,1000000,1024,16,4,16,Earth_Relay2_Mars,100,92,12,0,2.258679456650786,0,0.18763755681659611
22,10,0.40000000000000002,0.40000000000000002,1000000,2048,16,4,16,Direct_Earth_to_Mars,100,100,13,0,2.2702061690612152,0,0.17638322021241265
22,10,0.40000000000000002,0.40000000000000002,1000000,2048,16,4,16,Earth_Relay0_Mars,100,94,21,0,2.2245291157193616,0,0.25511146591497363
22,10,0.40000000000000002,0.40000000000000002,1000000,2048,16,4,16,Earth_Relay1_Mars,100,91,3,0,2.4291318898997338,0,0.089134872853146724
22,10,0.40000000000000002,0.40000000000000002,1000000,2048,16,4,16,Earth_Relay2_Mars,100,92,11,0,2.258679456650786,0,0.17366340173952302
23,10,0.40000000000000002,0.40000000000000002,1000000,4096,16,4,16,Direct_Earth_to_Mars,100,100,11,0,2.2702061690612152,0,0.16241409060864936
23,10,0.40000000000000002,0.40000000000000002,1000000,4096,16,4,16,Earth_Relay0_Mars,100,94,21,0,2.2245291157193616,0,0.25490378289377702
23,10,0.40000000000000002,0.40000000000000002,1000000,4096,16,4,16,Earth_Relay1_Mars,100,91,3,0,2.4291318898997338,0,0.078302384860404958
23,10,0.40000000000000002,0.40000000000000002,1000000,4096,16,4,16,Earth_Relay2_Mars,100,92,11,0,2.258679456650786,0,0.16890882934801568
24,10,0.40000000000000002,0.40000000000000002,1000000,8192,16,4,16,Direct_Earth_to_Mars,100,100,11,0,2.2702061690612152,0,0.1561989527961255
24,10,0.40000000000000002,0.40000000000000002,1000000,8192,16,4,16,Earth_Relay0_Mars,100,94,20,0,2.2245291157193616,0,0.25448841685138396
24,10,0.40000000000000002,0.40000000000000002,1000000,8192,16,4,16,Earth_Relay1_Mars,100,91,3,0,2.4291318898997338,0,0.070042775653104725
24,10,0.40000000000000002,0.40000000000000002,1000000,8192,16,4,16,Earth_Relay2_Mars,100,92,11,0,2.258679456650786,0,0.16390461521777053
25,10,0.5,0.5,250000,1024,16,4,156.25,Direct_Earth_to_Mars,100,100,63,0,22.169982119738428,-0.63151306290305487,0.97885074170025321
25,10,0.5,0.5,250000,1024,16,4,156.25,Earth_Relay0_Mars,100,94,60,0,21.723917145696891,-0.21282248175030513,0.94596400948691473
25,10,0.5,0.5,250000,1024,16,4,156.25,Earth_Relay1_Mars,100,91,60,0,23.721991112302089,-0.74479132788615299,0.98543796373957326
25,10,0.5,0.5,250000,1024,16,4,156.25,Earth_Relay2_Mars,100,92,59,0,22.057416568855331,-0.30072959250464676,0.9542097475316843
26,10,0.5,0.5,250000,2048,16,4,156.25,Direct_Earth_to_Mars,100,100,62,0,22.169982119738428,-0.33048306723907367,0.95770148340050665
26,10,0.5,0.5,250000,2048,16,4,156.25,Earth_Relay0_Mars,100,94,58,0,21.723917145696891,0,0.89760414252489096
26,10,0.5,0.5,250000,2048,16,4,156.25,Earth_Relay1_Mars,100,91,58,0,23.721991112302089,-0.44376133222217179,0.97087592747914719
26,10,0.5,0.5,250000,2048,16,4,156.25,Earth_Relay2_Mars,100,92,58,0,22.057416568855331,0,0.90842701618422572
27,10,0.5,0.5,250000,4096,16,4,156.25,Direct_Earth_to_Mars,100,100,61,0,22.169982119738428,-0.029453071575092454,0.91540296680101296
27,10,0.5,0.5,250000,4096,16,4,156.25,Earth_Relay0_Mars,100,94,58,0,21.723917145696891,0,0.85401471836651999
27,10,0.5,0.5,250000,4096,16,4,156.25,Earth_Relay1_Mars,100,91,56,0,23.721991112302089,-0.14273133655819062,0.94175185495829405
27,10,0.5,0.5,250000,4096,16,4,156.25,Earth_Relay2_Mars,100,92,58,0,22.057416568855331,0,0.85577153441020504
28,10,0.5,0.5,250000,8192,16,4,156.25,Direct_Earth_to_Mars,100,100,61,0,22.169982119738428,0,0.86016191947885701
28,10,0.5,0.5,250000,8192,16,4,156.25,Earth_Relay0_Mars,100,94,57,0,21.723917145696891,0,0.80136652962612342
28,10,0.5,0.5,250000,8192,16,4,156.25,Earth_Relay1_Mars,100,91,53,0,23.721991112302089,0,0.8893351458504376
28,10,0.5,0.5,250000,8192,16,4,156.25,Earth_Relay2_Mars,100,92,56,0,22.057416568855331,0,0.79996496764379177
29,10,0.5,0.5,500000,1024,16,4,78.125,Direct_Earth_to_Mars,100,100,43,0,11.084991059869214,0,0.50024361511482696
29,10,0.5,0.5,500000,1024,16,4,78.125,Earth_Relay0_Mars,100,94,39,0,10.861958572848446,0,0.52974945896345638
29,10,0.5,0.5,500000,1024,16,4,78.125,Earth_Relay1_Mars,100,91,32,0,11.860995556151044,0,0.4867909451602585
29,10,0.5,0.5,500000,1024,16,4,78.125,Earth_Relay2_Mars,100,92,40,0,11.028708284427665,0,0.49093507089100824
30,10,0.5,0.5,500000,2048,16,4,78.125,Direct_Earth_to_Mars,100,100,42,0,11.084991059869214,0,0.47591362594655473
30,10,0.5,0.5,500000,2048,16,4,78.125,Earth_Relay0_Mars,100,94,39,0,10.861958572848446,0,0.51361192188581806
30,10,0.5,0.5,500000,2048,16,4,78.125,Earth_Relay1_Mars,100,91,31,0,11.860995556151044,0,0.46808738482601131
30,10,0.5,0.5,500000,2048,16,4,78.125,Earth_Relay2_Mars,100,92,40,0,11.028708284427665,0,0.48666156312296549
31,10,0.5,0.5,500000,4096,16,4,78.125,Direct_Earth_to_Mars,100,100,41,0,11.084991059869214,0,0.46792950310383929
31,10,0.5,0.5,500000,4096,16,4,78.125,Earth_Relay0_Mars,100,94,39,0,10.861958572848446,0,0.49927393995183722
31,10,0.5,0.5,500000,4096,16,4,78.125,Earth_Relay1_Mars,100,91,31,0,11.860995556151044,0,0.4462031816218896
31,10,0.5,0.5,500000,4096,16,4,78.125,Earth_Relay2_Mars,100,92,39,0,11.028708284427665,0,0.48419269146332211
32,10,0.5,0.5,500000,8192,16,4,78.125,Direct_Earth_to_Mars,100,100,40,0,11.084991059869214,0,0.46585900620767867
32,10,0.5,0.5,500000,8192,16,4,78.125,Earth_Relay0_Mars,100,94,38,0,10.861958572848446,0,0.47748878634418895
32,10,0.5,0.5,500000,8192,16,4,78.125,Earth_Relay1_Mars,100,91,31,0,11.860995556151044,0,0.42959022865105706
32,10,0.5,0.5,500000,8192,16,4,78.125,Earth_Relay2_Mars,100,92,39,0,11.028708284427665,0,0.47925494814403541
33,10,0.5,0.5,1000000,1024,16,4,39.0625,Direct_Earth_to_Mars,100,100,28,0,5.542495529934607,0,0.30884740530635291
33,10,0.5,0.5,1000000,1024,16,4,39.0625,Earth_Relay0_Mars,100,94,29,0,5.4309792864242228,0,0.3838549317894297
33,10,0.5,0.5,1000000,1024,16,4,39.0625,Earth_Relay1_Mars,100,91,17,0,5.9304977780755221,0,0.27283877710899568
33,10,0.5,0.5,1000000,1024,16,4,39.0625,Earth_Relay2_Mars,100,92,28,0,5.5143541422138327,0,0.32038889543476867
34,10,0.5,0.5,1000000,2048,16,4,39.0625,Direct_Earth_to_Mars,100,100,28,0,5.542495529934607,0,0.29528454153529765
34,10,0.5,0.5,1000000,2048,16,4,39.0625,Earth_Relay0_Mars,100,94,28,0,5.4309792864242228,0,0.37409284230226358
34,10,0.5,0.5,1000000,2048,16,4,39.0625,Earth_Relay1_Mars,100,91,15,0,5.9304977780755221,0,0.25619914252466242
34,10,0.5,0.5,1000000,2048,16,4,39.0625,Earth_Relay2_Mars,100,92,28,0,5.5143541422138327,0,0.31469083434779827
35,10,0.5,0.5,1000000,4096,16,4,39.0625,Direct_Earth_to_Mars,100,100,28,0,5.542495529934607,0,0.2905690830705952
35,10,0.5,0.5,1000000,4096,16,4,39.0625,Earth_Relay0_Mars,100,94,26,0,5.4309792864242228,0,0.3638197558553562
35,10,0.5,0.5,1000000,4096,16,4,39.0625,Earth_Relay1_Mars,100,91,15,0,5.9304977780755221,0,0.24657400899212614
35,10,0.5,0.5,1000000,4096,16,4,39.0625,Earth_Relay2_Mars,100,92,28,0,5.5143541422138327,0,0.3099614257861002
36,10,0.5,0.5,1000000,8192,16,4,39.0625,Direct_Earth_to_Mars,100,100,28,0,5.542495529934607,0,0.28573411542344429
36,10,0.5,0.5,1000000,8192,16,4,39.0625,Earth_Relay0_Mars,100,94,25,0,5.4309792864242228,0,0.34971359160771903
36,10,0.5,0.5,1000000,8192,16,4,39.0625,Earth_Relay1_Mars,100,91,15,0,5.9304977780755221,0,0.23518857946299998
36,10,0.5,0.5,1000000,8192,16,4,39.0625,Earth_Relay2_Mars,100,92,26,0,5.5143541422138327,0,0.30470546026785256
37,10,0.59999999999999998,0.59999999999999998,250000,1024,16,4,323.99999999999989,Direct_Earth_to_Mars,100,100,100,1,45.971674923489594,-7.5750463077115908,0.99999999886921853
37,10,0.59999999999999998,0.59999999999999998,250000,1024,16,4,323.99999999999989,Earth_Relay0_Mars,100,94,94,1,45.046714593317056,-6.9864935585104142,0.9999999950657138
37,10,0.59999999999999998,0.59999999999999998,250000,1024,16,4,323.99999999999989,Earth_Relay1_Mars,100,91,91,1,49.189920770469591,-8.2824204216098085,0.9999999998357133
37,10,0.59999999999999998,0.59999999999999998,250000,1024,16,4,323.99999999999989,Earth_Relay2_Mars,100,92,92,1,45.738258997178399,-7.2013588766356742,0.99999999714107957
38,10,0.59999999999999998,0.59999999999999998,250000,2048,16,4,323.99999999999989,Direct_Earth_to_Mars,100,100,100,1,45.971674923489594,-7.2740163120476105,0.99999999773843651
38,10,0.59999999999999998,0.59999999999999998,250000,2048,16,4,323.99999999999989,Earth_Relay0_Mars,100,94,94,1,45.046714593317056,-6.6854635628464329,0.99999999013142771
38,10,0.59999999999999998,0.59999999999999998,250000,2048,16,4,323.99999999999989,Earth_Relay1_Mars,100,91,91,1,49.189920770469591,-7.9813904259458281,0.99999999967142694
38,10,0.59999999999999998,0.59999999999999998,250000,2048,16,4,323.99999999999989,Earth_Relay2_Mars,100,92,92,1,45.738258997178399,-6.9003288809716938,0.99999999428215924
39,10,0.59999999999999998,0.59999999999999998,250000,4096,16,4,323.99999999999989,Direct_Earth_to_Mars,100,100,100,1,45.971674923489594,-6.9729863163836283,0.99999999547687313
39,10,0.59999999999999998,0.59999999999999998,250000,4096,16,4,323.99999999999989,Earth_Relay0_Mars,100,94,94,1,45.046714593317056,-6.3844335671824517,0.99999998026285519
39,10,0.59999999999999998,0.59999999999999998,250000,4096,16,4,323.99999999999989,Earth_Relay1_Mars,100,91,91,1,49.189920770469591,-7.680360430281846,0.99999999934285388
39,10,0.59999999999999998,0.59999999999999998,250000,4096,16,4,323.99999999999989,Earth_Relay2_Mars,100,92,92,1,45.738258997178399,-6.5992988853077117,0.99999998856431827
40,10,0.59999999999999998,0.59999999999999998,250000,8192,16,4,323.99999999999989,Direct_Earth_to_Mars,100,100,100,1,45.971674923489594,-6.6719563207196479,0.99999999095374659
40,10,0.59999999999999998,0.59999999999999998,250000,8192,16,4,323.99999999999989,Earth_Relay0_Mars,100,94,94,1,45.046714593317056,-6.0834035715184713,0.99999996052571061
40,10,0.59999999999999998,0.59999999999999998,250000,8192,16,4,323.99999999999989,Earth_Relay1_Mars,100,91,91,1,49.189920770469591,-7.3793304346178656,0.99999999868570744
40,10,0.59999999999999998,0.59999999999999998,250000,8192,16,4,323.99999999999989,Earth_Relay2_Mars,100,92,92,1,45.738258997178399,-6.2982688896437313,0.99999997712863664
41,10,0.59999999999999998,0.59999999999999998,500000,1024,16,4,161.99999999999994,Direct_Earth_to_Mars,100,100,65,0,22.985837461744797,-0.84837342594632348,0.98766320486816328
41,10,0.59999999999999998,0.59999999999999998,500000,1024,16,4,161.99999999999994,Earth_Relay0_Mars,100,94,60,0,22.523357296658528,-0.4241535070462979,0.9679316281433058
41,10,0.59999999999999998,0.59999999999999998,500000,1024,16,4,161.99999999999994,Earth_Relay1_Mars,100,91,62,0,24.594960385234796,-0.98102051762098996,0.99192128668362778
41,10,0.59999999999999998,0.59999999999999998,500000,1024,16,4,161.99999999999994,Earth_Relay2_Mars,100,92,60,0,22.869129498589199,-0.51619297465422953,0.97312600918507075
42,10,0.59999999999999998,0.59999999999999998,500000,2048,16,4,161.99999999999994,Direct_Earth_to_Mars,100,100,65,0,22.985837461744797,-0.54734343028234234,0.97532640973632556
42,10,0.59999999999999998,0.59999999999999998,500000,2048,16,4,161.99999999999994,Earth_Relay0_Mars,100,94,60,0,22.523357296658528,-0.12312351138231671,0.93586325628661171
42,10,0.59999999999999998,0.59999999999999998,500000,2048,16,4,161.99999999999994,Earth_Relay1_Mars,100,91,60,0,24.594960385234796,-0.67999052195700882,0.98384257336725589
42,10,0.59999999999999998,0.59999999999999998,500000,2048,16,4,161.99999999999994,Earth_Relay2_Mars,100,92,59,0,22.869129498589199,-0.21516297899024833,0.94625201837014139
43,10,0.59999999999999998,0.59999999999999998,500000,4096,16,4,161.99999999999994,Direct_Earth_to_Mars,100,100,62,0,22.985837461744797,-0.24631343461836108,0.95065281947265123
43,10,0.59999999999999998,0.59999999999999998,500000,4096,16,4,161.99999999999994,Earth_Relay0_Mars,100,94,58,0,22.523357296658528,0,0.88747385301813098
43,10,0.59999999999999998,0.59999999999999998,500000,4096,16,4,161.99999999999994,Earth_Relay1_Mars,100,91,58,0,24.594960385234796,-0.37896052629302762,0.96768514673451178
43,10,0.59999999999999998,0.59999999999999998,500000,4096,16,4,161.99999999999994,Earth_Relay2_Mars,100,92,58,0,22.869129498589199,0,0.89541274950305827
44,10,0.59999999999999998,0.59999999999999998,500000,8192,16,4,161.99999999999994,Direct_Earth_to_Mars,100,100,61,0,22.985837461744797,0,0.9026483419579252
44,10,0.59999999999999998,0.59999999999999998,500000,8192,16,4,161.99999999999994,Earth_Relay0_Mars,100,94,58,0,22.523357296658528,0,0.84689529852809597
44,10,0.59999999999999998,0.59999999999999998,500000,8192,16,4,161.99999999999994,Earth_Relay1_Mars,100,91,56,0,24.594960385234796,-0.077930530629046438,0.93537029346902278
44,10,0.59999999999999998,0.59999999999999998,500000,8192,16,4,161.99999999999994,Earth_Relay2_Mars,100,92,58,0,22.869129498589199,0,0.84649193407038814
45,10,0.59999999999999998,0.59999999999999998,1000000,1024,16,4,80.999999999999972,Direct_Earth_to_Mars,100,100,44,0,11.492918730872399,0,0.51725238647197636
45,10,0.59999999999999998,0.59999999999999998,1000000,1024,16,4,80.999999999999972,Earth_Relay0_Mars,100,94,39,0,11.261678648329264,0,0.54695113881791579
45,10,0.59999999999999998,0.59999999999999998,1000000,1024,16,4,80.999999999999972,Earth_Relay1_Mars,100,91,32,0,12.297480192617398,0,0.49449115942634797
45,10,0.59999999999999998,0.59999999999999998,1000000,1024,16,4,80.999999999999972,Earth_Relay2_Mars,100,92,41,0,11.4345647492946,0,0.50515569227092061
46,10,0.59999999999999998,0.59999999999999998,1000000,2048,16,4,80.999999999999972,Direct_Earth_to_Mars,100,100,43,0,11.492918730872399,0,0.49203707534107549
46,10,0.59999999999999998,0.59999999999999998,1000000,2048,16,4,80.999999999999972,Earth_Relay0_Mars,100,94,39,0,11.261678648329264,0,0.52290074433323486
46,10,0.59999999999999998,0.59999999999999998,1000000,2048,16,4,80.999999999999972,Earth_Relay1_Mars,100,91,32,0,12.297480192617398,0,0.48348781335819041
46,10,0.59999999999999998,0.59999999999999998,1000000,2048,16,4,80.999999999999972,Earth_Relay2_Mars,100,92,40,0,11.4345647492946,0,0.48777269777021631
47,10,0.59999999999999998,0.59999999999999998,1000000,4096,16,4,80.999999999999972,Direct_Earth_to_Mars,100,100,43,0,11.492918730872399,0,0.46938441929566083
47,10,0.59999999999999998,0.59999999999999998,1000000,4096,16,4,80.999999999999972,Earth_Relay0_Mars,100,94,39,0,11.261678648329264,0,0.51096167551390881
47,10,0.59999999999999998,0.59999999999999998,1000000,4096,16,4,80.999999999999972,Earth_Relay1_Mars,100,91,31,0,12.297480192617398,0,0.46254463710427979
47,10,0.59999999999999998,0.59999999999999998,1000000,4096,16,4,80.999999999999972,Earth_Relay2_Mars,100,92,40,0,11.4345647492946,0,0.48641496075782381
48,10,0.59999999999999998,0.59999999999999998,1000000,8192,16,4,80.999999999999972,Direct_Earth_to_Mars,100,100,41,0,11.492918730872399,0,0.46773497596495983
48,10,0.59999999999999998,0.59999999999999998,1000000,8192,16,4,80.999999999999972,Earth_Relay0_Mars,100,94,39,0,11.261678648329264,0,0.49684201592430127
48,10,0.59999999999999998,0.59999999999999998,1000000,8192,16,4,80.999999999999972,Earth_Relay1_Mars,100,91,31,0,12.297480192617398,0,0.44394510763232736
48,10,0.59999999999999998,0.59999999999999998,1000000,8192,16,4,80.999999999999972,Earth_Relay2_Mars,100,92,39,0,11.4345647492946,0,0.48369948673303897
49,10,0.69999999999999996,0.69999999999999996,250000,1024,16,4,600.24999999999966,Direct_Earth_to_Mars,100,100,100,1,85.168203311187099,-20.474122360335709,1
49,10,0.69999999999999996,0.69999999999999996,250000,1024,16,4,600.24999999999966,Earth_Relay0_Mars,100,94,94,1,83.454600106909126,-19.587271591026866,1
49,10,0.69999999999999996,0.69999999999999996,250000,1024,16,4,600.24999999999966,Earth_Relay1_Mars,100,91,91,1,91.130401057019654,-22.222892196653831,1
49,10,0.69999999999999996,0.69999999999999996,250000,1024,16,4,600.24999999999966,Earth_Relay2_Mars,100,92,92,1,84.735771490914587,-20.025114488373777,1
50,10,0.69999999999999996,0.69999999999999996,250000,2048,16,4,600.24999999999966,Direct_Earth_to_Mars,100,100,100,1,85.168203311187099,-20.173092364671728,1
50,10,0.69999999999999996,0.69999999999999996,250000,2048,16,4,600.24999999999966,Earth_Relay0_Mars,100,94,94,1,83.454600106909126,-19.286241595362885,1
50,10,0.69999999999999996,0.69999999999999996,250000,2048,16,4,600.24999999999966,Earth_Relay1_Mars,100,91,91,1,91.130401057019654,-21.92186220098985,1
50,10,0.69999999999999996,0.69999999999999996,250000,2048,16,4,600.24999999999966,Earth_Relay2_Mars,100,92,92,1,84.735771490914587,-19.724084492709796,1
51,10,0.69999999999999996,0.69999999999999996,250000,4096,16,4,600.24999999999966,Direct_Earth_to_Mars,100,100,100,1,85.168203311187099,-19.872062369007747,1
51,10,0.69999999999999996,0.69999999999999996,250000,4096,16,4,600.24999999999966,Earth_Relay0_Mars,100,94,94,1,83.454600106909126,-18.985211599698903,1
51,10,0.69999999999999996,0.69999999999999996,250000,4096,16,4,600.24999999999966,Earth_Relay1_Mars,100,91,91,1,91.130401057019654,-21.620832205325872,1
51,10,0.69999999999999996,0.69999999999999996,250000,4096,16,4,600.24999999999966,Earth_Relay2_Mars,100,92,92,1,84.735771490914587,-19.423054497045818,1
52,10,0.69999999999999996,0.69999999999999996,250000,8192,16,4,600.24999999999966,Direct_Earth_to_Mars,100,100,100,1,85.168203311187099,-19.571032373343765,1
52,10,0.69999999999999996,0.69999999999999996,250000,8192,16,4,600.24999999999966,Earth_Relay0_Mars,100,94,94,1,83.454600106909126,-18.684181604034922,1
52,10,0.69999999999999996,0.69999999999999996,250000,8192,16,4,600.24999999999966,Earth_Relay1_Mars,100,91,91,1,91.130401057019654,-21.319802209661891,1
52,10,0.69999999999999996,0.69999999999999996,250000,8192,16,4,600.24999999999966,Earth_Relay2_Mars,100,92,92,1,84.735771490914587,-19.122024501381834,1
53,10,0.69999999999999996,0.69999999999999996,500000,1024,16,4,300.12499999999983,Direct_Earth_to_Mars,100,100,100,1,42.58410165559355,-6.5273831896931069,0.99999998644229759
53,10,0.69999999999999996,0.69999999999999996,500000,1024,16,4,300.12499999999983,Earth_Relay0_Mars,100,94,94,1,41.727300053454563,-5.9637924775471012,0.99999994512644286
53,10,0.69999999999999996,0.69999999999999996,500000,1024,16,4,300.12499999999983,Earth_Relay1_Mars,100,91,91,1,45.565200528509827,-7.147532959195531,0.99999999753226354
53,10,0.69999999999999996,0.69999999999999996,500000,1024,16,4,300.12499999999983,Earth_Relay2_Mars,100,92,92,1,42.367885745457293,-6.1599996798650745,0.99999996636969191
54,10,0.69999999999999996,0.69999999999999996,500000,2048,16,4,300.12499999999983,Direct_Earth_to_Mars,100,100,100,1,42.58410165559355,-6.2263531940291266,0.99999997288459452
54,10,0.69999999999999996,0.69999999999999996,500000,2048,16,4,300.12499999999983,Earth_Relay0_Mars,100,94,94,1,41.727300053454563,-5.6627624818831208,0.99999989025288527
54,10,0.69999999999999996,0.69999999999999996,500000,2048,16,4,300.12499999999983,Earth_Relay1_Mars,100,91,91,1,45.565200528509827,-6.8465029635315506,0.99999999506452752
54,10,0.69999999999999996,0.69999999999999996,500000,2048,16,4,300.12499999999983,Earth_Relay2_Mars,100,92,92,1,42.367885745457293,-5.8589696842010941,0.99999993273938437
55,10,0.69999999999999996,0.69999999999999996,500000,4096,16,4,300.12499999999983,Direct_Earth_to_Mars,100,100,100,1,42.58410165559355,-5.9253231983651444,0.99999994576918882
55,10,0.69999999999999996,0.69999999999999996,500000,4096,16,4,300.12499999999983,Earth_Relay0_Mars,100,94,94,1,41.727300053454563,-5.3617324862191396,0.9999997805057711
55,10,0.69999999999999996,0.69999999999999996,500000,4096,16,4,300.12499999999983,Earth_Relay1_Mars,100,91,91,1,45.565200528509827,-6.5454729678675685,0.99999999012905505
55,10,0.69999999999999996,0.69999999999999996,500000,4096,16,4,300.12499999999983,Earth_Relay2_Mars,100,92,92,1,42.367885745457293,-5.557939688537112,0.99999986547876796
56,10,0.69999999999999996,0.69999999999999996,500000,8192,16,4,300.12499999999983,Direct_Earth_to_Mars,100,100,100,1,42.58410165559355,-5.6242932027011641,0.99999989153837743
56,10,0.69999999999999996,0.69999999999999996,500000,8192,16,4,300.12499999999983,Earth_Relay0_Mars,100,94,94,1,41.727300053454563,-5.0607024905551583,0.99999956101154186
56,10,0.69999999999999996,0.69999999999999996,500000,8192,16,4,300.12499999999983,Earth_Relay1_Mars,100,91,91,1,45.565200528509827,-6.2444429722035881,0.99999998025810899
56,10,0.69999999999999996,0.69999999999999996,500000,8192,16,4,300.12499999999983,Earth_Relay2_Mars,100,92,92,1,42.367885745457293,-5.2569096928731316,0.99999973095753614
57,10,0.69999999999999996,0.69999999999999996,1000000,1024,16,4,150.06249999999991,Direct_Earth_to_Mars,100,100,62,0,21.292050827796775,-0.4005680616414431,0.96237577221319737
57,10,0.69999999999999996,0.69999999999999996,1000000,1024,16,4,150.06249999999991,Earth_Relay0_Mars,100,94,58,0,20.863650026727282,0,0.90619222569295332
57,10,0.69999999999999996,0.69999999999999996,1000000,1024,16,4,150.06249999999991,Earth_Relay1_Mars,100,91,57,0,22.782600264254913,-0.49312490925618968,0.97267044466098695
57,10,0.69999999999999996,0.69999999999999996,1000000,1024,16,4,150.06249999999991,Earth_Relay2_Mars,100,92,58,0,21.183942872728647,-0.071278904001491186,0.91907524511336314
58,10,0.69999999999999996,0.69999999999999996,1000000,2048,16,4,150.06249999999991,Direct_Earth_to_Mars,100,100,61,0,21.292050827796775,-0.099538065977461884,0.92475154442639462
58,10,0.69999999999999996,0.69999999999999996,1000000,2048,16,4,150.06249999999991,Earth_Relay0_Mars,100,94,58,0,20.863650026727282,0,0.85819160385523707
58,10,0.69999999999999996,0.69999999999999996,1000000,2048,16,4,150.06249999999991,Earth_Relay1_Mars,100,91,53,0,22.782600264254913,-0.19209491359220851,0.94534088932197335
58,10,0.69999999999999996,0.69999999999999996,1000000,2048,16,4,150.06249999999991,Earth_Relay2_Mars,100,92,58,0,21.183942872728647,0,0.86243255643968042
59,10,0.69999999999999996,0.69999999999999996,1000000,4096,16,4,150.06249999999991,Direct_Earth_to_Mars,100,100,61,0,21.292050827796775,0,0.86722016283733216
59,10,0.69999999999999996,0.69999999999999996,1000000,4096,16,4,150.06249999999991,Earth_Relay0_Mars,100,94,57,0,20.863650026727282,0,0.80564780341691089
59,10,0.69999999999999996,0.69999999999999996,1000000,4096,16,4,150.06249999999991,Earth_Relay1_Mars,100,91,52,0,22.782600264254913,0,0.89381468579634593
59,10,0.69999999999999996,0.69999999999999996,1000000,4096,16,4,150.06249999999991,Earth_Relay2_Mars,100,92,55,0,21.183942872728647,0,0.80584447744596821
60,10,0.69999999999999996,0.69999999999999996,1000000,8192,16,4,150.06249999999991,Direct_Earth_to_Mars,100,100,58,0,21.292050827796775,0,0.80582342630798209
60,10,0.69999999999999996,0.69999999999999996,1000000,8192,16,4,150.06249999999991,Earth_Relay0_Mars,100,94,55,0,20.863650026727282,0,0.74343123805128608
60,10,0.69999999999999996,0.69999999999999996,1000000,8192,16,4,150.06249999999991,Earth_Relay1_Mars,100,91,48,0,22.782600264254913,0,0.82912433995157098
60,10,0.69999999999999996,0.69999999999999996,1000000,8192,16,4,150.06249999999991,Earth_Relay2_Mars,100,92,55,0,21.183942872728647,0,0.74814926382178171
61,20,0.29999999999999999,0.29999999999999999,250000,1024,16,4,40.499999999999986,Direct_Earth_to_Mars,100,100,28,0,5.7464593654361993,0,0.31928609066100322
61,20,0.29999999999999999,0.29999999999999999,250000,1024,16,4,40.499999999999986,Earth_Relay0_Mars,100,94,29,0,5.630839324164632,0,0.38789056129449784
61,20,0.29999999999999999,0.29999999999999999,250000,1024,16,4,40.499999999999986,Earth_Relay1_Mars,100,91,17,0,6.1487400963086989,0,0.28226144359253286
61,20,0.29999999999999999,0.29999999999999999,250000,1024,16,4,40.499999999999986,Earth_Relay2_Mars,100,92,28,0,5.7172823746472998,0,0.32686175846568682
62,20,0.29999999999999999,0.29999999999999999,250000,2048,16,4,40.499999999999986,Direct_Earth_to_Mars,100,100,28,0,5.7464593654361993,0,0.30330620759293281
62,20,0.29999999999999999,0.29999999999999999,250000,2048,16,4,40.499999999999986,Earth_Relay0_Mars,100,94,29,0,5.630839324164632,0,0.3821641013123997
62,20,0.29999999999999999,0.29999999999999999,250000,2048,16,4,40.499999999999986,Earth_Relay1_Mars,100,91,17,0,6.1487400963086989,0,0.26781959048176907
62,20,0.29999999999999999,0.29999999999999999,250000,2048,16,4,40.499999999999986,Earth_Relay2_Mars,100,92,28,0,5.7172823746472998,0,0.31930657730806877
63,20,0.29999999999999999,0.29999999999999999,250000,4096,16,4,40.499999999999986,Direct_Earth_to_Mars,100,100,28,0,5.7464593654361993,0,0.29441496275711743
63,20,0.29999999999999999,0.29999999999999999,250000,4096,16,4,40.499999999999986,Earth_Relay0_Mars,100,94,28,0,5.630839324164632,0,0.37214460480988432
63,20,0.29999999999999999,0.29999999999999999,250000,4096,16,4,40.499999999999986,Earth_Relay1_Mars,100,91,16,0,6.1487400963086989,0,0.25407355931673148
63,20,0.29999999999999999,0.29999999999999999,250000,4096,16,4,40.499999999999986,Earth_Relay2_Mars,100,92,28,0,5.7172823746472998,0,0.31252619809439841
64,20,0.29999999999999999,0.29999999999999999,250000,8192,16,4,40.499999999999986,Direct_Earth_to_Mars,100,100,28,0,5.7464593654361993,0,0.28882992551423475
64,20,0.29999999999999999,0.29999999999999999,250000,8192,16,4,40.499999999999986,Earth_Relay0_Mars,100,94,26,0,5.630839324164632,0,0.36131048621551332
64,20,0.29999999999999999,0.29999999999999999,250000,8192,16,4,40.499999999999986,Earth_Relay1_Mars,100,91,15,0,6.1487400963086989,0,0.2444108548971991
64,20,0.29999999999999999,0.29999999999999999,250000,8192,16,4,40.499999999999986,Earth_Relay2_Mars,100,92,28,0,5.7172823746472998,0,0.30923621275996999
65,20,0.29999999999999999,0.29999999999999999,500000,1024,16,4,20.249999999999993,Direct_Earth_to_Mars,100,100,16,0,2.8732296827180996,0,0.22276274932729528
65,20,0.29999999999999999,0.29999999999999999,500000,1024,16,4,20.249999999999993,Earth_Relay0_Mars,100,94,24,0,2.815419662082316,0,0.25531865696414419
65,20,0.29999999999999999,0.29999999999999999,500000,1024,16,4,20.249999999999993,Earth_Relay1_Mars,100,91,7,0,3.0743700481543494,0,0.13296995635703379
65,20,0.29999999999999999,0.29999999999999999,500000,1024,16,4,20.249999999999993,Earth_Relay2_Mars,100,92,15,0,2.8586411873236499,0,0.23112020509480946
66,20,0.29999999999999999,0.29999999999999999,500000,2048,16,4,20.249999999999993,Direct_Earth_to_Mars,100,100,16,0,2.8732296827180996,0,0.21368198271256669
66,20,0.29999999999999999,0.29999999999999999,500000,2048,16,4,20.249999999999993,Earth_Relay0_Mars,100,94,24,0,2.815419662082316,0,0.25531816499211818
66,20,0.29999999999999999,0.29999999999999999,500000,2048,16,4,20.249999999999993,Earth_Relay1_Mars,100,91,7,0,3.0743700481543494,0,0.12308276985692469
66,20,0.29999999999999999,0.29999999999999999,500000,2048,16,4,20.249999999999993,Earth_Relay2_Mars,100,92,15,0,2.8586411873236499,0,0.22422087387101824
67,20,0.29999999999999999,0.29999999999999999,500000,4096,16,4,20.249999999999993,Direct_Earth_to_Mars,100,100,15,0,2.8732296827180996,0,0.20718523231266547
67,20,0.29999999999999999,0.29999999999999999,500000,4096,16,4,20.249999999999993,Earth_Relay0_Mars,100,94,24,0,2.815419662082316,0,0.25531718104806617
67,20,0.29999999999999999,0.29999999999999999,500000,4096,16,4,20.249999999999993,Earth_Relay1_Mars,100,91,5,0,3.0743700481543494,0,0.1194274414063108
67,20,0.29999999999999999,0.29999999999999999,500000,4096,16,4,20.249999999999993,Earth_Relay2_Mars,100,92,14,0,2.8586411873236499,0,0.22018087817681911
68,20,0.29999999999999999,0.29999999999999999,500000,8192,16,4,20.249999999999993,Direct_Earth_to_Mars,100,100,14,0,2.8732296827180996,0,0.20373640960738892
68,20,0.29999999999999999,0.29999999999999999,500000,8192,16,4,20.249999999999993,Earth_Relay0_Mars,100,94,24,0,2.815419662082316,0,0.25531521315996197
68,20,0.29999999999999999,0.29999999999999999,500000,8192,16,4,20.249999999999993,Earth_Relay1_Mars,100,91,5,0,3.0743700481543494,0,0.11797576193350076
68,20,0.29999999999999999,0.29999999999999999,500000,8192,16,4,20.249999999999993,Earth_Relay2_Mars,100,92,14,0,2.8586411873236499,0,0.2121008867884209
69,20,0.29999999999999999,0.29999999999999999,1000000,1024,16,4,10.124999999999996,Direct_Earth_to_Mars,100,100,7,0,1.4366148413590498,0,0.11545978594744696
69,20,0.29999999999999999,0.29999999999999999,1000000,1024,16,4,10.124999999999996,Earth_Relay0_Mars,100,94,12,0,1.407709831041158,0,0.21720537410601243
69,20,0.29999999999999999,0.29999999999999999,1000000,1024,16,4,10.124999999999996,Earth_Relay1_Mars,100,91,0,0,1.5371850240771747,0,0.025897499232822075
69,20,0.29999999999999999,0.29999999999999999,1000000,1024,16,4,10.124999999999996,Earth_Relay2_Mars,100,92,7,0,1.429320593661825,0,0.11883274328892905
70,20,0.29999999999999999,0.29999999999999999,1000000,2048,16,4,10.124999999999996,Direct_Earth_to_Mars,100,100,7,0,1.4366148413590498,0,0.10949539918260394
70,20,0.29999999999999999,0.29999999999999999,1000000,2048,16,4,10.124999999999996,Earth_Relay0_Mars,100,94,10,0,1.407709831041158,0,0.21178671569269084
70,20,0.29999999999999999,0.29999999999999999,1000000,2048,16,4,10.124999999999996,Earth_Relay1_Mars,100,91,0,0,1.5371850240771747,0,0.018827965498611182
70,20,0.29999999999999999,0.29999999999999999,1000000,2048,16,4,10.124999999999996,Earth_Relay2_Mars,100,92,7,0,1.429320593661825,0,0.11810026918655379
71,20,0.29999999999999999,0.29999999999999999,1000000,4096,16,4,10.124999999999996,Direct_Earth_to_Mars,100,100,7,0,1.4366148413590498,0,0.10899079836520788
71,20,0.29999999999999999,0.29999999999999999,1000000,4096,16,4,10.124999999999996,Earth_Relay0_Mars,100,94,6,0,1.407709831041158,0,0.2108074739385731
71,20,0.29999999999999999,0.29999999999999999,1000000,4096,16,4,10.124999999999996,Earth_Relay1_Mars,100,91,0,0,1.5371850240771747,0,0.0062993941804222768
71,20,0.29999999999999999,0.29999999999999999,1000000,4096,16,4,10.124999999999996,Earth_Relay2_Mars,100,92,7,0,1.429320593661825,0,0.11663532098180325
72,20,0.29999999999999999,0.29999999999999999,1000000,8192,16,4,10.124999999999996,Direct_Earth_to_Mars,100,100,7,0,1.4366148413590498,0,0.10798159673041578
72,20,0.29999999999999999,0.29999999999999999,1000000,8192,16,4,10.124999999999996,Earth_Relay0_Mars,100,94,3,0,1.407709831041158,0,0.20884899043033781
72,20,0.29999999999999999,0.29999999999999999,1000000,8192,16,4,10.124999999999996,Earth_Relay1_Mars,100,91,0,0,1.5371850240771747,0,0.00073851688338604665
72,20,0.29999999999999999,0.29999999999999999,1000000,8192,16,4,10.124999999999996,Earth_Relay2_Mars,100,92,7,0,1.429320593661825,0,0.11370542457230211
73,20,0.40000000000000002,0.40000000000000002,250000,1024,16,4,128,Direct_Earth_to_Mars,100,100,56,0,18.161649352489722,0,0.79289284232371249
73,20,0.40000000000000002,0.40000000000000002,250000,1024,16,4,128,Earth_Relay0_Mars,100,94,55,0,17.796232925754893,0,0.72304748304608857
73,20,0.40000000000000002,0.40000000000000002,250000,1024,16,4,128,Earth_Relay1_Mars,100,91,46,0,19.433055119197871,0,0.80171799157725288
73,20,0.40000000000000002,0.40000000000000002,250000,1024,16,4,128,Earth_Relay2_Mars,100,92,51,0,18.069435653206288,0,0.731052500046108
74,20,0.40000000000000002,0.40000000000000002,250000,2048,16,4,128,Direct_Earth_to_Mars,100,100,55,0,18.161649352489722,0,0.72005025975241077
74,20,0.40000000000000002,0.40000000000000002,250000,2048,16,4,128,Earth_Relay0_Mars,100,94,55,0,17.796232925754893,0,0.67927794733463054
74,20,0.40000000000000002,0.40000000000000002,250000,2048,16,4,128,Earth_Relay1_Mars,100,91,46,0,19.433055119197871,0,0.7368792461650685
74,20,0.40000000000000002,0.40000000000000002,250000,2048,16,4,128,Earth_Relay2_Mars,100,92,50,0,18.069435653206288,0,0.68918074849824851
75,20,0.40000000000000002,0.40000000000000002,250000,4096,16,4,128,Direct_Earth_to_Mars,100,100,53,0,18.161649352489722,0,0.67705097026256533
75,20,0.40000000000000002,0.40000000000000002,250000,4096,16,4,128,Earth_Relay0_Mars,100,94,54,0,17.796232925754893,0,0.64993404453764458
75,20,0.40000000000000002,0.40000000000000002,250000,4096,16,4,128,Earth_Relay1_Mars,100,91,46,0,19.433055119197871,0,0.69481133993803845
75,20,0.40000000000000002,0.40000000000000002,250000,4096,16,4,128,Earth_Relay2_Mars,100,92,48,0,18.069435653206288,0,0.66062797701190668
76,20,0.40000000000000002,0.40000000000000002,250000,8192,16,4,128,Direct_Earth_to_Mars,100,100,52,0,18.161649352489722,0,0.64660399336874297
76,20,0.40000000000000002,0.40000000000000002,250000,8192,16,4,128,Earth_Relay0_Mars,100,94,52,0,17.796232925754893,0,0.63043985192544305
76,20,0.40000000000000002,0.40000000000000002,250000,8192,16,4,128,Earth_Relay1_Mars,100,91,46,0,19.433055119197871,0,0.66461718942065828
76,20,0.40000000000000002,0.40000000000000002,250000,8192,16,4,128,Earth_Relay2_Mars,100,92,45,0,18.069435653206288,0,0.64505673690424203
77,20,0.40000000000000002,0.40000000000000002,500000,1024,16,4,64,Direct_Earth_to_Mars,100,100,37,0,9.0808246762448608,0,0.46032002713722925
77,20,0.40000000000000002,0.40000000000000002,500000,1024,16,4,64,Earth_Relay0_Mars,100,94,37,0,8.8981164628774465,0,0.44869429711374981
77,20,0.40000000000000002,0.40000000000000002,500000,1024,16,4,64,Earth_Relay1_Mars,100,91,31,0,9.7165275595989353,0,0.40418176011505091
77,20,0.40000000000000002,0.40000000000000002,500000,1024,16,4,64,Earth_Relay2_Mars,100,92,33,0,9.0347178266031438,0,0.47139210425535716
78,20,0.40000000000000002,0.40000000000000002,500000,2048,16,4,64,Direct_Earth_to_Mars,100,100,34,0,9.0808246762448608,0,0.45388918500453512
78,20,0.40000000000000002,0.40000000000000002,500000,2048,16,4,64,Earth_Relay0_Mars,100,94,37,0,8.8981164628774465,0,0.42696430441865058
78,20,0.40000000000000002,0.40000000000000002,500000,2048,16,4,64,Earth_Relay1_Mars,100,91,28,0,9.7165275595989353,0,0.37997453733043957
78,20,0.40000000000000002,0.40000000000000002,500000,2048,16,4,64,Earth_Relay2_Mars,100,92,33,0,9.0347178266031438,0,0.46452333894549702
79,20,0.40000000000000002,0.40000000000000002,500000,4096,16,4,64,Direct_Earth_to_Mars,100,100,33,0,9.0808246762448608,0,0.44777837000907028
79,20,0.40000000000000002,0.40000000000000002,500000,4096,16,4,64,Earth_Relay0_Mars,100,94,37,0,8.8981164628774465,0,0.4167455407334697
79,20,0.40000000000000002,0.40000000000000002,500000,4096,16,4,64,Earth_Relay1_Mars,100,91,27,0,9.7165275595989353,0,0.36016039978997816
79,20,0.40000000000000002,0.40000000000000002,500000,4096,16,4,64,Earth_Relay2_Mars,100,92,30,0,9.0347178266031438,0,0.45078580832577647
80,20,0.40000000000000002,0.40000000000000002,500000,8192,16,4,64,Direct_Earth_to_Mars,100,100,30,0,9.0808246762448608,0,0.43555674001814049
80,20,0.40000000000000002,0.40000000000000002,500000,8192,16,4,64,Earth_Relay0_Mars,100,94,37,0,8.8981164628774465,0,0.41387482621311289
80,20,0.40000000000000002,0.40000000000000002,500000,8192,16,4,64,Earth_Relay1_Mars,100,91,27,0,9.7165275595989353,0,0.35137668289501489
80,20,0.40000000000000002,0.40000000000000002,500000,8192,16,4,64,Earth_Relay2_Mars,100,92,30,0,9.0347178266031438,0,0.43930033957874892
81,20,0.40000000000000002,0.40000000000000002,1000000,1024,16,4,32,Direct_Earth_to_Mars,100,100,24,0,4.5404123381224304,0,0.28186537976796711
81,20,0.40000000000000002,0.40000000000000002,1000000,1024,16,4,32,Earth_Relay0_Mars,100,94,24,0,4.4490582314387233,0,0.33310024240845065
81,20,0.40000000000000002,0.40000000000000002,1000000,1024,16,4,32,Earth_Relay1_Mars,100,91,13,0,4.8582637797994677,0,0.21618992622759958
81,20,0.40000000000000002,0.40000000000000002,1000000,1024,16,4,32,Earth_Relay2_Mars,100,92,23,0,4.5173589133015719,0,0.30394641863119487
82,20,0.40000000000000002,0.40000000000000002,1000000,2048,16,4,32,Direct_Earth_to_Mars,100,100,23,0,4.5404123381224304,0,0.27968557691217732
82,20,0.40000000000000002,0.40000000000000002,1000000,2048,16,4,32,Earth_Relay0_Mars,100,94,24,0,4.4490582314387233,0,0.32495125292266475
82,20,0.40000000000000002,0.40000000000000002,1000000,2048,16,4,32,Earth_Relay1_Mars,100,91,13,0,4.8582637797994677,0,0.20011955249657906
82,20,0.40000000000000002,0.40000000000000002,1000000,2048,16,4,32,Earth_Relay2_Mars,100,92,22,0,4.5173589133015719,0,0.30354501117543309
83,20,0.40000000000000002,0.40000000000000002,1000000,4096,16,4,32,Direct_Earth_to_Mars,100,100,23,0,4.5404123381224304,0,0.27937115382435462
83,20,0.40000000000000002,0.40000000000000002,1000000,4096,16,4,32,Earth_Relay0_Mars,100,94,24,0,4.4490582314387233,0,0.31262354701543676
83,20,0.40000000000000002,0.40000000000000002,1000000,4096,16,4,32,Earth_Relay1_Mars,100,91,13,0,4.8582637797994677,0,0.18534843694457101
83,20,0.40000000000000002,0.40000000000000002,1000000,4096,16,4,32,Earth_Relay2_Mars,100,92,22,0,4.5173589133015719,0,0.30274219626390975
84,20,0.40000000000000002,0.40000000000000002,1000000,8192,16,4,32,Direct_Earth_to_Mars,100,100,22,0,4.5404123381224304,0,0.27874230764870928
84,20,0.40000000000000002,0.40000000000000002,1000000,8192,16,4,32,Earth_Relay0_Mars,100,94,24,0,4.4490582314387233,0,0.30158088471658767
84,20,0.40000000000000002,0.40000000000000002,1000000,8192,16,4,32,Earth_Relay1_Mars,100,91,13,0,4.8582637797994677,0,0.18116968784697018
84,20,0.40000000000000002,0.40000000000000002,1000000,8192,16,4,32,Earth_Relay2_Mars,100,92,21,0,4.5173589133015719,0,0.30113656644086312
85,20,0.5,0.5,250000,1024,16,4,312.5,Direct_Earth_to_Mars,100,100,100,1,44.339964239476856,-7.0685585766166694,0.99999999624631708
85,20,0.5,0.5,250000,1024,16,4,312.5,Earth_Relay0_Mars,100,94,94,1,43.447834291393782,-6.4920528488333975,0.99999998420134795
85,20,0.5,0.5,250000,1024,16,4,312.5,Earth_Relay1_Mars,100,91,91,1,47.443982224604177,-7.7338393637949387,0.99999999939215611
85,20,0.5,0.5,250000,1024,16,4,312.5,Earth_Relay2_Mars,100,92,92,1,44.114833137710662,-6.6979134749764491,0.99999999059550237
86,20,0.5,0.5,250000,2048,16,4,312.5,Direct_Earth_to_Mars,100,100,100,1,44.339964239476856,-6.7675285809526891,0.99999999249263394
86,20,0.5,0.5,250000,2048,16,4,312.5,Earth_Relay0_Mars,100,94,94,1,43.447834291393782,-6.1910228531694171,0.99999996840269545
86,20,0.5,0.5,250000,2048,16,4,312.5,Earth_Relay1_Mars,100,91,91,1,47.443982224604177,-7.4328093681309584,0.99999999878431256
86,20,0.5,0.5,250000,2048,16,4,312.5,Earth_Relay2_Mars,100,92,92,1,44.114833137710662,-6.3968834793124687,0.99999998119100419
87,20,0.5,0.5,250000,4096,16,4,312.5,Direct_Earth_to_Mars,100,100,100,1,44.339964239476856,-6.4664985852887069,0.99999998498526865
87,20,0.5,0.5,250000,4096,16,4,312.5,Earth_Relay0_Mars,100,94,94,1,43.447834291393782,-5.889992857505435,0.99999993680539145
87,20,0.5,0.5,250000,4096,16,4,312.5,Earth_Relay1_Mars,100,91,91,1,47.443982224604177,-7.1317793724669762,0.99999999756862457
87,20,0.5,0.5,250000,4096,16,4,312.5,Earth_Relay2_Mars,100,92,92,1,44.114833137710662,-6.0958534836484866,0.99999996238200861
88,20,0.5,0.5,250000,8192,16,4,312.5,Direct_Earth_to_Mars,100,100,100,1,44.339964239476856,-6.1654685896247265,0.99999996997053686
88,20,0.5,0.5,250000,8192,16,4,312.5,Earth_Relay0_Mars,100,94,94,1,43.447834291393782,-5.5889628618414546,0.99999987361078269
88,20,0.5,0.5,250000,8192,16,4,312.5,Earth_Relay1_Mars,100,91,91,1,47.443982224604177,-6.830749376802995,0.99999999513724935
88,20,0.5,0.5,250000,8192,16,4,312.5,Earth_Relay2_Mars,100,92,92,1,44.114833137710662,-5.7948234879845062,0.99999992476401667
89,20,0.5,0.5,500000,1024,16,4,156.25,Direct_Earth_to_Mars,100,100,63,0,22.169982119738428,-0.63151306290305487,0.97885074170025321
89,20,0.5,0.5,500000,1024,16,4,156.25,Earth_Relay0_Mars,100,94,60,0,21.723917145696891,-0.21282248175030513,0.94596400948691473
89,20,0.5,0.5,500000,1024,16,4,156.25,Earth_Relay1_Mars,100,91,60,0,23.721991112302089,-0.74479132788615299,0.98543796373957326
89,20,0.5,0.5,500000,1024,16,4,156.25,Earth_Relay2_Mars,100,92,59,0,22.057416568855331,-0.30072959250464676,0.9542097475316843
90,20,0.5,0.5,500000,2048,16,4,156.25,Direct_Earth_to_Mars,100,100,62,0,22.169982119738428,-0.33048306723907367,0.95770148340050665
90,20,0.5,0.5,500000,2048,16,4,156.25,Earth_Relay0_Mars,100,94,58,0,21.723917145696891,0,0.89760414252489096
90,20,0.5,0.5,500000,2048,16,4,156.25,Earth_Relay1_Mars,100,91,58,0,23.721991112302089,-0.44376133222217179,0.97087592747914719
90,20,0.5,0.5,500000,2048,16,4,156.25,Earth_Relay2_Mars,100,92,58,0,22.057416568855331,0,0.90842701618422572
91,20,0.5,0.5,500000,4096,16,4,156.25,Direct_Earth_to_Mars,100,100,61,0,22.169982119738428,-0.029453071575092454,0.91540296680101296
91,20,0.5,0.5,500000,4096,16,4,156.25,Earth_Relay0_Mars,100,94,58,0,21.723917145696891,0,0.85401471836651999
91,20,0.5,0.5,500000,4096,16,4,156.25,Earth_Relay1_Mars,100,91,56,0,23.721991112302089,-0.14273133655819062,0.94175185495829405
91,20,0.5,0.5,500000,4096,16,4,156.25,Earth_Relay2_Mars,100,92,58,0,22.057416568855331,0,0.85577153441020504
92,20,0.5,0.5,500000,8192,16,4,156.25,Direct_Earth_to_Mars,100,100,61,0,22.169982119738428,0,0.86016191947885701
92,20,0.5,0.5,500000,8192,16,4,156.25,Earth_Relay0_Mars,100,94,57,0,21.723917145696891,0,0.80136652962612342
92,20,0.5,0.5,500000,8192,16,4,156.25,Earth_Relay1_Mars,100,91,53,0,23.721991112302089,0,0.8893351458504376
92,20,0.5,0.5,500000,8192,16,4,156.25,Earth_Relay2_Mars,100,92,56,0,22.057416568855331,0,0.79996496764379177
93,20,0.5,0.5,1000000,1024,16,4,78.125,Direct_Earth_to_Mars,100,100,43,0,11.084991059869214,0,0.50024361511482696
93,20,0.5,0.5,1000000,1024,16,4,78.125,Earth_Relay0_Mars,100,94,39,0,10.861958572848446,0,0.52974945896345638
93,20,0.5,0.5,1000000,1024,16,4,78.125,Earth_Relay1_Mars,100,91,32,0,11.860995556151044,0,0.4867909451602585
93,20,0.5,0.5,1000000,1024,16,4,78.125,Earth_Relay2_Mars,100,92,40,0,11.028708284427665,0,0.49093507089100824
94,20,0.5,0.5,1000000,2048,16,4,78.125,Direct_Earth_to_Mars,100,100,42,0,11.084991059869214,0,0.47591362594655473
94,20,0.5,0.5,1000000,2048,16,4,78.125,Earth_Relay0_Mars,100,94,39,0,10.861958572848446,0,0.51361192188581806
94,20,0.5,0.5,1000000,2048,16,4,78.125,Earth_Relay1_Mars,100,91,31,0,11.860995556151044,0,0.46808738482601131
94,20,0.5,0.5,1000000,2048,16,4,78.125,Earth_Relay2_Mars,100,92,40,0,11.028708284427665,0,0.48666156312296549
95,20,0.5,0.5,1000000,4096,16,4,78.125,Direct_Earth_to_Mars,100,100,41,0,11.084991059869214,0,0.46792950310383929
95,20,0.5,0.5,1000000,4096,16,4,78.125,Earth_Relay0_Mars,100,94,39,0,10.861958572848446,0,0.49927393995183722
95,20,0.5,0.5,1000000,4096,16,4,78.125,Earth_Relay1_Mars,100,91,31,0,11.860995556151044,0,0.4462031816218896
95,20,0.5,0.5,1000000,4096,16,4,78.125,Earth_Relay2_Mars,100,92,39,0,11.028708284427665,0,0.48419269146332211
96,20,0.5,0.5,1000000,8192,16,4,78.125,Direct_Earth_to_Mars,100,100,40,0,11.084991059869214,0,0.46585900620767867
96,20,0.5,0.5,1000000,8192,16,4,78.125,Earth_Relay0_Mars,100,94,38,0,10.861958572848446,0,0.47748878634418895
96,20,0.5,0.5,1000000,8192,16,4,78.125,Earth_Relay1_Mars,100,91,31,0,11.860995556151044,0,0.42959022865105706
96,20,0.5,0.5,1000000,8192,16,4,78.125,Earth_Relay2_Mars,100,92,39,0,11.028708284427665,0,0.47925494814403541
97,20,0.59999999999999998,0.59999999999999998,250000,1024,16,4,647.99999999999977,Direct_Earth_to_Mars,100,100,100,1,91.943349846979189,-22.804738833386821,1
97,20,0.59999999999999998,0.59999999999999998,250000,1024,16,4,647.99999999999977,Earth_Relay0_Mars,100,94,94,1,90.093429186634111,-21.865140824254507,1
97,20,0.59999999999999998,0.59999999999999998,250000,1024,16,4,647.99999999999977,Earth_Relay1_Mars,100,91,91,1,98.379841540939182,-24.73754268597899,1
97,20,0.59999999999999998,0.59999999999999998,250000,1024,16,4,647.99999999999977,Earth_Relay2_Mars,100,92,92,1,91.476517994356797,-22.342413674319111,1
98,20,0.59999999999999998,0.59999999999999998,250000,2048,16,4,647.99999999999977,Direct_Earth_to_Mars,100,100,100,1,91.943349846979189,-22.50370883772284,1
98,20,0.59999999999999998,0.59999999999999998,250000,2048,16,4,647.99999999999977,Earth_Relay0_Mars,100,94,94,1,90.093429186634111,-21.564110828590525,1
98,20,0.59999999999999998,0.59999999999999998,250000,2048,16,4,647.99999999999977,Earth_Relay1_Mars,100,91,91,1,98.379841540939182,-24.436512690315009,1
98,20,0.59999999999999998,0.59999999999999998,250000,2048,16,4,647.99999999999977,Earth_Relay2_Mars,100,92,92,1,91.476517994356797,-22.04138367865513,1
99,20,0.59999999999999998,0.59999999999999998,250000,4096,16,4,647.99999999999977,Direct_Earth_to_Mars,100,100,100,1,91.943349846979189,-22.202678842058862,1
99,20,0.59999999999999998,0.59999999999999998,250000,4096,16,4,647.99999999999977,Earth_Relay0_Mars,100,94,94,1,90.093429186634111,-21.263080832926548,1
99,20,0.59999999999999998,0.59999999999999998,250000,4096,16,4,647.99999999999977,Earth_Relay1_Mars,100,91,91,1,98.379841540939182,-24.135482694651031,1
99,20,0.59999999999999998,0.59999999999999998,250000,4096,16,4,647.99999999999977,Earth_Relay2_Mars,100,92,92,1,91.476517994356797,-21.740353682991152,1
100,20,0.59999999999999998,0.59999999999999998,250000,8192,16,4,647.99999999999977,Direct_Earth_to_Mars,100,100,100,1,91.943349846979189,-21.901648846394881,1
100,20,0.59999999999999998,0.59999999999999998,250000,8192,16,4,647.99999999999977,Earth_Relay0_Mars,100,94,94,1,90.093429186634111,-20.962050837262566,1
100,20,0.59999999999999998,0.59999999999999998,250000,8192,16,4,647.99999999999977,Earth_Relay1_Mars,100,91,91,1,98.379841540939182,-23.834452698987047,1
100,20,0.59999999999999998,0.59999999999999998,250000,8192,16,4,647.99999999999977,Earth_Relay2_Mars,100,92,92,1,91.476517994356797,-21.439323687327168,1
101,20,0.59999999999999998,0.59999999999999998,500000,1024,16,4,323.99999999999989,Direct_Earth_to_Mars,100,100,100,1,45.971674923489594,-7.5750463077115908,0.99999999886921853
101,20,0.59999999999999998,0.59999999999999998,500000,1024,16,4,323.99999999999989,Earth_Relay0_Mars,100,94,94,1,45.046714593317056,-6.9864935585104142,0.9999999950657138
101,20,0.59999999999999998,0.59999999999999998,500000,1024,16,4,323.99999999999989,Earth_Relay1_Mars,100,91,91,1,49.189920770469591,-8.2824204216098085,0.9999999998357133
101,20,0.59999999999999998,0.59999999999999998,500000,1024,16,4,323.99999999999989,Earth_Relay2_Mars,100,92,92,1,45.738258997178399,-7.2013588766356742,0.99999999714107957
102,20,0.59999999999999998,0.59999999999999998,500000,2048,16,4,323.99999999999989,Direct_Earth_to_Mars,100,100,100,1,45.971674923489594,-7.2740163120476105,0.99999999773843651
102,20,0.59999999999999998,0.59999999999999998,500000,2048,16,4,323.99999999999989,Earth_Relay0_Mars,100,94,94,1,45.046714593317056,-6.6854635628464329,0.99999999013142771
102,20,0.59999999999999998,0.59999999999999998,500000,2048,16,4,323.99999999999989,Earth_Relay1_Mars,100,91,91,1,49.189920770469591,-7.9813904259458281,0.99999999967142694
102,20,0.59999999999999998,0.59999999999999998,500000,2048,16,4,323.99999999999989,Earth_Relay2_Mars,100,92,92,1,45.738258997178399,-6.9003288809716938,0.99999999428215924
103,20,0.59999999999999998,0.59999999999999998,500000,4096,16,4,323.99999999999989,Direct_Earth_to_Mars,100,100,100,1,45.971674923489594,-6.9729863163836283,0.99999999547687313
103,20,0.59999999999999998,0.59999999999999998,500000,4096,16,4,323.99999999999989,Earth_Relay0_Mars,100,94,94,1,45.046714593317056,-6.3844335671824517,0.99999998026285519
103,20,0.59999999999999998,0.59999999999999998,500000,4096,16,4,323.99999999999989,Earth_Relay1_Mars,100,91,91,1,49.189920770469591,-7.680360430281846,0.99999999934285388
103,20,0.59999999999999998,0.59999999999999998,500000,4096,16,4,323.99999999999989,Earth_Relay2_Mars,100,92,92,1,45.738258997178399,-6.5992988853077117,0.99999998856431827
104,20,0.59999999999999998,0.59999999999999998,500000,8192,16,4,323.99999999999989,Direct_Earth_to_Mars,100,100,100,1,45.971674923489594,-6.6719563207196479,0.99999999095374659
104,20,0.59999999999999998,0.59999999999999998,500000,8192,16,4,323.99999999999989,Earth_Relay0_Mars,100,94,94,1,45.046714593317056,-6.0834035715184713,0.99999996052571061
104,20,0.59999999999999998,0.59999999999999998,500000,8192,16,4,323.99999999999989,Earth_Relay1_Mars,100,91,91,1,49.189920770469591,-7.3793304346178656,0.99999999868570744
104,20,0.59999999999999998,0.59999999999999998,500000,8192,16,4,323.99999999999989,Earth_Relay2_Mars,100,92,92,1,45.738258997178399,-6.2982688896437313,0.99999997712863664
105,20,0.59999999999999998,0.59999999999999998,1000000,1024,16,4,161.99999999999994,Direct_Earth_to_Mars,100,100,65,0,22.985837461744797,-0.84837342594632348,0.98766320486816328
105,20,0.59999999999999998,0.59999999999999998,1000000,1024,16,4,161.99999999999994,Earth_Relay0_Mars,100,94,60,0,22.523357296658528,-0.4241535070462979,0.9679316281433058
105,20,0.59999999999999998,0.59999999999999998,1000000,1024,16,4,161.99999999999994,Earth_Relay1_Mars,100,91,62,0,24.594960385234796,-0.98102051762098996,0.99192128668362778
105,20,0.59999999999999998,0.59999999999999998,1000000,1024,16,4,161.99999999999994,Earth_Relay2_Mars,100,92,60,0,22.869129498589199,-0.51619297465422953,0.97312600918507075
106,20,0.59999999999999998,0.59999999999999998,1000000,2048,16,4,161.99999999999994,Direct_Earth_to_Mars,100,100,65,0,22.985837461744797,-0.54734343028234234,0.97532640973632556
106,20,0.59999999999999998,0.59999999999999998,1000000,2048,16,4,161.99999999999994,Earth_Relay0_Mars,100,94,60,0,22.523357296658528,-0.12312351138231671,0.93586325628661171
106,20,0.59999999999999998,0.59999999999999998,1000000,2048,16,4,161.99999999999994,Earth_Relay1_Mars,100,91,60,0,24.594960385234796,-0.67999052195700882,0.98384257336725589
106,20,0.59999999999999998,0.59999999999999998,1000000,2048,16,4,161.99999999999994,Earth_Relay2_Mars,100,92,59,0,22.869129498589199,-0.21516297899024833,0.94625201837014139
107,20,0.59999999999999998,0.59999999999999998,1000000,4096,16,4,161.99999999999994,Direct_Earth_to_Mars,100,100,62,0,22.985837461744797,-0.24631343461836108,0.95065281947265123
107,20,0.59999999999999998,0.59999999999999998,1000000,4096,16,4,161.99999999999994,Earth_Relay0_Mars,100,94,58,0,22.523357296658528,0,0.88747385301813098
107,20,0.59999999999999998,0.59999999999999998,1000000,4096,16,4,161.99999999999994,Earth_Relay1_Mars,100,91,58,0,24.594960385234796,-0.37896052629302762,0.96768514673451178
107,20,0.59999999999999998,0.59999999999999998,1000000,4096,16,4,161.99999999999994,Earth_Relay2_Mars,100,92,58,0,22.869129498589199,0,0.89541274950305827
108,20,0.59999999999999998,0.59999999999999998,1000000,8192,16,4,161.99999999999994,Direct_Earth_to_Mars,100,100,61,0,22.985837461744797,0,0.9026483419579252
108,20,0.59999999999999998,0.59999999999999998,1000000,8192,16,4,161.99999999999994,Earth_Relay0_Mars,100,94,58,0,22.523357296658528,0,0.84689529852809597
108,20,0.59999999999999998,0.59999999999999998,1000000,8192,16,4,161.99999999999994,Earth_Relay1_Mars,100,91,56,0,24.594960385234796,-0.077930530629046438,0.93537029346902278
108,20,0.59999999999999998,0.59999999999999998,1000000,8192,16,4,161.99999999999994,Earth_Relay2_Mars,100,92,58,0,22.869129498589199,0,0.84649193407038814
109,20,0.69999999999999996,0.69999999999999996,250000,1024,16,4,1200.4999999999993,Direct_Earth_to_Mars,100,100,100,1,170.3364066223742,-50.929094559657678,1
109,20,0.69999999999999996,0.69999999999999996,250000,1024,16,4,1200.4999999999993,Earth_Relay0_Mars,100,94,94,1,166.90920021381825,-49.366222130697203,1
109,20,0.69999999999999996,0.69999999999999996,250000,1024,16,4,1200.4999999999993,Earth_Relay1_Mars,100,91,91,1,182.26080211403931,-55.035302888588483,1
109,20,0.69999999999999996,0.69999999999999996,250000,1024,16,4,1200.4999999999993,Earth_Relay2_Mars,100,92,92,1,169.47154298182917,-50.309423982034055,1
110,20,0.69999999999999996,0.69999999999999996,250000,2048,16,4,1200.4999999999993,Direct_Earth_to_Mars,100,100,100,1,170.3364066223742,-50.628064563993696,1
110,20,0.69999999999999996,0.69999999999999996,250000,2048,16,4,1200.4999999999993,Earth_Relay0_Mars,100,94,94,1,166.90920021381825,-49.065192135033222,1
110,20,0.69999999999999996,0.69999999999999996,250000,2048,16,4,1200.4999999999993,Earth_Relay1_Mars,100,91,91,1,182.26080211403931,-54.734272892924501,1
110,20,0.69999999999999996,0.69999999999999996,250000,2048,16,4,1200.4999999999993,Earth_Relay2_Mars,100,92,92,1,169.47154298182917,-50.008393986370073,1
111,20,0.69999999999999996,0.69999999999999996,250000,4096,16,4,1200.4999999999993,Direct_Earth_to_Mars,100,100,100,1,170.3364066223742,-50.327034568329715,1
111,20,0.69999999999999996,0.69999999999999996,250000,4096,16,4,1200.4999999999993,Earth_Relay0_Mars,100,94,94,1,166.90920021381825,-48.76416213936924,1
111,20,0.69999999999999996,0.69999999999999996,250000,4096,16,4,1200.4999999999993,Earth_Relay1_Mars,100,91,91,1,182.26080211403931,-54.43324289726052,1
111,20,0.69999999999999996,0.69999999999999996,250000,4096,16,4,1200.4999999999993,Earth_Relay2_Mars,100,92,92,1,169.47154298182917,-49.707363990706092,1
112,20,0.69999999999999996,0.69999999999999996,250000,8192,16,4,1200.4999999999993,Direct_Earth_to_Mars,100,100,100,1,170.3364066223742,-50.026004572665734,1
112,20,0.69999999999999996,0.69999999999999996,250000,8192,16,4,1200.4999999999993,Earth_Relay0_Mars,100,94,94,1,166.90920021381825,-48.463132143705259,1
112,20,0.69999999999999996,0.69999999999999996,250000,8192,16,4,1200.4999999999993,Earth_Relay1_Mars,100,91,91,1,182.26080211403931,-54.132212901596539,1
112,20,0.69999999999999996,0.69999999999999996,250000,8192,16,4,1200.4999999999993,Earth_Relay2_Mars,100,92,92,1,169.47154298182917,-49.406333995042111,1
113,20,0.69999999999999996,0.69999999999999996,500000,1024,16,4,600.24999999999966,Direct_Earth_to_Mars,100,100,100,1,85.168203311187099,-20.474122360335709,1
113,20,0.69999999999999996,0.69999999999999996,500000,1024,16,4,600.24999999999966,Earth_Relay0_Mars,100,94,94,1,83.454600106909126,-19.587271591026866,1
113,20,0.69999999999999996,0.69999999999999996,500000,1024,16,4,600.24999999999966,Earth_Relay1_Mars,100,91,91,1,91.130401057019654,-22.222892196653831,1
113,20,0.69999999999999996,0.69999999999999996,500000,1024,16,4,600.24999999999966,Earth_Relay2_Mars,100,92,92,1,84.735771490914587,-20.025114488373777,1
114,20,0.69999999999999996,0.69999999999999996,500000,2048,16,4,600.24999999999966,Direct_Earth_to_Mars,100,100,100,1,85.168203311187099,-20.173092364671728,1
114,20,0.69999999999999996,0.69999999999999996,500000,2048,16,4,600.24999999999966,Earth_Relay0_Mars,100,94,94,1,83.454600106909126,-19.286241595362885,1
114,20,0.69999999999999996,0.69999999999999996,500000,2048,16,4,600.24999999999966,Earth_Relay1_Mars,100,91,91,1,91.130401057019654,-21.92186220098985,1
114,20,0.69999999999999996,0.69999999999999996,500000,2048,16,4,600.24999999999966,Earth_Relay2_Mars,100,92,92,1,84.735771490914587,-19.724084492709796,1
115,20,0.69999999999999996,0.69999999999999996,500000,4096,16,4,600.24999999999966,Direct_Earth_to_Mars,100,100,100,1,85.168203311187099,-19.872062369007747,1
115,20,0.69999999999999996,0.69999999999999996,500000,4096,16,4,600.24999999999966,Earth_Relay0_Mars,100,94,94,1,83.454600106909126,-18.985211599698903,1
115,20,0.69999999999999996,0.69999999999999996,500000,4096,16,4,600.24999999999966,Earth_Relay1_Mars,100,91,91,1,91.130401057019654,-21.620832205325872,1
115,20,0.69999999999999996,0.69999999999999996,500000,4096,16,4,600.24999999999966,Earth_Relay2_Mars,100,92,92,1,84.735771490914587,-19.423054497045818,1
116,20,0.69999999999999996,0.69999999999999996,500000,8192,16,4,600.24999999999966,Direct_Earth_to_Mars,100,100,100,1,85.168203311187099,-19.571032373343765,1
116,20,0.69999999999999996,0.69999999999999996,500000,8192,16,4,600.24999999999966,Earth_Relay0_Mars,100,94,94,1,83.454600106909126,-18.684181604034922,1
116,20,0.69999999999999996,0.69999999999999996,500000,8192,16,4,600.24999999999966,Earth_Relay1_Mars,100,91,91,1,91.130401057019654,-21.319802209661891,1
116,20,0.69999999999999996,0.69999999999999996,500000,8192,16,4,600.24999999999966,Earth_Relay2_Mars,100,92,92,1,84.735771490914587,-19.122024501381834,1
117,20,0.69999999999999996,0.69999999999999996,1000000,1024,16,4,300.12499999999983,Direct_Earth_to_Mars,100,100,100,1,42.58410165559355,-6.5273831896931069,0.99999998644229759
117,20,0.69999999999999996,0.69999999999999996,1000000,1024,16,4,300.12499999999983,Earth_Relay0_Mars,100,94,94,1,41.727300053454563,-5.9637924775471012,0.99999994512644286
117,20,0.69999999999999996,0.69999999999999996,1000000,1024,16,4,300.12499999999983,Earth_Relay1_Mars,100,91,91,1,45.565200528509827,-7.147532959195531,0.99999999753226354
117,20,0.69999999999999996,0.69999999999999996,1000000,1024,16,4,300.12499999999983,Earth_Relay2_Mars,100,92,92,1,42.367885745457293,-6.1599996798650745,0.99999996636969191
118,20,0.69999999999999996,0.69999999999999996,1000000,2048,16,4,300.12499999999983,Direct_Earth_to_Mars,100,100,100,1,42.58410165559355,-6.2263531940291266,0.99999997288459452
118,20,0.69999999999999996,0.69999999999999996,1000000,2048,16,4,300.12499999999983,Earth_Relay0_Mars,100,94,94,1,41.727300053454563,-5.6627624818831208,0.99999989025288527
118,20,0.69999999999999996,0.69999999999999996,1000000,2048,16,4,300.12499999999983,Earth_Relay1_Mars,100,91,91,1,45.565200528509827,-6.8465029635315506,0.99999999506452752
118,20,0.69999999999999996,0.69999999999999996,1000000,2048,16,4,300.12499999999983,Earth_Relay2_Mars,100,92,92,1,42.367885745457293,-5.8589696842010941,0.99999993273938437
119,20,0.69999999999999996,0.69999999999999996,1000000,4096,16,4,300.12499999999983,Direct_Earth_to_Mars,100,100,100,1,42.58410165559355,-5.9253231983651444,0.99999994576918882
119,20,0.69999999999999996,0.69999999999999996,1000000,4096,16,4,300.12499999999983,Earth_Relay0_Mars,100,94,94,1,41.727300053454563,-5.3617324862191396,0.9999997805057711
119,20,0.69999999999999996,0.69999999999999996,1000000,4096,16,4,300.12499999999983,Earth_Relay1_Mars,100,91,91,1,45.565200528509827,-6.5454729678675685,0.99999999012905505
119,20,0.69999999999999996,0.69999999999999996,1000000,4096,16,4,300.12499999999983,Earth_Relay2_Mars,100,92,92,1,42.367885745457293,-5.557939688537112,0.99999986547876796
120,20,0.69999999999999996,0.69999999999999996,1000000,8192,16,4,300.12499999999983,Direct_Earth_to_Mars,100,100,100,1,42.58410165559355,-5.6242932027011641,0.99999989153837743
120,20,0.69999999999999996,0.69999999999999996,1000000,8192,16,4,300.12499999999983,Earth_Relay0_Mars,100,94,94,1,41.727300053454563,-5.0607024905551583,0.99999956101154186
120,20,0.69999999999999996,0.69999999999999996,1000000,8192,16,4,300.12499999999983,Earth_Relay1_Mars,100,91,91,1,45.565200528509827,-6.2444429722035881,0.99999998025810899
120,20,0.69999999999999996,0.69999999999999996,1000000,8192,16,4,300.12499999999983,Earth_Relay2_Mars,100,92,92,1,42.367885745457293,-5.2569096928731316,0.99999973095753614
121,30,0.29999999999999999,0.29999999999999999,250000,1024,16,4,60.749999999999972,Direct_Earth_to_Mars,100,100,33,0,8.6196890481542976,0,0.45339323513102486
121,30,0.29999999999999999,0.29999999999999999,250000,1024,16,4,60.749999999999972,Earth_Relay0_Mars,100,94,37,0,8.4462589862469475,0,0.42681485689038307
121,30,0.29999999999999999,0.29999999999999999,250000,1024,16,4,60.749999999999972,Earth_Relay1_Mars,100,91,27,0,9.2231101444630479,0,0.37928413520671289
121,30,0.29999999999999999,0.29999999999999999,250000,1024,16,4,60.749999999999972,Earth_Relay2_Mars,100,92,31,0,8.5759235619709493,0,0.46360151384020715
122,30,0.29999999999999999,0.29999999999999999,250000,2048,16,4,60.749999999999972,Direct_Earth_to_Mars,100,100,33,0,8.6196890481542976,0,0.44678647026204954
122,30,0.29999999999999999,0.29999999999999999,250000,2048,16,4,60.749999999999972,Earth_Relay0_Mars,100,94,37,0,8.4462589862469475,0,0.41623394884567916
122,30,0.29999999999999999,0.29999999999999999,250000,2048,16,4,60.749999999999972,Earth_Relay1_Mars,100,91,27,0,9.2231101444630479,0,0.35873730335603682
122,30,0.29999999999999999,0.29999999999999999,250000,2048,16,4,60.749999999999972,Earth_Relay2_Mars,100,92,30,0,8.5759235619709493,0,0.44912195665374932
123,30,0.29999999999999999,0.29999999999999999,250000,4096,16,4,60.749999999999972,Direct_Earth_to_Mars,100,100,30,0,8.6196890481542976,0,0.43357294052409912
123,30,0.29999999999999999,0.29999999999999999,250000,4096,16,4,60.749999999999972,Earth_Relay0_Mars,100,94,37,0,8.4462589862469475,0,0.41359381725746514
123,30,0.29999999999999999,0.29999999999999999,250000,4096,16,4,60.749999999999972,Earth_Relay1_Mars,100,91,26,0,9.2231101444630479,0,0.3499774382418876
123,30,0.29999999999999999,0.29999999999999999,250000,4096,16,4,60.749999999999972,Earth_Relay2_Mars,100,92,30,0,8.5759235619709493,0,0.43700785377448248
124,30,0.29999999999999999,0.29999999999999999,250000,8192,16,4,60.749999999999972,Direct_Earth_to_Mars,100,100,30,0,8.6196890481542976,0,0.42014894698302846
124,30,0.29999999999999999,0.29999999999999999,250000,8192,16,4,60.749999999999972,Earth_Relay0_Mars,100,94,36,0,8.4462589862469475,0,0.4122940174936538
124,30,0.29999999999999999,0.29999999999999999,250000,8192,16,4,60.749999999999972,Earth_Relay1_Mars,100,91,24,0,9.2231101444630479,0,0.34377476731126605
124,30,0.29999999999999999,0.29999999999999999,250000,8192,16,4,60.749999999999972,Earth_Relay2_Mars,100,92,29,0,8.5759235619709493,0,0.4282797471711608
125,30,0.29999999999999999,0.29999999999999999,500000,1024,16,4,30.374999999999986,Direct_Earth_to_Mars,100,100,23,0,4.3098445240771488,0,0.27959451858275175
125,30,0.29999999999999999,0.29999999999999999,500000,1024,16,4,30.374999999999986,Earth_Relay0_Mars,100,94,24,0,4.2231294931234737,0,0.32412489405566774
125,30,0.29999999999999999,0.29999999999999999,500000,1024,16,4,30.374999999999986,Earth_Relay1_Mars,100,91,13,0,4.6115550722315239,0,0.19965967943187771
125,30,0.29999999999999999,0.29999999999999999,500000,1024,16,4,30.374999999999986,Earth_Relay2_Mars,100,92,22,0,4.2879617809854746,0,0.30332227873637096
126,30,0.29999999999999999,0.29999999999999999,500000,2048,16,4,30.374999999999986,Direct_Earth_to_Mars,100,100,22,0,4.3098445240771488,0,0.27918903716550347
126,30,0.29999999999999999,0.29999999999999999,500000,2048,16,4,30.374999999999986,Earth_Relay0_Mars,100,94,24,0,4.2231294931234737,0,0.31112621875402779
126,30,0.29999999999999999,0.29999999999999999,500000,2048,16,4,30.374999999999986,Earth_Relay1_Mars,100,91,13,0,4.6115550722315239,0,0.18414330344459678
126,30,0.29999999999999999,0.29999999999999999,500000,2048,16,4,30.374999999999986,Earth_Relay2_Mars,100,92,22,0,4.2879617809854746,0,0.30229673138578539
127,30,0.29999999999999999,0.29999999999999999,500000,4096,16,4,30.374999999999986,Direct_Earth_to_Mars,100,100,22,0,4.3098445240771488,0,0.27837807433100697
127,30,0.29999999999999999,0.29999999999999999,500000,4096,16,4,30.374999999999986,Earth_Relay0_Mars,100,94,24,0,4.2231294931234737,0,0.30015206923864141
127,30,0.29999999999999999,0.29999999999999999,500000,4096,16,4,30.374999999999986,Earth_Relay1_Mars,100,91,11,0,4.6115550722315239,0,0.18009509450818081
127,30,0.29999999999999999,0.29999999999999999,500000,4096,16,4,30.374999999999986,Earth_Relay2_Mars,100,92,21,0,4.2879617809854746,0,0.30024563668461418
128,30,0.29999999999999999,0.29999999999999999,500000,8192,16,4,30.374999999999986,Direct_Earth_to_Mars,100,100,21,0,4.3098445240771488,0,0.27675614866201387
128,30,0.29999999999999999,0.29999999999999999,500000,8192,16,4,30.374999999999986,Earth_Relay0_Mars,100,94,24,0,4.2231294931234737,0,0.29179350017941058
128,30,0.29999999999999999,0.29999999999999999,500000,8192,16,4,30.374999999999986,Earth_Relay1_Mars,100,91,11,0,4.6115550722315239,0,0.17337700220317476
128,30,0.29999999999999999,0.29999999999999999,500000,8192,16,4,30.374999999999986,Earth_Relay2_Mars,100,92,21,0,4.2879617809854746,0,0.29614344728227193
129,30,0.29999999999999999,0.29999999999999999,1000000,1024,16,4,15.187499999999993,Direct_Earth_to_Mars,100,100,12,0,2.1549222620385744,0,0.17686921086418891
129,30,0.29999999999999999,0.29999999999999999,1000000,1024,16,4,15.187499999999993,Earth_Relay0_Mars,100,94,21,0,2.1115647465617369,0,0.25503883568226654
129,30,0.29999999999999999,0.29999999999999999,1000000,1024,16,4,15.187499999999993,Earth_Relay1_Mars,100,91,3,0,2.305777536115762,0,0.088569364546516136
129,30,0.29999999999999999,0.29999999999999999,1000000,1024,16,4,15.187499999999993,Earth_Relay2_Mars,100,92,11,0,2.1439808904927373,0,0.17332673195870085
130,30,0.29999999999999999,0.29999999999999999,1000000,2048,16,4,15.187499999999993,Direct_Earth_to_Mars,100,100,11,0,2.1549222620385744,0,0.16215101517190011
130,30,0.29999999999999999,0.29999999999999999,1000000,2048,16,4,15.187499999999993,Earth_Relay0_Mars,100,94,21,0,2.1115647465617369,0,0.25475852242836283
130,30,0.29999999999999999,0.29999999999999999,1000000,2048,16,4,15.187499999999993,Earth_Relay1_Mars,100,91,3,0,2.305777536115762,0,0.076891452794591669
130,30,0.29999999999999999,0.29999999999999999,1000000,2048,16,4,15.187499999999993,Earth_Relay2_Mars,100,92,11,0,2.1439808904927373,0,0.16820545255284677
131,30,0.29999999999999999,0.29999999999999999,1000000,4096,16,4,15.187499999999993,Direct_Earth_to_Mars,100,100,11,0,2.1549222620385744,0,0.15561664101130568
131,30,0.29999999999999999,0.29999999999999999,1000000,4096,16,4,15.187499999999993,Earth_Relay0_Mars,100,94,20,0,2.1115647465617369,0,0.25419789592055542
131,30,0.29999999999999999,0.29999999999999999,1000000,4096,16,4,15.187499999999993,Earth_Relay1_Mars,100,91,3,0,2.305777536115762,0,0.06873668129127429
131,30,0.29999999999999999,0.29999999999999999,1000000,4096,16,4,15.187499999999993,Earth_Relay2_Mars,100,92,11,0,2.1439808904927373,0,0.16249786162743265
132,30,0.29999999999999999,0.29999999999999999,1000000,8192,16,4,15.187499999999993,Direct_Earth_to_Mars,100,100,11,0,2.1549222620385744,0,0.15123328202261141
132,30,0.29999999999999999,0.29999999999999999,1000000,8192,16,4,15.187499999999993,Earth_Relay0_Mars,100,94,20,0,2.1115647465617369,0,0.25307664290494059
132,30,0.29999999999999999,0.29999999999999999,1000000,8192,16,4,15.187499999999993,Earth_Relay1_Mars,100,91,2,0,2.305777536115762,0,0.060550285659471653
132,30,0.29999999999999999,0.29999999999999999,1000000,8192,16,4,15.187499999999993,Earth_Relay2_Mars,100,92,11,0,2.1439808904927373,0,0.15487682887998114
133,30,0.40000000000000002,0.40000000000000002,250000,1024,16,4,192,Direct_Earth_to_Mars,100,100,85,0,27.242474028734584,-2.0113303771986337,0.99929622214350389
133,30,0.40000000000000002,0.40000000000000002,250000,1024,16,4,192,Earth_Relay0_Mars,100,94,74,0,26.69434938863234,-1.5578065004238695,0.99799102857283595
133,30,0.40000000000000002,0.40000000000000002,250000,1024,16,4,192,Earth_Relay1_Mars,100,91,81,0,29.149582678796804,-2.246578491096721,0.99964747728031267
133,30,0.40000000000000002,0.40000000000000002,250000,1024,16,4,192,Earth_Relay2_Mars,100,92,72,0,27.104153479809433,-1.6717469213036895,0.99841829909615853
134,30,0.40000000000000002,0.40000000000000002,250000,2048,16,4,192,Direct_Earth_to_Mars,100,100,78,0,27.242474028734584,-1.7103003815346525,0.99859244428700833
134,30,0.40000000000000002,0.40000000000000002,250000,2048,16,4,192,Earth_Relay0_Mars,100,94,69,0,26.69434938863234,-1.2567765047598882,0.99598205714567167
134,30,0.40000000000000002,0.40000000000000002,250000,2048,16,4,192,Earth_Relay1_Mars,100,91,74,0,29.149582678796804,-1.9455484954327398,0.99929495456062445
134,30,0.40000000000000002,0.40000000000000002,250000,2048,16,4,192,Earth_Relay2_Mars,100,92,70,0,27.104153479809433,-1.3707169256397083,0.99683659819231596
135,30,0.40000000000000002,0.40000000000000002,250000,4096,16,4,192,Direct_Earth_to_Mars,100,100,74,0,27.242474028734584,-1.4092703858706714,0.99718488857401677
135,30,0.40000000000000002,0.40000000000000002,250000,4096,16,4,192,Earth_Relay0_Mars,100,94,67,0,26.69434938863234,-0.95574650909590697,0.99196411429134357
135,30,0.40000000000000002,0.40000000000000002,250000,4096,16,4,192,Earth_Relay1_Mars,100,91,70,0,29.149582678796804,-1.6445184997687585,0.99858990912124901
135,30,0.40000000000000002,0.40000000000000002,250000,4096,16,4,192,Earth_Relay2_Mars,100,92,65,0,27.104153479809433,-1.069686929975727,0.99367319638463136
136,30,0.40000000000000002,0.40000000000000002,250000,8192,16,4,192,Direct_Earth_to_Mars,100,100,71,0,27.242474028734584,-1.1082403902066902,0.99436977714803343
136,30,0.40000000000000002,0.40000000000000002,250000,8192,16,4,192,Earth_Relay0_Mars,100,94,64,0,26.69434938863234,-0.65471651343192583,0.98392822858268747
136,30,0.40000000000000002,0.40000000000000002,250000,8192,16,4,192,Earth_Relay1_Mars,100,91,68,0,29.149582678796804,-1.3434885041047773,0.99717981824249846
136,30,0.40000000000000002,0.40000000000000002,250000,8192,16,4,192,Earth_Relay2_Mars,100,92,63,0,27.104153479809433,-0.76865693431174587,0.98734639276926284
137,30,0.40000000000000002,0.40000000000000002,500000,1024,16,4,96,Direct_Earth_to_Mars,100,100,46,0,13.621237014367292,0,0.59153127488555168
137,30,0.40000000000000002,0.40000000000000002,500000,1024,16,4,96,Earth_Relay0_Mars,100,94,45,0,13.34717469431617,0,0.59363484015726975
137,30,0.40000000000000002,0.40000000000000002,500000,1024,16,4,96,Earth_Relay1_Mars,100,91,39,0,14.574791339398402,0,0.54472110821277164
137,30,0.40000000000000002,0.40000000000000002,500000,1024,16,4,96,Earth_Relay2_Mars,100,92,44,0,13.552076739904717,0,0.58747310170630351
138,30,0.40000000000000002,0.40000000000000002,500000,2048,16,4,96,Direct_Earth_to_Mars,100,100,46,0,13.621237014367292,0,0.57306254977110338
138,30,0.40000000000000002,0.40000000000000002,500000,2048,16,4,96,Earth_Relay0_Mars,100,94,43,0,13.34717469431617,0,0.57904900204101717
138,30,0.40000000000000002,0.40000000000000002,500000,2048,16,4,96,Earth_Relay1_Mars,100,91,39,0,14.574791339398402,0,0.51430860911601495
138,30,0.40000000000000002,0.40000000000000002,500000,2048,16,4,96,Earth_Relay2_Mars,100,92,44,0,13.552076739904717,0,0.56176526012901229
139,30,0.40000000000000002,0.40000000000000002,500000,4096,16,4,96,Direct_Earth_to_Mars,100,100,46,0,13.621237014367292,0,0.54870142357163298
139,30,0.40000000000000002,0.40000000000000002,500000,4096,16,4,96,Earth_Relay0_Mars,100,94,41,0,13.34717469431617,0,0.57299162110331059
139,30,0.40000000000000002,0.40000000000000002,500000,4096,16,4,96,Earth_Relay1_Mars,100,91,36,0,14.574791339398402,0,0.5057232900821802
139,30,0.40000000000000002,0.40000000000000002,500000,4096,16,4,96,Earth_Relay2_Mars,100,92,44,0,13.552076739904717,0,0.53881027005593241
140,30,0.40000000000000002,0.40000000000000002,500000,8192,16,4,96,Direct_Earth_to_Mars,100,100,46,0,13.621237014367292,0,0.52643667364837521
140,30,0.40000000000000002,0.40000000000000002,500000,8192,16,4,96,Earth_Relay0_Mars,100,94,40,0,13.34717469431617,0,0.56087685922789776
140,30,0.40000000000000002,0.40000000000000002,500000,8192,16,4,96,Earth_Relay1_Mars,100,91,35,0,14.574791339398402,0,0.5002510483000453
140,30,0.40000000000000002,0.40000000000000002,500000,8192,16,4,96,Earth_Relay2_Mars,100,92,43,0,13.552076739904717,0,0.51692294360437885
141,30,0.40000000000000002,0.40000000000000002,1000000,1024,16,4,48,Direct_Earth_to_Mars,100,100,28,0,6.810618507183646,0,0.39135617739392276
141,30,0.40000000000000002,0.40000000000000002,1000000,1024,16,4,48,Earth_Relay0_Mars,100,94,32,0,6.6735873471580849,0,0.40321362273109551
141,30,0.40000000000000002,0.40000000000000002,1000000,1024,16,4,48,Earth_Relay1_Mars,100,91,21,0,7.2873956696992011,0,0.33456505181927582
141,30,0.40000000000000002,0.40000000000000002,1000000,1024,16,4,48,Earth_Relay2_Mars,100,92,28,0,6.7760383699523583,0,0.39911306417546277
142,30,0.40000000000000002,0.40000000000000002,1000000,2048,16,4,48,Direct_Earth_to_Mars,100,100,28,0,6.810618507183646,0,0.37104320771711774
142,30,0.40000000000000002,0.40000000000000002,1000000,2048,16,4,48,Earth_Relay0_Mars,100,94,32,0,6.6735873471580849,0,0.39961468159182439
142,30,0.40000000000000002,0.40000000000000002,1000000,2048,16,4,48,Earth_Relay1_Mars,100,91,21,0,7.2873956696992011,0,0.32847076297921113
142,30,0.40000000000000002,0.40000000000000002,1000000,2048,16,4,48,Earth_Relay2_Mars,100,92,28,0,6.7760383699523583,0,0.37624109022721092
143,30,0.40000000000000002,0.40000000000000002,1000000,4096,16,4,48,Direct_Earth_to_Mars,100,100,28,0,6.810618507183646,0,0.34894025743069662
143,30,0.40000000000000002,0.40000000000000002,1000000,4096,16,4,48,Earth_Relay0_Mars,100,94,32,0,6.6735873471580849,0,0.39497404403471248
143,30,0.40000000000000002,0.40000000000000002,1000000,4096,16,4,48,Earth_Relay1_Mars,100,91,19,0,7.2873956696992011,0,0.31628218529908164
143,30,0.40000000000000002,0.40000000000000002,1000000,4096,16,4,48,Earth_Relay2_Mars,100,92,28,0,6.7760383699523583,0,0.35173225457771212
144,30,0.40000000000000002,0.40000000000000002,1000000,8192,16,4,48,Direct_Earth_to_Mars,100,100,28,0,6.810618507183646,0,0.32721364033083783
144,30,0.40000000000000002,0.40000000000000002,1000000,8192,16,4,48,Earth_Relay0_Mars,100,94,31,0,6.6735873471580849,0,0.39091520711093697
144,30,0.40000000000000002,0.40000000000000002,1000000,8192,16,4,48,Earth_Relay1_Mars,100,91,19,0,7.2873956696992011,0,0.29452305169229442
144,30,0.40000000000000002,0.40000000000000002,1000000,8192,16,4,48,Earth_Relay2_Mars,100,92,28,0,6.7760383699523583,0,0.3365501966046901
145,30,0.5,0.5,250000,1024,16,4,468.75,Direct_Earth_to_Mars,100,100,100,1,66.509946359215292,-14.187809371653119,0.99999999999999989
145,30,0.5,0.5,250000,1024,16,4,468.75,Earth_Relay0_Mars,100,94,94,1,65.171751437090677,-13.444694864195837,0.99999999999999867
145,30,0.5,0.5,250000,1024,16,4,468.75,Earth_Relay1_Mars,100,91,91,1,71.165973336906262,-15.434944727819316,1
145,30,0.5,0.5,250000,1024,16,4,468.75,Earth_Relay2_Mars,100,92,92,1,66.172249706565992,-13.775092898534057,0.99999999999999967
146,30,0.5,0.5,250000,2048,16,4,468.75,Direct_Earth_to_Mars,100,100,100,1,66.509946359215292,-13.886779375989137,0.99999999999999967
146,30,0.5,0.5,250000,2048,16,4,468.75,Earth_Relay0_Mars,100,94,94,1,65.171751437090677,-13.143664868531857,0.99999999999999722
146,30,0.5,0.5,250000,2048,16,4,468.75,Earth_Relay1_Mars,100,91,91,1,71.165973336906262,-15.133914732155334,1
146,30,0.5,0.5,250000,2048,16,4,468.75,Earth_Relay2_Mars,100,92,92,1,66.172249706565992,-13.474062902870077,0.99999999999999889
147,30,0.5,0.5,250000,4096,16,4,468.75,Direct_Earth_to_Mars,100,100,100,1,66.509946359215292,-13.585749380325156,0.99999999999999933
147,30,0.5,0.5,250000,4096,16,4,468.75,Earth_Relay0_Mars,100,94,94,1,65.171751437090677,-12.842634872867874,0.99999999999999456
147,30,0.5,0.5,250000,4096,16,4,468.75,Earth_Relay1_Mars,100,91,91,1,71.165973336906262,-14.832884736491355,1
147,30,0.5,0.5,250000,4096,16,4,468.75,Earth_Relay2_Mars,100,92,92,1,66.172249706565992,-13.173032907206094,0.99999999999999789
148,30,0.5,0.5,250000,8192,16,4,468.75,Direct_Earth_to_Mars,100,100,100,1,66.509946359215292,-13.284719384661175,0.99999999999999845
148,30,0.5,0.5,250000,8192,16,4,468.75,Earth_Relay0_Mars,100,94,94,1,65.171751437090677,-12.541604877203895,0.99999999999998912
148,30,0.5,0.5,250000,8192,16,4,468.75,Earth_Relay1_Mars,100,91,91,1,71.165973336906262,-14.531854740827374,1
148,30,0.5,0.5,250000,8192,16,4,468.75,Earth_Relay2_Mars,100,92,92,1,66.172249706565992,-12.872002911542115,0.99999999999999556
149,30,0.5,0.5,500000,1024,16,4,234.375,Direct_Earth_to_Mars,100,100,100,1,33.254973179607646,-3.729288749450943,0.99998910557518716
149,30,0.5,0.5,500000,1024,16,4,234.375,Earth_Relay0_Mars,100,94,94,1,32.585875718545338,-3.2333211786344296,0.99996432372422894
149,30,0.5,0.5,500000,1024,16,4,234.375,Earth_Relay1_Mars,100,91,91,1,35.582986668453131,-4.1130324727875607,0.99999631189916427
149,30,0.5,0.5,500000,1024,16,4,234.375,Earth_Relay2_Mars,100,92,92,1,33.086124853282996,-3.3789842173055056,0.99997448095657904
150,30,0.5,0.5,500000,2048,16,4,234.375,Direct_Earth_to_Mars,100,100,100,1,33.254973179607646,-3.4282587537869622,0.99997821115037444
150,30,0.5,0.5,500000,2048,16,4,234.375,Earth_Relay0_Mars,100,94,92,0,32.585875718545338,-2.9322911829704488,0.99992864744845789
150,30,0.5,0.5,500000,2048,16,4,234.375,Earth_Relay1_Mars,100,91,91,1,35.582986668453131,-3.8120024771235803,0.99999262379832865
150,30,0.5,0.5,500000,2048,16,4,234.375,Earth_Relay2_Mars,100,92,92,1,33.086124853282996,-3.0779542216415248,0.99994896191315708
151,30,0.5,0.5,500000,4096,16,4,234.375,Direct_Earth_to_Mars,100,100,100,1,33.254973179607646,-3.127228758122981,0.99995642230074866
151,30,0.5,0.5,500000,4096,16,4,234.375,Earth_Relay0_Mars,100,94,88,0,32.585875718545338,-2.6312611873064675,0.99985729489691544
151,30,0.5,0.5,500000,4096,16,4,234.375,Earth_Relay1_Mars,100,91,91,1,35.582986668453131,-3.5109724814595982,0.99998524759665741
151,30,0.5,0.5,500000,4096,16,4,234.375,Earth_Relay2_Mars,100,92,87,0,33.086124853282996,-2.7769242259775435,0.99989792382631459
152,30,0.5,0.5,500000,8192,16,4,234.375,Direct_Earth_to_Mars,100,100,97,0,33.254973179607646,-2.8261987624589997,0.99991284460149743
152,30,0.5,0.5,500000,8192,16,4,234.375,Earth_Relay0_Mars,100,94,86,0,32.585875718545338,-2.3302311916424863,0.99971458979383077
152,30,0.5,0.5,500000,8192,16,4,234.375,Earth_Relay1_Mars,100,91,91,1,35.582986668453131,-3.2099424857956178,0.99997049519331482
152,30,0.5,0.5,500000,8192,16,4,234.375,Earth_Relay2_Mars,100,92,86,0,33.086124853282996,-2.4758942303135623,0.99979584765262897
153,30,0.5,0.5,1000000,1024,16,4,117.1875,Direct_Earth_to_Mars,100,100,52,0,16.627486589803823,0,0.68897095958290944
153,30,0.5,0.5,1000000,1024,16,4,117.1875,Earth_Relay0_Mars,100,94,53,0,16.292937859272669,0,0.65503330014097649
153,30,0.5,0.5,1000000,1024,16,4,117.1875,Earth_Relay1_Mars,100,91,46,0,17.791493334226566,0,0.70302006545236373
153,30,0.5,0.5,1000000,1024,16,4,117.1875,Earth_Relay2_Mars,100,92,46,0,16.543062426641498,0,0.66269938122141925
154,30,0.5,0.5,1000000,2048,16,4,117.1875,Direct_Earth_to_Mars,100,100,49,0,16.627486589803823,0,0.64892031979483566
154,30,0.5,0.5,1000000,2048,16,4,117.1875,Earth_Relay0_Mars,100,94,50,0,16.292937859272669,0,0.62994689207137111
154,30,0.5,0.5,1000000,2048,16,4,117.1875,Earth_Relay1_Mars,100,91,46,0,17.791493334226566,0,0.66457810537061524
154,30,0.5,0.5,1000000,2048,16,4,117.1875,Earth_Relay2_Mars,100,92,45,0,16.543062426641498,0,0.64485497331579511
155,30,0.5,0.5,1000000,4096,16,4,117.1875,Direct_Earth_to_Mars,100,100,47,0,16.627486589803823,0,0.62906922533441745
155,30,0.5,0.5,1000000,4096,16,4,117.1875,Earth_Relay0_Mars,100,94,50,0,16.292937859272669,0,0.62159591180231688
155,30,0.5,0.5,1000000,4096,16,4,117.1875,Earth_Relay1_Mars,100,91,44,0,17.791493334226566,0,0.63106142746480065
155,30,0.5,0.5,1000000,4096,16,4,117.1875,Earth_Relay2_Mars,100,92,45,0,16.543062426641498,0,0.6287382335601237
156,30,0.5,0.5,1000000,8192,16,4,117.1875,Direct_Earth_to_Mars,100,100,47,0,16.627486589803823,0,0.61020683213235061
156,30,0.5,0.5,1000000,8192,16,4,117.1875,Earth_Relay0_Mars,100,94,49,0,16.292937859272669,0,0.60806693826764879
156,30,0.5,0.5,1000000,8192,16,4,117.1875,Earth_Relay1_Mars,100,91,43,0,17.791493334226566,0,0.59275459574562661
156,30,0.5,0.5,1000000,8192,16,4,117.1875,Earth_Relay2_Mars,100,92,45,0,16.543062426641498,0,0.61411598978020776
157,30,0.59999999999999998,0.59999999999999998,250000,1024,16,4,971.99999999999955,Direct_Earth_to_Mars,100,100,100,1,137.91502477046876,-39.091089535625443,1
157,30,0.59999999999999998,0.59999999999999998,250000,1024,16,4,971.99999999999955,Earth_Relay0_Mars,100,94,94,1,135.14014377995116,-37.788265474796013,1
157,30,0.59999999999999998,0.59999999999999998,250000,1024,16,4,971.99999999999955,Earth_Relay1_Mars,100,91,91,1,147.56976231140877,-42.290692745774976,1
157,30,0.59999999999999998,0.59999999999999998,250000,1024,16,4,971.99999999999955,Earth_Relay2_Mars,100,92,92,1,137.21477699153519,-38.537065527499863,1
158,30,0.59999999999999998,0.59999999999999998,250000,2048,16,4,971.99999999999955,Direct_Earth_to_Mars,100,100,100,1,137.91502477046876,-38.790059539961462,1
158,30,0.59999999999999998,0.59999999999999998,250000,2048,16,4,971.99999999999955,Earth_Relay0_Mars,100,94,94,1,135.14014377995116,-37.487235479132032,1
158,30,0.59999999999999998,0.59999999999999998,250000,2048,16,4,971.99999999999955,Earth_Relay1_Mars,100,91,91,1,147.56976231140877,-41.989662750110995,1
158,30,0.59999999999999998,0.59999999999999998,250000,2048,16,4,971.99999999999955,Earth_Relay2_Mars,100,92,92,1,137.21477699153519,-38.236035531835881,1
159,30,0.59999999999999998,0.59999999999999998,250000,4096,16,4,971.99999999999955,Direct_Earth_to_Mars,100,100,100,1,137.91502477046876,-38.48902954429748,1
159,30,0.59999999999999998,0.59999999999999998,250000,4096,16,4,971.99999999999955,Earth_Relay0_Mars,100,94,94,1,135.14014377995116,-37.186205483468051,1
159,30,0.59999999999999998,0.59999999999999998,250000,4096,16,4,971.99999999999955,Earth_Relay1_Mars,100,91,91,1,147.56976231140877,-41.688632754447013,1
159,30,0.59999999999999998,0.59999999999999998,250000,4096,16,4,971.99999999999955,Earth_Relay2_Mars,100,92,92,1,137.21477699153519,-37.9350055361719,1
160,30,0.59999999999999998,0.59999999999999998,250000,8192,16,4,971.99999999999955,Direct_Earth_to_Mars,100,100,100,1,137.91502477046876,-38.187999548633499,1
160,30,0.59999999999999998,0.59999999999999998,250000,8192,16,4,971.99999999999955,Earth_Relay0_Mars,100,94,94,1,135.14014377995116,-36.885175487804069,1
160,30,0.59999999999999998,0.59999999999999998,250000,8192,16,4,971.99999999999955,Earth_Relay1_Mars,100,91,91,1,147.56976231140877,-41.387602758783032,1
160,30,0.59999999999999998,0.59999999999999998,250000,8192,16,4,971.99999999999955,Earth_Relay2_Mars,100,92,92,1,137.21477699153519,-37.633975540507919,1
161,30,0.59999999999999998,0.59999999999999998,500000,1024,16,4,485.99999999999977,Direct_Earth_to_Mars,100,100,100,1,68.957512385234381,-14.999756972881709,1
161,30,0.59999999999999998,0.59999999999999998,500000,1024,16,4,485.99999999999977,Earth_Relay0_Mars,100,94,94,1,67.57007188997558,-14.237935623242501,0.99999999999999989
161,30,0.59999999999999998,0.59999999999999998,500000,1024,16,4,485.99999999999977,Earth_Relay1_Mars,100,91,91,1,73.784881155704383,-16.312192517183931,1
161,30,0.59999999999999998,0.59999999999999998,500000,1024,16,4,485.99999999999977,Earth_Relay2_Mars,100,92,92,1,68.607388495767594,-14.582317107533576,1
162,30,0.59999999999999998,0.59999999999999998,500000,2048,16,4,485.99999999999977,Direct_Earth_to_Mars,100,100,100,1,68.957512385234381,-14.698726977217728,1
162,30,0.59999999999999998,0.59999999999999998,500000,2048,16,4,485.99999999999977,Earth_Relay0_Mars,100,94,94,1,67.57007188997558,-13.936905627578518,0.99999999999999956
162,30,0.59999999999999998,0.59999999999999998,500000,2048,16,4,485.99999999999977,Earth_Relay1_Mars,100,91,91,1,73.784881155704383,-16.01116252151995,1
162,30,0.59999999999999998,0.59999999999999998,500000,2048,16,4,485.99999999999977,Earth_Relay2_Mars,100,92,92,1,68.607388495767594,-14.281287111869593,1
163,30,0.59999999999999998,0.59999999999999998,500000,4096,16,4,485.99999999999977,Direct_Earth_to_Mars,100,100,100,1,68.957512385234381,-14.397696981553748,1
163,30,0.59999999999999998,0.59999999999999998,500000,4096,16,4,485.99999999999977,Earth_Relay0_Mars,100,94,94,1,67.57007188997558,-13.635875631914542,0.99999999999999911
163,30,0.59999999999999998,0.59999999999999998,500000,4096,16,4,485.99999999999977,Earth_Relay1_Mars,100,91,91,1,73.784881155704383,-15.71013252585597,1
163,30,0.59999999999999998,0.59999999999999998,500000,4096,16,4,485.99999999999977,Earth_Relay2_Mars,100,92,92,1,68.607388495767594,-13.980257116205616,0.99999999999999967
164,30,0.59999999999999998,0.59999999999999998,500000,8192,16,4,485.99999999999977,Direct_Earth_to_Mars,100,100,100,1,68.957512385234381,-14.096666985889767,0.99999999999999967
164,30,0.59999999999999998,0.59999999999999998,500000,8192,16,4,485.99999999999977,Earth_Relay0_Mars,100,94,94,1,67.57007188997558,-13.334845636250559,0.99999999999999833
164,30,0.59999999999999998,0.59999999999999998,500000,8192,16,4,485.99999999999977,Earth_Relay1_Mars,100,91,91,1,73.784881155704383,-15.409102530191989,1
164,30,0.59999999999999998,0.59999999999999998,500000,8192,16,4,485.99999999999977,Earth_Relay2_Mars,100,92,92,1,68.607388495767594,-13.679227120541634,0.99999999999999933
165,30,0.59999999999999998,0.59999999999999998,1000000,1024,16,4,242.99999999999989,Direct_Earth_to_Mars,100,100,100,1,34.47875619261719,-4.0880268562836148,0.9999954053024267
165,30,0.59999999999999998,0.59999999999999998,1000000,1024,16,4,242.99999999999989,Earth_Relay0_Mars,100,94,94,1,33.78503594498779,-3.5832975706141554,0.99998452514941638
165,30,0.59999999999999998,0.59999999999999998,1000000,1024,16,4,242.99999999999989,Earth_Relay1_Mars,100,91,91,1,36.892440577852192,-4.5024120131442702,0.9999985654796244
165,30,0.59999999999999998,0.59999999999999998,1000000,1024,16,4,242.99999999999989,Earth_Relay2_Mars,100,92,92,1,34.303694247883797,-3.7355093164492792,0.99998915118739218
166,30,0.59999999999999998,0.59999999999999998,1000000,2048,16,4,242.99999999999989,Direct_Earth_to_Mars,100,100,100,1,34.47875619261719,-3.786996860619634,0.99999081060485384
166,30,0.59999999999999998,0.59999999999999998,1000000,2048,16,4,242.99999999999989,Earth_Relay0_Mars,100,94,94,1,33.78503594498779,-3.2822675749501751,0.99996905029883187
166,30,0.59999999999999998,0.59999999999999998,1000000,2048,16,4,242.99999999999989,Earth_Relay1_Mars,100,91,91,1,36.892440577852192,-4.2013820174802898,0.99999713095924825
166,30,0.59999999999999998,0.59999999999999998,1000000,2048,16,4,242.99999999999989,Earth_Relay2_Mars,100,92,92,1,34.303694247883797,-3.4344793207852988,0.99997830237478436
167,30,0.59999999999999998,0.59999999999999998,1000000,4096,16,4,242.99999999999989,Direct_Earth_to_Mars,100,100,100,1,34.47875619261719,-3.4859668649556519,0.99998162120970746
167,30,0.59999999999999998,0.59999999999999998,1000000,4096,16,4,242.99999999999989,Earth_Relay0_Mars,100,94,92,0,33.78503594498779,-2.9812375792861934,0.99993810059766441
167,30,0.59999999999999998,0.59999999999999998,1000000,4096,16,4,242.99999999999989,Earth_Relay1_Mars,100,91,91,1,36.892440577852192,-3.9003520218163077,0.99999426191849672
167,30,0.59999999999999998,0.59999999999999998,1000000,4096,16,4,242.99999999999989,Earth_Relay2_Mars,100,92,92,1,34.303694247883797,-3.1334493251213176,0.99995660474956882
168,30,0.59999999999999998,0.59999999999999998,1000000,8192,16,4,242.99999999999989,Direct_Earth_to_Mars,100,100,100,1,34.47875619261719,-3.1849368692916711,0.99996324241941548
168,30,0.59999999999999998,0.59999999999999998,1000000,8192,16,4,242.99999999999989,Earth_Relay0_Mars,100,94,90,0,33.78503594498779,-2.6802075836222121,0.99987620119532905
168,30,0.59999999999999998,0.59999999999999998,1000000,8192,16,4,242.99999999999989,Earth_Relay1_Mars,100,91,91,1,36.892440577852192,-3.5993220261523273,0.99998852383699299
168,30,0.59999999999999998,0.59999999999999998,1000000,8192,16,4,242.99999999999989,Earth_Relay2_Mars,100,92,89,0,34.303694247883797,-2.8324193294573363,0.99991320949913742
169,30,0.69999999999999996,0.69999999999999996,250000,1024,16,4,1800.7499999999989,Direct_Earth_to_Mars,100,100,100,1,255.50460993356128,-82.869812609434277,1
169,30,0.69999999999999996,0.69999999999999996,250000,1024,16,4,1800.7499999999989,Earth_Relay0_Mars,100,94,94,1,250.36380032072736,-80.614731185521947,1
169,30,0.69999999999999996,0.69999999999999996,250000,1024,16,4,1800.7499999999989,Earth_Relay1_Mars,100,91,91,1,273.39120317105892,-89.388473593467026,1
169,30,0.69999999999999996,0.69999999999999996,250000,1024,16,4,1800.7499999999989,Earth_Relay2_Mars,100,92,92,1,254.20731447274378,-82.075410857861044,1
170,30,0.69999999999999996,0.69999999999999996,250000,2048,16,4,1800.7499999999989,Direct_Earth_to_Mars,100,100,100,1,255.50460993356128,-82.568782613770296,1
170,30,0.69999999999999996,0.69999999999999996,250000,2048,16,4,1800.7499999999989,Earth_Relay0_Mars,100,94,94,1,250.36380032072736,-80.313701189857966,1
170,30,0.69999999999999996,0.69999999999999996,250000,2048,16,4,1800.7499999999989,Earth_Relay1_Mars,100,91,91,1,273.39120317105892,-89.087443597803045,1
170,30,0.69999999999999996,0.69999999999999996,250000,2048,16,4,1800.7499999999989,Earth_Relay2_Mars,100,92,92,1,254.20731447274378,-81.774380862197063,1
171,30,0.69999999999999996,0.69999999999999996,250000,4096,16,4,1800.7499999999989,Direct_Earth_to_Mars,100,100,100,1,255.50460993356128,-82.267752618106314,1
171,30,0.69999999999999996,0.69999999999999996,250000,4096,16,4,1800.7499999999989,Earth_Relay0_Mars,100,94,94,1,250.36380032072736,-80.012671194193985,1
171,30,0.69999999999999996,0.69999999999999996,250000,4096,16,4,1800.7499999999989,Earth_Relay1_Mars,100,91,91,1,273.39120317105892,-88.786413602139064,1
171,30,0.69999999999999996,0.69999999999999996,250000,4096,16,4,1800.7499999999989,Earth_Relay2_Mars,100,92,92,1,254.20731447274378,-81.473350866533082,1
172,30,0.69999999999999996,0.69999999999999996,250000,8192,16,4,1800.7499999999989,Direct_Earth_to_Mars,100,100,100,1,255.50460993356128,-81.966722622442319,1
172,30,0.69999999999999996,0.69999999999999996,250000,8192,16,4,1800.7499999999989,Earth_Relay0_Mars,100,94,94,1,250.36380032072736,-79.711641198530003,1
172,30,0.69999999999999996,0.69999999999999996,250000,8192,16,4,1800.7499999999989,Earth_Relay1_Mars,100,91,91,1,273.39120317105892,-88.485383606475082,1
172,30,0.69999999999999996,0.69999999999999996,250000,8192,16,4,1800.7499999999989,Earth_Relay2_Mars,100,92,92,1,254.20731447274378,-81.1723208708691,1
173,30,0.69999999999999996,0.69999999999999996,500000,1024,16,4,900.37499999999943,Direct_Earth_to_Mars,100,100,100,1,127.75230496678064,-35.432225638251552,1
173,30,0.69999999999999996,0.69999999999999996,500000,1024,16,4,900.37499999999943,Earth_Relay0_Mars,100,94,94,1,125.18190016036368,-34.210348733182727,1
173,30,0.69999999999999996,0.69999999999999996,500000,1024,16,4,900.37499999999943,Earth_Relay1_Mars,100,91,91,1,136.69560158552946,-38.349573408949674,1
173,30,0.69999999999999996,0.69999999999999996,500000,1024,16,4,900.37499999999943,Earth_Relay2_Mars,100,92,92,1,127.10365723637189,-34.898636544558961,1
174,30,0.69999999999999996,0.69999999999999996,500000,2048,16,4,900.37499999999943,Direct_Earth_to_Mars,100,100,100,1,127.75230496678064,-35.131195642587571,1
174,30,0.69999999999999996,0.69999999999999996,500000,2048,16,4,900.37499999999943,Earth_Relay0_Mars,100,94,94,1,125.18190016036368,-33.909318737518745,1
174,30,0.69999999999999996,0.69999999999999996,500000,2048,16,4,900.37499999999943,Earth_Relay1_Mars,100,91,91,1,136.69560158552946,-38.048543413285692,1
174,30,0.69999999999999996,0.69999999999999996,500000,2048,16,4,900.37499999999943,Earth_Relay2_Mars,100,92,92,1,127.10365723637189,-34.59760654889498,1
175,30,0.69999999999999996,0.69999999999999996,500000,4096,16,4,900.37499999999943,Direct_Earth_to_Mars,100,100,100,1,127.75230496678064,-34.830165646923589,1
175,30,0.69999999999999996,0.69999999999999996,500000,4096,16,4,900.37499999999943,Earth_Relay0_Mars,100,94,94,1,125.18190016036368,-33.608288741854757,1
175,30,0.69999999999999996,0.69999999999999996,500000,4096,16,4,900.37499999999943,Earth_Relay1_Mars,100,91,91,1,136.69560158552946,-37.747513417621711,1
175,30,0.69999999999999996,0.69999999999999996,500000,4096,16,4,900.37499999999943,Earth_Relay2_Mars,100,92,92,1,127.10365723637189,-34.296576553230999,1
176,30,0.69999999999999996,0.69999999999999996,500000,8192,16,4,900.37499999999943,Direct_Earth_to_Mars,100,100,100,1,127.75230496678064,-34.529135651259608,1
176,30,0.69999999999999996,0.69999999999999996,500000,8192,16,4,900.37499999999943,Earth_Relay0_Mars,100,94,94,1,125.18190016036368,-33.307258746190776,1
176,30,0.69999999999999996,0.69999999999999996,500000,8192,16,4,900.37499999999943,Earth_Relay1_Mars,100,91,91,1,136.69560158552946,-37.44648342195773,1
176,30,0.69999999999999996,0.69999999999999996,500000,8192,16,4,900.37499999999943,Earth_Relay2_Mars,100,92,92,1,127.10365723637189,-33.99554655756701,1
177,30,0.69999999999999996,0.69999999999999996,1000000,1024,16,4,450.18749999999972,Direct_Earth_to_Mars,100,100,100,1,63.876152483390321,-13.319000044860859,0.99999999999999845
177,30,0.69999999999999996,0.69999999999999996,1000000,1024,16,4,450.18749999999972,Earth_Relay0_Mars,100,94,94,1,62.590950080181841,-12.595957506397404,0.99999999999999012
177,30,0.69999999999999996,0.69999999999999996,1000000,1024,16,4,450.18749999999972,Earth_Relay1_Mars,100,91,91,1,68.34780079276473,-14.49606440134405,1
177,30,0.69999999999999996,0.69999999999999996,1000000,1024,16,4,450.18749999999972,Earth_Relay2_Mars,100,92,92,1,63.551828618185944,-12.911351722080715,0.99999999999999578
178,30,0.69999999999999996,0.69999999999999996,1000000,2048,16,4,450.18749999999972,Direct_Earth_to_Mars,100,100,100,1,63.876152483390321,-13.01797004919688,0.99999999999999689
178,30,0.69999999999999996,0.69999999999999996,1000000,2048,16,4,450.18749999999972,Earth_Relay0_Mars,100,94,94,1,62.590950080181841,-12.294927510733423,0.99999999999998035
178,30,0.69999999999999996,0.69999999999999996,1000000,2048,16,4,450.18749999999972,Earth_Relay1_Mars,100,91,91,1,68.34780079276473,-14.195034405680069,1
178,30,0.69999999999999996,0.69999999999999996,1000000,2048,16,4,450.18749999999972,Earth_Relay2_Mars,100,92,92,1,63.551828618185944,-12.610321726416734,0.99999999999999145
179,30,0.69999999999999996,0.69999999999999996,1000000,4096,16,4,450.18749999999972,Direct_Earth_to_Mars,100,100,100,1,63.876152483390321,-12.716940053532896,0.999999999999994
179,30,0.69999999999999996,0.69999999999999996,1000000,4096,16,4,450.18749999999972,Earth_Relay0_Mars,100,94,94,1,62.590950080181841,-11.993897515069442,0.99999999999996081
179,30,0.69999999999999996,0.69999999999999996,1000000,4096,16,4,450.18749999999972,Earth_Relay1_Mars,100,91,91,1,68.34780079276473,-13.894004410016091,0.99999999999999967
179,30,0.69999999999999996,0.69999999999999996,1000000,4096,16,4,450.18749999999972,Earth_Relay2_Mars,100,92,92,1,63.551828618185944,-12.309291730752753,0.99999999999998312
180,30,0.69999999999999996,0.69999999999999996,1000000,8192,16,4,450.18749999999972,Direct_Earth_to_Mars,100,100,100,1,63.876152483390321,-12.415910057868917,0.99999999999998779
180,30,0.69999999999999996,0.69999999999999996,1000000,8192,16,4,450.18749999999972,Earth_Relay0_Mars,100,94,94,1,62.590950080181841,-11.692867519405461,0.99999999999992151
180,30,0.69999999999999996,0.69999999999999996,1000000,8192,16,4,450.18749999999972,Earth_Relay1_Mars,100,91,91,1,68.34780079276473,-13.59297441435211,0.99999999999999967
180,30,0.69999999999999996,0.69999999999999996,1000000,8192,16,4,450.18749999999972,Earth_Relay2_Mars,100,92,92,1,63.551828618185944,-12.008261735088771,0.99999999999996636
181,40,0.29999999999999999,0.29999999999999999,250000,1024,16,4,80.999999999999972,Direct_Earth_to_Mars,100,100,44,0,11.492918730872399,0,0.51725238647197636
181,40,0.29999999999999999,0.29999999999999999,250000,1024,16,4,80.999999999999972,Earth_Relay0_Mars,100,94,39,0,11.261678648329264,0,0.54695113881791579
181,40,0.29999999999999999,0.29999999999999999,250000,1024,16,4,80.999999999999972,Earth_Relay1_Mars,100,91,32,0,12.297480192617398,0,0.49449115942634797
181,40,0.29999999999999999,0.29999999999999999,250000,1024,16,4,80.999999999999972,Earth_Relay2_Mars,100,92,41,0,11.4345647492946,0,0.50515569227092061
182,40,0.29999999999999999,0.29999999999999999,250000,2048,16,4,80.999999999999972,Direct_Earth_to_Mars,100,100,43,0,11.492918730872399,0,0.49203707534107549
182,40,0.29999999999999999,0.29999999999999999,250000,2048,16,4,80.999999999999972,Earth_Relay0_Mars,100,94,39,0,11.261678648329264,0,0.52290074433323486
182,40,0.29999999999999999,0.29999999999999999,250000,2048,16,4,80.999999999999972,Earth_Relay1_Mars,100,91,32,0,12.297480192617398,0,0.48348781335819041
182,40,0.29999999999999999,0.29999999999999999,250000,2048,16,4,80.999999999999972,Earth_Relay2_Mars,100,92,40,0,11.4345647492946,0,0.48777269777021631
183,40,0.29999999999999999,0.29999999999999999,250000,4096,16,4,80.999999999999972,Direct_Earth_to_Mars,100,100,43,0,11.492918730872399,0,0.46938441929566083
183,40,0.29999999999999999,0.29999999999999999,250000,4096,16,4,80.999999999999972,Earth_Relay0_Mars,100,94,39,0,11.261678648329264,0,0.51096167551390881
183,40,0.29999999999999999,0.29999999999999999,250000,4096,16,4,80.999999999999972,Earth_Relay1_Mars,100,91,31,0,12.297480192617398,0,0.46254463710427979
183,40,0.29999999999999999,0.29999999999999999,250000,4096,16,4,80.999999999999972,Earth_Relay2_Mars,100,92,40,0,11.4345647492946,0,0.48641496075782381
184,40,0.29999999999999999,0.29999999999999999,250000,8192,16,4,80.999999999999972,Direct_Earth_to_Mars,100,100,41,0,11.492918730872399,0,0.46773497596495983
184,40,0.29999999999999999,0.29999999999999999,250000,8192,16,4,80.999999999999972,Earth_Relay0_Mars,100,94,39,0,11.261678648329264,0,0.49684201592430127
184,40,0.29999999999999999,0.29999999999999999,250000,8192,16,4,80.999999999999972,Earth_Relay1_Mars,100,91,31,0,12.297480192617398,0,0.44394510763232736
184,40,0.29999999999999999,0.29999999999999999,250000,8192,16,4,80.999999999999972,Earth_Relay2_Mars,100,92,39,0,11.4345647492946,0,0.48369948673303897
185,40,0.29999999999999999,0.29999999999999999,500000,1024,16,4,40.499999999999986,Direct_Earth_to_Mars,100,100,28,0,5.7464593654361993,0,0.31928609066100322
185,40,0.29999999999999999,0.29999999999999999,500000,1024,16,4,40.499999999999986,Earth_Relay0_Mars,100,94,29,0,5.630839324164632,0,0.38789056129449784
185,40,0.29999999999999999,0.29999999999999999,500000,1024,16,4,40.499999999999986,Earth_Relay1_Mars,100,91,17,0,6.1487400963086989,0,0.28226144359253286
185,40,0.29999999999999999,0.29999999999999999,500000,1024,16,4,40.499999999999986,Earth_Relay2_Mars,100,92,28,0,5.7172823746472998,0,0.32686175846568682
186,40,0.29999999999999999,0.29999999999999999,500000,2048,16,4,40.499999999999986,Direct_Earth_to_Mars,100,100,28,0,5.7464593654361993,0,0.30330620759293281
186,40,0.29999999999999999,0.29999999999999999,500000,2048,16,4,40.499999999999986,Earth_Relay0_Mars,100,94,29,0,5.630839324164632,0,0.3821641013123997
186,40,0.29999999999999999,0.29999999999999999,500000,2048,16,4,40.499999999999986,Earth_Relay1_Mars,100,91,17,0,6.1487400963086989,0,0.26781959048176907
186,40,0.29999999999999999,0.29999999999999999,500000,2048,16,4,40.499999999999986,Earth_Relay2_Mars,100,92,28,0,5.7172823746472998,0,0.31930657730806877
187,40,0.29999999999999999,0.29999999999999999,500000,4096,16,4,40.499999999999986,Direct_Earth_to_Mars,100,100,28,0,5.7464593654361993,0,0.29441496275711743
187,40,0.29999999999999999,0.29999999999999999,500000,4096,16,4,40.499999999999986,Earth_Relay0_Mars,100,94,28,0,5.630839324164632,0,0.37214460480988432
187,40,0.29999999999999999,0.29999999999999999,500000,4096,16,4,40.499999999999986,Earth_Relay1_Mars,100,91,16,0,6.1487400963086989,0,0.25407355931673148
187,40,0.29999999999999999,0.29999999999999999,500000,4096,16,4,40.499999999999986,Earth_Relay2_Mars,100,92,28,0,5.7172823746472998,0,0.31252619809439841
188,40,0.29999999999999999,0.29999999999999999,500000,8192,16,4,40.499999999999986,Direct_Earth_to_Mars,100,100,28,0,5.7464593654361993,0,0.28882992551423475
188,40,0.29999999999999999,0.29999999999999999,500000,8192,16,4,40.499999999999986,Earth_Relay0_Mars,100,94,26,0,5.630839324164632,0,0.36131048621551332
188,40,0.29999999999999999,0.29999999999999999,500000,8192,16,4,40.499999999999986,Earth_Relay1_Mars,100,91,15,0,6.1487400963086989,0,0.2444108548971991
188,40,0.29999999999999999,0.29999999999999999,500000,8192,16,4,40.499999999999986,Earth_Relay2_Mars,100,92,28,0,5.7172823746472998,0,0.30923621275996999
189,40,0.29999999999999999,0.29999999999999999,1000000,1024,16,4,20.249999999999993,Direct_Earth_to_Mars,100,100,16,0,2.8732296827180996,0,0.22276274932729528
189,40,0.29999999999999999,0.29999999999999999,1000000,1024,16,4,20.249999999999993,Earth_Relay0_Mars,100,94,24,0,2.815419662082316,0,0.25531865696414419
189,40,0.29999999999999999,0.29999999999999999,1000000,1024,16,4,20.249999999999993,Earth_Relay1_Mars,100,91,7,0,3.0743700481543494,0,0.13296995635703379
189,40,0.29999999999999999,0.29999999999999999,1000000,1024,16,4,20.249999999999993,Earth_Relay2_Mars,100,92,15,0,2.8586411873236499,0,0.23112020509480946
190,40,0.29999999999999999,0.29999999999999999,1000000,2048,16,4,20.249999999999993,Direct_Earth_to_Mars,100,100,16,0,2.8732296827180996,0,0.21368198271256669
190,40,0.29999999999999999,0.29999999999999999,1000000,2048,16,4,20.249999999999993,Earth_Relay0_Mars,100,94,24,0,2.815419662082316,0,0.25531816499211818
190,40,0.29999999999999999,0.29999999999999999,1000000,2048,16,4,20.249999999999993,Earth_Relay1_Mars,100,91,7,0,3.0743700481543494,0,0.12308276985692469
190,40,0.29999999999999999,0.29999999999999999,1000000,2048,16,4,20.249999999999993,Earth_Relay2_Mars,100,92,15,0,2.8586411873236499,0,0.22422087387101824
191,40,0.29999999999999999,0.29999999999999999,1000000,4096,16,4,20.249999999999993,Direct_Earth_to_Mars,100,100,15,0,2.8732296827180996,0,0.20718523231266547
191,40,0.29999999999999999,0.29999999999999999,1000000,4096,16,4,20.249999999999993,Earth_Relay0_Mars,100,94,24,0,2.815419662082316,0,0.25531718104806617
191,40,0.29999999999999999,0.29999999999999999,1000000,4096,16,4,20.249999999999993,Earth_Relay1_Mars,100,91,5,0,3.0743700481543494,0,0.1194274414063108
191,40,0.29999999999999999,0.29999999999999999,1000000,4096,16,4,20.249999999999993,Earth_Relay2_Mars,100,92,14,0,2.8586411873236499,0,0.22018087817681911
192,40,0.29999999999999999,0.29999999999999999,1000000,8192,16,4,20.249999999999993,Direct_Earth_to_Mars,100,100,14,0,2.8732296827180996,0,0.20373640960738892
192,40,0.29999999999999999,0.29999999999999999,1000000,8192,16,4,20.249999999999993,Earth_Relay0_Mars,100,94,24,0,2.815419662082316,0,0.25531521315996197
192,40,0.29999999999999999,0.29999999999999999,1000000,8192,16,4,20.249999999999993,Earth_Relay1_Mars,100,91,5,0,3.0743700481543494,0,0.11797576193350076
192,40,0.29999999999999999,0.29999999999999999,1000000,8192,16,4,20.249999999999993,Earth_Relay2_Mars,100,92,14,0,2.8586411873236499,0,0.2121008867884209
193,40,0.40000000000000002,0.40000000000000002,250000,1024,16,4,256,Direct_Earth_to_Mars,100,100,100,1,36.323298704979443,-4.6338437317623704,0.99999876006155164
193,40,0.40000000000000002,0.40000000000000002,250000,1024,16,4,256,Earth_Relay0_Mars,100,94,94,1,35.592465851509786,-4.115840635639926,0.99999564383897599
193,40,0.40000000000000002,0.40000000000000002,250000,1024,16,4,256,Earth_Relay1_Mars,100,91,91,1,38.866110238395741,-5.0946430525822235,0.99999965748270603
193,40,0.40000000000000002,0.40000000000000002,250000,1024,16,4,256,Earth_Relay2_Mars,100,92,92,1,36.138871306412575,-4.277973620034504,0.99999703771477477
194,40,0.40000000000000002,0.40000000000000002,250000,2048,16,4,256,Direct_Earth_to_Mars,100,100,100,1,36.323298704979443,-4.3328137360983892,0.99999752012310328
194,40,0.40000000000000002,0.40000000000000002,250000,2048,16,4,256,Earth_Relay0_Mars,100,94,94,1,35.592465851509786,-3.814810639975946,0.99999128767795198
194,40,0.40000000000000002,0.40000000000000002,250000,2048,16,4,256,Earth_Relay1_Mars,100,91,91,1,38.866110238395741,-4.7936130569182431,0.9999993149654125
194,40,0.40000000000000002,0.40000000000000002,250000,2048,16,4,256,Earth_Relay2_Mars,100,92,92,1,36.138871306412575,-3.9769436243705236,0.99999407542955066
195,40,0.40000000000000002,0.40000000000000002,250000,4096,16,4,256,Direct_Earth_to_Mars,100,100,100,1,36.323298704979443,-4.0317837404344079,0.99999504024620611
195,40,0.40000000000000002,0.40000000000000002,250000,4096,16,4,256,Earth_Relay0_Mars,100,94,94,1,35.592465851509786,-3.5137806443119639,0.99998257535590385
195,40,0.40000000000000002,0.40000000000000002,250000,4096,16,4,256,Earth_Relay1_Mars,100,91,91,1,38.866110238395741,-4.492583061254261,0.99999862993082467
195,40,0.40000000000000002,0.40000000000000002,250000,4096,16,4,256,Earth_Relay2_Mars,100,92,92,1,36.138871306412575,-3.6759136287065419,0.99998815085910031
196,40,0.40000000000000002,0.40000000000000002,250000,8192,16,4,256,Direct_Earth_to_Mars,100,100,100,1,36.323298704979443,-3.7307537447704271,0.99999008049241256
196,40,0.40000000000000002,0.40000000000000002,250000,8192,16,4,256,Earth_Relay0_Mars,100,94,94,1,35.592465851509786,-3.2127506486479835,0.99996515071180769
196,40,0.40000000000000002,0.40000000000000002,250000,8192,16,4,256,Earth_Relay1_Mars,100,91,91,1,38.866110238395741,-4.1915530655902806,0.99999725986164889
196,40,0.40000000000000002,0.40000000000000002,250000,8192,16,4,256,Earth_Relay2_Mars,100,92,92,1,36.138871306412575,-3.3748836330425611,0.99997630171820173
197,40,0.40000000000000002,0.40000000000000002,500000,1024,16,4,128,Direct_Earth_to_Mars,100,100,56,0,18.161649352489722,0,0.79289284232371249
197,40,0.40000000000000002,0.40000000000000002,500000,1024,16,4,128,Earth_Relay0_Mars,100,94,55,0,17.796232925754893,0,0.72304748304608857
197,40,0.40000000000000002,0.40000000000000002,500000,1024,16,4,128,Earth_Relay1_Mars,100,91,46,0,19.433055119197871,0,0.80171799157725288
197,40,0.40000000000000002,0.40000000000000002,500000,1024,16,4,128,Earth_Relay2_Mars,100,92,51,0,18.069435653206288,0,0.731052500046108
198,40,0.40000000000000002,0.40000000000000002,500000,2048,16,4,128,Direct_Earth_to_Mars,100,100,55,0,18.161649352489722,0,0.72005025975241077
198,40,0.40000000000000002,0.40000000000000002,500000,2048,16,4,128,Earth_Relay0_Mars,100,94,55,0,17.796232925754893,0,0.67927794733463054
198,40,0.40000000000000002,0.40000000000000002,500000,2048,16,4,128,Earth_Relay1_Mars,100,91,46,0,19.433055119197871,0,0.7368792461650685
198,40,0.40000000000000002,0.40000000000000002,500000,2048,16,4,128,Earth_Relay2_Mars,100,92,50,0,18.069435653206288,0,0.68918074849824851
199,40,0.40000000000000002,0.40000000000000002,500000,4096,16,4,128,Direct_Earth_to_Mars,100,100,53,0,18.161649352489722,0,0.67705097026256533
199,40,0.40000000000000002,0.40000000000000002,500000,4096,16,4,128,Earth_Relay0_Mars,100,94,54,0,17.796232925754893,0,0.64993404453764458
199,40,0.40000000000000002,0.40000000000000002,500000,4096,16,4,128,Earth_Relay1_Mars,100,91,46,0,19.433055119197871,0,0.69481133993803845
199,40,0.40000000000000002,0.40000000000000002,500000,4096,16,4,128,Earth_Relay2_Mars,100,92,48,0,18.069435653206288,0,0.66062797701190668
200,40,0.40000000000000002,0.40000000000000002,500000,8192,16,4,128,Direct_Earth_to_Mars,100,100,52,0,18.161649352489722,0,0.64660399336874297
200,40,0.40000000000000002,0.40000000000000002,500000,8192,16,4,128,Earth_Relay0_Mars,100,94,52,0,17.796232925754893,0,0.63043985192544305
200,40,0.40000000000000002,0.40000000000000002,500000,8192,16,4,128,Earth_Relay1_Mars,100,91,46,0,19.433055119197871,0,0.66461718942065828
200,40,0.40000000000000002,0.40000000000000002,500000,8192,16,4,128,Earth_Relay2_Mars,100,92,45,0,18.069435653206288,0,0.64505673690424203
201,40,0.40000000000000002,0.40000000000000002,1000000,1024,16,4,64,Direct_Earth_to_Mars,100,100,37,0,9.0808246762448608,0,0.46032002713722925
201,40,0.40000000000000002,0.40000000000000002,1000000,1024,16,4,64,Earth_Relay0_Mars,100,94,37,0,8.8981164628774465,0,0.44869429711374981
201,40,0.40000000000000002,0.40000000000000002,1000000,1024,16,4,64,Earth_Relay1_Mars,100,91,31,0,9.7165275595989353,0,0.40418176011505091
201,40,0.40000000000000002,0.40000000000000002,1000000,1024,16,4,64,Earth_Relay2_Mars,100,92,33,0,9.0347178266031438,0,0.47139210425535716
202,40,0.40000000000000002,0.40000000000000002,1000000,2048,16,4,64,Direct_Earth_to_Mars,100,100,34,0,9.0808246762448608,0,0.45388918500453512
202,40,0.40000000000000002,0.40000000000000002,1000000,2048,16,4,64,Earth_Relay0_Mars,100,94,37,0,8.8981164628774465,0,0.42696430441865058
202,40,0.40000000000000002,0.40000000000000002,1000000,2048,16,4,64,Earth_Relay1_Mars,100,91,28,0,9.7165275595989353,0,0.37997453733043957
202,40,0.40000000000000002,0.40000000000000002,1000000,2048,16,4,64,Earth_Relay2_Mars,100,92,33,0,9.0347178266031438,0,0.46452333894549702
203,40,0.40000000000000002,0.40000000000000002,1000000,4096,16,4,64,Direct_Earth_to_Mars,100,100,33,0,9.0808246762448608,0,0.44777837000907028
203,40,0.40000000000000002,0.40000000000000002,1000000,4096,16,4,64,Earth_Relay0_Mars,100,94,37,0,8.8981164628774465,0,0.4167455407334697
203,40,0.40000000000000002,0.40000000000000002,1000000,4096,16,4,64,Earth_Relay1_Mars,100,91,27,0,9.7165275595989353,0,0.36016039978997816
203,40,0.40000000000000002,0.40000000000000002,1000000,4096,16,4,64,Earth_Relay2_Mars,100,92,30,0,9.0347178266031438,0,0.45078580832577647
204,40,0.40000000000000002,0.40000000000000002,1000000,8192,16,4,64,Direct_Earth_to_Mars,100,100,30,0,9.0808246762448608,0,0.43555674001814049
204,40,0.40000000000000002,0.40000000000000002,1000000,8192,16,4,64,Earth_Relay0_Mars,100,94,37,0,8.8981164628774465,0,0.41387482621311289
204,40,0.40000000000000002,0.40000000000000002,1000000,8192,16,4,64,Earth_Relay1_Mars,100,91,27,0,9.7165275595989353,0,0.35137668289501489
204,40,0.40000000000000002,0.40000000000000002,1000000,8192,16,4,64,Earth_Relay2_Mars,100,92,30,0,9.0347178266031438,0,0.43930033957874892
205,40,0.5,0.5,250000,1024,16,4,625,Direct_Earth_to_Mars,100,100,100,1,88.679928478953713,-21.679344183470199,1
205,40,0.5,0.5,250000,1024,16,4,625,Earth_Relay0_Mars,100,94,94,1,86.895668582787565,-20.765185150877365,1
205,40,0.5,0.5,250000,1024,16,4,625,Earth_Relay1_Mars,100,91,91,1,94.887964449208354,-23.523394931881487,1
205,40,0.5,0.5,250000,1024,16,4,625,Earth_Relay2_Mars,100,92,92,1,88.229666275421323,-21.223441657987291,1
206,40,0.5,0.5,250000,2048,16,4,625,Direct_Earth_to_Mars,100,100,100,1,88.679928478953713,-21.378314187806218,1
206,40,0.5,0.5,250000,2048,16,4,625,Earth_Relay0_Mars,100,94,94,1,86.895668582787565,-20.46415515521338,1
206,40,0.5,0.5,250000,2048,16,4,625,Earth_Relay1_Mars,100,91,91,1,94.887964449208354,-23.222364936217506,1
206,40,0.5,0.5,250000,2048,16,4,625,Earth_Relay2_Mars,100,92,92,1,88.229666275421323,-20.922411662323309,1
207,40,0.5,0.5,250000,4096,16,4,625,Direct_Earth_to_Mars,100,100,100,1,88.679928478953713,-21.077284192142237,1
207,40,0.5,0.5,250000,4096,16,4,625,Earth_Relay0_Mars,100,94,94,1,86.895668582787565,-20.163125159549402,1
207,40,0.5,0.5,250000,4096,16,4,625,Earth_Relay1_Mars,100,91,91,1,94.887964449208354,-22.921334940553528,1
207,40,0.5,0.5,250000,4096,16,4,625,Earth_Relay2_Mars,100,92,92,1,88.229666275421323,-20.621381666659328,1
208,40,0.5,0.5,250000,8192,16,4,625,Direct_Earth_to_Mars,100,100,100,1,88.679928478953713,-20.776254196478256,1
208,40,0.5,0.5,250000,8192,16,4,625,Earth_Relay0_Mars,100,94,94,1,86.895668582787565,-19.862095163885421,1
208,40,0.5,0.5,250000,8192,16,4,625,Earth_Relay1_Mars,100,91,91,1,94.887964449208354,-22.620304944889543,1
208,40,0.5,0.5,250000,8192,16,4,625,Earth_Relay2_Mars,100,92,92,1,88.229666275421323,-20.320351670995347,1
209,40,0.5,0.5,500000,1024,16,4,312.5,Direct_Earth_to_Mars,100,100,100,1,44.339964239476856,-7.0685585766166694,0.99999999624631708
209,40,0.5,0.5,500000,1024,16,4,312.5,Earth_Relay0_Mars,100,94,94,1,43.447834291393782,-6.4920528488333975,0.99999998420134795
209,40,0.5,0.5,500000,1024,16,4,312.5,Earth_Relay1_Mars,100,91,91,1,47.443982224604177,-7.7338393637949387,0.99999999939215611
209,40,0.5,0.5,500000,1024,16,4,312.5,Earth_Relay2_Mars,100,92,92,1,44.114833137710662,-6.6979134749764491,0.99999999059550237
210,40,0.5,0.5,500000,2048,16,4,312.5,Direct_Earth_to_Mars,100,100,100,1,44.339964239476856,-6.7675285809526891,0.99999999249263394
210,40,0.5,0.5,500000,2048,16,4,312.5,Earth_Relay0_Mars,100,94,94,1,43.447834291393782,-6.1910228531694171,0.99999996840269545
210,40,0.5,0.5,500000,2048,16,4,312.5,Earth_Relay1_Mars,100,91,91,1,47.443982224604177,-7.4328093681309584,0.99999999878431256
210,40,0.5,0.5,500000,2048,16,4,312.5,Earth_Relay2_Mars,100,92,92,1,44.114833137710662,-6.3968834793124687,0.99999998119100419
211,40,0.5,0.5,500000,4096,16,4,312.5,Direct_Earth_to_Mars,100,100,100,1,44.339964239476856,-6.4664985852887069,0.99999998498526865
211,40,0.5,0.5,500000,4096,16,4,312.5,Earth_Relay0_Mars,100,94,94,1,43.447834291393782,-5.889992857505435,0.99999993680539145
211,40,0.5,0.5,500000,4096,16,4,312.5,Earth_Relay1_Mars,100,91,91,1,47.443982224604177,-7.1317793724669762,0.99999999756862457
211,40,0.5,0.5,500000,4096,16,4,312.5,Earth_Relay2_Mars,100,92,92,1,44.114833137710662,-6.0958534836484866,0.99999996238200861
212,40,0.5,0.5,500000,8192,16,4,312.5,Direct_Earth_to_Mars,100,100,100,1,44.339964239476856,-6.1654685896247265,0.99999996997053686
212,40,0.5,0.5,500000,8192,16,4,312.5,Earth_Relay0_Mars,100,94,94,1,43.447834291393782,-5.5889628618414546,0.99999987361078269
212,40,0.5,0.5,500000,8192,16,4,312.5,Earth_Relay1_Mars,100,91,91,1,47.443982224604177,-6.830749376802995,0.99999999513724935
212,40,0.5,0.5,500000,8192,16,4,312.5,Earth_Relay2_Mars,100,92,92,1,44.114833137710662,-5.7948234879845062,0.99999992476401667
213,40,0.5,0.5,1000000,1024,16,4,156.25,Direct_Earth_to_Mars,100,100,63,0,22.169982119738428,-0.63151306290305487,0.97885074170025321
213,40,0.5,0.5,1000000,1024,16,4,156.25,Earth_Relay0_Mars,100,94,60,0,21.723917145696891,-0.21282248175030513,0.94596400948691473
213,40,0.5,0.5,1000000,1024,16,4,156.25,Earth_Relay1_Mars,100,91,60,0,23.721991112302089,-0.74479132788615299,0.98543796373957326
213,40,0.5,0.5,1000000,1024,16,4,156.25,Earth_Relay2_Mars,100,92,59,0,22.057416568855331,-0.30072959250464676,0.9542097475316843
214,40,0.5,0.5,1000000,2048,16,4,156.25,Direct_Earth_to_Mars,100,100,62,0,22.169982119738428,-0.33048306723907367,0.95770148340050665
214,40,0.5,0.5,1000000,2048,16,4,156.25,Earth_Relay0_Mars,100,94,58,0,21.723917145696891,0,0.89760414252489096
214,40,0.5,0.5,1000000,2048,16,4,156.25,Earth_Relay1_Mars,100,91,58,0,23.721991112302089,-0.44376133222217179,0.97087592747914719
214,40,0.5,0.5,1000000,2048,16,4,156.25,Earth_Relay2_Mars,100,92,58,0,22.057416568855331,0,0.90842701618422572
215,40,0.5,0.5,1000000,4096,16,4,156.25,Direct_Earth_to_Mars,100,100,61,0,22.169982119738428,-0.029453071575092454,0.91540296680101296
215,40,0.5,0.5,1000000,4096,16,4,156.25,Earth_Relay0_Mars,100,94,58,0,21.723917145696891,0,0.85401471836651999
215,40,0.5,0.5,1000000,4096,16,4,156.25,Earth_Relay1_Mars,100,91,56,0,23.721991112302089,-0.14273133655819062,0.94175185495829405
215,40,0.5,0.5,1000000,4096,16,4,156.25,Earth_Relay2_Mars,100,92,58,0,22.057416568855331,0,0.85577153441020504
216,40,0.5,0.5,1000000,8192,16,4,156.25,Direct_Earth_to_Mars,100,100,61,0,22.169982119738428,0,0.86016191947885701
216,40,0.5,0.5,1000000,8192,16,4,156.25,Earth_Relay0_Mars,100,94,57,0,21.723917145696891,0,0.80136652962612342
216,40,0.5,0.5,1000000,8192,16,4,156.25,Earth_Relay1_Mars,100,91,53,0,23.721991112302089,0,0.8893351458504376
216,40,0.5,0.5,1000000,8192,16,4,156.25,Earth_Relay2_Mars,100,92,56,0,22.057416568855331,0,0.79996496764379177
217,40,0.59999999999999998,0.59999999999999998,250000,1024,16,4,1295.9999999999995,Direct_Earth_to_Mars,100,100,100,1,183.88669969395838,-55.939198371422265,1
217,40,0.59999999999999998,0.59999999999999998,250000,1024,16,4,1295.9999999999995,Earth_Relay0_Mars,100,94,94,1,180.18685837326822,-54.266962940643111,1
217,40,0.59999999999999998,0.59999999999999998,250000,1024,16,4,1295.9999999999995,Earth_Relay1_Mars,100,91,91,1,196.75968308187836,-60.426619020591097,1
217,40,0.59999999999999998,0.59999999999999998,250000,1024,16,4,1295.9999999999995,Earth_Relay2_Mars,100,92,92,1,182.95303598871359,-55.291920960412789,1
218,40,0.59999999999999998,0.59999999999999998,250000,2048,16,4,1295.9999999999995,Direct_Earth_to_Mars,100,100,100,1,183.88669969395838,-55.638168375758283,1
218,40,0.59999999999999998,0.59999999999999998,250000,2048,16,4,1295.9999999999995,Earth_Relay0_Mars,100,94,94,1,180.18685837326822,-53.96593294497913,1
218,40,0.59999999999999998,0.59999999999999998,250000,2048,16,4,1295.9999999999995,Earth_Relay1_Mars,100,91,91,1,196.75968308187836,-60.125589024927116,1
218,40,0.59999999999999998,0.59999999999999998,250000,2048,16,4,1295.9999999999995,Earth_Relay2_Mars,100,92,92,1,182.95303598871359,-54.9908909647488,1
219,40,0.59999999999999998,0.59999999999999998,250000,4096,16,4,1295.9999999999995,Direct_Earth_to_Mars,100,100,100,1,183.88669969395838,-55.337138380094295,1
219,40,0.59999999999999998,0.59999999999999998,250000,4096,16,4,1295.9999999999995,Earth_Relay0_Mars,100,94,94,1,180.18685837326822,-53.664902949315149,1
219,40,0.59999999999999998,0.59999999999999998,250000,4096,16,4,1295.9999999999995,Earth_Relay1_Mars,100,91,91,1,196.75968308187836,-59.824559029263135,1
219,40,0.59999999999999998,0.59999999999999998,250000,4096,16,4,1295.9999999999995,Earth_Relay2_Mars,100,92,92,1,182.95303598871359,-54.689860969084812,1
220,40,0.59999999999999998,0.59999999999999998,250000,8192,16,4,1295.9999999999995,Direct_Earth_to_Mars,100,100,100,1,183.88669969395838,-55.036108384430314,1
220,40,0.59999999999999998,0.59999999999999998,250000,8192,16,4,1295.9999999999995,Earth_Relay0_Mars,100,94,94,1,180.18685837326822,-53.363872953651168,1
220,40,0.59999999999999998,0.59999999999999998,250000,8192,16,4,1295.9999999999995,Earth_Relay1_Mars,100,91,91,1,196.75968308187836,-59.523529033599154,1
220,40,0.59999999999999998,0.59999999999999998,250000,8192,16,4,1295.9999999999995,Earth_Relay2_Mars,100,92,92,1,182.95303598871359,-54.388830973420831,1
221,40,0.59999999999999998,0.59999999999999998,500000,1024,16,4,647.99999999999977,Direct_Earth_to_Mars,100,100,100,1,91.943349846979189,-22.804738833386821,1
221,40,0.59999999999999998,0.59999999999999998,500000,1024,16,4,647.99999999999977,Earth_Relay0_Mars,100,94,94,1,90.093429186634111,-21.865140824254507,1
221,40,0.59999999999999998,0.59999999999999998,500000,1024,16,4,647.99999999999977,Earth_Relay1_Mars,100,91,91,1,98.379841540939182,-24.73754268597899,1
221,40,0.59999999999999998,0.59999999999999998,500000,1024,16,4,647.99999999999977,Earth_Relay2_Mars,100,92,92,1,91.476517994356797,-22.342413674319111,1
222,40,0.59999999999999998,0.59999999999999998,500000,2048,16,4,647.99999999999977,Direct_Earth_to_Mars,100,100,100,1,91.943349846979189,-22.50370883772284,1
222,40,0.59999999999999998,0.59999999999999998,500000,2048,16,4,647.99999999999977,Earth_Relay0_Mars,100,94,94,1,90.093429186634111,-21.564110828590525,1
222,40,0.59999999999999998,0.59999999999999998,500000,2048,16,4,647.99999999999977,Earth_Relay1_Mars,100,91,91,1,98.379841540939182,-24.436512690315009,1
222,40,0.59999999999999998,0.59999999999999998,500000,2048,16,4,647.99999999999977,Earth_Relay2_Mars,100,92,92,1,91.476517994356797,-22.04138367865513,1
223,40,0.59999999999999998,0.59999999999999998,500000,4096,16,4,647.99999999999977,Direct_Earth_to_Mars,100,100,100,1,91.943349846979189,-22.202678842058862,1
223,40,0.59999999999999998,0.59999999999999998,500000,4096,16,4,647.99999999999977,Earth_Relay0_Mars,100,94,94,1,90.093429186634111,-21.263080832926548,1
223,40,0.59999999999999998,0.59999999999999998,500000,4096,16,4,647.99999999999977,Earth_Relay1_Mars,100,91,91,1,98.379841540939182,-24.135482694651031,1
223,40,0.59999999999999998,0.59999999999999998,500000,4096,16,4,647.99999999999977,Earth_Relay2_Mars,100,92,92,1,91.476517994356797,-21.740353682991152,1
224,40,0.59999999999999998,0.59999999999999998,500000,8192,16,4,647.99999999999977,Direct_Earth_to_Mars,100,100,100,1,91.943349846979189,-21.901648846394881,1
224,40,0.59999999999999998,0.59999999999999998,500000,8192,16,4,647.99999999999977,Earth_Relay0_Mars,100,94,94,1,90.093429186634111,-20.962050837262566,1
224,40,0.59999999999999998,0.59999999999999998,500000,8192,16,4,647.99999999999977,Earth_Relay1_Mars,100,91,91,1,98.379841540939182,-23.834452698987047,1
224,40,0.59999999999999998,0.59999999999999998,500000,8192,16,4,647.99999999999977,Earth_Relay2_Mars,100,92,92,1,91.476517994356797,-21.439323687327168,1
225,40,0.59999999999999998,0.59999999999999998,1000000,1024,16,4,323.99999999999989,Direct_Earth_to_Mars,100,100,100,1,45.971674923489594,-7.5750463077115908,0.99999999886921853
225,40,0.59999999999999998,0.59999999999999998,1000000,1024,16,4,323.99999999999989,Earth_Relay0_Mars,100,94,94,1,45.046714593317056,-6.9864935585104142,0.9999999950657138
225,40,0.59999999999999998,0.59999999999999998,1000000,1024,16,4,323.99999999999989,Earth_Relay1_Mars,100,91,91,1,49.189920770469591,-8.2824204216098085,0.9999999998357133
225,40,0.59999999999999998,0.59999999999999998,1000000,1024,16,4,323.99999999999989,Earth_Relay2_Mars,100,92,92,1,45.738258997178399,-7.2013588766356742,0.99999999714107957
226,40,0.59999999999999998,0.59999999999999998,1000000,2048,16,4,323.99999999999989,Direct_Earth_to_Mars,100,100,100,1,45.971674923489594,-7.2740163120476105,0.99999999773843651
226,40,0.59999999999999998,0.59999999999999998,1000000,2048,16,4,323.99999999999989,Earth_Relay0_Mars,100,94,94,1,45.046714593317056,-6.6854635628464329,0.99999999013142771
226,40,0.59999999999999998,0.59999999999999998,1000000,2048,16,4,323.99999999999989,Earth_Relay1_Mars,100,91,91,1,49.189920770469591,-7.9813904259458281,0.99999999967142694
226,40,0.59999999999999998,0.59999999999999998,1000000,2048,16,4,323.99999999999989,Earth_Relay2_Mars,100,92,92,1,45.738258997178399,-6.9003288809716938,0.99999999428215924
227,40,0.59999999999999998,0.59999999999999998,1000000,4096,16,4,323.99999999999989,Direct_Earth_to_Mars,100,100,100,1,45.971674923489594,-6.9729863163836283,0.99999999547687313
227,40,0.59999999999999998,0.59999999999999998,1000000,4096,16,4,323.99999999999989,Earth_Relay0_Mars,100,94,94,1,45.046714593317056,-6.3844335671824517,0.99999998026285519
227,40,0.59999999999999998,0.59999999999999998,1000000,4096,16,4,323.99999999999989,Earth_Relay1_Mars,100,91,91,1,49.189920770469591,-7.680360430281846,0.99999999934285388
227,40,0.59999999999999998,0.59999999999999998,1000000,4096,16,4,323.99999999999989,Earth_Relay2_Mars,100,92,92,1,45.738258997178399,-6.5992988853077117,0.99999998856431827
228,40,0.59999999999999998,0.59999999999999998,1000000,8192,16,4,323.99999999999989,Direct_Earth_to_Mars,100,100,100,1,45.971674923489594,-6.6719563207196479,0.99999999095374659
228,40,0.59999999999999998,0.59999999999999998,1000000,8192,16,4,323.99999999999989,Earth_Relay0_Mars,100,94,94,1,45.046714593317056,-6.0834035715184713,0.99999996052571061
228,40,0.59999999999999998,0.59999999999999998,1000000,8192,16,4,323.99999999999989,Earth_Relay1_Mars,100,91,91,1,49.189920770469591,-7.3793304346178656,0.99999999868570744
228,40,0.59999999999999998,0.59999999999999998,1000000,8192,16,4,323.99999999999989,Earth_Relay2_Mars,100,92,92,1,45.738258997178399,-6.2982688896437313,0.99999997712863664
229,40,0.69999999999999996,0.69999999999999996,250000,1024,16,4,2400.9999999999986,Direct_Earth_to_Mars,100,100,100,1,340.6728132447484,-115.59100359299028,1
229,40,0.69999999999999996,0.69999999999999996,250000,1024,16,4,2400.9999999999986,Earth_Relay0_Mars,100,94,94,1,333.8184004276365,-112.63543711394132,1
229,40,0.69999999999999996,0.69999999999999996,250000,1024,16,4,2400.9999999999986,Earth_Relay1_Mars,100,91,91,1,364.52160422807862,-124.5502562132595,1
229,40,0.69999999999999996,0.69999999999999996,250000,1024,16,4,2400.9999999999986,Earth_Relay2_Mars,100,92,92,1,338.94308596365835,-114.61979043637635,1
230,40,0.69999999999999996,0.69999999999999996,250000,2048,16,4,2400.9999999999986,Direct_Earth_to_Mars,100,100,100,1,340.6728132447484,-115.28997359732629,1
230,40,0.69999999999999996,0.69999999999999996,250000,2048,16,4,2400.9999999999986,Earth_Relay0_Mars,100,94,94,1,333.8184004276365,-112.33440711827734,1
230,40,0.69999999999999996,0.69999999999999996,250000,2048,16,4,2400.9999999999986,Earth_Relay1_Mars,100,91,91,1,364.52160422807862,-124.24922621759552,1
230,40,0.69999999999999996,0.69999999999999996,250000,2048,16,4,2400.9999999999986,Earth_Relay2_Mars,100,92,92,1,338.94308596365835,-114.31876044071237,1
231,40,0.69999999999999996,0.69999999999999996,250000,4096,16,4,2400.9999999999986,Direct_Earth_to_Mars,100,100,100,1,340.6728132447484,-114.98894360166231,1
231,40,0.69999999999999996,0.69999999999999996,250000,4096,16,4,2400.9999999999986,Earth_Relay0_Mars,100,94,94,1,333.8184004276365,-112.03337712261336,1
231,40,0.69999999999999996,0.69999999999999996,250000,4096,16,4,2400.9999999999986,Earth_Relay1_Mars,100,91,91,1,364.52160422807862,-123.94819622193154,1
231,40,0.69999999999999996,0.69999999999999996,250000,4096,16,4,2400.9999999999986,Earth_Relay2_Mars,100,92,92,1,338.94308596365835,-114.01773044504839,1
232,40,0.69999999999999996,0.69999999999999996,250000,8192,16,4,2400.9999999999986,Direct_Earth_to_Mars,100,100,100,1,340.6728132447484,-114.68791360599832,1
232,40,0.69999999999999996,0.69999999999999996,250000,8192,16,4,2400.9999999999986,Earth_Relay0_Mars,100,94,94,1,333.8184004276365,-111.73234712694938,1
232,40,0.69999999999999996,0.69999999999999996,250000,8192,16,4,2400.9999999999986,Earth_Relay1_Mars,100,91,91,1,364.52160422807862,-123.64716622626756,1
232,40,0.69999999999999996,0.69999999999999996,250000,8192,16,4,2400.9999999999986,Earth_Relay2_Mars,100,92,92,1,338.94308596365835,-113.7167004493844,1
233,40,0.69999999999999996,0.69999999999999996,500000,1024,16,4,1200.4999999999993,Direct_Earth_to_Mars,100,100,100,1,170.3364066223742,-50.929094559657678,1
233,40,0.69999999999999996,0.69999999999999996,500000,1024,16,4,1200.4999999999993,Earth_Relay0_Mars,100,94,94,1,166.90920021381825,-49.366222130697203,1
233,40,0.69999999999999996,0.69999999999999996,500000,1024,16,4,1200.4999999999993,Earth_Relay1_Mars,100,91,91,1,182.26080211403931,-55.035302888588483,1
233,40,0.69999999999999996,0.69999999999999996,500000,1024,16,4,1200.4999999999993,Earth_Relay2_Mars,100,92,92,1,169.47154298182917,-50.309423982034055,1
234,40,0.69999999999999996,0.69999999999999996,500000,2048,16,4,1200.4999999999993,Direct_Earth_to_Mars,100,100,100,1,170.3364066223742,-50.628064563993696,1
234,40,0.69999999999999996,0.69999999999999996,500000,2048,16,4,1200.4999999999993,Earth_Relay0_Mars,100,94,94,1,166.90920021381825,-49.065192135033222,1
234,40,0.69999999999999996,0.69999999999999996,500000,2048,16,4,1200.4999999999993,Earth_Relay1_Mars,100,91,91,1,182.26080211403931,-54.734272892924501,1
234,40,0.69999999999999996,0.69999999999999996,500000,2048,16,4,1200.4999999999993,Earth_Relay2_Mars,100,92,92,1,169.47154298182917,-50.008393986370073,1
235,40,0.69999999999999996,0.69999999999999996,500000,4096,16,4,1200.4999999999993,Direct_Earth_to_Mars,100,100,100,1,170.3364066223742,-50.327034568329715,1
235,40,0.69999999999999996,0.69999999999999996,500000,4096,16,4,1200.4999999999993,Earth_Relay0_Mars,100,94,94,1,166.90920021381825,-48.76416213936924,1
235,40,0.69999999999999996,0.69999999999999996,500000,4096,16,4,1200.4999999999993,Earth_Relay1_Mars,100,91,91,1,182.26080211403931,-54.43324289726052,1
235,40,0.69999999999999996,0.69999999999999996,500000,4096,16,4,1200.4999999999993,Earth_Relay2_Mars,100,92,92,1,169.47154298182917,-49.707363990706092,1
236,40,0.69999999999999996,0.69999999999999996,500000,8192,16,4,1200.4999999999993,Direct_Earth_to_Mars,100,100,100,1,170.3364066223742,-50.026004572665734,1
236,40,0.69999999999999996,0.69999999999999996,500000,8192,16,4,1200.4999999999993,Earth_Relay0_Mars,100,94,94,1,166.90920021381825,-48.463132143705259,1
236,40,0.69999999999999996,0.69999999999999996,500000,8192,16,4,1200.4999999999993,Earth_Relay1_Mars,100,91,91,1,182.26080211403931,-54.132212901596539,1
236,40,0.69999999999999996,0.69999999999999996,500000,8192,16,4,1200.4999999999993,Earth_Relay2_Mars,100,92,92,1,169.47154298182917,-49.406333995042111,1
237,40,0.69999999999999996,0.69999999999999996,1000000,1024,16,4,600.24999999999966,Direct_Earth_to_Mars,100,100,100,1,85.168203311187099,-20.474122360335709,1
237,40,0.69999999999999996,0.69999999999999996,1000000,1024,16,4,600.24999999999966,Earth_Relay0_Mars,100,94,94,1,83.454600106909126,-19.587271591026866,1
237,40,0.69999999999999996,0.69999999999999996,1000000,1024,16,4,600.24999999999966,Earth_Relay1_Mars,100,91,91,1,91.130401057019654,-22.222892196653831,1
237,40,0.69999999999999996,0.69999999999999996,1000000,1024,16,4,600.24999999999966,Earth_Relay2_Mars,100,92,92,1,84.735771490914587,-20.025114488373777,1
238,40,0.69999999999999996,0.69999999999999996,1000000,2048,16,4,600.24999999999966,Direct_Earth_to_Mars,100,100,100,1,85.168203311187099,-20.173092364671728,1
238,40,0.69999999999999996,0.69999999999999996,1000000,2048,16,4,600.24999999999966,Earth_Relay0_Mars,100,94,94,1,83.454600106909126,-19.286241595362885,1
238,40,0.69999999999999996,0.69999999999999996,1000000,2048,16,4,600.24999999999966,Earth_Relay1_Mars,100,91,91,1,91.130401057019654,-21.92186220098985,1
238,40,0.69999999999999996,0.69999999999999996,1000000,2048,16,4,600.24999999999966,Earth_Relay2_Mars,100,92,92,1,84.735771490914587,-19.724084492709796,1
239,40,0.69999999999999996,0.69999999999999996,1000000,4096,16,4,600.24999999999966,Direct_Earth_to_Mars,100,100,100,1,85.168203311187099,-19.872062369007747,1
239,40,0.69999999999999996,0.69999999999999996,1000000,4096,16,4,600.24999999999966,Earth_Relay0_Mars,100,94,94,1,83.454600106909126,-18.985211599698903,1
239,40,0.69999999999999996,0.69999999999999996,1000000,4096,16,4,600.24999999999966,Earth_Relay1_Mars,100,91,91,1,91.130401057019654,-21.620832205325872,1
239,40,0.69999999999999996,0.69999999999999996,1000000,4096,16,4,600.24999999999966,Earth_Relay2_Mars,100,92,92,1,84.735771490914587,-19.423054497045818,1
240,40,0.69999999999999996,0.69999999999999996,1000000,8192,16,4,600.24999999999966,Direct_Earth_to_Mars,100,100,100,1,85.168203311187099,-19.571032373343765,1
240,40,0.69999999999999996,0.69999999999999996,1000000,8192,16,4,600.24999999999966,Earth_Relay0_Mars,100,94,94,1,83.454600106909126,-18.684181604034922,1
240,40,0.69999999999999996,0.69999999999999996,1000000,8192,16,4,600.24999999999966,Earth_Relay1_Mars,100,91,91,1,91.130401057019654,-21.319802209661891,1
240,40,0.69999999999999996,0.69999999999999996,1000000,8192,16,4,600.24999999999966,Earth_Relay2_Mars,100,92,92,1,84.735771490914587,-19.122024501381834,1
241,50,0.29999999999999999,0.29999999999999999,250000,1024,16,4,101.24999999999996,Direct_Earth_to_Mars,100,100,47,0,14.366148413590496,0,0.61129187333579216
241,50,0.29999999999999999,0.29999999999999999,250000,1024,16,4,101.24999999999996,Earth_Relay0_Mars,100,94,48,0,14.077098310411579,0,0.60589989733666505
241,50,0.29999999999999999,0.29999999999999999,250000,1024,16,4,101.24999999999996,Earth_Relay1_Mars,100,91,42,0,15.371850240771746,0,0.58833930010295166
241,50,0.29999999999999999,0.29999999999999999,250000,1024,16,4,101.24999999999996,Earth_Relay2_Mars,100,92,45,0,14.293205936618248,0,0.61002095312665505
242,50,0.29999999999999999,0.29999999999999999,250000,2048,16,4,101.24999999999996,Direct_Earth_to_Mars,100,100,47,0,14.366148413590496,0,0.59256607524162608
242,50,0.29999999999999999,0.29999999999999999,250000,2048,16,4,101.24999999999996,Earth_Relay0_Mars,100,94,45,0,14.077098310411579,0,0.59477851807758542
242,50,0.29999999999999999,0.29999999999999999,250000,2048,16,4,101.24999999999996,Earth_Relay1_Mars,100,91,39,0,15.371850240771746,0,0.54647048897453476
242,50,0.29999999999999999,0.29999999999999999,250000,2048,16,4,101.24999999999996,Earth_Relay2_Mars,100,92,44,0,14.293205936618248,0,0.5896071236446141
243,50,0.29999999999999999,0.29999999999999999,250000,4096,16,4,101.24999999999996,Direct_Earth_to_Mars,100,100,46,0,14.366148413590496,0,0.57513215048325217
243,50,0.29999999999999999,0.29999999999999999,250000,4096,16,4,101.24999999999996,Earth_Relay0_Mars,100,94,44,0,14.077098310411579,0,0.58020477356461564
243,50,0.29999999999999999,0.29999999999999999,250000,4096,16,4,101.24999999999996,Earth_Relay1_Mars,100,91,39,0,15.371850240771746,0,0.5162673004515943
243,50,0.29999999999999999,0.29999999999999999,250000,4096,16,4,101.24999999999996,Earth_Relay2_Mars,100,92,44,0,14.293205936618248,0,0.56524211634284482
244,50,0.29999999999999999,0.29999999999999999,250000,8192,16,4,101.24999999999996,Direct_Earth_to_Mars,100,100,46,0,14.366148413590496,0,0.5519463922810085
244,50,0.29999999999999999,0.29999999999999999,250000,8192,16,4,101.24999999999996,Earth_Relay0_Mars,100,94,43,0,14.077098310411579,0,0.57530316415050797
244,50,0.29999999999999999,0.29999999999999999,250000,8192,16,4,101.24999999999996,Earth_Relay1_Mars,100,91,38,0,15.371850240771746,0,0.50731274254121861
244,50,0.29999999999999999,0.29999999999999999,250000,8192,16,4,101.24999999999996,Earth_Relay2_Mars,100,92,44,0,14.293205936618248,0,0.54293006122121745
245,50,0.29999999999999999,0.29999999999999999,500000,1024,16,4,50.624999999999979,Direct_Earth_to_Mars,100,100,29,0,7.183074206795248,0,0.40984014018252046
245,50,0.29999999999999999,0.29999999999999999,500000,1024,16,4,50.624999999999979,Earth_Relay0_Mars,100,94,34,0,7.0385491552057893,0,0.40923592846562656
245,50,0.29999999999999999,0.29999999999999999,500000,1024,16,4,50.624999999999979,Earth_Relay1_Mars,100,91,23,0,7.6859251203858729,0,0.33807334170138459
245,50,0.29999999999999999,0.29999999999999999,500000,1024,16,4,50.624999999999979,Earth_Relay2_Mars,100,92,28,0,7.1466029683091241,0,0.41663683368338861
246,50,0.29999999999999999,0.29999999999999999,500000,2048,16,4,50.624999999999979,Direct_Earth_to_Mars,100,100,29,0,7.183074206795248,0,0.39182630074179992
246,50,0.29999999999999999,0.29999999999999999,500000,2048,16,4,50.624999999999979,Earth_Relay0_Mars,100,94,34,0,7.0385491552057893,0,0.40357823990997654
246,50,0.29999999999999999,0.29999999999999999,500000,2048,16,4,50.624999999999979,Earth_Relay1_Mars,100,91,22,0,7.6859251203858729,0,0.33548734274342845
246,50,0.29999999999999999,0.29999999999999999,500000,2048,16,4,50.624999999999979,Earth_Relay2_Mars,100,92,28,0,7.1466029683091241,0,0.40098894064131818
247,50,0.29999999999999999,0.29999999999999999,500000,4096,16,4,50.624999999999979,Direct_Earth_to_Mars,100,100,28,0,7.183074206795248,0,0.37281681642610442
247,50,0.29999999999999999,0.29999999999999999,500000,4096,16,4,50.624999999999979,Earth_Relay0_Mars,100,94,32,0,7.0385491552057893,0,0.40022629055303799
247,50,0.29999999999999999,0.29999999999999999,500000,4096,16,4,50.624999999999979,Earth_Relay1_Mars,100,91,21,0,7.6859251203858729,0,0.33031534482751629
247,50,0.29999999999999999,0.29999999999999999,500000,4096,16,4,50.624999999999979,Earth_Relay2_Mars,100,92,28,0,7.1466029683091241,0,0.37906676861518379
248,50,0.29999999999999999,0.29999999999999999,500000,8192,16,4,50.624999999999979,Direct_Earth_to_Mars,100,100,28,0,7.183074206795248,0,0.3520486725841882
248,50,0.29999999999999999,0.29999999999999999,500000,8192,16,4,50.624999999999979,Earth_Relay0_Mars,100,94,32,0,7.0385491552057893,0,0.39619726195713961
248,50,0.29999999999999999,0.29999999999999999,500000,8192,16,4,50.624999999999979,Earth_Relay1_Mars,100,91,21,0,7.6859251203858729,0,0.3199713489956918
248,50,0.29999999999999999,0.29999999999999999,500000,8192,16,4,50.624999999999979,Earth_Relay2_Mars,100,92,28,0,7.1466029683091241,0,0.35637463109031248
249,50,0.29999999999999999,0.29999999999999999,1000000,1024,16,4,25.312499999999989,Direct_Earth_to_Mars,100,100,21,0,3.591537103397624,0,0.27275670235280219
249,50,0.29999999999999999,0.29999999999999999,1000000,1024,16,4,25.312499999999989,Earth_Relay0_Mars,100,94,24,0,3.5192745776028946,0,0.27831729236403757
249,50,0.29999999999999999,0.29999999999999999,1000000,1024,16,4,25.312499999999989,Earth_Relay1_Mars,100,91,11,0,3.8429625601929365,0,0.16348680606743315
249,50,0.29999999999999999,0.29999999999999999,1000000,1024,16,4,25.312499999999989,Earth_Relay2_Mars,100,92,20,0,3.5733014841545621,0,0.28655335806616
250,50,0.29999999999999999,0.29999999999999999,1000000,2048,16,4,25.312499999999989,Direct_Earth_to_Mars,100,100,20,0,3.591537103397624,0,0.26551340470560436
250,50,0.29999999999999999,0.29999999999999999,1000000,2048,16,4,25.312499999999989,Earth_Relay0_Mars,100,94,24,0,3.5192745776028946,0,0.26543492432206689
250,50,0.29999999999999999,0.29999999999999999,1000000,2048,16,4,25.312499999999989,Earth_Relay1_Mars,100,91,11,0,3.8429625601929365,0,0.15889458543483265
250,50,0.29999999999999999,0.29999999999999999,1000000,2048,16,4,25.312499999999989,Earth_Relay2_Mars,100,92,20,0,3.5733014841545621,0,0.26875889004536352
251,50,0.29999999999999999,0.29999999999999999,1000000,4096,16,4,25.312499999999989,Direct_Earth_to_Mars,100,100,20,0,3.591537103397624,0,0.2510268094112087
251,50,0.29999999999999999,0.29999999999999999,1000000,4096,16,4,25.312499999999989,Earth_Relay0_Mars,100,94,24,0,3.5192745776028946,0,0.26233765312392776
251,50,0.29999999999999999,0.29999999999999999,1000000,4096,16,4,25.312499999999989,Earth_Relay1_Mars,100,91,11,0,3.8429625601929365,0,0.15295400603450043
251,50,0.29999999999999999,0.29999999999999999,1000000,4096,16,4,25.312499999999989,Earth_Relay2_Mars,100,92,19,0,3.5733014841545621,0,0.25542466254918389
252,50,0.29999999999999999,0.29999999999999999,1000000,8192,16,4,25.312499999999989,Direct_Earth_to_Mars,100,100,19,0,3.591537103397624,0,0.23702063260497053
252,50,0.29999999999999999,0.29999999999999999,1000000,8192,16,4,25.312499999999989,Earth_Relay0_Mars,100,94,24,0,3.5192745776028946,0,0.25871785943934494
252,50,0.29999999999999999,0.29999999999999999,1000000,8192,16,4,25.312499999999989,Earth_Relay1_Mars,100,91,10,0,3.8429625601929365,0,0.14499631614580921
252,50,0.29999999999999999,0.29999999999999999,1000000,8192,16,4,25.312499999999989,Earth_Relay2_Mars,100,92,17,0,3.5733014841545621,0,0.24635752828765009
253,50,0.40000000000000002,0.40000000000000002,250000,1024,16,4,320,Direct_Earth_to_Mars,100,100,100,1,45.404123381224302,-7.3984970445241549,0.99999999828240316
253,50,0.40000000000000002,0.40000000000000002,250000,1024,16,4,320,Earth_Relay0_Mars,100,94,94,1,44.490582314387233,-6.8141393404362072,0.99999999259845185
253,50,0.40000000000000002,0.40000000000000002,250000,1024,16,4,320,Earth_Relay1_Mars,100,91,91,1,48.582637797994678,-8.0912137865836939,0.99999999974086806
253,50,0.40000000000000002,0.40000000000000002,250000,1024,16,4,320,Earth_Relay2_Mars,100,92,92,1,45.173589133015717,-7.0258690153268875,0.99999999567106901
254,50,0.40000000000000002,0.40000000000000002,250000,2048,16,4,320,Direct_Earth_to_Mars,100,100,100,1,45.404123381224302,-7.0974670488601745,0.99999999656480654
254,50,0.40000000000000002,0.40000000000000002,250000,2048,16,4,320,Earth_Relay0_Mars,100,94,94,1,44.490582314387233,-6.5131093447722268,0.99999998519690281
254,50,0.40000000000000002,0.40000000000000002,250000,2048,16,4,320,Earth_Relay1_Mars,100,91,91,1,48.582637797994678,-7.7901837909197145,0.9999999994817359
254,50,0.40000000000000002,0.40000000000000002,250000,2048,16,4,320,Earth_Relay2_Mars,100,92,92,1,45.173589133015717,-6.7248390196629062,0.99999999134213768
255,50,0.40000000000000002,0.40000000000000002,250000,4096,16,4,320,Direct_Earth_to_Mars,100,100,100,1,45.404123381224302,-6.7964370531961924,0.99999999312961341
255,50,0.40000000000000002,0.40000000000000002,250000,4096,16,4,320,Earth_Relay0_Mars,100,94,94,1,44.490582314387233,-6.2120793491082447,0.9999999703938065
255,50,0.40000000000000002,0.40000000000000002,250000,4096,16,4,320,Earth_Relay1_Mars,100,91,91,1,48.582637797994678,-7.4891537952557323,0.9999999989634718
255,50,0.40000000000000002,0.40000000000000002,250000,4096,16,4,320,Earth_Relay2_Mars,100,92,92,1,45.173589133015717,-6.4238090239989241,0.99999998268427481
256,50,0.40000000000000002,0.40000000000000002,250000,8192,16,4,320,Direct_Earth_to_Mars,100,100,100,1,45.404123381224302,-6.495407057532212,0.99999998625922715
256,50,0.40000000000000002,0.40000000000000002,250000,8192,16,4,320,Earth_Relay0_Mars,100,94,94,1,44.490582314387233,-5.9110493534442643,0.9999999407876129
256,50,0.40000000000000002,0.40000000000000002,250000,8192,16,4,320,Earth_Relay1_Mars,100,91,91,1,48.582637797994678,-7.188123799591752,0.99999999792694405
256,50,0.40000000000000002,0.40000000000000002,250000,8192,16,4,320,Earth_Relay2_Mars,100,92,92,1,45.173589133015717,-6.1227790283349437,0.99999996536855018
257,50,0.40000000000000002,0.40000000000000002,500000,1024,16,4,160,Direct_Earth_to_Mars,100,100,65,0,22.702061690612151,-0.77270498392162701,0.98511336121146553
257,50,0.40000000000000002,0.40000000000000002,500000,1024,16,4,160,Earth_Relay0_Mars,100,94,60,0,22.245291157193616,-0.35041181672025851,0.9615361191473043
257,50,0.40000000000000002,0.40000000000000002,500000,1024,16,4,160,Earth_Relay1_Mars,100,91,62,0,24.291318898997339,-0.89860318927286853,0.99007946112337852
257,50,0.40000000000000002,0.40000000000000002,500000,1024,16,4,160,Earth_Relay2_Mars,100,92,60,0,22.586794566507859,-0.4410113196113864,0.96764023482910444
258,50,0.40000000000000002,0.40000000000000002,500000,2048,16,4,160,Direct_Earth_to_Mars,100,100,63,0,22.702061690612151,-0.47167498825764581,0.97022672242293029
258,50,0.40000000000000002,0.40000000000000002,500000,2048,16,4,160,Earth_Relay0_Mars,100,94,59,0,22.245291157193616,-0.049381821056277322,0.92307223829460761
258,50,0.40000000000000002,0.40000000000000002,500000,2048,16,4,160,Earth_Relay1_Mars,100,91,60,0,24.291318898997339,-0.59757319360888728,0.98015892224675616
258,50,0.40000000000000002,0.40000000000000002,500000,2048,16,4,160,Earth_Relay2_Mars,100,92,58,0,22.586794566507859,-0.13998132394740526,0.93528046965820888
259,50,0.40000000000000002,0.40000000000000002,500000,4096,16,4,160,Direct_Earth_to_Mars,100,100,62,0,22.702061690612151,-0.17064499259366461,0.94045344484586069
259,50,0.40000000000000002,0.40000000000000002,500000,4096,16,4,160,Earth_Relay0_Mars,100,94,58,0,22.245291157193616,0,0.87494656270158133
259,50,0.40000000000000002,0.40000000000000002,500000,4096,16,4,160,Earth_Relay1_Mars,100,91,58,0,24.291318898997339,-0.29654319794490619,0.9603178444935121
259,50,0.40000000000000002,0.40000000000000002,500000,4096,16,4,160,Earth_Relay2_Mars,100,92,58,0,22.586794566507859,0,0.88246115251628399
260,50,0.40000000000000002,0.40000000000000002,500000,8192,16,4,160,Direct_Earth_to_Mars,100,100,61,0,22.702061690612151,0,0.88766774606708243
260,50,0.40000000000000002,0.40000000000000002,500000,8192,16,4,160,Earth_Relay0_Mars,100,94,58,0,22.245291157193616,0,0.83158239958996505
260,50,0.40000000000000002,0.40000000000000002,500000,8192,16,4,160,Earth_Relay1_Mars,100,91,54,0,24.291318898997339,0,0.92074980750345503
260,50,0.40000000000000002,0.40000000000000002,500000,8192,16,4,160,Earth_Relay2_Mars,100,92,58,0,22.586794566507859,0,0.83203050789551602
261,50,0.40000000000000002,0.40000000000000002,1000000,1024,16,4,80,Direct_Earth_to_Mars,100,100,44,0,11.351030845306076,0,0.511695795018279
261,50,0.40000000000000002,0.40000000000000002,1000000,1024,16,4,80,Earth_Relay0_Mars,100,94,39,0,11.122645578596808,0,0.54092390660869316
261,50,0.40000000000000002,0.40000000000000002,1000000,1024,16,4,80,Earth_Relay1_Mars,100,91,32,0,12.14565944949867,0,0.49225613674620416
261,50,0.40000000000000002,0.40000000000000002,1000000,1024,16,4,80,Earth_Relay2_Mars,100,92,41,0,11.293397283253929,0,0.50029222036014942
262,50,0.40000000000000002,0.40000000000000002,1000000,2048,16,4,80,Direct_Earth_to_Mars,100,100,43,0,11.351030845306076,0,0.4867397558068251
262,50,0.40000000000000002,0.40000000000000002,1000000,2048,16,4,80,Earth_Relay0_Mars,100,94,39,0,11.122645578596808,0,0.51918981136196718
262,50,0.40000000000000002,0.40000000000000002,1000000,2048,16,4,80,Earth_Relay1_Mars,100,91,32,0,12.14565944949867,0,0.47901776799790297
262,50,0.40000000000000002,0.40000000000000002,1000000,2048,16,4,80,Earth_Relay2_Mars,100,92,40,0,11.293397283253929,0,0.48745827253957152
263,50,0.40000000000000002,0.40000000000000002,1000000,4096,16,4,80,Direct_Earth_to_Mars,100,100,42,0,11.351030845306076,0,0.46860263226321591
263,50,0.40000000000000002,0.40000000000000002,1000000,4096,16,4,80,Earth_Relay0_Mars,100,94,39,0,11.122645578596808,0,0.5064647291069132
263,50,0.40000000000000002,0.40000000000000002,1000000,4096,16,4,80,Earth_Relay1_Mars,100,91,31,0,12.14565944949867,0,0.4569960734762456
263,50,0.40000000000000002,0.40000000000000002,1000000,4096,16,4,80,Earth_Relay2_Mars,100,92,40,0,11.293397283253929,0,0.48578611029653429
264,50,0.40000000000000002,0.40000000000000002,1000000,8192,16,4,80,Direct_Earth_to_Mars,100,100,41,0,11.351030845306076,0,0.46720526452643169
264,50,0.40000000000000002,0.40000000000000002,1000000,8192,16,4,80,Earth_Relay0_Mars,100,94,39,0,11.122645578596808,0,0.49127866832669653
264,50,0.40000000000000002,0.40000000000000002,1000000,8192,16,4,80,Earth_Relay1_Mars,100,91,31,0,12.14565944949867,0,0.43987826819571679
264,50,0.40000000000000002,0.40000000000000002,1000000,8192,16,4,80,Earth_Relay2_Mars,100,92,39,0,11.293397283253929,0,0.48244178581045999
265,50,0.5,0.5,250000,1024,16,4,781.25,Direct_Earth_to_Mars,100,100,100,1,110.84991059869215,-29.414531926303876,1
265,50,0.5,0.5,250000,1024,16,4,781.25,Earth_Relay0_Mars,100,94,94,1,108.61958572848445,-28.326536516542934,1
265,50,0.5,0.5,250000,1024,16,4,781.25,Earth_Relay1_Mars,100,91,91,1,118.60995556151045,-31.864980377539819,1
265,50,0.5,0.5,250000,1024,16,4,781.25,Earth_Relay2_Mars,100,92,92,1,110.28708284427665,-28.914741731641616,1
266,50,0.5,0.5,250000,2048,16,4,781.25,Direct_Earth_to_Mars,100,100,100,1,110.84991059869215,-29.113501930639895,1
266,50,0.5,0.5,250000,2048,16,4,781.25,Earth_Relay0_Mars,100,94,94,1,108.61958572848445,-28.025506520878949,1
266,50,0.5,0.5,250000,2048,16,4,781.25,Earth_Relay1_Mars,100,91,91,1,118.60995556151045,-31.563950381875838,1
266,50,0.5,0.5,250000,2048,16,4,781.25,Earth_Relay2_Mars,100,92,92,1,110.28708284427665,-28.613711735977631,1
267,50,0.5,0.5,250000,4096,16,4,781.25,Direct_Earth_to_Mars,100,100,100,1,110.84991059869215,-28.812471934975914,1
267,50,0.5,0.5,250000,4096,16,4,781.25,Earth_Relay0_Mars,100,94,94,1,108.61958572848445,-27.724476525214968,1
267,50,0.5,0.5,250000,4096,16,4,781.25,Earth_Relay1_Mars,100,91,91,1,118.60995556151045,-31.262920386211857,1
267,50,0.5,0.5,250000,4096,16,4,781.25,Earth_Relay2_Mars,100,92,92,1,110.28708284427665,-28.31268174031365,1
268,50,0.5,0.5,250000,8192,16,4,781.25,Direct_Earth_to_Mars,100,100,100,1,110.84991059869215,-28.511441939311929,1
268,50,0.5,0.5,250000,8192,16,4,781.25,Earth_Relay0_Mars,100,94,94,1,108.61958572848445,-27.42344652955099,1
268,50,0.5,0.5,250000,8192,16,4,781.25,Earth_Relay1_Mars,100,91,91,1,118.60995556151045,-30.961890390547875,1
268,50,0.5,0.5,250000,8192,16,4,781.25,Earth_Relay2_Mars,100,92,92,1,110.28708284427665,-28.011651744649669,1
269,50,0.5,0.5,500000,1024,16,4,390.625,Direct_Earth_to_Mars,100,100,100,1,55.424955299346074,-10.569292022103017,0.99999999999903044
269,50,0.5,0.5,500000,1024,16,4,390.625,Earth_Relay0_Mars,100,94,94,1,54.309792864242226,-9.9101998177284241,0.99999999999480471
269,50,0.5,0.5,500000,1024,16,4,390.625,Earth_Relay1_Mars,100,91,91,1,59.304977780755223,-11.523062884141765,0.99999999999992439
269,50,0.5,0.5,500000,1024,16,4,390.625,Earth_Relay2_Mars,100,92,92,1,55.143541422138327,-10.177791638546084,0.99999999999742362
270,50,0.5,0.5,500000,2048,16,4,390.625,Direct_Earth_to_Mars,100,100,100,1,55.424955299346074,-10.268262026439038,0.99999999999806111
270,50,0.5,0.5,500000,2048,16,4,390.625,Earth_Relay0_Mars,100,94,94,1,54.309792864242226,-9.6091698220644446,0.99999999998960898
270,50,0.5,0.5,500000,2048,16,4,390.625,Earth_Relay1_Mars,100,91,91,1,59.304977780755223,-11.222032888477784,0.99999999999984879
270,50,0.5,0.5,500000,2048,16,4,390.625,Earth_Relay2_Mars,100,92,92,1,55.143541422138327,-9.8767616428821032,0.99999999999484712
271,50,0.5,0.5,500000,4096,16,4,390.625,Direct_Earth_to_Mars,100,100,100,1,55.424955299346074,-9.9672320307750546,0.99999999999612199
271,50,0.5,0.5,500000,4096,16,4,390.625,Earth_Relay0_Mars,100,94,94,1,54.309792864242226,-9.3081398264004616,0.99999999997921751
271,50,0.5,0.5,500000,4096,16,4,390.625,Earth_Relay1_Mars,100,91,91,1,59.304977780755223,-10.921002892813803,0.99999999999969802
271,50,0.5,0.5,500000,4096,16,4,390.625,Earth_Relay2_Mars,100,92,92,1,55.143541422138327,-9.575731647218122,0.99999999998969469
272,50,0.5,0.5,500000,8192,16,4,390.625,Direct_Earth_to_Mars,100,100,100,1,55.424955299346074,-9.6662020351110751,0.99999999999224409
272,50,0.5,0.5,500000,8192,16,4,390.625,Earth_Relay0_Mars,100,94,94,1,54.309792864242226,-9.0071098307364821,0.99999999995843569
272,50,0.5,0.5,500000,8192,16,4,390.625,Earth_Relay1_Mars,100,91,91,1,59.304977780755223,-10.619972897149824,0.99999999999939559
272,50,0.5,0.5,500000,8192,16,4,390.625,Earth_Relay2_Mars,100,92,92,1,55.143541422138327,-9.2747016515541407,0.99999999997938904
273,50,0.5,0.5,1000000,1024,16,4,195.3125,Direct_Earth_to_Mars,100,100,89,0,27.712477649673037,-2.1426860175078604,0.99948947597899962
273,50,0.5,0.5,1000000,1024,16,4,195.3125,Earth_Relay0_Mars,100,94,77,0,27.154896432121113,-1.6858847286459773,0.99852714056314285
273,50,0.5,0.5,1000000,1024,16,4,195.3125,Earth_Relay1_Mars,100,91,84,0,29.652488890377612,-2.3894048331495226,0.999751874591845
273,50,0.5,0.5,1000000,1024,16,4,195.3125,Earth_Relay2_Mars,100,92,74,0,27.571770711069163,-1.8022746502606828,0.99884876375638842
274,50,0.5,0.5,1000000,2048,16,4,195.3125,Direct_Earth_to_Mars,100,100,81,0,27.712477649673037,-1.8416560218438789,0.99897895195799857
274,50,0.5,0.5,1000000,2048,16,4,195.3125,Earth_Relay0_Mars,100,94,72,0,27.154896432121113,-1.3848547329819962,0.99705428112628591
274,50,0.5,0.5,1000000,2048,16,4,195.3125,Earth_Relay1_Mars,100,91,78,0,29.652488890377612,-2.0883748374855418,0.99950374918368989
274,50,0.5,0.5,1000000,2048,16,4,195.3125,Earth_Relay2_Mars,100,92,70,0,27.571770711069163,-1.5012446545967015,0.99769752751277641
275,50,0.5,0.5,1000000,4096,16,4,195.3125,Direct_Earth_to_Mars,100,100,76,0,27.712477649673037,-1.5406260261798979,0.99795790391599692
275,50,0.5,0.5,1000000,4096,16,4,195.3125,Earth_Relay0_Mars,100,94,68,0,27.154896432121113,-1.083824737318015,0.99410856225257216
275,50,0.5,0.5,1000000,4096,16,4,195.3125,Earth_Relay1_Mars,100,91,73,0,29.652488890377612,-1.7873448418215603,0.99900749836738001
275,50,0.5,0.5,1000000,4096,16,4,195.3125,Earth_Relay2_Mars,100,92,69,0,27.571770711069163,-1.2002146589327205,0.9953950550255537
276,50,0.5,0.5,1000000,8192,16,4,195.3125,Direct_Earth_to_Mars,100,100,73,0,27.712477649673037,-1.2395960305159166,0.99591580783199463
276,50,0.5,0.5,1000000,8192,16,4,195.3125,Earth_Relay0_Mars,100,94,65,0,27.154896432121113,-0.78279474165403373,0.98821712450514398
276,50,0.5,0.5,1000000,8192,16,4,195.3125,Earth_Relay1_Mars,100,91,70,0,29.652488890377612,-1.4863148461575793,0.99801499673475957
276,50,0.5,0.5,1000000,8192,16,4,195.3125,Earth_Relay2_Mars,100,92,63,0,27.571770711069163,-0.89918466326873925,0.9907901100511064
277,50,0.59999999999999998,0.59999999999999998,250000,1024,16,4,1619.9999999999993,Direct_Earth_to_Mars,100,100,100,1,229.85837461744794,-73.150578801890958,1
277,50,0.59999999999999998,0.59999999999999998,250000,1024,16,4,1619.9999999999993,Earth_Relay0_Mars,100,94,94,1,225.23357296658526,-71.105017066386722,1
277,50,0.59999999999999998,0.59999999999999998,250000,1024,16,4,1619.9999999999993,Earth_Relay1_Mars,100,91,91,1,245.94960385234793,-78.939124274559319,1
277,50,0.59999999999999998,0.59999999999999998,250000,1024,16,4,1619.9999999999993,Earth_Relay2_Mars,100,92,92,1,228.69129498589197,-72.409063994776957,1
278,50,0.59999999999999998,0.59999999999999998,250000,2048,16,4,1619.9999999999993,Direct_Earth_to_Mars,100,100,100,1,229.85837461744794,-72.849548806226977,1
278,50,0.59999999999999998,0.59999999999999998,250000,2048,16,4,1619.9999999999993,Earth_Relay0_Mars,100,94,94,1,225.23357296658526,-70.803987070722741,1
278,50,0.59999999999999998,0.59999999999999998,250000,2048,16,4,1619.9999999999993,Earth_Relay1_Mars,100,91,91,1,245.94960385234793,-78.638094278895338,1
278,50,0.59999999999999998,0.59999999999999998,250000,2048,16,4,1619.9999999999993,Earth_Relay2_Mars,100,92,92,1,228.69129498589197,-72.108033999112976,1
279,50,0.59999999999999998,0.59999999999999998,250000,4096,16,4,1619.9999999999993,Direct_Earth_to_Mars,100,100,100,1,229.85837461744794,-72.548518810562996,1
279,50,0.59999999999999998,0.59999999999999998,250000,4096,16,4,1619.9999999999993,Earth_Relay0_Mars,100,94,94,1,225.23357296658526,-70.502957075058745,1
279,50,0.59999999999999998,0.59999999999999998,250000,4096,16,4,1619.9999999999993,Earth_Relay1_Mars,100,91,91,1,245.94960385234793,-78.337064283231356,1
279,50,0.59999999999999998,0.59999999999999998,250000,4096,16,4,1619.9999999999993,Earth_Relay2_Mars,100,92,92,1,228.69129498589197,-71.807004003448995,1
280,50,0.59999999999999998,0.59999999999999998,250000,8192,16,4,1619.9999999999993,Direct_Earth_to_Mars,100,100,100,1,229.85837461744794,-72.247488814899015,1
280,50,0.59999999999999998,0.59999999999999998,250000,8192,16,4,1619.9999999999993,Earth_Relay0_Mars,100,94,94,1,225.23357296658526,-70.201927079394764,1
280,50,0.59999999999999998,0.59999999999999998,250000,8192,16,4,1619.9999999999993,Earth_Relay1_Mars,100,91,91,1,245.94960385234793,-78.036034287567375,1
280,50,0.59999999999999998,0.59999999999999998,250000,8192,16,4,1619.9999999999993,Earth_Relay2_Mars,100,92,92,1,228.69129498589197,-71.505974007785014,1
281,50,0.59999999999999998,0.59999999999999998,500000,1024,16,4,809.99999999999966,Direct_Earth_to_Mars,100,100,100,1,114.92918730872397,-30.8584017721201,1
281,50,0.59999999999999998,0.59999999999999998,500000,1024,16,4,809.99999999999966,Earth_Relay0_Mars,100,94,94,1,112.61678648329263,-29.738188994097111,1
281,50,0.59999999999999998,0.59999999999999998,500000,1024,16,4,809.99999999999966,Earth_Relay1_Mars,100,91,91,1,122.97480192617397,-33.421213753467441,1
281,50,0.59999999999999998,0.59999999999999998,500000,1024,16,4,809.99999999999966,Earth_Relay2_Mars,100,92,92,1,114.34564749294599,-30.350478072559177,1
282,50,0.59999999999999998,0.59999999999999998,500000,2048,16,4,809.99999999999966,Direct_Earth_to_Mars,100,100,100,1,114.92918730872397,-30.557371776456119,1
282,50,0.59999999999999998,0.59999999999999998,500000,2048,16,4,809.99999999999966,Earth_Relay0_Mars,100,94,94,1,112.61678648329263,-29.437158998433127,1
282,50,0.59999999999999998,0.59999999999999998,500000,2048,16,4,809.99999999999966,Earth_Relay1_Mars,100,91,91,1,122.97480192617397,-33.12018375780346,1
282,50,0.59999999999999998,0.59999999999999998,500000,2048,16,4,809.99999999999966,Earth_Relay2_Mars,100,92,92,1,114.34564749294599,-30.049448076895196,1
283,50,0.59999999999999998,0.59999999999999998,500000,4096,16,4,809.99999999999966,Direct_Earth_to_Mars,100,100,100,1,114.92918730872397,-30.256341780792138,1
283,50,0.59999999999999998,0.59999999999999998,500000,4096,16,4,809.99999999999966,Earth_Relay0_Mars,100,94,94,1,112.61678648329263,-29.136129002769145,1
283,50,0.59999999999999998,0.59999999999999998,500000,4096,16,4,809.99999999999966,Earth_Relay1_Mars,100,91,91,1,122.97480192617397,-32.819153762139479,1
283,50,0.59999999999999998,0.59999999999999998,500000,4096,16,4,809.99999999999966,Earth_Relay2_Mars,100,92,92,1,114.34564749294599,-29.748418081231211,1
284,50,0.59999999999999998,0.59999999999999998,500000,8192,16,4,809.99999999999966,Direct_Earth_to_Mars,100,100,100,1,114.92918730872397,-29.955311785128153,1
284,50,0.59999999999999998,0.59999999999999998,500000,8192,16,4,809.99999999999966,Earth_Relay0_Mars,100,94,94,1,112.61678648329263,-28.835099007105164,1
284,50,0.59999999999999998,0.59999999999999998,500000,8192,16,4,809.99999999999966,Earth_Relay1_Mars,100,91,91,1,122.97480192617397,-32.518123766475497,1
284,50,0.59999999999999998,0.59999999999999998,500000,8192,16,4,809.99999999999966,Earth_Relay2_Mars,100,92,92,1,114.34564749294599,-29.44738808556723,1
285,50,0.59999999999999998,0.59999999999999998,1000000,1024,16,4,404.99999999999983,Direct_Earth_to_Mars,100,100,100,1,57.464593654361984,-11.227217100169025,0.9999999999997935
285,50,0.59999999999999998,0.59999999999999998,1000000,1024,16,4,404.99999999999983,Earth_Relay0_Mars,100,94,94,1,56.308393241646314,-10.55275958454466,0.99999999999884348
285,50,0.59999999999999998,0.59999999999999998,1000000,1024,16,4,404.99999999999983,Earth_Relay1_Mars,100,91,91,1,61.487400963086984,-12.234645201308091,0.9999999999999859
285,50,0.59999999999999998,0.59999999999999998,1000000,1024,16,4,404.99999999999983,Earth_Relay2_Mars,100,92,92,1,57.172823746472993,-10.831836776720801,0.99999999999944533
286,50,0.59999999999999998,0.59999999999999998,1000000,2048,16,4,404.99999999999983,Direct_Earth_to_Mars,100,100,100,1,57.464593654361984,-10.926187104505043,0.99999999999958689
286,50,0.59999999999999998,0.59999999999999998,1000000,2048,16,4,404.99999999999983,Earth_Relay0_Mars,100,94,94,1,56.308393241646314,-10.25172958888068,0.99999999999768707
286,50,0.59999999999999998,0.59999999999999998,1000000,2048,16,4,404.99999999999983,Earth_Relay1_Mars,100,91,91,1,61.487400963086984,-11.933615205644111,0.99999999999997169
286,50,0.59999999999999998,0.59999999999999998,1000000,2048,16,4,404.99999999999983,Earth_Relay2_Mars,100,92,92,1,57.172823746472993,-10.530806781056819,0.99999999999889078
287,50,0.59999999999999998,0.59999999999999998,1000000,4096,16,4,404.99999999999983,Direct_Earth_to_Mars,100,100,100,1,57.464593654361984,-10.625157108841062,0.99999999999917366
287,50,0.59999999999999998,0.59999999999999998,1000000,4096,16,4,404.99999999999983,Earth_Relay0_Mars,100,94,94,1,56.308393241646314,-9.9506995932166973,0.99999999999537426
287,50,0.59999999999999998,0.59999999999999998,1000000,4096,16,4,404.99999999999983,Earth_Relay1_Mars,100,91,91,1,61.487400963086984,-11.632585209980128,0.99999999999994393
287,50,0.59999999999999998,0.59999999999999998,1000000,4096,16,4,404.99999999999983,Earth_Relay2_Mars,100,92,92,1,57.172823746472993,-10.229776785392838,0.99999999999778155
288,50,0.59999999999999998,0.59999999999999998,1000000,8192,16,4,404.99999999999983,Direct_Earth_to_Mars,100,100,100,1,57.464593654361984,-10.324127113177081,0.99999999999834754
288,50,0.59999999999999998,0.59999999999999998,1000000,8192,16,4,404.99999999999983,Earth_Relay0_Mars,100,94,94,1,56.308393241646314,-9.6496695975527178,0.99999999999074796
288,50,0.59999999999999998,0.59999999999999998,1000000,8192,16,4,404.99999999999983,Earth_Relay1_Mars,100,91,91,1,61.487400963086984,-11.331555214316149,0.99999999999988709
288,50,0.59999999999999998,0.59999999999999998,1000000,8192,16,4,404.99999999999983,Earth_Relay2_Mars,100,92,92,1,57.172823746472993,-9.9287467897288568,0.9999999999955631
289,50,0.69999999999999996,0.69999999999999996,250000,1024,16,4,3001.2499999999986,Direct_Earth_to_Mars,100,100,100,1,425.84101655593554,-148.81420004071495,1
289,50,0.69999999999999996,0.69999999999999996,250000,1024,16,4,3001.2499999999986,Earth_Relay0_Mars,100,94,94,1,417.2730005345457,-145.15289031414162,1
289,50,0.69999999999999996,0.69999999999999996,250000,1024,16,4,3001.2499999999986,Earth_Relay1_Mars,100,91,91,1,455.65200528509831,-160.23192629777441,1
289,50,0.69999999999999996,0.69999999999999996,250000,1024,16,4,3001.2499999999986,Earth_Relay2_Mars,100,92,92,1,423.67885745457301,-147.66485375426103,1
290,50,0.69999999999999996,0.69999999999999996,250000,2048,16,4,3001.2499999999986,Direct_Earth_to_Mars,100,100,100,1,425.84101655593554,-148.51317004505097,1
290,50,0.69999999999999996,0.69999999999999996,250000,2048,16,4,3001.2499999999986,Earth_Relay0_Mars,100,94,94,1,417.2730005345457,-144.85186031847763,1
290,50,0.69999999999999996,0.69999999999999996,250000,2048,16,4,3001.2499999999986,Earth_Relay1_Mars,100,91,91,1,455.65200528509831,-159.93089630211043,1
290,50,0.69999999999999996,0.69999999999999996,250000,2048,16,4,3001.2499999999986,Earth_Relay2_Mars,100,92,92,1,423.67885745457301,-147.36382375859705,1
291,50,0.69999999999999996,0.69999999999999996,250000,4096,16,4,3001.2499999999986,Direct_Earth_to_Mars,100,100,100,1,425.84101655593554,-148.21214004938699,1
291,50,0.69999999999999996,0.69999999999999996,250000,4096,16,4,3001.2499999999986,Earth_Relay0_Mars,100,94,94,1,417.2730005345457,-144.55083032281365,1
291,50,0.69999999999999996,0.69999999999999996,250000,4096,16,4,3001.2499999999986,Earth_Relay1_Mars,100,91,91,1,455.65200528509831,-159.62986630644644,1
291,50,0.69999999999999996,0.69999999999999996,250000,4096,16,4,3001.2499999999986,Earth_Relay2_Mars,100,92,92,1,423.67885745457301,-147.06279376293304,1
292,50,0.69999999999999996,0.69999999999999996,250000,8192,16,4,3001.2499999999986,Direct_Earth_to_Mars,100,100,100,1,425.84101655593554,-147.91111005372301,1
292,50,0.69999999999999996,0.69999999999999996,250000,8192,16,4,3001.2499999999986,Earth_Relay0_Mars,100,94,94,1,417.2730005345457,-144.24980032714967,1
292,50,0.69999999999999996,0.69999999999999996,250000,8192,16,4,3001.2499999999986,Earth_Relay1_Mars,100,91,91,1,455.65200528509831,-159.32883631078246,1
292,50,0.69999999999999996,0.69999999999999996,250000,8192,16,4,3001.2499999999986,Earth_Relay2_Mars,100,92,92,1,423.67885745457301,-146.76176376726906,1
293,50,0.69999999999999996,0.69999999999999996,500000,1024,16,4,1500.6249999999993,Direct_Earth_to_Mars,100,100,100,1,212.92050827796777,-66.774685173443757,1
293,50,0.69999999999999996,0.69999999999999996,500000,1024,16,4,1500.6249999999993,Earth_Relay0_Mars,100,94,94,1,208.63650026727285,-64.867041079807365,1
293,50,0.69999999999999996,0.69999999999999996,500000,1024,16,4,1500.6249999999993,Earth_Relay1_Mars,100,91,91,1,227.82600264254916,-72.082588709614583,1
293,50,0.69999999999999996,0.69999999999999996,500000,1024,16,4,1500.6249999999993,Earth_Relay2_Mars,100,92,92,1,211.8394287272865,-66.06798401595735,1
294,50,0.69999999999999996,0.69999999999999996,500000,2048,16,4,1500.6249999999993,Direct_Earth_to_Mars,100,100,100,1,212.92050827796777,-66.473655177779776,1
294,50,0.69999999999999996,0.69999999999999996,500000,2048,16,4,1500.6249999999993,Earth_Relay0_Mars,100,94,94,1,208.63650026727285,-64.566011084143383,1
294,50,0.69999999999999996,0.69999999999999996,500000,2048,16,4,1500.6249999999993,Earth_Relay1_Mars,100,91,91,1,227.82600264254916,-71.781558713950602,1
294,50,0.69999999999999996,0.69999999999999996,500000,2048,16,4,1500.6249999999993,Earth_Relay2_Mars,100,92,92,1,211.8394287272865,-65.766954020293355,1
295,50,0.69999999999999996,0.69999999999999996,500000,4096,16,4,1500.6249999999993,Direct_Earth_to_Mars,100,100,100,1,212.92050827796777,-66.172625182115794,1
295,50,0.69999999999999996,0.69999999999999996,500000,4096,16,4,1500.6249999999993,Earth_Relay0_Mars,100,94,94,1,208.63650026727285,-64.264981088479402,1
295,50,0.69999999999999996,0.69999999999999996,500000,4096,16,4,1500.6249999999993,Earth_Relay1_Mars,100,91,91,1,227.82600264254916,-71.480528718286621,1
295,50,0.69999999999999996,0.69999999999999996,500000,4096,16,4,1500.6249999999993,Earth_Relay2_Mars,100,92,92,1,211.8394287272865,-65.465924024629373,1
296,50,0.69999999999999996,0.69999999999999996,500000,8192,16,4,1500.6249999999993,Direct_Earth_to_Mars,100,100,100,1,212.92050827796777,-65.871595186451813,1
296,50,0.69999999999999996,0.69999999999999996,500000,8192,16,4,1500.6249999999993,Earth_Relay0_Mars,100,94,94,1,208.63650026727285,-63.963951092815414,1
296,50,0.69999999999999996,0.69999999999999996,500000,8192,16,4,1500.6249999999993,Earth_Relay1_Mars,100,91,91,1,227.82600264254916,-71.17949872262264,1
296,50,0.69999999999999996,0.69999999999999996,500000,8192,16,4,1500.6249999999993,Earth_Relay2_Mars,100,92,92,1,211.8394287272865,-65.164894028965392,1
297,50,0.69999999999999996,0.69999999999999996,1000000,1024,16,4,750.31249999999966,Direct_Earth_to_Mars,100,100,100,1,106.46025413898388,-27.867372787558878,1
297,50,0.69999999999999996,0.69999999999999996,1000000,1024,16,4,750.31249999999966,Earth_Relay0_Mars,100,94,94,1,104.31825013363643,-26.813972652226276,1
297,50,0.69999999999999996,0.69999999999999996,1000000,1024,16,4,750.31249999999966,Earth_Relay1_Mars,100,91,91,1,113.91300132127458,-30.197157729564996,1
297,50,0.69999999999999996,0.69999999999999996,1000000,1024,16,4,750.31249999999966,Earth_Relay2_Mars,100,92,92,1,105.91971436364325,-27.376316500618422,1
298,50,0.69999999999999996,0.69999999999999996,1000000,2048,16,4,750.31249999999966,Direct_Earth_to_Mars,100,100,100,1,106.46025413898388,-27.566342791894897,1
298,50,0.69999999999999996,0.69999999999999996,1000000,2048,16,4,750.31249999999966,Earth_Relay0_Mars,100,94,94,1,104.31825013363643,-26.512942656562295,1
298,50,0.69999999999999996,0.69999999999999996,1000000,2048,16,4,750.31249999999966,Earth_Relay1_Mars,100,91,91,1,113.91300132127458,-29.896127733901015,1
298,50,0.69999999999999996,0.69999999999999996,1000000,2048,16,4,750.31249999999966,Earth_Relay2_Mars,100,92,92,1,105.91971436364325,-27.075286504954438,1
299,50,0.69999999999999996,0.69999999999999996,1000000,4096,16,4,750.31249999999966,Direct_Earth_to_Mars,100,100,100,1,106.46025413898388,-27.265312796230919,1
299,50,0.69999999999999996,0.69999999999999996,1000000,4096,16,4,750.31249999999966,Earth_Relay0_Mars,100,94,94,1,104.31825013363643,-26.211912660898317,1
299,50,0.69999999999999996,0.69999999999999996,1000000,4096,16,4,750.31249999999966,Earth_Relay1_Mars,100,91,91,1,113.91300132127458,-29.595097738237033,1
299,50,0.69999999999999996,0.69999999999999996,1000000,4096,16,4,750.31249999999966,Earth_Relay2_Mars,100,92,92,1,105.91971436364325,-26.77425650929046,1
300,50,0.69999999999999996,0.69999999999999996,1000000,8192,16,4,750.31249999999966,Direct_Earth_to_Mars,100,100,100,1,106.46025413898388,-26.964282800566934,1
300,50,0.69999999999999996,0.69999999999999996,1000000,8192,16,4,750.31249999999966,Earth_Relay0_Mars,100,94,94,1,104.31825013363643,-25.910882665234336,1
300,50,0.69999999999999996,0.69999999999999996,1000000,8192,16,4,750.31249999999966,Earth_Relay1_Mars,100,91,91,1,113.91300132127458,-29.294067742573052,1
300,50,0.69999999999999996,0.69999999999999996,1000000,8192,16,4,750.31249999999966,Earth_Relay2_Mars,100,92,92,1,105.91971436364325,-26.473226513626479,1
