Trial,Seed,Scenario,Policy,Selected_Route,Selected_Score,Selected_Physical_Success_Lower,Switched_From_Direct
1,100000,Control,B1_Shortest_Delay,Direct_Earth_to_Mars,1,0.85134381764986822,0
1,100000,Control,B2_Contact_Aware,Direct_Earth_to_Mars,0.85134381764986822,0.85134381764986822,0
1,100000,Control,B3_Physical_Success,Direct_Earth_to_Mars,0.85134381764986822,0.85134381764986822,0
1,100000,Control,B4_Physical_Multiobjective,Direct_Earth_to_Mars,0.85134381764986822,0.85134381764986822,0
1,100000,Direct_Pointing_50pct_Power,B1_Shortest_Delay,Direct_Earth_to_Mars,1,0.85134381757067401,0
1,100000,Direct_Pointing_50pct_Power,B2_Contact_Aware,Direct_Earth_to_Mars,0.85134381764986822,0.85134381757067401,0
1,100000,Direct_Pointing_50pct_Power,B3_Physical_Success,Direct_Earth_to_Mars,0.85134381757067401,0.85134381757067401,0
1,100000,Direct_Pointing_50pct_Power,B4_Physical_Multiobjective,Direct_Earth_to_Mars,0.85134381757067401,0.85134381757067401,0
1,100000,Direct_Pointing_25pct_Power,B1_Shortest_Delay,Direct_Earth_to_Mars,1,0.84084054978115974,0
1,100000,Direct_Pointing_25pct_Power,B2_Contact_Aware,Direct_Earth_to_Mars,0.85134381764986822,0.84084054978115974,0
1,100000,Direct_Pointing_25pct_Power,B3_Physical_Success,Direct_Earth_to_Mars,0.84084054978115974,0.84084054978115974,0
1,100000,Direct_Pointing_25pct_Power,B4_Physical_Multiobjective,Direct_Earth_to_Mars,0.84084054978115974,0.84084054978115974,0
1,100000,Direct_Pointing_10pct_Power,B1_Shortest_Delay,Direct_Earth_to_Mars,1,0,0
1,100000,Direct_Pointing_10pct_Power,B2_Contact_Aware,Direct_Earth_to_Mars,0.85134381764986822,0,0
1,100000,Direct_Pointing_10pct_Power,B3_Physical_Success,Earth_Relay0_Mars,0.72478629585065202,0.72478629585065202,1
1,100000,Direct_Pointing_10pct_Power,B4_Physical_Multiobjective,Earth_Relay2_Mars,0.35956629011814606,0.72478629585065202,1
1,100000,Direct_Background_16,B1_Shortest_Delay,Direct_Earth_to_Mars,1,0.85134381764986822,0
1,100000,Direct_Background_16,B2_Contact_Aware,Direct_Earth_to_Mars,0.85134381764986822,0.85134381764986822,0
1,100000,Direct_Background_16,B3_Physical_Success,Direct_Earth_to_Mars,0.85134381764986822,0.85134381764986822,0
1,100000,Direct_Background_16,B4_Physical_Multiobjective,Direct_Earth_to_Mars,0.85134381764986822,0.85134381764986822,0
1,100000,Direct_Combined_25pctPower_BG16,B1_Shortest_Delay,Direct_Earth_to_Mars,1,0,0
1,100000,Direct_Combined_25pctPower_BG16,B2_Contact_Aware,Direct_Earth_to_Mars,0.85134381764986822,0,0
1,100000,Direct_Combined_25pctPower_BG16,B3_Physical_Success,Earth_Relay0_Mars,0.72478629585065202,0.72478629585065202,1
1,100000,Direct_Combined_25pctPower_BG16,B4_Physical_Multiobjective,Earth_Relay2_Mars,0.35956629011814606,0.72478629585065202,1
1,100000,Direct_Hard_Obstruction,B1_Shortest_Delay,Earth_Relay2_Mars,1,0.72478629585065202,1
1,100000,Direct_Hard_Obstruction,B2_Contact_Aware,Earth_Relay0_Mars,0.72478629585065202,0.72478629585065202,1
1,100000,Direct_Hard_Obstruction,B3_Physical_Success,Earth_Relay0_Mars,0.72478629585065202,0.72478629585065202,1
1,100000,Direct_Hard_Obstruction,B4_Physical_Multiobjective,Earth_Relay2_Mars,0.72478629585065202,0.72478629585065202,1
2,100001,Control,B1_Shortest_Delay,Direct_Earth_to_Mars,1,0.80390999235737526,0
2,100001,Control,B2_Contact_Aware,Direct_Earth_to_Mars,0.80392646849118699,0.80390999235737526,0
2,100001,Control,B3_Physical_Success,Direct_Earth_to_Mars,0.80390999235737526,0.80390999235737526,0
2,100001,Control,B4_Physical_Multiobjective,Direct_Earth_to_Mars,0.80390999235737526,0.80390999235737526,0
2,100001,Direct_Pointing_50pct_Power,B1_Shortest_Delay,Direct_Earth_to_Mars,1,0,0
2,100001,Direct_Pointing_50pct_Power,B2_Contact_Aware,Direct_Earth_to_Mars,0.80392646849118699,0,0
2,100001,Direct_Pointing_50pct_Power,B3_Physical_Success,Earth_Relay2_Mars,0.64626769017973451,0.64626769017973451,1
2,100001,Direct_Pointing_50pct_Power,B4_Physical_Multiobjective,Earth_Relay2_Mars,0.32149530830745848,0.64626769017973451,1
2,100001,Direct_Pointing_25pct_Power,B1_Shortest_Delay,Direct_Earth_to_Mars,1,0,0
2,100001,Direct_Pointing_25pct_Power,B2_Contact_Aware,Direct_Earth_to_Mars,0.80392646849118699,0,0
2,100001,Direct_Pointing_25pct_Power,B3_Physical_Success,Earth_Relay2_Mars,0.64626769017973451,0.64626769017973451,1
2,100001,Direct_Pointing_25pct_Power,B4_Physical_Multiobjective,Earth_Relay2_Mars,0.32149530830745848,0.64626769017973451,1
2,100001,Direct_Pointing_10pct_Power,B1_Shortest_Delay,Direct_Earth_to_Mars,1,0,0
2,100001,Direct_Pointing_10pct_Power,B2_Contact_Aware,Direct_Earth_to_Mars,0.80392646849118699,0,0
2,100001,Direct_Pointing_10pct_Power,B3_Physical_Success,Earth_Relay2_Mars,0.64626769017973451,0.64626769017973451,1
2,100001,Direct_Pointing_10pct_Power,B4_Physical_Multiobjective,Earth_Relay2_Mars,0.32149530830745848,0.64626769017973451,1
2,100001,Direct_Background_16,B1_Shortest_Delay,Direct_Earth_to_Mars,1,0.72203836076878247,0
2,100001,Direct_Background_16,B2_Contact_Aware,Direct_Earth_to_Mars,0.80392646849118699,0.72203836076878247,0
2,100001,Direct_Background_16,B3_Physical_Success,Direct_Earth_to_Mars,0.72203836076878247,0.72203836076878247,0
2,100001,Direct_Background_16,B4_Physical_Multiobjective,Direct_Earth_to_Mars,0.72203836076878247,0.72203836076878247,0
2,100001,Direct_Combined_25pctPower_BG16,B1_Shortest_Delay,Direct_Earth_to_Mars,1,0,0
2,100001,Direct_Combined_25pctPower_BG16,B2_Contact_Aware,Direct_Earth_to_Mars,0.80392646849118699,0,0
2,100001,Direct_Combined_25pctPower_BG16,B3_Physical_Success,Earth_Relay2_Mars,0.64626769017973451,0.64626769017973451,1
2,100001,Direct_Combined_25pctPower_BG16,B4_Physical_Multiobjective,Earth_Relay2_Mars,0.32149530830745848,0.64626769017973451,1
2,100001,Direct_Hard_Obstruction,B1_Shortest_Delay,Earth_Relay2_Mars,1,0.64626769017973451,1
2,100001,Direct_Hard_Obstruction,B2_Contact_Aware,Earth_Relay0_Mars,0.64629776674071149,0.64626020530839157,1
2,100001,Direct_Hard_Obstruction,B3_Physical_Success,Earth_Relay2_Mars,0.64626769017973451,0.64626769017973451,1
2,100001,Direct_Hard_Obstruction,B4_Physical_Multiobjective,Earth_Relay2_Mars,0.64626769017973451,0.64626769017973451,1
3,100002,Control,B1_Shortest_Delay,Direct_Earth_to_Mars,1,0.906906293130468,0
3,100002,Control,B2_Contact_Aware,Direct_Earth_to_Mars,0.90690630166538877,0.906906293130468,0
3,100002,Control,B3_Physical_Success,Direct_Earth_to_Mars,0.906906293130468,0.906906293130468,0
3,100002,Control,B4_Physical_Multiobjective,Direct_Earth_to_Mars,0.906906293130468,0.906906293130468,0
3,100002,Direct_Pointing_50pct_Power,B1_Shortest_Delay,Direct_Earth_to_Mars,1,0.82460655679677641,0
3,100002,Direct_Pointing_50pct_Power,B2_Contact_Aware,Direct_Earth_to_Mars,0.90690630166538877,0.82460655679677641,0
3,100002,Direct_Pointing_50pct_Power,B3_Physical_Success,Direct_Earth_to_Mars,0.82460655679677641,0.82460655679677641,0
3,100002,Direct_Pointing_50pct_Power,B4_Physical_Multiobjective,Direct_Earth_to_Mars,0.82460655679677641,0.82460655679677641,0
3,100002,Direct_Pointing_25pct_Power,B1_Shortest_Delay,Direct_Earth_to_Mars,1,0,0
3,100002,Direct_Pointing_25pct_Power,B2_Contact_Aware,Direct_Earth_to_Mars,0.90690630166538877,0,0
3,100002,Direct_Pointing_25pct_Power,B3_Physical_Success,Earth_Relay0_Mars,0.82247903980236903,0.82247903980236903,1
3,100002,Direct_Pointing_25pct_Power,B4_Physical_Multiobjective,Earth_Relay2_Mars,0.40890769297086693,0.82247902129384498,1
3,100002,Direct_Pointing_10pct_Power,B1_Shortest_Delay,Direct_Earth_to_Mars,1,0,0
3,100002,Direct_Pointing_10pct_Power,B2_Contact_Aware,Direct_Earth_to_Mars,0.90690630166538877,0,0
3,100002,Direct_Pointing_10pct_Power,B3_Physical_Success,Earth_Relay0_Mars,0.82247903980236903,0.82247903980236903,1
3,100002,Direct_Pointing_10pct_Power,B4_Physical_Multiobjective,Earth_Relay2_Mars,0.40890769297086693,0.82247902129384498,1
3,100002,Direct_Background_16,B1_Shortest_Delay,Direct_Earth_to_Mars,1,0.90638206434037505,0
3,100002,Direct_Background_16,B2_Contact_Aware,Direct_Earth_to_Mars,0.90690630166538877,0.90638206434037505,0
3,100002,Direct_Background_16,B3_Physical_Success,Direct_Earth_to_Mars,0.90638206434037505,0.90638206434037505,0
3,100002,Direct_Background_16,B4_Physical_Multiobjective,Direct_Earth_to_Mars,0.90638206434037505,0.90638206434037505,0
3,100002,Direct_Combined_25pctPower_BG16,B1_Shortest_Delay,Direct_Earth_to_Mars,1,0,0
3,100002,Direct_Combined_25pctPower_BG16,B2_Contact_Aware,Direct_Earth_to_Mars,0.90690630166538877,0,0
3,100002,Direct_Combined_25pctPower_BG16,B3_Physical_Success,Earth_Relay0_Mars,0.82247903980236903,0.82247903980236903,1
3,100002,Direct_Combined_25pctPower_BG16,B4_Physical_Multiobjective,Earth_Relay2_Mars,0.40890769297086693,0.82247902129384498,1
3,100002,Direct_Hard_Obstruction,B1_Shortest_Delay,Earth_Relay2_Mars,1,0.82247902129384498,1
3,100002,Direct_Hard_Obstruction,B2_Contact_Aware,Earth_Relay0_Mars,0.82247904000039318,0.82247903980236903,1
3,100002,Direct_Hard_Obstruction,B3_Physical_Success,Earth_Relay0_Mars,0.82247903980236903,0.82247903980236903,1
3,100002,Direct_Hard_Obstruction,B4_Physical_Multiobjective,Earth_Relay2_Mars,0.82247902129384498,0.82247902129384498,1
4,100003,Control,B1_Shortest_Delay,Direct_Earth_to_Mars,1,0.95800402941669904,0
4,100003,Control,B2_Contact_Aware,Direct_Earth_to_Mars,0.95800402941676843,0.95800402941669904,0
4,100003,Control,B3_Physical_Success,Direct_Earth_to_Mars,0.95800402941669904,0.95800402941669904,0
4,100003,Control,B4_Physical_Multiobjective,Direct_Earth_to_Mars,0.95800402941669904,0.95800402941669904,0
4,100003,Direct_Pointing_50pct_Power,B1_Shortest_Delay,Direct_Earth_to_Mars,1,0.95748707427402591,0
4,100003,Direct_Pointing_50pct_Power,B2_Contact_Aware,Direct_Earth_to_Mars,0.95800402941676843,0.95748707427402591,0
4,100003,Direct_Pointing_50pct_Power,B3_Physical_Success,Direct_Earth_to_Mars,0.95748707427402591,0.95748707427402591,0
4,100003,Direct_Pointing_50pct_Power,B4_Physical_Multiobjective,Direct_Earth_to_Mars,0.95748707427402591,0.95748707427402591,0
4,100003,Direct_Pointing_25pct_Power,B1_Shortest_Delay,Direct_Earth_to_Mars,1,0,0
4,100003,Direct_Pointing_25pct_Power,B2_Contact_Aware,Direct_Earth_to_Mars,0.95800402941676843,0,0
4,100003,Direct_Pointing_25pct_Power,B3_Physical_Success,Earth_Relay0_Mars,0.91777172037876453,0.91777172037876453,1
4,100003,Direct_Pointing_25pct_Power,B4_Physical_Multiobjective,Earth_Relay2_Mars,0.45600402513314248,0.91777172037858812,1
4,100003,Direct_Pointing_10pct_Power,B1_Shortest_Delay,Direct_Earth_to_Mars,1,0,0
4,100003,Direct_Pointing_10pct_Power,B2_Contact_Aware,Direct_Earth_to_Mars,0.95800402941676843,0,0
4,100003,Direct_Pointing_10pct_Power,B3_Physical_Success,Earth_Relay0_Mars,0.91777172037876453,0.91777172037876453,1
4,100003,Direct_Pointing_10pct_Power,B4_Physical_Multiobjective,Earth_Relay2_Mars,0.45600402513314248,0.91777172037858812,1
4,100003,Direct_Background_16,B1_Shortest_Delay,Direct_Earth_to_Mars,1,0.95800390091705012,0
4,100003,Direct_Background_16,B2_Contact_Aware,Direct_Earth_to_Mars,0.95800402941676843,0.95800390091705012,0
4,100003,Direct_Background_16,B3_Physical_Success,Direct_Earth_to_Mars,0.95800390091705012,0.95800390091705012,0
4,100003,Direct_Background_16,B4_Physical_Multiobjective,Direct_Earth_to_Mars,0.95800390091705012,0.95800390091705012,0
4,100003,Direct_Combined_25pctPower_BG16,B1_Shortest_Delay,Direct_Earth_to_Mars,1,0,0
4,100003,Direct_Combined_25pctPower_BG16,B2_Contact_Aware,Direct_Earth_to_Mars,0.95800402941676843,0,0
4,100003,Direct_Combined_25pctPower_BG16,B3_Physical_Success,Earth_Relay0_Mars,0.91777172037876453,0.91777172037876453,1
4,100003,Direct_Combined_25pctPower_BG16,B4_Physical_Multiobjective,Earth_Relay2_Mars,0.45600402513314248,0.91777172037858812,1
4,100003,Direct_Hard_Obstruction,B1_Shortest_Delay,Earth_Relay2_Mars,1,0.91777172037858812,1
4,100003,Direct_Hard_Obstruction,B2_Contact_Aware,Earth_Relay0_Mars,0.91777172037876453,0.91777172037876453,1
4,100003,Direct_Hard_Obstruction,B3_Physical_Success,Earth_Relay0_Mars,0.91777172037876453,0.91777172037876453,1
4,100003,Direct_Hard_Obstruction,B4_Physical_Multiobjective,Earth_Relay2_Mars,0.91777172037858812,0.91777172037858812,1
5,100004,Control,B1_Shortest_Delay,Direct_Earth_to_Mars,1,0.85884219693445063,0
5,100004,Control,B2_Contact_Aware,Direct_Earth_to_Mars,0.85884219693445063,0.85884219693445063,0
5,100004,Control,B3_Physical_Success,Direct_Earth_to_Mars,0.85884219693445063,0.85884219693445063,0
5,100004,Control,B4_Physical_Multiobjective,Direct_Earth_to_Mars,0.85884219693445063,0.85884219693445063,0
5,100004,Direct_Pointing_50pct_Power,B1_Shortest_Delay,Direct_Earth_to_Mars,1,0.85884219693445063,0
5,100004,Direct_Pointing_50pct_Power,B2_Contact_Aware,Direct_Earth_to_Mars,0.85884219693445063,0.85884219693445063,0
5,100004,Direct_Pointing_50pct_Power,B3_Physical_Success,Direct_Earth_to_Mars,0.85884219693445063,0.85884219693445063,0
5,100004,Direct_Pointing_50pct_Power,B4_Physical_Multiobjective,Direct_Earth_to_Mars,0.85884219693445063,0.85884219693445063,0
5,100004,Direct_Pointing_25pct_Power,B1_Shortest_Delay,Direct_Earth_to_Mars,1,0.85884219693445063,0
5,100004,Direct_Pointing_25pct_Power,B2_Contact_Aware,Direct_Earth_to_Mars,0.85884219693445063,0.85884219693445063,0
5,100004,Direct_Pointing_25pct_Power,B3_Physical_Success,Direct_Earth_to_Mars,0.85884219693445063,0.85884219693445063,0
5,100004,Direct_Pointing_25pct_Power,B4_Physical_Multiobjective,Direct_Earth_to_Mars,0.85884219693445063,0.85884219693445063,0
5,100004,Direct_Pointing_10pct_Power,B1_Shortest_Delay,Direct_Earth_to_Mars,1,0.85883940984702578,0
5,100004,Direct_Pointing_10pct_Power,B2_Contact_Aware,Direct_Earth_to_Mars,0.85884219693445063,0.85883940984702578,0
5,100004,Direct_Pointing_10pct_Power,B3_Physical_Success,Direct_Earth_to_Mars,0.85883940984702578,0.85883940984702578,0
5,100004,Direct_Pointing_10pct_Power,B4_Physical_Multiobjective,Direct_Earth_to_Mars,0.85883940984702578,0.85883940984702578,0
5,100004,Direct_Background_16,B1_Shortest_Delay,Direct_Earth_to_Mars,1,0.85884219693445063,0
5,100004,Direct_Background_16,B2_Contact_Aware,Direct_Earth_to_Mars,0.85884219693445063,0.85884219693445063,0
5,100004,Direct_Background_16,B3_Physical_Success,Direct_Earth_to_Mars,0.85884219693445063,0.85884219693445063,0
5,100004,Direct_Background_16,B4_Physical_Multiobjective,Direct_Earth_to_Mars,0.85884219693445063,0.85884219693445063,0
5,100004,Direct_Combined_25pctPower_BG16,B1_Shortest_Delay,Direct_Earth_to_Mars,1,0.85884219693445041,0
5,100004,Direct_Combined_25pctPower_BG16,B2_Contact_Aware,Direct_Earth_to_Mars,0.85884219693445063,0.85884219693445041,0
5,100004,Direct_Combined_25pctPower_BG16,B3_Physical_Success,Direct_Earth_to_Mars,0.85884219693445041,0.85884219693445041,0
5,100004,Direct_Combined_25pctPower_BG16,B4_Physical_Multiobjective,Direct_Earth_to_Mars,0.85884219693445041,0.85884219693445041,0
5,100004,Direct_Hard_Obstruction,B1_Shortest_Delay,Earth_Relay2_Mars,1,0.7376099192351937,1
5,100004,Direct_Hard_Obstruction,B2_Contact_Aware,Earth_Relay0_Mars,0.7376099192351937,0.7376099192351937,1
5,100004,Direct_Hard_Obstruction,B3_Physical_Success,Earth_Relay0_Mars,0.7376099192351937,0.7376099192351937,1
5,100004,Direct_Hard_Obstruction,B4_Physical_Multiobjective,Earth_Relay2_Mars,0.7376099192351937,0.7376099192351937,1
6,100005,Control,B1_Shortest_Delay,Direct_Earth_to_Mars,1,0.82124933257242116,0
6,100005,Control,B2_Contact_Aware,Direct_Earth_to_Mars,0.8212493325724588,0.82124933257242116,0
6,100005,Control,B3_Physical_Success,Direct_Earth_to_Mars,0.82124933257242116,0.82124933257242116,0
6,100005,Control,B4_Physical_Multiobjective,Direct_Earth_to_Mars,0.82124933257242116,0.82124933257242116,0
6,100005,Direct_Pointing_50pct_Power,B1_Shortest_Delay,Direct_Earth_to_Mars,1,0.82088686596732319,0
6,100005,Direct_Pointing_50pct_Power,B2_Contact_Aware,Direct_Earth_to_Mars,0.8212493325724588,0.82088686596732319,0
6,100005,Direct_Pointing_50pct_Power,B3_Physical_Success,Direct_Earth_to_Mars,0.82088686596732319,0.82088686596732319,0
6,100005,Direct_Pointing_50pct_Power,B4_Physical_Multiobjective,Direct_Earth_to_Mars,0.82088686596732319,0.82088686596732319,0
6,100005,Direct_Pointing_25pct_Power,B1_Shortest_Delay,Direct_Earth_to_Mars,1,0,0
6,100005,Direct_Pointing_25pct_Power,B2_Contact_Aware,Direct_Earth_to_Mars,0.8212493325724588,0,0
6,100005,Direct_Pointing_25pct_Power,B3_Physical_Success,Earth_Relay1_Mars,0.67445046625070904,0.67445046625070904,1
6,100005,Direct_Pointing_25pct_Power,B4_Physical_Multiobjective,Earth_Relay2_Mars,0.33511659594801085,0.67445046625062699,1
6,100005,Direct_Pointing_10pct_Power,B1_Shortest_Delay,Direct_Earth_to_Mars,1,0,0
6,100005,Direct_Pointing_10pct_Power,B2_Contact_Aware,Direct_Earth_to_Mars,0.8212493325724588,0,0
6,100005,Direct_Pointing_10pct_Power,B3_Physical_Success,Earth_Relay1_Mars,0.67445046625070904,0.67445046625070904,1
6,100005,Direct_Pointing_10pct_Power,B4_Physical_Multiobjective,Earth_Relay2_Mars,0.33511659594801085,0.67445046625062699,1
6,100005,Direct_Background_16,B1_Shortest_Delay,Direct_Earth_to_Mars,1,0.82124925362619261,0
6,100005,Direct_Background_16,B2_Contact_Aware,Direct_Earth_to_Mars,0.8212493325724588,0.82124925362619261,0
6,100005,Direct_Background_16,B3_Physical_Success,Direct_Earth_to_Mars,0.82124925362619261,0.82124925362619261,0
6,100005,Direct_Background_16,B4_Physical_Multiobjective,Direct_Earth_to_Mars,0.82124925362619261,0.82124925362619261,0
6,100005,Direct_Combined_25pctPower_BG16,B1_Shortest_Delay,Direct_Earth_to_Mars,1,0,0
6,100005,Direct_Combined_25pctPower_BG16,B2_Contact_Aware,Direct_Earth_to_Mars,0.8212493325724588,0,0
6,100005,Direct_Combined_25pctPower_BG16,B3_Physical_Success,Earth_Relay1_Mars,0.67445046625070904,0.67445046625070904,1
6,100005,Direct_Combined_25pctPower_BG16,B4_Physical_Multiobjective,Earth_Relay2_Mars,0.33511659594801085,0.67445046625062699,1
6,100005,Direct_Hard_Obstruction,B1_Shortest_Delay,Earth_Relay2_Mars,1,0.67445046625062699,1
6,100005,Direct_Hard_Obstruction,B2_Contact_Aware,Earth_Relay0_Mars,0.67445046625070904,0.67445046605574577,1
6,100005,Direct_Hard_Obstruction,B3_Physical_Success,Earth_Relay1_Mars,0.67445046625070904,0.67445046625070904,1
6,100005,Direct_Hard_Obstruction,B4_Physical_Multiobjective,Earth_Relay2_Mars,0.67445046625062699,0.67445046625062699,1
7,100006,Control,B1_Shortest_Delay,Direct_Earth_to_Mars,1,0.95883310778721909,0
7,100006,Control,B2_Contact_Aware,Direct_Earth_to_Mars,0.95888382929065541,0.95883310778721909,0
7,100006,Control,B3_Physical_Success,Direct_Earth_to_Mars,0.95883310778721909,0.95883310778721909,0
7,100006,Control,B4_Physical_Multiobjective,Direct_Earth_to_Mars,0.95883310778721909,0.95883310778721909,0
7,100006,Direct_Pointing_50pct_Power,B1_Shortest_Delay,Direct_Earth_to_Mars,1,0,0
7,100006,Direct_Pointing_50pct_Power,B2_Contact_Aware,Direct_Earth_to_Mars,0.95888382929065541,0,0
7,100006,Direct_Pointing_50pct_Power,B3_Physical_Success,Earth_Relay1_Mars,0.91944948895804801,0.91944948895804801,1
7,100006,Direct_Pointing_50pct_Power,B4_Physical_Multiobjective,Earth_Relay2_Mars,0.45733849536570348,0.91934842726069588,1
7,100006,Direct_Pointing_25pct_Power,B1_Shortest_Delay,Direct_Earth_to_Mars,1,0,0
7,100006,Direct_Pointing_25pct_Power,B2_Contact_Aware,Direct_Earth_to_Mars,0.95888382929065541,0,0
7,100006,Direct_Pointing_25pct_Power,B3_Physical_Success,Earth_Relay1_Mars,0.91944948895804801,0.91944948895804801,1
7,100006,Direct_Pointing_25pct_Power,B4_Physical_Multiobjective,Earth_Relay2_Mars,0.45733849536570348,0.91934842726069588,1
7,100006,Direct_Pointing_10pct_Power,B1_Shortest_Delay,Direct_Earth_to_Mars,1,0,0
7,100006,Direct_Pointing_10pct_Power,B2_Contact_Aware,Direct_Earth_to_Mars,0.95888382929065541,0,0
7,100006,Direct_Pointing_10pct_Power,B3_Physical_Success,Earth_Relay1_Mars,0.91944948895804801,0.91944948895804801,1
7,100006,Direct_Pointing_10pct_Power,B4_Physical_Multiobjective,Earth_Relay2_Mars,0.45733849536570348,0.91934842726069588,1
7,100006,Direct_Background_16,B1_Shortest_Delay,Direct_Earth_to_Mars,1,0.77790526054703346,0
7,100006,Direct_Background_16,B2_Contact_Aware,Direct_Earth_to_Mars,0.95888382929065541,0.77790526054703346,0
7,100006,Direct_Background_16,B3_Physical_Success,Earth_Relay1_Mars,0.91944948895804801,0.91944948895804801,1
7,100006,Direct_Background_16,B4_Physical_Multiobjective,Direct_Earth_to_Mars,0.77790526054703346,0.77790526054703346,0
7,100006,Direct_Combined_25pctPower_BG16,B1_Shortest_Delay,Direct_Earth_to_Mars,1,0,0
7,100006,Direct_Combined_25pctPower_BG16,B2_Contact_Aware,Direct_Earth_to_Mars,0.95888382929065541,0,0
7,100006,Direct_Combined_25pctPower_BG16,B3_Physical_Success,Earth_Relay1_Mars,0.91944948895804801,0.91944948895804801,1
7,100006,Direct_Combined_25pctPower_BG16,B4_Physical_Multiobjective,Earth_Relay2_Mars,0.45733849536570348,0.91934842726069588,1
7,100006,Direct_Hard_Obstruction,B1_Shortest_Delay,Earth_Relay2_Mars,1,0.91934842726069588,1
7,100006,Direct_Hard_Obstruction,B2_Contact_Aware,Earth_Relay0_Mars,0.91945819807511076,0.91923495310919445,1
7,100006,Direct_Hard_Obstruction,B3_Physical_Success,Earth_Relay1_Mars,0.91944948895804801,0.91944948895804801,1
7,100006,Direct_Hard_Obstruction,B4_Physical_Multiobjective,Earth_Relay2_Mars,0.91934842726069588,0.91934842726069588,1
8,100007,Control,B1_Shortest_Delay,Direct_Earth_to_Mars,1,0.83805862678805021,0
8,100007,Control,B2_Contact_Aware,Direct_Earth_to_Mars,0.83805862678805021,0.83805862678805021,0
8,100007,Control,B3_Physical_Success,Direct_Earth_to_Mars,0.83805862678805021,0.83805862678805021,0
8,100007,Control,B4_Physical_Multiobjective,Direct_Earth_to_Mars,0.83805862678805021,0.83805862678805021,0
8,100007,Direct_Pointing_50pct_Power,B1_Shortest_Delay,Direct_Earth_to_Mars,1,0.83805862678805021,0
8,100007,Direct_Pointing_50pct_Power,B2_Contact_Aware,Direct_Earth_to_Mars,0.83805862678805021,0.83805862678805021,0
8,100007,Direct_Pointing_50pct_Power,B3_Physical_Success,Direct_Earth_to_Mars,0.83805862678805021,0.83805862678805021,0
8,100007,Direct_Pointing_50pct_Power,B4_Physical_Multiobjective,Direct_Earth_to_Mars,0.83805862678805021,0.83805862678805021,0
8,100007,Direct_Pointing_25pct_Power,B1_Shortest_Delay,Direct_Earth_to_Mars,1,0.83805862675454057,0
8,100007,Direct_Pointing_25pct_Power,B2_Contact_Aware,Direct_Earth_to_Mars,0.83805862678805021,0.83805862675454057,0
8,100007,Direct_Pointing_25pct_Power,B3_Physical_Success,Direct_Earth_to_Mars,0.83805862675454057,0.83805862675454057,0
8,100007,Direct_Pointing_25pct_Power,B4_Physical_Multiobjective,Direct_Earth_to_Mars,0.83805862675454057,0.83805862675454057,0
8,100007,Direct_Pointing_10pct_Power,B1_Shortest_Delay,Direct_Earth_to_Mars,1,0.61519107946942941,0
8,100007,Direct_Pointing_10pct_Power,B2_Contact_Aware,Direct_Earth_to_Mars,0.83805862678805021,0.61519107946942941,0
8,100007,Direct_Pointing_10pct_Power,B3_Physical_Success,Earth_Relay0_Mars,0.70234226193387239,0.70234226193387239,1
8,100007,Direct_Pointing_10pct_Power,B4_Physical_Multiobjective,Direct_Earth_to_Mars,0.61519107946942941,0.61519107946942941,0
8,100007,Direct_Background_16,B1_Shortest_Delay,Direct_Earth_to_Mars,1,0.83805862678805021,0
8,100007,Direct_Background_16,B2_Contact_Aware,Direct_Earth_to_Mars,0.83805862678805021,0.83805862678805021,0
8,100007,Direct_Background_16,B3_Physical_Success,Direct_Earth_to_Mars,0.83805862678805021,0.83805862678805021,0
8,100007,Direct_Background_16,B4_Physical_Multiobjective,Direct_Earth_to_Mars,0.83805862678805021,0.83805862678805021,0
8,100007,Direct_Combined_25pctPower_BG16,B1_Shortest_Delay,Direct_Earth_to_Mars,1,0.83804805867743359,0
8,100007,Direct_Combined_25pctPower_BG16,B2_Contact_Aware,Direct_Earth_to_Mars,0.83805862678805021,0.83804805867743359,0
8,100007,Direct_Combined_25pctPower_BG16,B3_Physical_Success,Direct_Earth_to_Mars,0.83804805867743359,0.83804805867743359,0
8,100007,Direct_Combined_25pctPower_BG16,B4_Physical_Multiobjective,Direct_Earth_to_Mars,0.83804805867743359,0.83804805867743359,0
8,100007,Direct_Hard_Obstruction,B1_Shortest_Delay,Earth_Relay2_Mars,1,0.70234226193387239,1
8,100007,Direct_Hard_Obstruction,B2_Contact_Aware,Earth_Relay0_Mars,0.70234226193387239,0.70234226193387239,1
8,100007,Direct_Hard_Obstruction,B3_Physical_Success,Earth_Relay0_Mars,0.70234226193387239,0.70234226193387239,1
8,100007,Direct_Hard_Obstruction,B4_Physical_Multiobjective,Earth_Relay2_Mars,0.70234226193387239,0.70234226193387239,1
9,100008,Control,B1_Shortest_Delay,Direct_Earth_to_Mars,1,0.86027538192991715,0
9,100008,Control,B2_Contact_Aware,Direct_Earth_to_Mars,0.86027538192991715,0.86027538192991715,0
9,100008,Control,B3_Physical_Success,Direct_Earth_to_Mars,0.86027538192991715,0.86027538192991715,0
9,100008,Control,B4_Physical_Multiobjective,Direct_Earth_to_Mars,0.86027538192991715,0.86027538192991715,0
9,100008,Direct_Pointing_50pct_Power,B1_Shortest_Delay,Direct_Earth_to_Mars,1,0.86027538192966557,0
9,100008,Direct_Pointing_50pct_Power,B2_Contact_Aware,Direct_Earth_to_Mars,0.86027538192991715,0.86027538192966557,0
9,100008,Direct_Pointing_50pct_Power,B3_Physical_Success,Direct_Earth_to_Mars,0.86027538192966557,0.86027538192966557,0
9,100008,Direct_Pointing_50pct_Power,B4_Physical_Multiobjective,Direct_Earth_to_Mars,0.86027538192966557,0.86027538192966557,0
9,100008,Direct_Pointing_25pct_Power,B1_Shortest_Delay,Direct_Earth_to_Mars,1,0.85941816466613652,0
9,100008,Direct_Pointing_25pct_Power,B2_Contact_Aware,Direct_Earth_to_Mars,0.86027538192991715,0.85941816466613652,0
9,100008,Direct_Pointing_25pct_Power,B3_Physical_Success,Direct_Earth_to_Mars,0.85941816466613652,0.85941816466613652,0
9,100008,Direct_Pointing_25pct_Power,B4_Physical_Multiobjective,Direct_Earth_to_Mars,0.85941816466613652,0.85941816466613652,0
9,100008,Direct_Pointing_10pct_Power,B1_Shortest_Delay,Direct_Earth_to_Mars,1,0,0
9,100008,Direct_Pointing_10pct_Power,B2_Contact_Aware,Direct_Earth_to_Mars,0.86027538192991715,0,0
9,100008,Direct_Pointing_10pct_Power,B3_Physical_Success,Earth_Relay0_Mars,0.74007373275466481,0.74007373275466481,1
9,100008,Direct_Pointing_10pct_Power,B4_Physical_Multiobjective,Earth_Relay2_Mars,0.36706097221870831,0.74007373275466481,1
9,100008,Direct_Background_16,B1_Shortest_Delay,Direct_Earth_to_Mars,1,0.86027538192991715,0
9,100008,Direct_Background_16,B2_Contact_Aware,Direct_Earth_to_Mars,0.86027538192991715,0.86027538192991715,0
9,100008,Direct_Background_16,B3_Physical_Success,Direct_Earth_to_Mars,0.86027538192991715,0.86027538192991715,0
9,100008,Direct_Background_16,B4_Physical_Multiobjective,Direct_Earth_to_Mars,0.86027538192991715,0.86027538192991715,0
9,100008,Direct_Combined_25pctPower_BG16,B1_Shortest_Delay,Direct_Earth_to_Mars,1,0,0
9,100008,Direct_Combined_25pctPower_BG16,B2_Contact_Aware,Direct_Earth_to_Mars,0.86027538192991715,0,0
9,100008,Direct_Combined_25pctPower_BG16,B3_Physical_Success,Earth_Relay0_Mars,0.74007373275466481,0.74007373275466481,1
9,100008,Direct_Combined_25pctPower_BG16,B4_Physical_Multiobjective,Earth_Relay2_Mars,0.36706097221870831,0.74007373275466481,1
9,100008,Direct_Hard_Obstruction,B1_Shortest_Delay,Earth_Relay2_Mars,1,0.74007373275466481,1
9,100008,Direct_Hard_Obstruction,B2_Contact_Aware,Earth_Relay0_Mars,0.74007373275466481,0.74007373275466481,1
9,100008,Direct_Hard_Obstruction,B3_Physical_Success,Earth_Relay0_Mars,0.74007373275466481,0.74007373275466481,1
9,100008,Direct_Hard_Obstruction,B4_Physical_Multiobjective,Earth_Relay2_Mars,0.74007373275466481,0.74007373275466481,1
10,100009,Control,B1_Shortest_Delay,Direct_Earth_to_Mars,1,0.99348423587462797,0
10,100009,Control,B2_Contact_Aware,Direct_Earth_to_Mars,0.99348423587462797,0.99348423587462797,0
10,100009,Control,B3_Physical_Success,Direct_Earth_to_Mars,0.99348423587462797,0.99348423587462797,0
10,100009,Control,B4_Physical_Multiobjective,Direct_Earth_to_Mars,0.99348423587462797,0.99348423587462797,0
10,100009,Direct_Pointing_50pct_Power,B1_Shortest_Delay,Direct_Earth_to_Mars,1,0.99348423586668444,0
10,100009,Direct_Pointing_50pct_Power,B2_Contact_Aware,Direct_Earth_to_Mars,0.99348423587462797,0.99348423586668444,0
10,100009,Direct_Pointing_50pct_Power,B3_Physical_Success,Direct_Earth_to_Mars,0.99348423586668444,0.99348423586668444,0
10,100009,Direct_Pointing_50pct_Power,B4_Physical_Multiobjective,Direct_Earth_to_Mars,0.99348423586668444,0.99348423586668444,0
10,100009,Direct_Pointing_25pct_Power,B1_Shortest_Delay,Direct_Earth_to_Mars,1,0.98927310756255538,0
10,100009,Direct_Pointing_25pct_Power,B2_Contact_Aware,Direct_Earth_to_Mars,0.99348423587462797,0.98927310756255538,0
10,100009,Direct_Pointing_25pct_Power,B3_Physical_Success,Direct_Earth_to_Mars,0.98927310756255538,0.98927310756255538,0
10,100009,Direct_Pointing_25pct_Power,B4_Physical_Multiobjective,Direct_Earth_to_Mars,0.98927310756255538,0.98927310756255538,0
10,100009,Direct_Pointing_10pct_Power,B1_Shortest_Delay,Direct_Earth_to_Mars,1,0,0
10,100009,Direct_Pointing_10pct_Power,B2_Contact_Aware,Direct_Earth_to_Mars,0.99348423587462797,0,0
10,100009,Direct_Pointing_10pct_Power,B3_Physical_Success,Earth_Relay0_Mars,0.98701092693139347,0.98701092693139347,1
10,100009,Direct_Pointing_10pct_Power,B4_Physical_Multiobjective,Earth_Relay2_Mars,0.48966721912404859,0.98701092693139347,1
10,100009,Direct_Background_16,B1_Shortest_Delay,Direct_Earth_to_Mars,1,0.99348423587462797,0
10,100009,Direct_Background_16,B2_Contact_Aware,Direct_Earth_to_Mars,0.99348423587462797,0.99348423587462797,0
10,100009,Direct_Background_16,B3_Physical_Success,Direct_Earth_to_Mars,0.99348423587462797,0.99348423587462797,0
10,100009,Direct_Background_16,B4_Physical_Multiobjective,Direct_Earth_to_Mars,0.99348423587462797,0.99348423587462797,0
10,100009,Direct_Combined_25pctPower_BG16,B1_Shortest_Delay,Direct_Earth_to_Mars,1,0,0
10,100009,Direct_Combined_25pctPower_BG16,B2_Contact_Aware,Direct_Earth_to_Mars,0.99348423587462797,0,0
10,100009,Direct_Combined_25pctPower_BG16,B3_Physical_Success,Earth_Relay0_Mars,0.98701092693139347,0.98701092693139347,1
10,100009,Direct_Combined_25pctPower_BG16,B4_Physical_Multiobjective,Earth_Relay2_Mars,0.48966721912404859,0.98701092693139347,1
10,100009,Direct_Hard_Obstruction,B1_Shortest_Delay,Earth_Relay2_Mars,1,0.98701092693139347,1
10,100009,Direct_Hard_Obstruction,B2_Contact_Aware,Earth_Relay0_Mars,0.98701092693139347,0.98701092693139347,1
10,100009,Direct_Hard_Obstruction,B3_Physical_Success,Earth_Relay0_Mars,0.98701092693139347,0.98701092693139347,1
10,100009,Direct_Hard_Obstruction,B4_Physical_Multiobjective,Earth_Relay2_Mars,0.98701092693139347,0.98701092693139347,1
11,100010,Control,B1_Shortest_Delay,Direct_Earth_to_Mars,1,0.83139900947724921,0
11,100010,Control,B2_Contact_Aware,Direct_Earth_to_Mars,0.83139900947724921,0.83139900947724921,0
11,100010,Control,B3_Physical_Success,Direct_Earth_to_Mars,0.83139900947724921,0.83139900947724921,0
11,100010,Control,B4_Physical_Multiobjective,Direct_Earth_to_Mars,0.83139900947724921,0.83139900947724921,0
11,100010,Direct_Pointing_50pct_Power,B1_Shortest_Delay,Direct_Earth_to_Mars,1,0.83139900947724921,0
11,100010,Direct_Pointing_50pct_Power,B2_Contact_Aware,Direct_Earth_to_Mars,0.83139900947724921,0.83139900947724921,0
11,100010,Direct_Pointing_50pct_Power,B3_Physical_Success,Direct_Earth_to_Mars,0.83139900947724921,0.83139900947724921,0
11,100010,Direct_Pointing_50pct_Power,B4_Physical_Multiobjective,Direct_Earth_to_Mars,0.83139900947724921,0.83139900947724921,0
11,100010,Direct_Pointing_25pct_Power,B1_Shortest_Delay,Direct_Earth_to_Mars,1,0.83139900915575293,0
11,100010,Direct_Pointing_25pct_Power,B2_Contact_Aware,Direct_Earth_to_Mars,0.83139900947724921,0.83139900915575293,0
11,100010,Direct_Pointing_25pct_Power,B3_Physical_Success,Direct_Earth_to_Mars,0.83139900915575293,0.83139900915575293,0
11,100010,Direct_Pointing_25pct_Power,B4_Physical_Multiobjective,Direct_Earth_to_Mars,0.83139900915575293,0.83139900915575293,0
11,100010,Direct_Pointing_10pct_Power,B1_Shortest_Delay,Direct_Earth_to_Mars,1,0.36644425720606377,0
11,100010,Direct_Pointing_10pct_Power,B2_Contact_Aware,Direct_Earth_to_Mars,0.83139900947724921,0.36644425720606377,0
11,100010,Direct_Pointing_10pct_Power,B3_Physical_Success,Earth_Relay0_Mars,0.69122431295975106,0.69122431295975106,1
11,100010,Direct_Pointing_10pct_Power,B4_Physical_Multiobjective,Direct_Earth_to_Mars,0.36644425720606377,0.36644425720606377,0
11,100010,Direct_Background_16,B1_Shortest_Delay,Direct_Earth_to_Mars,1,0.83139900947724921,0
11,100010,Direct_Background_16,B2_Contact_Aware,Direct_Earth_to_Mars,0.83139900947724921,0.83139900947724921,0
11,100010,Direct_Background_16,B3_Physical_Success,Direct_Earth_to_Mars,0.83139900947724921,0.83139900947724921,0
11,100010,Direct_Background_16,B4_Physical_Multiobjective,Direct_Earth_to_Mars,0.83139900947724921,0.83139900947724921,0
11,100010,Direct_Combined_25pctPower_BG16,B1_Shortest_Delay,Direct_Earth_to_Mars,1,0.8313469587197716,0
11,100010,Direct_Combined_25pctPower_BG16,B2_Contact_Aware,Direct_Earth_to_Mars,0.83139900947724921,0.8313469587197716,0
11,100010,Direct_Combined_25pctPower_BG16,B3_Physical_Success,Direct_Earth_to_Mars,0.8313469587197716,0.8313469587197716,0
11,100010,Direct_Combined_25pctPower_BG16,B4_Physical_Multiobjective,Direct_Earth_to_Mars,0.8313469587197716,0.8313469587197716,0
11,100010,Direct_Hard_Obstruction,B1_Shortest_Delay,Earth_Relay2_Mars,1,0.69122431295975106,1
11,100010,Direct_Hard_Obstruction,B2_Contact_Aware,Earth_Relay0_Mars,0.69122431295975106,0.69122431295975106,1
11,100010,Direct_Hard_Obstruction,B3_Physical_Success,Earth_Relay0_Mars,0.69122431295975106,0.69122431295975106,1
11,100010,Direct_Hard_Obstruction,B4_Physical_Multiobjective,Earth_Relay2_Mars,0.69122431295975106,0.69122431295975106,1
12,100011,Control,B1_Shortest_Delay,Direct_Earth_to_Mars,1,0.82224880112523402,0
12,100011,Control,B2_Contact_Aware,Direct_Earth_to_Mars,0.82224880112523402,0.82224880112523402,0
12,100011,Control,B3_Physical_Success,Direct_Earth_to_Mars,0.82224880112523402,0.82224880112523402,0
12,100011,Control,B4_Physical_Multiobjective,Direct_Earth_to_Mars,0.82224880112523402,0.82224880112523402,0
12,100011,Direct_Pointing_50pct_Power,B1_Shortest_Delay,Direct_Earth_to_Mars,1,0.8222487945921273,0
12,100011,Direct_Pointing_50pct_Power,B2_Contact_Aware,Direct_Earth_to_Mars,0.82224880112523402,0.8222487945921273,0
12,100011,Direct_Pointing_50pct_Power,B3_Physical_Success,Direct_Earth_to_Mars,0.8222487945921273,0.8222487945921273,0
12,100011,Direct_Pointing_50pct_Power,B4_Physical_Multiobjective,Direct_Earth_to_Mars,0.8222487945921273,0.8222487945921273,0
12,100011,Direct_Pointing_25pct_Power,B1_Shortest_Delay,Direct_Earth_to_Mars,1,0.7528706192364808,0
12,100011,Direct_Pointing_25pct_Power,B2_Contact_Aware,Direct_Earth_to_Mars,0.82224880112523402,0.7528706192364808,0
12,100011,Direct_Pointing_25pct_Power,B3_Physical_Success,Direct_Earth_to_Mars,0.7528706192364808,0.7528706192364808,0
12,100011,Direct_Pointing_25pct_Power,B4_Physical_Multiobjective,Direct_Earth_to_Mars,0.7528706192364808,0.7528706192364808,0
12,100011,Direct_Pointing_10pct_Power,B1_Shortest_Delay,Direct_Earth_to_Mars,1,0,0
12,100011,Direct_Pointing_10pct_Power,B2_Contact_Aware,Direct_Earth_to_Mars,0.82224880112523402,0,0
12,100011,Direct_Pointing_10pct_Power,B3_Physical_Success,Earth_Relay0_Mars,0.67609309095188463,0.67609309095188463,1
12,100011,Direct_Pointing_10pct_Power,B4_Physical_Multiobjective,Earth_Relay2_Mars,0.3354606007173796,0.67609309095188463,1
12,100011,Direct_Background_16,B1_Shortest_Delay,Direct_Earth_to_Mars,1,0.82224880112523324,0
12,100011,Direct_Background_16,B2_Contact_Aware,Direct_Earth_to_Mars,0.82224880112523402,0.82224880112523324,0
12,100011,Direct_Background_16,B3_Physical_Success,Direct_Earth_to_Mars,0.82224880112523324,0.82224880112523324,0
12,100011,Direct_Background_16,B4_Physical_Multiobjective,Direct_Earth_to_Mars,0.82224880112523324,0.82224880112523324,0
12,100011,Direct_Combined_25pctPower_BG16,B1_Shortest_Delay,Direct_Earth_to_Mars,1,0,0
12,100011,Direct_Combined_25pctPower_BG16,B2_Contact_Aware,Direct_Earth_to_Mars,0.82224880112523402,0,0
12,100011,Direct_Combined_25pctPower_BG16,B3_Physical_Success,Earth_Relay0_Mars,0.67609309095188463,0.67609309095188463,1
12,100011,Direct_Combined_25pctPower_BG16,B4_Physical_Multiobjective,Earth_Relay2_Mars,0.3354606007173796,0.67609309095188463,1
12,100011,Direct_Hard_Obstruction,B1_Shortest_Delay,Earth_Relay2_Mars,1,0.67609309095188463,1
12,100011,Direct_Hard_Obstruction,B2_Contact_Aware,Earth_Relay0_Mars,0.67609309095188463,0.67609309095188463,1
12,100011,Direct_Hard_Obstruction,B3_Physical_Success,Earth_Relay0_Mars,0.67609309095188463,0.67609309095188463,1
12,100011,Direct_Hard_Obstruction,B4_Physical_Multiobjective,Earth_Relay2_Mars,0.67609309095188463,0.67609309095188463,1
13,100012,Control,B1_Shortest_Delay,Direct_Earth_to_Mars,1,0.88317605369925789,0
13,100012,Control,B2_Contact_Aware,Direct_Earth_to_Mars,0.88317605369925789,0.88317605369925789,0
13,100012,Control,B3_Physical_Success,Direct_Earth_to_Mars,0.88317605369925789,0.88317605369925789,0
13,100012,Control,B4_Physical_Multiobjective,Direct_Earth_to_Mars,0.88317605369925789,0.88317605369925789,0
13,100012,Direct_Pointing_50pct_Power,B1_Shortest_Delay,Direct_Earth_to_Mars,1,0.88317605369925789,0
13,100012,Direct_Pointing_50pct_Power,B2_Contact_Aware,Direct_Earth_to_Mars,0.88317605369925789,0.88317605369925789,0
13,100012,Direct_Pointing_50pct_Power,B3_Physical_Success,Direct_Earth_to_Mars,0.88317605369925789,0.88317605369925789,0
13,100012,Direct_Pointing_50pct_Power,B4_Physical_Multiobjective,Direct_Earth_to_Mars,0.88317605369925789,0.88317605369925789,0
13,100012,Direct_Pointing_25pct_Power,B1_Shortest_Delay,Direct_Earth_to_Mars,1,0.88317605369921881,0
13,100012,Direct_Pointing_25pct_Power,B2_Contact_Aware,Direct_Earth_to_Mars,0.88317605369925789,0.88317605369921881,0
13,100012,Direct_Pointing_25pct_Power,B3_Physical_Success,Direct_Earth_to_Mars,0.88317605369921881,0.88317605369921881,0
13,100012,Direct_Pointing_25pct_Power,B4_Physical_Multiobjective,Direct_Earth_to_Mars,0.88317605369921881,0.88317605369921881,0
13,100012,Direct_Pointing_10pct_Power,B1_Shortest_Delay,Direct_Earth_to_Mars,1,0.85854147309867967,0
13,100012,Direct_Pointing_10pct_Power,B2_Contact_Aware,Direct_Earth_to_Mars,0.88317605369925789,0.85854147309867967,0
13,100012,Direct_Pointing_10pct_Power,B3_Physical_Success,Direct_Earth_to_Mars,0.85854147309867967,0.85854147309867967,0
13,100012,Direct_Pointing_10pct_Power,B4_Physical_Multiobjective,Direct_Earth_to_Mars,0.85854147309867967,0.85854147309867967,0
13,100012,Direct_Background_16,B1_Shortest_Delay,Direct_Earth_to_Mars,1,0.88317605369925789,0
13,100012,Direct_Background_16,B2_Contact_Aware,Direct_Earth_to_Mars,0.88317605369925789,0.88317605369925789,0
13,100012,Direct_Background_16,B3_Physical_Success,Direct_Earth_to_Mars,0.88317605369925789,0.88317605369925789,0
13,100012,Direct_Background_16,B4_Physical_Multiobjective,Direct_Earth_to_Mars,0.88317605369925789,0.88317605369925789,0
13,100012,Direct_Combined_25pctPower_BG16,B1_Shortest_Delay,Direct_Earth_to_Mars,1,0.88317597081333343,0
13,100012,Direct_Combined_25pctPower_BG16,B2_Contact_Aware,Direct_Earth_to_Mars,0.88317605369925789,0.88317597081333343,0
13,100012,Direct_Combined_25pctPower_BG16,B3_Physical_Success,Direct_Earth_to_Mars,0.88317597081333343,0.88317597081333343,0
13,100012,Direct_Combined_25pctPower_BG16,B4_Physical_Multiobjective,Direct_Earth_to_Mars,0.88317597081333343,0.88317597081333343,0
13,100012,Direct_Hard_Obstruction,B1_Shortest_Delay,Earth_Relay2_Mars,1,0.77999994182779442,1
13,100012,Direct_Hard_Obstruction,B2_Contact_Aware,Earth_Relay0_Mars,0.77999994182779442,0.77999994182779442,1
13,100012,Direct_Hard_Obstruction,B3_Physical_Success,Earth_Relay0_Mars,0.77999994182779442,0.77999994182779442,1
13,100012,Direct_Hard_Obstruction,B4_Physical_Multiobjective,Earth_Relay2_Mars,0.77999994182779442,0.77999994182779442,1
14,100013,Control,B1_Shortest_Delay,Direct_Earth_to_Mars,1,0.8315282590537717,0
14,100013,Control,B2_Contact_Aware,Direct_Earth_to_Mars,0.8315362654186651,0.8315282590537717,0
14,100013,Control,B3_Physical_Success,Direct_Earth_to_Mars,0.8315282590537717,0.8315282590537717,0
14,100013,Control,B4_Physical_Multiobjective,Direct_Earth_to_Mars,0.8315282590537717,0.8315282590537717,0
14,100013,Direct_Pointing_50pct_Power,B1_Shortest_Delay,Direct_Earth_to_Mars,1,0,0
14,100013,Direct_Pointing_50pct_Power,B2_Contact_Aware,Direct_Earth_to_Mars,0.8315362654186651,0,0
14,100013,Direct_Pointing_50pct_Power,B3_Physical_Success,Earth_Relay1_Mars,0.69145215004360161,0.69145215004360161,1
14,100013,Direct_Pointing_50pct_Power,B4_Physical_Multiobjective,Earth_Relay2_Mars,0.34392915563962384,0.69143735945963458,1
14,100013,Direct_Pointing_25pct_Power,B1_Shortest_Delay,Direct_Earth_to_Mars,1,0,0
14,100013,Direct_Pointing_25pct_Power,B2_Contact_Aware,Direct_Earth_to_Mars,0.8315362654186651,0,0
14,100013,Direct_Pointing_25pct_Power,B3_Physical_Success,Earth_Relay1_Mars,0.69145215004360161,0.69145215004360161,1
14,100013,Direct_Pointing_25pct_Power,B4_Physical_Multiobjective,Earth_Relay2_Mars,0.34392915563962384,0.69143735945963458,1
14,100013,Direct_Pointing_10pct_Power,B1_Shortest_Delay,Direct_Earth_to_Mars,1,0,0
14,100013,Direct_Pointing_10pct_Power,B2_Contact_Aware,Direct_Earth_to_Mars,0.8315362654186651,0,0
14,100013,Direct_Pointing_10pct_Power,B3_Physical_Success,Earth_Relay1_Mars,0.69145215004360161,0.69145215004360161,1
14,100013,Direct_Pointing_10pct_Power,B4_Physical_Multiobjective,Earth_Relay2_Mars,0.34392915563962384,0.69143735945963458,1
14,100013,Direct_Background_16,B1_Shortest_Delay,Direct_Earth_to_Mars,1,0.77991235198327125,0
14,100013,Direct_Background_16,B2_Contact_Aware,Direct_Earth_to_Mars,0.8315362654186651,0.77991235198327125,0
14,100013,Direct_Background_16,B3_Physical_Success,Direct_Earth_to_Mars,0.77991235198327125,0.77991235198327125,0
14,100013,Direct_Background_16,B4_Physical_Multiobjective,Direct_Earth_to_Mars,0.77991235198327125,0.77991235198327125,0
14,100013,Direct_Combined_25pctPower_BG16,B1_Shortest_Delay,Direct_Earth_to_Mars,1,0,0
14,100013,Direct_Combined_25pctPower_BG16,B2_Contact_Aware,Direct_Earth_to_Mars,0.8315362654186651,0,0
14,100013,Direct_Combined_25pctPower_BG16,B3_Physical_Success,Earth_Relay1_Mars,0.69145215004360161,0.69145215004360161,1
14,100013,Direct_Combined_25pctPower_BG16,B4_Physical_Multiobjective,Earth_Relay2_Mars,0.34392915563962384,0.69143735945963458,1
14,100013,Direct_Hard_Obstruction,B1_Shortest_Delay,Earth_Relay2_Mars,1,0.69143735945963458,1
14,100013,Direct_Hard_Obstruction,B2_Contact_Aware,Earth_Relay1_Mars,0.69145256070642069,0.69145215004360161,1
14,100013,Direct_Hard_Obstruction,B3_Physical_Success,Earth_Relay1_Mars,0.69145215004360161,0.69145215004360161,1
14,100013,Direct_Hard_Obstruction,B4_Physical_Multiobjective,Earth_Relay2_Mars,0.69143735945963458,0.69143735945963458,1
15,100014,Control,B1_Shortest_Delay,Direct_Earth_to_Mars,1,0.87730850210373379,0
15,100014,Control,B2_Contact_Aware,Direct_Earth_to_Mars,0.87730850210373379,0.87730850210373379,0
15,100014,Control,B3_Physical_Success,Direct_Earth_to_Mars,0.87730850210373379,0.87730850210373379,0
15,100014,Control,B4_Physical_Multiobjective,Direct_Earth_to_Mars,0.87730850210373379,0.87730850210373379,0
15,100014,Direct_Pointing_50pct_Power,B1_Shortest_Delay,Direct_Earth_to_Mars,1,0.87730850210104039,0
15,100014,Direct_Pointing_50pct_Power,B2_Contact_Aware,Direct_Earth_to_Mars,0.87730850210373379,0.87730850210104039,0
15,100014,Direct_Pointing_50pct_Power,B3_Physical_Success,Direct_Earth_to_Mars,0.87730850210104039,0.87730850210104039,0
15,100014,Direct_Pointing_50pct_Power,B4_Physical_Multiobjective,Direct_Earth_to_Mars,0.87730850210104039,0.87730850210104039,0
15,100014,Direct_Pointing_25pct_Power,B1_Shortest_Delay,Direct_Earth_to_Mars,1,0.87486031316439228,0
15,100014,Direct_Pointing_25pct_Power,B2_Contact_Aware,Direct_Earth_to_Mars,0.87730850210373379,0.87486031316439228,0
15,100014,Direct_Pointing_25pct_Power,B3_Physical_Success,Direct_Earth_to_Mars,0.87486031316439228,0.87486031316439228,0
15,100014,Direct_Pointing_25pct_Power,B4_Physical_Multiobjective,Direct_Earth_to_Mars,0.87486031316439228,0.87486031316439228,0
15,100014,Direct_Pointing_10pct_Power,B1_Shortest_Delay,Direct_Earth_to_Mars,1,0,0
15,100014,Direct_Pointing_10pct_Power,B2_Contact_Aware,Direct_Earth_to_Mars,0.87730850210373379,0,0
15,100014,Direct_Pointing_10pct_Power,B3_Physical_Success,Earth_Relay0_Mars,0.76967020786349705,0.76967020786349705,1
15,100014,Direct_Pointing_10pct_Power,B4_Physical_Multiobjective,Earth_Relay2_Mars,0.38173697159812231,0.76967020786349705,1
15,100014,Direct_Background_16,B1_Shortest_Delay,Direct_Earth_to_Mars,1,0.87730850210373379,0
15,100014,Direct_Background_16,B2_Contact_Aware,Direct_Earth_to_Mars,0.87730850210373379,0.87730850210373379,0
15,100014,Direct_Background_16,B3_Physical_Success,Direct_Earth_to_Mars,0.87730850210373379,0.87730850210373379,0
15,100014,Direct_Background_16,B4_Physical_Multiobjective,Direct_Earth_to_Mars,0.87730850210373379,0.87730850210373379,0
15,100014,Direct_Combined_25pctPower_BG16,B1_Shortest_Delay,Direct_Earth_to_Mars,1,0,0
15,100014,Direct_Combined_25pctPower_BG16,B2_Contact_Aware,Direct_Earth_to_Mars,0.87730850210373379,0,0
15,100014,Direct_Combined_25pctPower_BG16,B3_Physical_Success,Earth_Relay0_Mars,0.76967020786349705,0.76967020786349705,1
15,100014,Direct_Combined_25pctPower_BG16,B4_Physical_Multiobjective,Earth_Relay2_Mars,0.38173697159812231,0.76967020786349705,1
15,100014,Direct_Hard_Obstruction,B1_Shortest_Delay,Earth_Relay2_Mars,1,0.76967020786349705,1
15,100014,Direct_Hard_Obstruction,B2_Contact_Aware,Earth_Relay0_Mars,0.76967020786349705,0.76967020786349705,1
15,100014,Direct_Hard_Obstruction,B3_Physical_Success,Earth_Relay0_Mars,0.76967020786349705,0.76967020786349705,1
15,100014,Direct_Hard_Obstruction,B4_Physical_Multiobjective,Earth_Relay2_Mars,0.76967020786349705,0.76967020786349705,1
16,100015,Control,B1_Shortest_Delay,Direct_Earth_to_Mars,1,0.92540198906204252,0
16,100015,Control,B2_Contact_Aware,Direct_Earth_to_Mars,0.92540672241036337,0.92540198906204252,0
16,100015,Control,B3_Physical_Success,Direct_Earth_to_Mars,0.92540198906204252,0.92540198906204252,0
16,100015,Control,B4_Physical_Multiobjective,Direct_Earth_to_Mars,0.92540198906204252,0.92540198906204252,0
16,100015,Direct_Pointing_50pct_Power,B1_Shortest_Delay,Direct_Earth_to_Mars,1,0,0
16,100015,Direct_Pointing_50pct_Power,B2_Contact_Aware,Direct_Earth_to_Mars,0.92540672241036337,0,0
16,100015,Direct_Pointing_50pct_Power,B3_Physical_Success,Earth_Relay0_Mars,0.856373530110626,0.856373530110626,1
16,100015,Direct_Pointing_50pct_Power,B4_Physical_Multiobjective,Earth_Relay2_Mars,0.42595796740450631,0.85636753912741126,1
16,100015,Direct_Pointing_25pct_Power,B1_Shortest_Delay,Direct_Earth_to_Mars,1,0,0
16,100015,Direct_Pointing_25pct_Power,B2_Contact_Aware,Direct_Earth_to_Mars,0.92540672241036337,0,0
16,100015,Direct_Pointing_25pct_Power,B3_Physical_Success,Earth_Relay0_Mars,0.856373530110626,0.856373530110626,1
16,100015,Direct_Pointing_25pct_Power,B4_Physical_Multiobjective,Earth_Relay2_Mars,0.42595796740450631,0.85636753912741126,1
16,100015,Direct_Pointing_10pct_Power,B1_Shortest_Delay,Direct_Earth_to_Mars,1,0,0
16,100015,Direct_Pointing_10pct_Power,B2_Contact_Aware,Direct_Earth_to_Mars,0.92540672241036337,0,0
16,100015,Direct_Pointing_10pct_Power,B3_Physical_Success,Earth_Relay0_Mars,0.856373530110626,0.856373530110626,1
16,100015,Direct_Pointing_10pct_Power,B4_Physical_Multiobjective,Earth_Relay2_Mars,0.42595796740450631,0.85636753912741126,1
16,100015,Direct_Background_16,B1_Shortest_Delay,Direct_Earth_to_Mars,1,0.88754650946532321,0
16,100015,Direct_Background_16,B2_Contact_Aware,Direct_Earth_to_Mars,0.92540672241036337,0.88754650946532321,0
16,100015,Direct_Background_16,B3_Physical_Success,Direct_Earth_to_Mars,0.88754650946532321,0.88754650946532321,0
16,100015,Direct_Background_16,B4_Physical_Multiobjective,Direct_Earth_to_Mars,0.88754650946532321,0.88754650946532321,0
16,100015,Direct_Combined_25pctPower_BG16,B1_Shortest_Delay,Direct_Earth_to_Mars,1,0,0
16,100015,Direct_Combined_25pctPower_BG16,B2_Contact_Aware,Direct_Earth_to_Mars,0.92540672241036337,0,0
16,100015,Direct_Combined_25pctPower_BG16,B3_Physical_Success,Earth_Relay0_Mars,0.856373530110626,0.856373530110626,1
16,100015,Direct_Combined_25pctPower_BG16,B4_Physical_Multiobjective,Earth_Relay2_Mars,0.42595796740450631,0.85636753912741126,1
16,100015,Direct_Hard_Obstruction,B1_Shortest_Delay,Earth_Relay2_Mars,1,0.85636753912741126,1
16,100015,Direct_Hard_Obstruction,B2_Contact_Aware,Earth_Relay0_Mars,0.85637760188229128,0.856373530110626,1
16,100015,Direct_Hard_Obstruction,B3_Physical_Success,Earth_Relay0_Mars,0.856373530110626,0.856373530110626,1
16,100015,Direct_Hard_Obstruction,B4_Physical_Multiobjective,Earth_Relay2_Mars,0.85636753912741126,0.85636753912741126,1
17,100016,Control,B1_Shortest_Delay,Direct_Earth_to_Mars,1,0.91920548232522847,0
17,100016,Control,B2_Contact_Aware,Direct_Earth_to_Mars,0.91920548232522847,0.91920548232522847,0
17,100016,Control,B3_Physical_Success,Direct_Earth_to_Mars,0.91920548232522847,0.91920548232522847,0
17,100016,Control,B4_Physical_Multiobjective,Direct_Earth_to_Mars,0.91920548232522847,0.91920548232522847,0
17,100016,Direct_Pointing_50pct_Power,B1_Shortest_Delay,Direct_Earth_to_Mars,1,0.91920548232522847,0
17,100016,Direct_Pointing_50pct_Power,B2_Contact_Aware,Direct_Earth_to_Mars,0.91920548232522847,0.91920548232522847,0
17,100016,Direct_Pointing_50pct_Power,B3_Physical_Success,Direct_Earth_to_Mars,0.91920548232522847,0.91920548232522847,0
17,100016,Direct_Pointing_50pct_Power,B4_Physical_Multiobjective,Direct_Earth_to_Mars,0.91920548232522847,0.91920548232522847,0
17,100016,Direct_Pointing_25pct_Power,B1_Shortest_Delay,Direct_Earth_to_Mars,1,0.91920548232522847,0
17,100016,Direct_Pointing_25pct_Power,B2_Contact_Aware,Direct_Earth_to_Mars,0.91920548232522847,0.91920548232522847,0
17,100016,Direct_Pointing_25pct_Power,B3_Physical_Success,Direct_Earth_to_Mars,0.91920548232522847,0.91920548232522847,0
17,100016,Direct_Pointing_25pct_Power,B4_Physical_Multiobjective,Direct_Earth_to_Mars,0.91920548232522847,0.91920548232522847,0
17,100016,Direct_Pointing_10pct_Power,B1_Shortest_Delay,Direct_Earth_to_Mars,1,0.91920538928387818,0
17,100016,Direct_Pointing_10pct_Power,B2_Contact_Aware,Direct_Earth_to_Mars,0.91920548232522847,0.91920538928387818,0
17,100016,Direct_Pointing_10pct_Power,B3_Physical_Success,Direct_Earth_to_Mars,0.91920538928387818,0.91920538928387818,0
17,100016,Direct_Pointing_10pct_Power,B4_Physical_Multiobjective,Direct_Earth_to_Mars,0.91920538928387818,0.91920538928387818,0
17,100016,Direct_Background_16,B1_Shortest_Delay,Direct_Earth_to_Mars,1,0.91920548232522847,0
17,100016,Direct_Background_16,B2_Contact_Aware,Direct_Earth_to_Mars,0.91920548232522847,0.91920548232522847,0
17,100016,Direct_Background_16,B3_Physical_Success,Direct_Earth_to_Mars,0.91920548232522847,0.91920548232522847,0
17,100016,Direct_Background_16,B4_Physical_Multiobjective,Direct_Earth_to_Mars,0.91920548232522847,0.91920548232522847,0
17,100016,Direct_Combined_25pctPower_BG16,B1_Shortest_Delay,Direct_Earth_to_Mars,1,0.91920548232522847,0
17,100016,Direct_Combined_25pctPower_BG16,B2_Contact_Aware,Direct_Earth_to_Mars,0.91920548232522847,0.91920548232522847,0
17,100016,Direct_Combined_25pctPower_BG16,B3_Physical_Success,Direct_Earth_to_Mars,0.91920548232522847,0.91920548232522847,0
17,100016,Direct_Combined_25pctPower_BG16,B4_Physical_Multiobjective,Direct_Earth_to_Mars,0.91920548232522847,0.91920548232522847,0
17,100016,Direct_Hard_Obstruction,B1_Shortest_Delay,Earth_Relay2_Mars,1,0.84493871873675597,1
17,100016,Direct_Hard_Obstruction,B2_Contact_Aware,Earth_Relay0_Mars,0.84493871873675597,0.84493871873675597,1
17,100016,Direct_Hard_Obstruction,B3_Physical_Success,Earth_Relay0_Mars,0.84493871873675597,0.84493871873675597,1
17,100016,Direct_Hard_Obstruction,B4_Physical_Multiobjective,Earth_Relay2_Mars,0.84493871873675597,0.84493871873675597,1
18,100017,Control,B1_Shortest_Delay,Direct_Earth_to_Mars,1,0.98378852196704902,0
18,100017,Control,B2_Contact_Aware,Direct_Earth_to_Mars,0.98378852196704902,0.98378852196704902,0
18,100017,Control,B3_Physical_Success,Direct_Earth_to_Mars,0.98378852196704902,0.98378852196704902,0
18,100017,Control,B4_Physical_Multiobjective,Direct_Earth_to_Mars,0.98378852196704902,0.98378852196704902,0
18,100017,Direct_Pointing_50pct_Power,B1_Shortest_Delay,Direct_Earth_to_Mars,1,0.98378852196704902,0
18,100017,Direct_Pointing_50pct_Power,B2_Contact_Aware,Direct_Earth_to_Mars,0.98378852196704902,0.98378852196704902,0
18,100017,Direct_Pointing_50pct_Power,B3_Physical_Success,Direct_Earth_to_Mars,0.98378852196704902,0.98378852196704902,0
18,100017,Direct_Pointing_50pct_Power,B4_Physical_Multiobjective,Direct_Earth_to_Mars,0.98378852196704902,0.98378852196704902,0
18,100017,Direct_Pointing_25pct_Power,B1_Shortest_Delay,Direct_Earth_to_Mars,1,0.98378852196704902,0
18,100017,Direct_Pointing_25pct_Power,B2_Contact_Aware,Direct_Earth_to_Mars,0.98378852196704902,0.98378852196704902,0
18,100017,Direct_Pointing_25pct_Power,B3_Physical_Success,Direct_Earth_to_Mars,0.98378852196704902,0.98378852196704902,0
18,100017,Direct_Pointing_25pct_Power,B4_Physical_Multiobjective,Direct_Earth_to_Mars,0.98378852196704902,0.98378852196704902,0
18,100017,Direct_Pointing_10pct_Power,B1_Shortest_Delay,Direct_Earth_to_Mars,1,0.98378852196704902,0
18,100017,Direct_Pointing_10pct_Power,B2_Contact_Aware,Direct_Earth_to_Mars,0.98378852196704902,0.98378852196704902,0
18,100017,Direct_Pointing_10pct_Power,B3_Physical_Success,Direct_Earth_to_Mars,0.98378852196704902,0.98378852196704902,0
18,100017,Direct_Pointing_10pct_Power,B4_Physical_Multiobjective,Direct_Earth_to_Mars,0.98378852196704902,0.98378852196704902,0
18,100017,Direct_Background_16,B1_Shortest_Delay,Direct_Earth_to_Mars,1,0.98378852196704902,0
18,100017,Direct_Background_16,B2_Contact_Aware,Direct_Earth_to_Mars,0.98378852196704902,0.98378852196704902,0
18,100017,Direct_Background_16,B3_Physical_Success,Direct_Earth_to_Mars,0.98378852196704902,0.98378852196704902,0
18,100017,Direct_Background_16,B4_Physical_Multiobjective,Direct_Earth_to_Mars,0.98378852196704902,0.98378852196704902,0
18,100017,Direct_Combined_25pctPower_BG16,B1_Shortest_Delay,Direct_Earth_to_Mars,1,0.98378852196704902,0
18,100017,Direct_Combined_25pctPower_BG16,B2_Contact_Aware,Direct_Earth_to_Mars,0.98378852196704902,0.98378852196704902,0
18,100017,Direct_Combined_25pctPower_BG16,B3_Physical_Success,Direct_Earth_to_Mars,0.98378852196704902,0.98378852196704902,0
18,100017,Direct_Combined_25pctPower_BG16,B4_Physical_Multiobjective,Direct_Earth_to_Mars,0.98378852196704902,0.98378852196704902,0
18,100017,Direct_Hard_Obstruction,B1_Shortest_Delay,Earth_Relay2_Mars,1,0.96783985595411093,1
18,100017,Direct_Hard_Obstruction,B2_Contact_Aware,Earth_Relay0_Mars,0.96783985595411093,0.96783985595411093,1
18,100017,Direct_Hard_Obstruction,B3_Physical_Success,Earth_Relay0_Mars,0.96783985595411093,0.96783985595411093,1
18,100017,Direct_Hard_Obstruction,B4_Physical_Multiobjective,Earth_Relay2_Mars,0.96783985595411093,0.96783985595411093,1
19,100018,Control,B1_Shortest_Delay,Direct_Earth_to_Mars,1,0.91054995490871793,0
19,100018,Control,B2_Contact_Aware,Direct_Earth_to_Mars,0.91054995490992574,0.91054995490871793,0
19,100018,Control,B3_Physical_Success,Direct_Earth_to_Mars,0.91054995490871793,0.91054995490871793,0
19,100018,Control,B4_Physical_Multiobjective,Direct_Earth_to_Mars,0.91054995490871793,0.91054995490871793,0
19,100018,Direct_Pointing_50pct_Power,B1_Shortest_Delay,Direct_Earth_to_Mars,1,0.90878969503719109,0
19,100018,Direct_Pointing_50pct_Power,B2_Contact_Aware,Direct_Earth_to_Mars,0.91054995490992574,0.90878969503719109,0
19,100018,Direct_Pointing_50pct_Power,B3_Physical_Success,Direct_Earth_to_Mars,0.90878969503719109,0.90878969503719109,0
19,100018,Direct_Pointing_50pct_Power,B4_Physical_Multiobjective,Direct_Earth_to_Mars,0.90878969503719109,0.90878969503719109,0
19,100018,Direct_Pointing_25pct_Power,B1_Shortest_Delay,Direct_Earth_to_Mars,1,0,0
19,100018,Direct_Pointing_25pct_Power,B2_Contact_Aware,Direct_Earth_to_Mars,0.91054995490992574,0,0
19,100018,Direct_Pointing_25pct_Power,B3_Physical_Success,Earth_Relay0_Mars,0.82910122038646783,0.82910122038646783,1
19,100018,Direct_Pointing_25pct_Power,B4_Physical_Multiobjective,Earth_Relay2_Mars,0.41198534253836899,0.82910122038361145,1
19,100018,Direct_Pointing_10pct_Power,B1_Shortest_Delay,Direct_Earth_to_Mars,1,0,0
19,100018,Direct_Pointing_10pct_Power,B2_Contact_Aware,Direct_Earth_to_Mars,0.91054995490992574,0,0
19,100018,Direct_Pointing_10pct_Power,B3_Physical_Success,Earth_Relay0_Mars,0.82910122038646783,0.82910122038646783,1
19,100018,Direct_Pointing_10pct_Power,B4_Physical_Multiobjective,Earth_Relay2_Mars,0.41198534253836899,0.82910122038361145,1
19,100018,Direct_Background_16,B1_Shortest_Delay,Direct_Earth_to_Mars,1,0.91054895035106687,0
19,100018,Direct_Background_16,B2_Contact_Aware,Direct_Earth_to_Mars,0.91054995490992574,0.91054895035106687,0
19,100018,Direct_Background_16,B3_Physical_Success,Direct_Earth_to_Mars,0.91054895035106687,0.91054895035106687,0
19,100018,Direct_Background_16,B4_Physical_Multiobjective,Direct_Earth_to_Mars,0.91054895035106687,0.91054895035106687,0
19,100018,Direct_Combined_25pctPower_BG16,B1_Shortest_Delay,Direct_Earth_to_Mars,1,0,0
19,100018,Direct_Combined_25pctPower_BG16,B2_Contact_Aware,Direct_Earth_to_Mars,0.91054995490992574,0,0
19,100018,Direct_Combined_25pctPower_BG16,B3_Physical_Success,Earth_Relay0_Mars,0.82910122038646783,0.82910122038646783,1
19,100018,Direct_Combined_25pctPower_BG16,B4_Physical_Multiobjective,Earth_Relay2_Mars,0.41198534253836899,0.82910122038361145,1
19,100018,Direct_Hard_Obstruction,B1_Shortest_Delay,Earth_Relay2_Mars,1,0.82910122038361145,1
19,100018,Direct_Hard_Obstruction,B2_Contact_Aware,Earth_Relay0_Mars,0.82910122038646783,0.82910122038646783,1
19,100018,Direct_Hard_Obstruction,B3_Physical_Success,Earth_Relay0_Mars,0.82910122038646783,0.82910122038646783,1
19,100018,Direct_Hard_Obstruction,B4_Physical_Multiobjective,Earth_Relay2_Mars,0.82910122038361145,0.82910122038361145,1
20,100019,Control,B1_Shortest_Delay,Direct_Earth_to_Mars,1,0.80712626937042442,0
20,100019,Control,B2_Contact_Aware,Direct_Earth_to_Mars,0.80715699311883227,0.80712626937042442,0
20,100019,Control,B3_Physical_Success,Direct_Earth_to_Mars,0.80712626937042442,0.80712626937042442,0
20,100019,Control,B4_Physical_Multiobjective,Direct_Earth_to_Mars,0.80712626937042442,0.80712626937042442,0
20,100019,Direct_Pointing_50pct_Power,B1_Shortest_Delay,Direct_Earth_to_Mars,1,0,0
20,100019,Direct_Pointing_50pct_Power,B2_Contact_Aware,Direct_Earth_to_Mars,0.80715699311883227,0,0
20,100019,Direct_Pointing_50pct_Power,B3_Physical_Success,Earth_Relay1_Mars,0.65149804457329785,0.65149804457329785,1
20,100019,Direct_Pointing_50pct_Power,B4_Physical_Multiobjective,Earth_Relay2_Mars,0.32406853268435798,0.65144632833759886,1
20,100019,Direct_Pointing_25pct_Power,B1_Shortest_Delay,Direct_Earth_to_Mars,1,0,0
20,100019,Direct_Pointing_25pct_Power,B2_Contact_Aware,Direct_Earth_to_Mars,0.80715699311883227,0,0
20,100019,Direct_Pointing_25pct_Power,B3_Physical_Success,Earth_Relay1_Mars,0.65149804457329785,0.65149804457329785,1
20,100019,Direct_Pointing_25pct_Power,B4_Physical_Multiobjective,Earth_Relay2_Mars,0.32406853268435798,0.65144632833759886,1
20,100019,Direct_Pointing_10pct_Power,B1_Shortest_Delay,Direct_Earth_to_Mars,1,0,0
20,100019,Direct_Pointing_10pct_Power,B2_Contact_Aware,Direct_Earth_to_Mars,0.80715699311883227,0,0
20,100019,Direct_Pointing_10pct_Power,B3_Physical_Success,Earth_Relay1_Mars,0.65149804457329785,0.65149804457329785,1
20,100019,Direct_Pointing_10pct_Power,B4_Physical_Multiobjective,Earth_Relay2_Mars,0.32406853268435798,0.65144632833759886,1
20,100019,Direct_Background_16,B1_Shortest_Delay,Direct_Earth_to_Mars,1,0.68409506005753751,0
20,100019,Direct_Background_16,B2_Contact_Aware,Direct_Earth_to_Mars,0.80715699311883227,0.68409506005753751,0
20,100019,Direct_Background_16,B3_Physical_Success,Direct_Earth_to_Mars,0.68409506005753751,0.68409506005753751,0
20,100019,Direct_Background_16,B4_Physical_Multiobjective,Direct_Earth_to_Mars,0.68409506005753751,0.68409506005753751,0
20,100019,Direct_Combined_25pctPower_BG16,B1_Shortest_Delay,Direct_Earth_to_Mars,1,0,0
20,100019,Direct_Combined_25pctPower_BG16,B2_Contact_Aware,Direct_Earth_to_Mars,0.80715699311883227,0,0
20,100019,Direct_Combined_25pctPower_BG16,B3_Physical_Success,Earth_Relay1_Mars,0.65149804457329785,0.65149804457329785,1
20,100019,Direct_Combined_25pctPower_BG16,B4_Physical_Multiobjective,Earth_Relay2_Mars,0.32406853268435798,0.65144632833759886,1
20,100019,Direct_Hard_Obstruction,B1_Shortest_Delay,Earth_Relay2_Mars,1,0.65144632833759886,1
20,100019,Direct_Hard_Obstruction,B2_Contact_Aware,Earth_Relay0_Mars,0.6515024115406346,0.65138909792710942,1
20,100019,Direct_Hard_Obstruction,B3_Physical_Success,Earth_Relay1_Mars,0.65149804457329785,0.65149804457329785,1
20,100019,Direct_Hard_Obstruction,B4_Physical_Multiobjective,Earth_Relay2_Mars,0.65144632833759886,0.65144632833759886,1
21,100020,Control,B1_Shortest_Delay,Direct_Earth_to_Mars,1,0.90102132479547914,0
21,100020,Control,B2_Contact_Aware,Direct_Earth_to_Mars,0.90102198459603977,0.90102132479547914,0
21,100020,Control,B3_Physical_Success,Direct_Earth_to_Mars,0.90102132479547914,0.90102132479547914,0
21,100020,Control,B4_Physical_Multiobjective,Direct_Earth_to_Mars,0.90102132479547914,0.90102132479547914,0
21,100020,Direct_Pointing_50pct_Power,B1_Shortest_Delay,Direct_Earth_to_Mars,1,0.37506090423018729,0
21,100020,Direct_Pointing_50pct_Power,B2_Contact_Aware,Direct_Earth_to_Mars,0.90102198459603977,0.37506090423018729,0
21,100020,Direct_Pointing_50pct_Power,B3_Physical_Success,Earth_Relay1_Mars,0.81184061028061361,0.81184061028061361,1
21,100020,Direct_Pointing_50pct_Power,B4_Physical_Multiobjective,Earth_Relay2_Mars,0.40370809717373968,0.81183923105507871,1
21,100020,Direct_Pointing_25pct_Power,B1_Shortest_Delay,Direct_Earth_to_Mars,1,0,0
21,100020,Direct_Pointing_25pct_Power,B2_Contact_Aware,Direct_Earth_to_Mars,0.90102198459603977,0,0
21,100020,Direct_Pointing_25pct_Power,B3_Physical_Success,Earth_Relay1_Mars,0.81184061028061361,0.81184061028061361,1
21,100020,Direct_Pointing_25pct_Power,B4_Physical_Multiobjective,Earth_Relay2_Mars,0.40370809717373968,0.81183923105507871,1
21,100020,Direct_Pointing_10pct_Power,B1_Shortest_Delay,Direct_Earth_to_Mars,1,0,0
21,100020,Direct_Pointing_10pct_Power,B2_Contact_Aware,Direct_Earth_to_Mars,0.90102198459603977,0,0
21,100020,Direct_Pointing_10pct_Power,B3_Physical_Success,Earth_Relay1_Mars,0.81184061028061361,0.81184061028061361,1
21,100020,Direct_Pointing_10pct_Power,B4_Physical_Multiobjective,Earth_Relay2_Mars,0.40370809717373968,0.81183923105507871,1
21,100020,Direct_Background_16,B1_Shortest_Delay,Direct_Earth_to_Mars,1,0.89092203069094345,0
21,100020,Direct_Background_16,B2_Contact_Aware,Direct_Earth_to_Mars,0.90102198459603977,0.89092203069094345,0
21,100020,Direct_Background_16,B3_Physical_Success,Direct_Earth_to_Mars,0.89092203069094345,0.89092203069094345,0
21,100020,Direct_Background_16,B4_Physical_Multiobjective,Direct_Earth_to_Mars,0.89092203069094345,0.89092203069094345,0
21,100020,Direct_Combined_25pctPower_BG16,B1_Shortest_Delay,Direct_Earth_to_Mars,1,0,0
21,100020,Direct_Combined_25pctPower_BG16,B2_Contact_Aware,Direct_Earth_to_Mars,0.90102198459603977,0,0
21,100020,Direct_Combined_25pctPower_BG16,B3_Physical_Success,Earth_Relay1_Mars,0.81184061028061361,0.81184061028061361,1
21,100020,Direct_Combined_25pctPower_BG16,B4_Physical_Multiobjective,Earth_Relay2_Mars,0.40370809717373968,0.81183923105507871,1
21,100020,Direct_Hard_Obstruction,B1_Shortest_Delay,Earth_Relay2_Mars,1,0.81183923105507871,1
21,100020,Direct_Hard_Obstruction,B2_Contact_Aware,Earth_Relay0_Mars,0.8118406167253861,0.81181896143978383,1
21,100020,Direct_Hard_Obstruction,B3_Physical_Success,Earth_Relay1_Mars,0.81184061028061361,0.81184061028061361,1
21,100020,Direct_Hard_Obstruction,B4_Physical_Multiobjective,Earth_Relay2_Mars,0.81183923105507871,0.81183923105507871,1
22,100021,Control,B1_Shortest_Delay,Direct_Earth_to_Mars,1,0.86590835379496933,0
22,100021,Control,B2_Contact_Aware,Direct_Earth_to_Mars,0.8659083538275909,0.86590835379496933,0
22,100021,Control,B3_Physical_Success,Direct_Earth_to_Mars,0.86590835379496933,0.86590835379496933,0
22,100021,Control,B4_Physical_Multiobjective,Direct_Earth_to_Mars,0.86590835379496933,0.86590835379496933,0
22,100021,Direct_Pointing_50pct_Power,B1_Shortest_Delay,Direct_Earth_to_Mars,1,0.85869665889100377,0
22,100021,Direct_Pointing_50pct_Power,B2_Contact_Aware,Direct_Earth_to_Mars,0.8659083538275909,0.85869665889100377,0
22,100021,Direct_Pointing_50pct_Power,B3_Physical_Success,Direct_Earth_to_Mars,0.85869665889100377,0.85869665889100377,0
22,100021,Direct_Pointing_50pct_Power,B4_Physical_Multiobjective,Direct_Earth_to_Mars,0.85869665889100377,0.85869665889100377,0
22,100021,Direct_Pointing_25pct_Power,B1_Shortest_Delay,Direct_Earth_to_Mars,1,0,0
22,100021,Direct_Pointing_25pct_Power,B2_Contact_Aware,Direct_Earth_to_Mars,0.8659083538275909,0,0
22,100021,Direct_Pointing_25pct_Power,B3_Physical_Success,Earth_Relay0_Mars,0.74979727722835843,0.74979727722835843,1
22,100021,Direct_Pointing_25pct_Power,B4_Physical_Multiobjective,Earth_Relay2_Mars,0.37270071114125097,0.74979727715728606,1
22,100021,Direct_Pointing_10pct_Power,B1_Shortest_Delay,Direct_Earth_to_Mars,1,0,0
22,100021,Direct_Pointing_10pct_Power,B2_Contact_Aware,Direct_Earth_to_Mars,0.8659083538275909,0,0
22,100021,Direct_Pointing_10pct_Power,B3_Physical_Success,Earth_Relay0_Mars,0.74979727722835843,0.74979727722835843,1
22,100021,Direct_Pointing_10pct_Power,B4_Physical_Multiobjective,Earth_Relay2_Mars,0.37270071114125097,0.74979727715728606,1
22,100021,Direct_Background_16,B1_Shortest_Delay,Direct_Earth_to_Mars,1,0.86589788662845202,0
22,100021,Direct_Background_16,B2_Contact_Aware,Direct_Earth_to_Mars,0.8659083538275909,0.86589788662845202,0
22,100021,Direct_Background_16,B3_Physical_Success,Direct_Earth_to_Mars,0.86589788662845202,0.86589788662845202,0
22,100021,Direct_Background_16,B4_Physical_Multiobjective,Direct_Earth_to_Mars,0.86589788662845202,0.86589788662845202,0
22,100021,Direct_Combined_25pctPower_BG16,B1_Shortest_Delay,Direct_Earth_to_Mars,1,0,0
22,100021,Direct_Combined_25pctPower_BG16,B2_Contact_Aware,Direct_Earth_to_Mars,0.8659083538275909,0,0
22,100021,Direct_Combined_25pctPower_BG16,B3_Physical_Success,Earth_Relay0_Mars,0.74979727722835843,0.74979727722835843,1
22,100021,Direct_Combined_25pctPower_BG16,B4_Physical_Multiobjective,Earth_Relay2_Mars,0.37270071114125097,0.74979727715728606,1
22,100021,Direct_Hard_Obstruction,B1_Shortest_Delay,Earth_Relay2_Mars,1,0.74979727715728606,1
22,100021,Direct_Hard_Obstruction,B2_Contact_Aware,Earth_Relay0_Mars,0.74979727722840839,0.74979727722835843,1
22,100021,Direct_Hard_Obstruction,B3_Physical_Success,Earth_Relay0_Mars,0.74979727722835843,0.74979727722835843,1
22,100021,Direct_Hard_Obstruction,B4_Physical_Multiobjective,Earth_Relay2_Mars,0.74979727715728606,0.74979727715728606,1
23,100022,Control,B1_Shortest_Delay,Direct_Earth_to_Mars,1,0.85618614364682233,0
23,100022,Control,B2_Contact_Aware,Direct_Earth_to_Mars,0.85618614364682233,0.85618614364682233,0
23,100022,Control,B3_Physical_Success,Direct_Earth_to_Mars,0.85618614364682233,0.85618614364682233,0
23,100022,Control,B4_Physical_Multiobjective,Direct_Earth_to_Mars,0.85618614364682233,0.85618614364682233,0
23,100022,Direct_Pointing_50pct_Power,B1_Shortest_Delay,Direct_Earth_to_Mars,1,0.85618614364129231,0
23,100022,Direct_Pointing_50pct_Power,B2_Contact_Aware,Direct_Earth_to_Mars,0.85618614364682233,0.85618614364129231,0
23,100022,Direct_Pointing_50pct_Power,B3_Physical_Success,Direct_Earth_to_Mars,0.85618614364129231,0.85618614364129231,0
23,100022,Direct_Pointing_50pct_Power,B4_Physical_Multiobjective,Direct_Earth_to_Mars,0.85618614364129231,0.85618614364129231,0
23,100022,Direct_Pointing_25pct_Power,B1_Shortest_Delay,Direct_Earth_to_Mars,1,0.85287976773953322,0
23,100022,Direct_Pointing_25pct_Power,B2_Contact_Aware,Direct_Earth_to_Mars,0.85618614364682233,0.85287976773953322,0
23,100022,Direct_Pointing_25pct_Power,B3_Physical_Success,Direct_Earth_to_Mars,0.85287976773953322,0.85287976773953322,0
23,100022,Direct_Pointing_25pct_Power,B4_Physical_Multiobjective,Direct_Earth_to_Mars,0.85287976773953322,0.85287976773953322,0
23,100022,Direct_Pointing_10pct_Power,B1_Shortest_Delay,Direct_Earth_to_Mars,1,0,0
23,100022,Direct_Pointing_10pct_Power,B2_Contact_Aware,Direct_Earth_to_Mars,0.85618614364682233,0,0
23,100022,Direct_Pointing_10pct_Power,B3_Physical_Success,Earth_Relay1_Mars,0.73305471257281707,0.73305471257281707,1
23,100022,Direct_Pointing_10pct_Power,B4_Physical_Multiobjective,Earth_Relay2_Mars,0.36366526458389792,0.73305471257281707,1
23,100022,Direct_Background_16,B1_Shortest_Delay,Direct_Earth_to_Mars,1,0.85618614364682233,0
23,100022,Direct_Background_16,B2_Contact_Aware,Direct_Earth_to_Mars,0.85618614364682233,0.85618614364682233,0
23,100022,Direct_Background_16,B3_Physical_Success,Direct_Earth_to_Mars,0.85618614364682233,0.85618614364682233,0
23,100022,Direct_Background_16,B4_Physical_Multiobjective,Direct_Earth_to_Mars,0.85618614364682233,0.85618614364682233,0
23,100022,Direct_Combined_25pctPower_BG16,B1_Shortest_Delay,Direct_Earth_to_Mars,1,0,0
23,100022,Direct_Combined_25pctPower_BG16,B2_Contact_Aware,Direct_Earth_to_Mars,0.85618614364682233,0,0
23,100022,Direct_Combined_25pctPower_BG16,B3_Physical_Success,Earth_Relay1_Mars,0.73305471257281707,0.73305471257281707,1
23,100022,Direct_Combined_25pctPower_BG16,B4_Physical_Multiobjective,Earth_Relay2_Mars,0.36366526458389792,0.73305471257281707,1
23,100022,Direct_Hard_Obstruction,B1_Shortest_Delay,Earth_Relay2_Mars,1,0.73305471257281707,1
23,100022,Direct_Hard_Obstruction,B2_Contact_Aware,Earth_Relay1_Mars,0.73305471257281707,0.73305471257281707,1
23,100022,Direct_Hard_Obstruction,B3_Physical_Success,Earth_Relay1_Mars,0.73305471257281707,0.73305471257281707,1
23,100022,Direct_Hard_Obstruction,B4_Physical_Multiobjective,Earth_Relay2_Mars,0.73305471257281707,0.73305471257281707,1
24,100023,Control,B1_Shortest_Delay,Direct_Earth_to_Mars,1,0.95012945515140801,0
24,100023,Control,B2_Contact_Aware,Direct_Earth_to_Mars,0.95012945515140801,0.95012945515140801,0
24,100023,Control,B3_Physical_Success,Direct_Earth_to_Mars,0.95012945515140801,0.95012945515140801,0
24,100023,Control,B4_Physical_Multiobjective,Direct_Earth_to_Mars,0.95012945515140801,0.95012945515140801,0
24,100023,Direct_Pointing_50pct_Power,B1_Shortest_Delay,Direct_Earth_to_Mars,1,0.95012945478482524,0
24,100023,Direct_Pointing_50pct_Power,B2_Contact_Aware,Direct_Earth_to_Mars,0.95012945515140801,0.95012945478482524,0
24,100023,Direct_Pointing_50pct_Power,B3_Physical_Success,Direct_Earth_to_Mars,0.95012945478482524,0.95012945478482524,0
24,100023,Direct_Pointing_50pct_Power,B4_Physical_Multiobjective,Direct_Earth_to_Mars,0.95012945478482524,0.95012945478482524,0
24,100023,Direct_Pointing_25pct_Power,B1_Shortest_Delay,Direct_Earth_to_Mars,1,0.92840481698086752,0
24,100023,Direct_Pointing_25pct_Power,B2_Contact_Aware,Direct_Earth_to_Mars,0.95012945515140801,0.92840481698086752,0
24,100023,Direct_Pointing_25pct_Power,B3_Physical_Success,Direct_Earth_to_Mars,0.92840481698086752,0.92840481698086752,0
24,100023,Direct_Pointing_25pct_Power,B4_Physical_Multiobjective,Direct_Earth_to_Mars,0.92840481698086752,0.92840481698086752,0
24,100023,Direct_Pointing_10pct_Power,B1_Shortest_Delay,Direct_Earth_to_Mars,1,0,0
24,100023,Direct_Pointing_10pct_Power,B2_Contact_Aware,Direct_Earth_to_Mars,0.95012945515140801,0,0
24,100023,Direct_Pointing_10pct_Power,B3_Physical_Success,Earth_Relay1_Mars,0.90274598154631147,0.90274598154631147,1
24,100023,Direct_Pointing_10pct_Power,B4_Physical_Multiobjective,Earth_Relay1_Mars,0.29652700098494877,0.90274598154631147,1
24,100023,Direct_Background_16,B1_Shortest_Delay,Direct_Earth_to_Mars,1,0.95012945515140801,0
24,100023,Direct_Background_16,B2_Contact_Aware,Direct_Earth_to_Mars,0.95012945515140801,0.95012945515140801,0
24,100023,Direct_Background_16,B3_Physical_Success,Direct_Earth_to_Mars,0.95012945515140801,0.95012945515140801,0
24,100023,Direct_Background_16,B4_Physical_Multiobjective,Direct_Earth_to_Mars,0.95012945515140801,0.95012945515140801,0
24,100023,Direct_Combined_25pctPower_BG16,B1_Shortest_Delay,Direct_Earth_to_Mars,1,0,0
24,100023,Direct_Combined_25pctPower_BG16,B2_Contact_Aware,Direct_Earth_to_Mars,0.95012945515140801,0,0
24,100023,Direct_Combined_25pctPower_BG16,B3_Physical_Success,Earth_Relay1_Mars,0.90274598154631147,0.90274598154631147,1
24,100023,Direct_Combined_25pctPower_BG16,B4_Physical_Multiobjective,Earth_Relay1_Mars,0.29652700098494877,0.90274598154631147,1
24,100023,Direct_Hard_Obstruction,B1_Shortest_Delay,Earth_Relay1_Mars,1,0.90274598154631147,1
24,100023,Direct_Hard_Obstruction,B2_Contact_Aware,Earth_Relay1_Mars,0.90274598154631147,0.90274598154631147,1
24,100023,Direct_Hard_Obstruction,B3_Physical_Success,Earth_Relay1_Mars,0.90274598154631147,0.90274598154631147,1
24,100023,Direct_Hard_Obstruction,B4_Physical_Multiobjective,Earth_Relay1_Mars,0.90274598154631147,0.90274598154631147,1
25,100024,Control,B1_Shortest_Delay,Direct_Earth_to_Mars,1,0.83298029195047563,0
25,100024,Control,B2_Contact_Aware,Direct_Earth_to_Mars,0.83298029195047563,0.83298029195047563,0
25,100024,Control,B3_Physical_Success,Direct_Earth_to_Mars,0.83298029195047563,0.83298029195047563,0
25,100024,Control,B4_Physical_Multiobjective,Direct_Earth_to_Mars,0.83298029195047563,0.83298029195047563,0
25,100024,Direct_Pointing_50pct_Power,B1_Shortest_Delay,Direct_Earth_to_Mars,1,0.83298024895566203,0
25,100024,Direct_Pointing_50pct_Power,B2_Contact_Aware,Direct_Earth_to_Mars,0.83298029195047563,0.83298024895566203,0
25,100024,Direct_Pointing_50pct_Power,B3_Physical_Success,Direct_Earth_to_Mars,0.83298024895566203,0.83298024895566203,0
25,100024,Direct_Pointing_50pct_Power,B4_Physical_Multiobjective,Direct_Earth_to_Mars,0.83298024895566203,0.83298024895566203,0
25,100024,Direct_Pointing_25pct_Power,B1_Shortest_Delay,Direct_Earth_to_Mars,1,0.67609517572849487,0
25,100024,Direct_Pointing_25pct_Power,B2_Contact_Aware,Direct_Earth_to_Mars,0.83298029195047563,0.67609517572849487,0
25,100024,Direct_Pointing_25pct_Power,B3_Physical_Success,Earth_Relay0_Mars,0.69385616677789963,0.69385616677789963,1
25,100024,Direct_Pointing_25pct_Power,B4_Physical_Multiobjective,Direct_Earth_to_Mars,0.67609517572849487,0.67609517572849487,0
25,100024,Direct_Pointing_10pct_Power,B1_Shortest_Delay,Direct_Earth_to_Mars,1,0,0
25,100024,Direct_Pointing_10pct_Power,B2_Contact_Aware,Direct_Earth_to_Mars,0.83298029195047563,0,0
25,100024,Direct_Pointing_10pct_Power,B3_Physical_Success,Earth_Relay0_Mars,0.69385616677789963,0.69385616677789963,1
25,100024,Direct_Pointing_10pct_Power,B4_Physical_Multiobjective,Earth_Relay2_Mars,0.34433512008501643,0.69385616677789963,1
25,100024,Direct_Background_16,B1_Shortest_Delay,Direct_Earth_to_Mars,1,0.83298029195045709,0
25,100024,Direct_Background_16,B2_Contact_Aware,Direct_Earth_to_Mars,0.83298029195047563,0.83298029195045709,0
25,100024,Direct_Background_16,B3_Physical_Success,Direct_Earth_to_Mars,0.83298029195045709,0.83298029195045709,0
25,100024,Direct_Background_16,B4_Physical_Multiobjective,Direct_Earth_to_Mars,0.83298029195045709,0.83298029195045709,0
25,100024,Direct_Combined_25pctPower_BG16,B1_Shortest_Delay,Direct_Earth_to_Mars,1,0,0
25,100024,Direct_Combined_25pctPower_BG16,B2_Contact_Aware,Direct_Earth_to_Mars,0.83298029195047563,0,0
25,100024,Direct_Combined_25pctPower_BG16,B3_Physical_Success,Earth_Relay0_Mars,0.69385616677789963,0.69385616677789963,1
25,100024,Direct_Combined_25pctPower_BG16,B4_Physical_Multiobjective,Earth_Relay2_Mars,0.34433512008501643,0.69385616677789963,1
25,100024,Direct_Hard_Obstruction,B1_Shortest_Delay,Earth_Relay2_Mars,1,0.69385616677789963,1
25,100024,Direct_Hard_Obstruction,B2_Contact_Aware,Earth_Relay0_Mars,0.69385616677789963,0.69385616677789963,1
25,100024,Direct_Hard_Obstruction,B3_Physical_Success,Earth_Relay0_Mars,0.69385616677789963,0.69385616677789963,1
25,100024,Direct_Hard_Obstruction,B4_Physical_Multiobjective,Earth_Relay2_Mars,0.69385616677789963,0.69385616677789963,1
26,100025,Control,B1_Shortest_Delay,Direct_Earth_to_Mars,1,0.89311884287328547,0
26,100025,Control,B2_Contact_Aware,Direct_Earth_to_Mars,0.89311996980814345,0.89311884287328547,0
26,100025,Control,B3_Physical_Success,Direct_Earth_to_Mars,0.89311884287328547,0.89311884287328547,0
26,100025,Control,B4_Physical_Multiobjective,Direct_Earth_to_Mars,0.89311884287328547,0.89311884287328547,0
26,100025,Direct_Pointing_50pct_Power,B1_Shortest_Delay,Direct_Earth_to_Mars,1,0.23631867647363738,0
26,100025,Direct_Pointing_50pct_Power,B2_Contact_Aware,Direct_Earth_to_Mars,0.89311996980814345,0.23631867647363738,0
26,100025,Direct_Pointing_50pct_Power,B3_Physical_Success,Earth_Relay0_Mars,0.79766307987810159,0.79766307987810159,1
26,100025,Direct_Pointing_50pct_Power,B4_Physical_Multiobjective,Earth_Relay2_Mars,0.39665517453306759,0.7976609351363817,1
26,100025,Direct_Pointing_25pct_Power,B1_Shortest_Delay,Direct_Earth_to_Mars,1,0,0
26,100025,Direct_Pointing_25pct_Power,B2_Contact_Aware,Direct_Earth_to_Mars,0.89311996980814345,0,0
26,100025,Direct_Pointing_25pct_Power,B3_Physical_Success,Earth_Relay0_Mars,0.79766307987810159,0.79766307987810159,1
26,100025,Direct_Pointing_25pct_Power,B4_Physical_Multiobjective,Earth_Relay2_Mars,0.39665517453306759,0.7976609351363817,1
26,100025,Direct_Pointing_10pct_Power,B1_Shortest_Delay,Direct_Earth_to_Mars,1,0,0
26,100025,Direct_Pointing_10pct_Power,B2_Contact_Aware,Direct_Earth_to_Mars,0.89311996980814345,0,0
26,100025,Direct_Pointing_10pct_Power,B3_Physical_Success,Earth_Relay0_Mars,0.79766307987810159,0.79766307987810159,1
26,100025,Direct_Pointing_10pct_Power,B4_Physical_Multiobjective,Earth_Relay2_Mars,0.39665517453306759,0.7976609351363817,1
26,100025,Direct_Background_16,B1_Shortest_Delay,Direct_Earth_to_Mars,1,0.87870765125657491,0
26,100025,Direct_Background_16,B2_Contact_Aware,Direct_Earth_to_Mars,0.89311996980814345,0.87870765125657491,0
26,100025,Direct_Background_16,B3_Physical_Success,Direct_Earth_to_Mars,0.87870765125657491,0.87870765125657491,0
26,100025,Direct_Background_16,B4_Physical_Multiobjective,Direct_Earth_to_Mars,0.87870765125657491,0.87870765125657491,0
26,100025,Direct_Combined_25pctPower_BG16,B1_Shortest_Delay,Direct_Earth_to_Mars,1,0,0
26,100025,Direct_Combined_25pctPower_BG16,B2_Contact_Aware,Direct_Earth_to_Mars,0.89311996980814345,0,0
26,100025,Direct_Combined_25pctPower_BG16,B3_Physical_Success,Earth_Relay0_Mars,0.79766307987810159,0.79766307987810159,1
26,100025,Direct_Combined_25pctPower_BG16,B4_Physical_Multiobjective,Earth_Relay2_Mars,0.39665517453306759,0.7976609351363817,1
26,100025,Direct_Hard_Obstruction,B1_Shortest_Delay,Earth_Relay2_Mars,1,0.7976609351363817,1
26,100025,Direct_Hard_Obstruction,B2_Contact_Aware,Earth_Relay0_Mars,0.79766328047009905,0.79766307987810159,1
26,100025,Direct_Hard_Obstruction,B3_Physical_Success,Earth_Relay0_Mars,0.79766307987810159,0.79766307987810159,1
26,100025,Direct_Hard_Obstruction,B4_Physical_Multiobjective,Earth_Relay2_Mars,0.7976609351363817,0.7976609351363817,1
27,100026,Control,B1_Shortest_Delay,Direct_Earth_to_Mars,1,0.97287207926014363,0
27,100026,Control,B2_Contact_Aware,Direct_Earth_to_Mars,0.97287207926014363,0.97287207926014363,0
27,100026,Control,B3_Physical_Success,Direct_Earth_to_Mars,0.97287207926014363,0.97287207926014363,0
27,100026,Control,B4_Physical_Multiobjective,Direct_Earth_to_Mars,0.97287207926014363,0.97287207926014363,0
27,100026,Direct_Pointing_50pct_Power,B1_Shortest_Delay,Direct_Earth_to_Mars,1,0.97287207926014363,0
27,100026,Direct_Pointing_50pct_Power,B2_Contact_Aware,Direct_Earth_to_Mars,0.97287207926014363,0.97287207926014363,0
27,100026,Direct_Pointing_50pct_Power,B3_Physical_Success,Direct_Earth_to_Mars,0.97287207926014363,0.97287207926014363,0
27,100026,Direct_Pointing_50pct_Power,B4_Physical_Multiobjective,Direct_Earth_to_Mars,0.97287207926014363,0.97287207926014363,0
27,100026,Direct_Pointing_25pct_Power,B1_Shortest_Delay,Direct_Earth_to_Mars,1,0.97287207926014363,0
27,100026,Direct_Pointing_25pct_Power,B2_Contact_Aware,Direct_Earth_to_Mars,0.97287207926014363,0.97287207926014363,0
27,100026,Direct_Pointing_25pct_Power,B3_Physical_Success,Direct_Earth_to_Mars,0.97287207926014363,0.97287207926014363,0
27,100026,Direct_Pointing_25pct_Power,B4_Physical_Multiobjective,Direct_Earth_to_Mars,0.97287207926014363,0.97287207926014363,0
27,100026,Direct_Pointing_10pct_Power,B1_Shortest_Delay,Direct_Earth_to_Mars,1,0.97235535433994091,0
27,100026,Direct_Pointing_10pct_Power,B2_Contact_Aware,Direct_Earth_to_Mars,0.97287207926014363,0.97235535433994091,0
27,100026,Direct_Pointing_10pct_Power,B3_Physical_Success,Direct_Earth_to_Mars,0.97235535433994091,0.97235535433994091,0
27,100026,Direct_Pointing_10pct_Power,B4_Physical_Multiobjective,Direct_Earth_to_Mars,0.97235535433994091,0.97235535433994091,0
27,100026,Direct_Background_16,B1_Shortest_Delay,Direct_Earth_to_Mars,1,0.97287207926014363,0
27,100026,Direct_Background_16,B2_Contact_Aware,Direct_Earth_to_Mars,0.97287207926014363,0.97287207926014363,0
27,100026,Direct_Background_16,B3_Physical_Success,Direct_Earth_to_Mars,0.97287207926014363,0.97287207926014363,0
27,100026,Direct_Background_16,B4_Physical_Multiobjective,Direct_Earth_to_Mars,0.97287207926014363,0.97287207926014363,0
27,100026,Direct_Combined_25pctPower_BG16,B1_Shortest_Delay,Direct_Earth_to_Mars,1,0.97287207924529351,0
27,100026,Direct_Combined_25pctPower_BG16,B2_Contact_Aware,Direct_Earth_to_Mars,0.97287207926014363,0.97287207924529351,0
27,100026,Direct_Combined_25pctPower_BG16,B3_Physical_Success,Direct_Earth_to_Mars,0.97287207924529351,0.97287207924529351,0
27,100026,Direct_Combined_25pctPower_BG16,B4_Physical_Multiobjective,Direct_Earth_to_Mars,0.97287207924529351,0.97287207924529351,0
27,100026,Direct_Hard_Obstruction,B1_Shortest_Delay,Earth_Relay2_Mars,1,0.94648008260395522,1
27,100026,Direct_Hard_Obstruction,B2_Contact_Aware,Earth_Relay0_Mars,0.94648008260395522,0.94648008260395522,1
27,100026,Direct_Hard_Obstruction,B3_Physical_Success,Earth_Relay0_Mars,0.94648008260395522,0.94648008260395522,1
27,100026,Direct_Hard_Obstruction,B4_Physical_Multiobjective,Earth_Relay2_Mars,0.94648008260395522,0.94648008260395522,1
28,100027,Control,B1_Shortest_Delay,Direct_Earth_to_Mars,1,0.81137850097457098,0
28,100027,Control,B2_Contact_Aware,Direct_Earth_to_Mars,0.811386381915705,0.81137850097457098,0
28,100027,Control,B3_Physical_Success,Direct_Earth_to_Mars,0.81137850097457098,0.81137850097457098,0
28,100027,Control,B4_Physical_Multiobjective,Direct_Earth_to_Mars,0.81137850097457098,0.81137850097457098,0
28,100027,Direct_Pointing_50pct_Power,B1_Shortest_Delay,Direct_Earth_to_Mars,1,0,0
28,100027,Direct_Pointing_50pct_Power,B2_Contact_Aware,Direct_Earth_to_Mars,0.811386381915705,0,0
28,100027,Direct_Pointing_50pct_Power,B3_Physical_Success,Earth_Relay2_Mars,0.65833327787450113,0.65833327787450113,1
28,100027,Direct_Pointing_50pct_Power,B4_Physical_Multiobjective,Earth_Relay2_Mars,0.32749835057011945,0.65833327787450113,1
28,100027,Direct_Pointing_25pct_Power,B1_Shortest_Delay,Direct_Earth_to_Mars,1,0,0
28,100027,Direct_Pointing_25pct_Power,B2_Contact_Aware,Direct_Earth_to_Mars,0.811386381915705,0,0
28,100027,Direct_Pointing_25pct_Power,B3_Physical_Success,Earth_Relay2_Mars,0.65833327787450113,0.65833327787450113,1
28,100027,Direct_Pointing_25pct_Power,B4_Physical_Multiobjective,Earth_Relay2_Mars,0.32749835057011945,0.65833327787450113,1
28,100027,Direct_Pointing_10pct_Power,B1_Shortest_Delay,Direct_Earth_to_Mars,1,0,0
28,100027,Direct_Pointing_10pct_Power,B2_Contact_Aware,Direct_Earth_to_Mars,0.811386381915705,0,0
28,100027,Direct_Pointing_10pct_Power,B3_Physical_Success,Earth_Relay2_Mars,0.65833327787450113,0.65833327787450113,1
28,100027,Direct_Pointing_10pct_Power,B4_Physical_Multiobjective,Earth_Relay2_Mars,0.32749835057011945,0.65833327787450113,1
28,100027,Direct_Background_16,B1_Shortest_Delay,Direct_Earth_to_Mars,1,0.76072307407940498,0
28,100027,Direct_Background_16,B2_Contact_Aware,Direct_Earth_to_Mars,0.811386381915705,0.76072307407940498,0
28,100027,Direct_Background_16,B3_Physical_Success,Direct_Earth_to_Mars,0.76072307407940498,0.76072307407940498,0
28,100027,Direct_Background_16,B4_Physical_Multiobjective,Direct_Earth_to_Mars,0.76072307407940498,0.76072307407940498,0
28,100027,Direct_Combined_25pctPower_BG16,B1_Shortest_Delay,Direct_Earth_to_Mars,1,0,0
28,100027,Direct_Combined_25pctPower_BG16,B2_Contact_Aware,Direct_Earth_to_Mars,0.811386381915705,0,0
28,100027,Direct_Combined_25pctPower_BG16,B3_Physical_Success,Earth_Relay2_Mars,0.65833327787450113,0.65833327787450113,1
28,100027,Direct_Combined_25pctPower_BG16,B4_Physical_Multiobjective,Earth_Relay2_Mars,0.32749835057011945,0.65833327787450113,1
28,100027,Direct_Hard_Obstruction,B1_Shortest_Delay,Earth_Relay2_Mars,1,0.65833327787450113,1
28,100027,Direct_Hard_Obstruction,B2_Contact_Aware,Earth_Relay2_Mars,0.65834786075825835,0.65833327787450113,1
28,100027,Direct_Hard_Obstruction,B3_Physical_Success,Earth_Relay2_Mars,0.65833327787450113,0.65833327787450113,1
28,100027,Direct_Hard_Obstruction,B4_Physical_Multiobjective,Earth_Relay2_Mars,0.65833327787450113,0.65833327787450113,1
29,100028,Control,B1_Shortest_Delay,Direct_Earth_to_Mars,1,0.98359919600037971,0
29,100028,Control,B2_Contact_Aware,Direct_Earth_to_Mars,0.98360156737715587,0.98359919600037971,0
29,100028,Control,B3_Physical_Success,Direct_Earth_to_Mars,0.98359919600037971,0.98359919600037971,0
29,100028,Control,B4_Physical_Multiobjective,Direct_Earth_to_Mars,0.98359919600037971,0.98359919600037971,0
29,100028,Direct_Pointing_50pct_Power,B1_Shortest_Delay,Direct_Earth_to_Mars,1,0.031962687514183671,0
29,100028,Direct_Pointing_50pct_Power,B2_Contact_Aware,Direct_Earth_to_Mars,0.98360156737715587,0.031962687514183671,0
29,100028,Direct_Pointing_50pct_Power,B3_Physical_Success,Earth_Relay0_Mars,0.96747066191965647,0.96747066191965647,1
29,100028,Direct_Pointing_50pct_Power,B4_Physical_Multiobjective,Earth_Relay0_Mars,0.41186803326955979,0.96747066191965647,1
29,100028,Direct_Pointing_25pct_Power,B1_Shortest_Delay,Direct_Earth_to_Mars,1,0,0
29,100028,Direct_Pointing_25pct_Power,B2_Contact_Aware,Direct_Earth_to_Mars,0.98360156737715587,0,0
29,100028,Direct_Pointing_25pct_Power,B3_Physical_Success,Earth_Relay0_Mars,0.96747066191965647,0.96747066191965647,1
29,100028,Direct_Pointing_25pct_Power,B4_Physical_Multiobjective,Earth_Relay0_Mars,0.41186803326955979,0.96747066191965647,1
29,100028,Direct_Pointing_10pct_Power,B1_Shortest_Delay,Direct_Earth_to_Mars,1,0,0
29,100028,Direct_Pointing_10pct_Power,B2_Contact_Aware,Direct_Earth_to_Mars,0.98360156737715587,0,0
29,100028,Direct_Pointing_10pct_Power,B3_Physical_Success,Earth_Relay0_Mars,0.96747066191965647,0.96747066191965647,1
29,100028,Direct_Pointing_10pct_Power,B4_Physical_Multiobjective,Earth_Relay0_Mars,0.41186803326955979,0.96747066191965647,1
29,100028,Direct_Background_16,B1_Shortest_Delay,Direct_Earth_to_Mars,1,0.95916188078803433,0
29,100028,Direct_Background_16,B2_Contact_Aware,Direct_Earth_to_Mars,0.98360156737715587,0.95916188078803433,0
29,100028,Direct_Background_16,B3_Physical_Success,Earth_Relay0_Mars,0.96747066191965647,0.96747066191965647,1
29,100028,Direct_Background_16,B4_Physical_Multiobjective,Direct_Earth_to_Mars,0.95916188078803433,0.95916188078803433,0
29,100028,Direct_Combined_25pctPower_BG16,B1_Shortest_Delay,Direct_Earth_to_Mars,1,0,0
29,100028,Direct_Combined_25pctPower_BG16,B2_Contact_Aware,Direct_Earth_to_Mars,0.98360156737715587,0,0
29,100028,Direct_Combined_25pctPower_BG16,B3_Physical_Success,Earth_Relay0_Mars,0.96747066191965647,0.96747066191965647,1
29,100028,Direct_Combined_25pctPower_BG16,B4_Physical_Multiobjective,Earth_Relay0_Mars,0.41186803326955979,0.96747066191965647,1
29,100028,Direct_Hard_Obstruction,B1_Shortest_Delay,Earth_Relay0_Mars,1,0.96747066191965647,1
29,100028,Direct_Hard_Obstruction,B2_Contact_Aware,Earth_Relay0_Mars,0.96747204334679771,0.96747066191965647,1
29,100028,Direct_Hard_Obstruction,B3_Physical_Success,Earth_Relay0_Mars,0.96747066191965647,0.96747066191965647,1
29,100028,Direct_Hard_Obstruction,B4_Physical_Multiobjective,Earth_Relay0_Mars,0.96747066191965647,0.96747066191965647,1
30,100029,Control,B1_Shortest_Delay,Direct_Earth_to_Mars,1,0.90648948760529491,0
30,100029,Control,B2_Contact_Aware,Direct_Earth_to_Mars,0.90648948760529491,0.90648948760529491,0
30,100029,Control,B3_Physical_Success,Direct_Earth_to_Mars,0.90648948760529491,0.90648948760529491,0
30,100029,Control,B4_Physical_Multiobjective,Direct_Earth_to_Mars,0.90648948760529491,0.90648948760529491,0
30,100029,Direct_Pointing_50pct_Power,B1_Shortest_Delay,Direct_Earth_to_Mars,1,0.90647961500473628,0
30,100029,Direct_Pointing_50pct_Power,B2_Contact_Aware,Direct_Earth_to_Mars,0.90648948760529491,0.90647961500473628,0
30,100029,Direct_Pointing_50pct_Power,B3_Physical_Success,Direct_Earth_to_Mars,0.90647961500473628,0.90647961500473628,0
30,100029,Direct_Pointing_50pct_Power,B4_Physical_Multiobjective,Direct_Earth_to_Mars,0.90647961500473628,0.90647961500473628,0
30,100029,Direct_Pointing_25pct_Power,B1_Shortest_Delay,Direct_Earth_to_Mars,1,0,0
30,100029,Direct_Pointing_25pct_Power,B2_Contact_Aware,Direct_Earth_to_Mars,0.90648948760529491,0,0
30,100029,Direct_Pointing_25pct_Power,B3_Physical_Success,Earth_Relay1_Mars,0.82172319113891013,0.82172319113891013,1
30,100029,Direct_Pointing_25pct_Power,B4_Physical_Multiobjective,Earth_Relay2_Mars,0.40817533195343014,0.82172319113891013,1
30,100029,Direct_Pointing_10pct_Power,B1_Shortest_Delay,Direct_Earth_to_Mars,1,0,0
30,100029,Direct_Pointing_10pct_Power,B2_Contact_Aware,Direct_Earth_to_Mars,0.90648948760529491,0,0
30,100029,Direct_Pointing_10pct_Power,B3_Physical_Success,Earth_Relay1_Mars,0.82172319113891013,0.82172319113891013,1
30,100029,Direct_Pointing_10pct_Power,B4_Physical_Multiobjective,Earth_Relay2_Mars,0.40817533195343014,0.82172319113891013,1
30,100029,Direct_Background_16,B1_Shortest_Delay,Direct_Earth_to_Mars,1,0.90648948742634528,0
30,100029,Direct_Background_16,B2_Contact_Aware,Direct_Earth_to_Mars,0.90648948760529491,0.90648948742634528,0
30,100029,Direct_Background_16,B3_Physical_Success,Direct_Earth_to_Mars,0.90648948742634528,0.90648948742634528,0
30,100029,Direct_Background_16,B4_Physical_Multiobjective,Direct_Earth_to_Mars,0.90648948742634528,0.90648948742634528,0
30,100029,Direct_Combined_25pctPower_BG16,B1_Shortest_Delay,Direct_Earth_to_Mars,1,0,0
30,100029,Direct_Combined_25pctPower_BG16,B2_Contact_Aware,Direct_Earth_to_Mars,0.90648948760529491,0,0
30,100029,Direct_Combined_25pctPower_BG16,B3_Physical_Success,Earth_Relay1_Mars,0.82172319113891013,0.82172319113891013,1
30,100029,Direct_Combined_25pctPower_BG16,B4_Physical_Multiobjective,Earth_Relay2_Mars,0.40817533195343014,0.82172319113891013,1
30,100029,Direct_Hard_Obstruction,B1_Shortest_Delay,Earth_Relay2_Mars,1,0.82172319113891013,1
30,100029,Direct_Hard_Obstruction,B2_Contact_Aware,Earth_Relay0_Mars,0.82172319113891013,0.82172319113815417,1
30,100029,Direct_Hard_Obstruction,B3_Physical_Success,Earth_Relay1_Mars,0.82172319113891013,0.82172319113891013,1
30,100029,Direct_Hard_Obstruction,B4_Physical_Multiobjective,Earth_Relay2_Mars,0.82172319113891013,0.82172319113891013,1
31,100030,Control,B1_Shortest_Delay,Direct_Earth_to_Mars,1,0.992954432683125,0
31,100030,Control,B2_Contact_Aware,Direct_Earth_to_Mars,0.99295512687010901,0.992954432683125,0
31,100030,Control,B3_Physical_Success,Direct_Earth_to_Mars,0.992954432683125,0.992954432683125,0
31,100030,Control,B4_Physical_Multiobjective,Direct_Earth_to_Mars,0.992954432683125,0.992954432683125,0
31,100030,Direct_Pointing_50pct_Power,B1_Shortest_Delay,Direct_Earth_to_Mars,1,0.42463204481389172,0
31,100030,Direct_Pointing_50pct_Power,B2_Contact_Aware,Direct_Earth_to_Mars,0.99295512687010901,0.42463204481389172,0
31,100030,Direct_Pointing_50pct_Power,B3_Physical_Success,Earth_Relay0_Mars,0.98595966520259404,0.98595966520259404,1
31,100030,Direct_Pointing_50pct_Power,B4_Physical_Multiobjective,Earth_Relay2_Mars,0.49033403352997879,0.98595827470616704,1
31,100030,Direct_Pointing_25pct_Power,B1_Shortest_Delay,Direct_Earth_to_Mars,1,0,0
31,100030,Direct_Pointing_25pct_Power,B2_Contact_Aware,Direct_Earth_to_Mars,0.99295512687010901,0,0
31,100030,Direct_Pointing_25pct_Power,B3_Physical_Success,Earth_Relay0_Mars,0.98595966520259404,0.98595966520259404,1
31,100030,Direct_Pointing_25pct_Power,B4_Physical_Multiobjective,Earth_Relay2_Mars,0.49033403352997879,0.98595827470616704,1
31,100030,Direct_Pointing_10pct_Power,B1_Shortest_Delay,Direct_Earth_to_Mars,1,0,0
31,100030,Direct_Pointing_10pct_Power,B2_Contact_Aware,Direct_Earth_to_Mars,0.99295512687010901,0,0
31,100030,Direct_Pointing_10pct_Power,B3_Physical_Success,Earth_Relay0_Mars,0.98595966520259404,0.98595966520259404,1
31,100030,Direct_Pointing_10pct_Power,B4_Physical_Multiobjective,Earth_Relay2_Mars,0.49033403352997879,0.98595827470616704,1
31,100030,Direct_Background_16,B1_Shortest_Delay,Direct_Earth_to_Mars,1,0.98216554636948172,0
31,100030,Direct_Background_16,B2_Contact_Aware,Direct_Earth_to_Mars,0.99295512687010901,0.98216554636948172,0
31,100030,Direct_Background_16,B3_Physical_Success,Earth_Relay0_Mars,0.98595966520259404,0.98595966520259404,1
31,100030,Direct_Background_16,B4_Physical_Multiobjective,Direct_Earth_to_Mars,0.98216554636948172,0.98216554636948172,0
31,100030,Direct_Combined_25pctPower_BG16,B1_Shortest_Delay,Direct_Earth_to_Mars,1,0,0
31,100030,Direct_Combined_25pctPower_BG16,B2_Contact_Aware,Direct_Earth_to_Mars,0.99295512687010901,0,0
31,100030,Direct_Combined_25pctPower_BG16,B3_Physical_Success,Earth_Relay0_Mars,0.98595966520259404,0.98595966520259404,1
31,100030,Direct_Combined_25pctPower_BG16,B4_Physical_Multiobjective,Earth_Relay2_Mars,0.49033403352997879,0.98595827470616704,1
31,100030,Direct_Hard_Obstruction,B1_Shortest_Delay,Earth_Relay2_Mars,1,0.98595827470616704,1
31,100030,Direct_Hard_Obstruction,B2_Contact_Aware,Earth_Relay0_Mars,0.98595988397763423,0.98595966520259404,1
31,100030,Direct_Hard_Obstruction,B3_Physical_Success,Earth_Relay0_Mars,0.98595966520259404,0.98595966520259404,1
31,100030,Direct_Hard_Obstruction,B4_Physical_Multiobjective,Earth_Relay2_Mars,0.98595827470616704,0.98595827470616704,1
32,100031,Control,B1_Shortest_Delay,Direct_Earth_to_Mars,1,0.98802097086297014,0
32,100031,Control,B2_Contact_Aware,Direct_Earth_to_Mars,0.98802097086297014,0.98802097086297014,0
32,100031,Control,B3_Physical_Success,Direct_Earth_to_Mars,0.98802097086297014,0.98802097086297014,0
32,100031,Control,B4_Physical_Multiobjective,Direct_Earth_to_Mars,0.98802097086297014,0.98802097086297014,0
32,100031,Direct_Pointing_50pct_Power,B1_Shortest_Delay,Direct_Earth_to_Mars,1,0.98802097086297014,0
32,100031,Direct_Pointing_50pct_Power,B2_Contact_Aware,Direct_Earth_to_Mars,0.98802097086297014,0.98802097086297014,0
32,100031,Direct_Pointing_50pct_Power,B3_Physical_Success,Direct_Earth_to_Mars,0.98802097086297014,0.98802097086297014,0
32,100031,Direct_Pointing_50pct_Power,B4_Physical_Multiobjective,Direct_Earth_to_Mars,0.98802097086297014,0.98802097086297014,0
32,100031,Direct_Pointing_25pct_Power,B1_Shortest_Delay,Direct_Earth_to_Mars,1,0.98802097086297014,0
32,100031,Direct_Pointing_25pct_Power,B2_Contact_Aware,Direct_Earth_to_Mars,0.98802097086297014,0.98802097086297014,0
32,100031,Direct_Pointing_25pct_Power,B3_Physical_Success,Direct_Earth_to_Mars,0.98802097086297014,0.98802097086297014,0
32,100031,Direct_Pointing_25pct_Power,B4_Physical_Multiobjective,Direct_Earth_to_Mars,0.98802097086297014,0.98802097086297014,0
32,100031,Direct_Pointing_10pct_Power,B1_Shortest_Delay,Direct_Earth_to_Mars,1,0.98802097086297014,0
32,100031,Direct_Pointing_10pct_Power,B2_Contact_Aware,Direct_Earth_to_Mars,0.98802097086297014,0.98802097086297014,0
32,100031,Direct_Pointing_10pct_Power,B3_Physical_Success,Direct_Earth_to_Mars,0.98802097086297014,0.98802097086297014,0
32,100031,Direct_Pointing_10pct_Power,B4_Physical_Multiobjective,Direct_Earth_to_Mars,0.98802097086297014,0.98802097086297014,0
32,100031,Direct_Background_16,B1_Shortest_Delay,Direct_Earth_to_Mars,1,0.98802097086297014,0
32,100031,Direct_Background_16,B2_Contact_Aware,Direct_Earth_to_Mars,0.98802097086297014,0.98802097086297014,0
32,100031,Direct_Background_16,B3_Physical_Success,Direct_Earth_to_Mars,0.98802097086297014,0.98802097086297014,0
32,100031,Direct_Background_16,B4_Physical_Multiobjective,Direct_Earth_to_Mars,0.98802097086297014,0.98802097086297014,0
32,100031,Direct_Combined_25pctPower_BG16,B1_Shortest_Delay,Direct_Earth_to_Mars,1,0.98802097086297014,0
32,100031,Direct_Combined_25pctPower_BG16,B2_Contact_Aware,Direct_Earth_to_Mars,0.98802097086297014,0.98802097086297014,0
32,100031,Direct_Combined_25pctPower_BG16,B3_Physical_Success,Direct_Earth_to_Mars,0.98802097086297014,0.98802097086297014,0
32,100031,Direct_Combined_25pctPower_BG16,B4_Physical_Multiobjective,Direct_Earth_to_Mars,0.98802097086297014,0.98802097086297014,0
32,100031,Direct_Hard_Obstruction,B1_Shortest_Delay,Earth_Relay2_Mars,1,0.97618543886500608,1
32,100031,Direct_Hard_Obstruction,B2_Contact_Aware,Earth_Relay0_Mars,0.97618543886500608,0.97618543886500608,1
32,100031,Direct_Hard_Obstruction,B3_Physical_Success,Earth_Relay0_Mars,0.97618543886500608,0.97618543886500608,1
32,100031,Direct_Hard_Obstruction,B4_Physical_Multiobjective,Earth_Relay2_Mars,0.97618543886500608,0.97618543886500608,1
33,100032,Control,B1_Shortest_Delay,Direct_Earth_to_Mars,1,0.98552439763673538,0
33,100032,Control,B2_Contact_Aware,Direct_Earth_to_Mars,0.98552483837518501,0.98552439763673538,0
33,100032,Control,B3_Physical_Success,Direct_Earth_to_Mars,0.98552439763673538,0.98552439763673538,0
33,100032,Control,B4_Physical_Multiobjective,Direct_Earth_to_Mars,0.98552439763673538,0.98552439763673538,0
33,100032,Direct_Pointing_50pct_Power,B1_Shortest_Delay,Direct_Earth_to_Mars,1,0.51904312281583032,0
33,100032,Direct_Pointing_50pct_Power,B2_Contact_Aware,Direct_Earth_to_Mars,0.98552483837518501,0.51904312281583032,0
33,100032,Direct_Pointing_50pct_Power,B3_Physical_Success,Earth_Relay0_Mars,0.97125894997998929,0.97125894997998929,1
33,100032,Direct_Pointing_50pct_Power,B4_Physical_Multiobjective,Direct_Earth_to_Mars,0.51904312281583032,0.51904312281583032,0
33,100032,Direct_Pointing_25pct_Power,B1_Shortest_Delay,Direct_Earth_to_Mars,1,0,0
33,100032,Direct_Pointing_25pct_Power,B2_Contact_Aware,Direct_Earth_to_Mars,0.98552483837518501,0,0
33,100032,Direct_Pointing_25pct_Power,B3_Physical_Success,Earth_Relay0_Mars,0.97125894997998929,0.97125894997998929,1
33,100032,Direct_Pointing_25pct_Power,B4_Physical_Multiobjective,Earth_Relay2_Mars,0.48307651860965062,0.9712581926099646,1
33,100032,Direct_Pointing_10pct_Power,B1_Shortest_Delay,Direct_Earth_to_Mars,1,0,0
33,100032,Direct_Pointing_10pct_Power,B2_Contact_Aware,Direct_Earth_to_Mars,0.98552483837518501,0,0
33,100032,Direct_Pointing_10pct_Power,B3_Physical_Success,Earth_Relay0_Mars,0.97125894997998929,0.97125894997998929,1
33,100032,Direct_Pointing_10pct_Power,B4_Physical_Multiobjective,Earth_Relay2_Mars,0.48307651860965062,0.9712581926099646,1
33,100032,Direct_Background_16,B1_Shortest_Delay,Direct_Earth_to_Mars,1,0.9775943519022543,0
33,100032,Direct_Background_16,B2_Contact_Aware,Direct_Earth_to_Mars,0.98552483837518501,0.9775943519022543,0
33,100032,Direct_Background_16,B3_Physical_Success,Direct_Earth_to_Mars,0.9775943519022543,0.9775943519022543,0
33,100032,Direct_Background_16,B4_Physical_Multiobjective,Direct_Earth_to_Mars,0.9775943519022543,0.9775943519022543,0
33,100032,Direct_Combined_25pctPower_BG16,B1_Shortest_Delay,Direct_Earth_to_Mars,1,0,0
33,100032,Direct_Combined_25pctPower_BG16,B2_Contact_Aware,Direct_Earth_to_Mars,0.98552483837518501,0,0
33,100032,Direct_Combined_25pctPower_BG16,B3_Physical_Success,Earth_Relay0_Mars,0.97125894997998929,0.97125894997998929,1
33,100032,Direct_Combined_25pctPower_BG16,B4_Physical_Multiobjective,Earth_Relay2_Mars,0.48307651860965062,0.9712581926099646,1
33,100032,Direct_Hard_Obstruction,B1_Shortest_Delay,Earth_Relay2_Mars,1,0.9712581926099646,1
33,100032,Direct_Hard_Obstruction,B2_Contact_Aware,Earth_Relay0_Mars,0.97125920705443458,0.97125894997998929,1
33,100032,Direct_Hard_Obstruction,B3_Physical_Success,Earth_Relay0_Mars,0.97125894997998929,0.97125894997998929,1
33,100032,Direct_Hard_Obstruction,B4_Physical_Multiobjective,Earth_Relay2_Mars,0.9712581926099646,0.9712581926099646,1
34,100033,Control,B1_Shortest_Delay,Direct_Earth_to_Mars,1,0.88845660568834739,0
34,100033,Control,B2_Contact_Aware,Direct_Earth_to_Mars,0.88845660568834739,0.88845660568834739,0
34,100033,Control,B3_Physical_Success,Direct_Earth_to_Mars,0.88845660568834739,0.88845660568834739,0
34,100033,Control,B4_Physical_Multiobjective,Direct_Earth_to_Mars,0.88845660568834739,0.88845660568834739,0
34,100033,Direct_Pointing_50pct_Power,B1_Shortest_Delay,Direct_Earth_to_Mars,1,0.88845660568834739,0
34,100033,Direct_Pointing_50pct_Power,B2_Contact_Aware,Direct_Earth_to_Mars,0.88845660568834739,0.88845660568834739,0
34,100033,Direct_Pointing_50pct_Power,B3_Physical_Success,Direct_Earth_to_Mars,0.88845660568834739,0.88845660568834739,0
34,100033,Direct_Pointing_50pct_Power,B4_Physical_Multiobjective,Direct_Earth_to_Mars,0.88845660568834739,0.88845660568834739,0
34,100033,Direct_Pointing_25pct_Power,B1_Shortest_Delay,Direct_Earth_to_Mars,1,0.88845660568834739,0
34,100033,Direct_Pointing_25pct_Power,B2_Contact_Aware,Direct_Earth_to_Mars,0.88845660568834739,0.88845660568834739,0
34,100033,Direct_Pointing_25pct_Power,B3_Physical_Success,Direct_Earth_to_Mars,0.88845660568834739,0.88845660568834739,0
34,100033,Direct_Pointing_25pct_Power,B4_Physical_Multiobjective,Direct_Earth_to_Mars,0.88845660568834739,0.88845660568834739,0
34,100033,Direct_Pointing_10pct_Power,B1_Shortest_Delay,Direct_Earth_to_Mars,1,0.88845660568834739,0
34,100033,Direct_Pointing_10pct_Power,B2_Contact_Aware,Direct_Earth_to_Mars,0.88845660568834739,0.88845660568834739,0
34,100033,Direct_Pointing_10pct_Power,B3_Physical_Success,Direct_Earth_to_Mars,0.88845660568834739,0.88845660568834739,0
34,100033,Direct_Pointing_10pct_Power,B4_Physical_Multiobjective,Direct_Earth_to_Mars,0.88845660568834739,0.88845660568834739,0
34,100033,Direct_Background_16,B1_Shortest_Delay,Direct_Earth_to_Mars,1,0.88845660568834739,0
34,100033,Direct_Background_16,B2_Contact_Aware,Direct_Earth_to_Mars,0.88845660568834739,0.88845660568834739,0
34,100033,Direct_Background_16,B3_Physical_Success,Direct_Earth_to_Mars,0.88845660568834739,0.88845660568834739,0
34,100033,Direct_Background_16,B4_Physical_Multiobjective,Direct_Earth_to_Mars,0.88845660568834739,0.88845660568834739,0
34,100033,Direct_Combined_25pctPower_BG16,B1_Shortest_Delay,Direct_Earth_to_Mars,1,0.88845660568834739,0
34,100033,Direct_Combined_25pctPower_BG16,B2_Contact_Aware,Direct_Earth_to_Mars,0.88845660568834739,0.88845660568834739,0
34,100033,Direct_Combined_25pctPower_BG16,B3_Physical_Success,Direct_Earth_to_Mars,0.88845660568834739,0.88845660568834739,0
34,100033,Direct_Combined_25pctPower_BG16,B4_Physical_Multiobjective,Direct_Earth_to_Mars,0.88845660568834739,0.88845660568834739,0
34,100033,Direct_Hard_Obstruction,B1_Shortest_Delay,Earth_Relay2_Mars,1,0.78935514019125963,1
34,100033,Direct_Hard_Obstruction,B2_Contact_Aware,Earth_Relay0_Mars,0.78935514019125963,0.78935514019125963,1
34,100033,Direct_Hard_Obstruction,B3_Physical_Success,Earth_Relay0_Mars,0.78935514019125963,0.78935514019125963,1
34,100033,Direct_Hard_Obstruction,B4_Physical_Multiobjective,Earth_Relay2_Mars,0.78935514019125963,0.78935514019125963,1
35,100034,Control,B1_Shortest_Delay,Direct_Earth_to_Mars,1,0.85932753571367226,0
35,100034,Control,B2_Contact_Aware,Direct_Earth_to_Mars,0.85932753571367226,0.85932753571367226,0
35,100034,Control,B3_Physical_Success,Direct_Earth_to_Mars,0.85932753571367226,0.85932753571367226,0
35,100034,Control,B4_Physical_Multiobjective,Direct_Earth_to_Mars,0.85932753571367226,0.85932753571367226,0
35,100034,Direct_Pointing_50pct_Power,B1_Shortest_Delay,Direct_Earth_to_Mars,1,0.85932753571367226,0
35,100034,Direct_Pointing_50pct_Power,B2_Contact_Aware,Direct_Earth_to_Mars,0.85932753571367226,0.85932753571367226,0
35,100034,Direct_Pointing_50pct_Power,B3_Physical_Success,Direct_Earth_to_Mars,0.85932753571367226,0.85932753571367226,0
35,100034,Direct_Pointing_50pct_Power,B4_Physical_Multiobjective,Direct_Earth_to_Mars,0.85932753571367226,0.85932753571367226,0
35,100034,Direct_Pointing_25pct_Power,B1_Shortest_Delay,Direct_Earth_to_Mars,1,0.85932753536452322,0
35,100034,Direct_Pointing_25pct_Power,B2_Contact_Aware,Direct_Earth_to_Mars,0.85932753571367226,0.85932753536452322,0
35,100034,Direct_Pointing_25pct_Power,B3_Physical_Success,Direct_Earth_to_Mars,0.85932753536452322,0.85932753536452322,0
35,100034,Direct_Pointing_25pct_Power,B4_Physical_Multiobjective,Direct_Earth_to_Mars,0.85932753536452322,0.85932753536452322,0
35,100034,Direct_Pointing_10pct_Power,B1_Shortest_Delay,Direct_Earth_to_Mars,1,0.37092824180983713,0
35,100034,Direct_Pointing_10pct_Power,B2_Contact_Aware,Direct_Earth_to_Mars,0.85932753571367226,0.37092824180983713,0
35,100034,Direct_Pointing_10pct_Power,B3_Physical_Success,Earth_Relay0_Mars,0.73844381363573264,0.73844381363573264,1
35,100034,Direct_Pointing_10pct_Power,B4_Physical_Multiobjective,Direct_Earth_to_Mars,0.37092824180983713,0.37092824180983713,0
35,100034,Direct_Background_16,B1_Shortest_Delay,Direct_Earth_to_Mars,1,0.85932753571367226,0
35,100034,Direct_Background_16,B2_Contact_Aware,Direct_Earth_to_Mars,0.85932753571367226,0.85932753571367226,0
35,100034,Direct_Background_16,B3_Physical_Success,Direct_Earth_to_Mars,0.85932753571367226,0.85932753571367226,0
35,100034,Direct_Background_16,B4_Physical_Multiobjective,Direct_Earth_to_Mars,0.85932753571367226,0.85932753571367226,0
35,100034,Direct_Combined_25pctPower_BG16,B1_Shortest_Delay,Direct_Earth_to_Mars,1,0.85927183474016322,0
35,100034,Direct_Combined_25pctPower_BG16,B2_Contact_Aware,Direct_Earth_to_Mars,0.85932753571367226,0.85927183474016322,0
35,100034,Direct_Combined_25pctPower_BG16,B3_Physical_Success,Direct_Earth_to_Mars,0.85927183474016322,0.85927183474016322,0
35,100034,Direct_Combined_25pctPower_BG16,B4_Physical_Multiobjective,Direct_Earth_to_Mars,0.85927183474016322,0.85927183474016322,0
35,100034,Direct_Hard_Obstruction,B1_Shortest_Delay,Earth_Relay2_Mars,1,0.73844381363573264,1
35,100034,Direct_Hard_Obstruction,B2_Contact_Aware,Earth_Relay0_Mars,0.73844381363573264,0.73844381363573264,1
35,100034,Direct_Hard_Obstruction,B3_Physical_Success,Earth_Relay0_Mars,0.73844381363573264,0.73844381363573264,1
35,100034,Direct_Hard_Obstruction,B4_Physical_Multiobjective,Earth_Relay2_Mars,0.73844381363573264,0.73844381363573264,1
36,100035,Control,B1_Shortest_Delay,Direct_Earth_to_Mars,1,0.97864800453092804,0
36,100035,Control,B2_Contact_Aware,Direct_Earth_to_Mars,0.97878465874309561,0.97864800453092804,0
36,100035,Control,B3_Physical_Success,Direct_Earth_to_Mars,0.97864800453092804,0.97864800453092804,0
36,100035,Control,B4_Physical_Multiobjective,Direct_Earth_to_Mars,0.97864800453092804,0.97864800453092804,0
36,100035,Direct_Pointing_50pct_Power,B1_Shortest_Delay,Direct_Earth_to_Mars,1,0,0
36,100035,Direct_Pointing_50pct_Power,B2_Contact_Aware,Direct_Earth_to_Mars,0.97878465874309561,0,0
36,100035,Direct_Pointing_50pct_Power,B3_Physical_Success,Earth_Relay1_Mars,0.95799063453367361,0.95799063453367361,1
36,100035,Direct_Pointing_50pct_Power,B4_Physical_Multiobjective,Earth_Relay2_Mars,0.47642831548716147,0.95771932503143931,1
36,100035,Direct_Pointing_25pct_Power,B1_Shortest_Delay,Direct_Earth_to_Mars,1,0,0
36,100035,Direct_Pointing_25pct_Power,B2_Contact_Aware,Direct_Earth_to_Mars,0.97878465874309561,0,0
36,100035,Direct_Pointing_25pct_Power,B3_Physical_Success,Earth_Relay1_Mars,0.95799063453367361,0.95799063453367361,1
36,100035,Direct_Pointing_25pct_Power,B4_Physical_Multiobjective,Earth_Relay2_Mars,0.47642831548716147,0.95771932503143931,1
36,100035,Direct_Pointing_10pct_Power,B1_Shortest_Delay,Direct_Earth_to_Mars,1,0,0
36,100035,Direct_Pointing_10pct_Power,B2_Contact_Aware,Direct_Earth_to_Mars,0.97878465874309561,0,0
36,100035,Direct_Pointing_10pct_Power,B3_Physical_Success,Earth_Relay1_Mars,0.95799063453367361,0.95799063453367361,1
36,100035,Direct_Pointing_10pct_Power,B4_Physical_Multiobjective,Earth_Relay2_Mars,0.47642831548716147,0.95771932503143931,1
36,100035,Direct_Background_16,B1_Shortest_Delay,Direct_Earth_to_Mars,1,0.63343582347048333,0
36,100035,Direct_Background_16,B2_Contact_Aware,Direct_Earth_to_Mars,0.97878465874309561,0.63343582347048333,0
36,100035,Direct_Background_16,B3_Physical_Success,Earth_Relay1_Mars,0.95799063453367361,0.95799063453367361,1
36,100035,Direct_Background_16,B4_Physical_Multiobjective,Direct_Earth_to_Mars,0.63343582347048333,0.63343582347048333,0
36,100035,Direct_Combined_25pctPower_BG16,B1_Shortest_Delay,Direct_Earth_to_Mars,1,0,0
36,100035,Direct_Combined_25pctPower_BG16,B2_Contact_Aware,Direct_Earth_to_Mars,0.97878465874309561,0,0
36,100035,Direct_Combined_25pctPower_BG16,B3_Physical_Success,Earth_Relay1_Mars,0.95799063453367361,0.95799063453367361,1
36,100035,Direct_Combined_25pctPower_BG16,B4_Physical_Multiobjective,Earth_Relay2_Mars,0.47642831548716147,0.95771932503143931,1
36,100035,Direct_Hard_Obstruction,B1_Shortest_Delay,Earth_Relay2_Mars,1,0.95771932503143931,1
36,100035,Direct_Hard_Obstruction,B2_Contact_Aware,Earth_Relay0_Mars,0.95801940819083808,0.95745958210805537,1
36,100035,Direct_Hard_Obstruction,B3_Physical_Success,Earth_Relay1_Mars,0.95799063453367361,0.95799063453367361,1
36,100035,Direct_Hard_Obstruction,B4_Physical_Multiobjective,Earth_Relay2_Mars,0.95771932503143931,0.95771932503143931,1
37,100036,Control,B1_Shortest_Delay,Direct_Earth_to_Mars,1,0.87132132168355236,0
37,100036,Control,B2_Contact_Aware,Direct_Earth_to_Mars,0.87132132168355236,0.87132132168355236,0
37,100036,Control,B3_Physical_Success,Direct_Earth_to_Mars,0.87132132168355236,0.87132132168355236,0
37,100036,Control,B4_Physical_Multiobjective,Direct_Earth_to_Mars,0.87132132168355236,0.87132132168355236,0
37,100036,Direct_Pointing_50pct_Power,B1_Shortest_Delay,Direct_Earth_to_Mars,1,0.87132131872840668,0
37,100036,Direct_Pointing_50pct_Power,B2_Contact_Aware,Direct_Earth_to_Mars,0.87132132168355236,0.87132131872840668,0
37,100036,Direct_Pointing_50pct_Power,B3_Physical_Success,Direct_Earth_to_Mars,0.87132131872840668,0.87132131872840668,0
37,100036,Direct_Pointing_50pct_Power,B4_Physical_Multiobjective,Direct_Earth_to_Mars,0.87132131872840668,0.87132131872840668,0
37,100036,Direct_Pointing_25pct_Power,B1_Shortest_Delay,Direct_Earth_to_Mars,1,0.82036335326199405,0
37,100036,Direct_Pointing_25pct_Power,B2_Contact_Aware,Direct_Earth_to_Mars,0.87132132168355236,0.82036335326199405,0
37,100036,Direct_Pointing_25pct_Power,B3_Physical_Success,Direct_Earth_to_Mars,0.82036335326199405,0.82036335326199405,0
37,100036,Direct_Pointing_25pct_Power,B4_Physical_Multiobjective,Direct_Earth_to_Mars,0.82036335326199405,0.82036335326199405,0
37,100036,Direct_Pointing_10pct_Power,B1_Shortest_Delay,Direct_Earth_to_Mars,1,0,0
37,100036,Direct_Pointing_10pct_Power,B2_Contact_Aware,Direct_Earth_to_Mars,0.87132132168355236,0,0
37,100036,Direct_Pointing_10pct_Power,B3_Physical_Success,Earth_Relay0_Mars,0.75920084562037249,0.75920084562037249,1
37,100036,Direct_Pointing_10pct_Power,B4_Physical_Multiobjective,Earth_Relay1_Mars,0.32845911066848277,0.75920084562037249,1
37,100036,Direct_Background_16,B1_Shortest_Delay,Direct_Earth_to_Mars,1,0.87132132168355214,0
37,100036,Direct_Background_16,B2_Contact_Aware,Direct_Earth_to_Mars,0.87132132168355236,0.87132132168355214,0
37,100036,Direct_Background_16,B3_Physical_Success,Direct_Earth_to_Mars,0.87132132168355214,0.87132132168355214,0
37,100036,Direct_Background_16,B4_Physical_Multiobjective,Direct_Earth_to_Mars,0.87132132168355214,0.87132132168355214,0
37,100036,Direct_Combined_25pctPower_BG16,B1_Shortest_Delay,Direct_Earth_to_Mars,1,0,0
37,100036,Direct_Combined_25pctPower_BG16,B2_Contact_Aware,Direct_Earth_to_Mars,0.87132132168355236,0,0
37,100036,Direct_Combined_25pctPower_BG16,B3_Physical_Success,Earth_Relay0_Mars,0.75920084562037249,0.75920084562037249,1
37,100036,Direct_Combined_25pctPower_BG16,B4_Physical_Multiobjective,Earth_Relay1_Mars,0.32845911066848277,0.75920084562037249,1
37,100036,Direct_Hard_Obstruction,B1_Shortest_Delay,Earth_Relay1_Mars,1,0.75920084562037249,1
37,100036,Direct_Hard_Obstruction,B2_Contact_Aware,Earth_Relay0_Mars,0.75920084562037249,0.75920084562037249,1
37,100036,Direct_Hard_Obstruction,B3_Physical_Success,Earth_Relay0_Mars,0.75920084562037249,0.75920084562037249,1
37,100036,Direct_Hard_Obstruction,B4_Physical_Multiobjective,Earth_Relay1_Mars,0.75920084562037249,0.75920084562037249,1
38,100037,Control,B1_Shortest_Delay,Direct_Earth_to_Mars,1,0.80410895440282215,0
38,100037,Control,B2_Contact_Aware,Direct_Earth_to_Mars,0.8041435864716403,0.80410895440282215,0
38,100037,Control,B3_Physical_Success,Direct_Earth_to_Mars,0.80410895440282215,0.80410895440282215,0
38,100037,Control,B4_Physical_Multiobjective,Direct_Earth_to_Mars,0.80410895440282215,0.80410895440282215,0
38,100037,Direct_Pointing_50pct_Power,B1_Shortest_Delay,Direct_Earth_to_Mars,1,0,0
38,100037,Direct_Pointing_50pct_Power,B2_Contact_Aware,Direct_Earth_to_Mars,0.8041435864716403,0,0
38,100037,Direct_Pointing_50pct_Power,B3_Physical_Success,Earth_Relay1_Mars,0.64664332823386239,0.64664332823386239,1
38,100037,Direct_Pointing_50pct_Power,B4_Physical_Multiobjective,Earth_Relay2_Mars,0.32164100841878179,0.64658395864534812,1
38,100037,Direct_Pointing_25pct_Power,B1_Shortest_Delay,Direct_Earth_to_Mars,1,0,0
38,100037,Direct_Pointing_25pct_Power,B2_Contact_Aware,Direct_Earth_to_Mars,0.8041435864716403,0,0
38,100037,Direct_Pointing_25pct_Power,B3_Physical_Success,Earth_Relay1_Mars,0.64664332823386239,0.64664332823386239,1
38,100037,Direct_Pointing_25pct_Power,B4_Physical_Multiobjective,Earth_Relay2_Mars,0.32164100841878179,0.64658395864534812,1
38,100037,Direct_Pointing_10pct_Power,B1_Shortest_Delay,Direct_Earth_to_Mars,1,0,0
38,100037,Direct_Pointing_10pct_Power,B2_Contact_Aware,Direct_Earth_to_Mars,0.8041435864716403,0,0
38,100037,Direct_Pointing_10pct_Power,B3_Physical_Success,Earth_Relay1_Mars,0.64664332823386239,0.64664332823386239,1
38,100037,Direct_Pointing_10pct_Power,B4_Physical_Multiobjective,Earth_Relay2_Mars,0.32164100841878179,0.64658395864534812,1
38,100037,Direct_Background_16,B1_Shortest_Delay,Direct_Earth_to_Mars,1,0.67130700210397354,0
38,100037,Direct_Background_16,B2_Contact_Aware,Direct_Earth_to_Mars,0.8041435864716403,0.67130700210397354,0
38,100037,Direct_Background_16,B3_Physical_Success,Direct_Earth_to_Mars,0.67130700210397354,0.67130700210397354,0
38,100037,Direct_Background_16,B4_Physical_Multiobjective,Direct_Earth_to_Mars,0.67130700210397354,0.67130700210397354,0
38,100037,Direct_Combined_25pctPower_BG16,B1_Shortest_Delay,Direct_Earth_to_Mars,1,0,0
38,100037,Direct_Combined_25pctPower_BG16,B2_Contact_Aware,Direct_Earth_to_Mars,0.8041435864716403,0,0
38,100037,Direct_Combined_25pctPower_BG16,B3_Physical_Success,Earth_Relay1_Mars,0.64664332823386239,0.64664332823386239,1
38,100037,Direct_Combined_25pctPower_BG16,B4_Physical_Multiobjective,Earth_Relay2_Mars,0.32164100841878179,0.64658395864534812,1
38,100037,Direct_Hard_Obstruction,B1_Shortest_Delay,Earth_Relay2_Mars,1,0.64658395864534812,1
38,100037,Direct_Hard_Obstruction,B2_Contact_Aware,Earth_Relay0_Mars,0.64664690766347244,0.64648216502988298,1
38,100037,Direct_Hard_Obstruction,B3_Physical_Success,Earth_Relay1_Mars,0.64664332823386239,0.64664332823386239,1
38,100037,Direct_Hard_Obstruction,B4_Physical_Multiobjective,Earth_Relay2_Mars,0.64658395864534812,0.64658395864534812,1
39,100038,Control,B1_Shortest_Delay,Direct_Earth_to_Mars,1,0.88205410123716033,0
39,100038,Control,B2_Contact_Aware,Direct_Earth_to_Mars,0.88205410123716033,0.88205410123716033,0
39,100038,Control,B3_Physical_Success,Direct_Earth_to_Mars,0.88205410123716033,0.88205410123716033,0
39,100038,Control,B4_Physical_Multiobjective,Direct_Earth_to_Mars,0.88205410123716033,0.88205410123716033,0
39,100038,Direct_Pointing_50pct_Power,B1_Shortest_Delay,Direct_Earth_to_Mars,1,0.88205410123716033,0
39,100038,Direct_Pointing_50pct_Power,B2_Contact_Aware,Direct_Earth_to_Mars,0.88205410123716033,0.88205410123716033,0
39,100038,Direct_Pointing_50pct_Power,B3_Physical_Success,Direct_Earth_to_Mars,0.88205410123716033,0.88205410123716033,0
39,100038,Direct_Pointing_50pct_Power,B4_Physical_Multiobjective,Direct_Earth_to_Mars,0.88205410123716033,0.88205410123716033,0
39,100038,Direct_Pointing_25pct_Power,B1_Shortest_Delay,Direct_Earth_to_Mars,1,0.88205410123716033,0
39,100038,Direct_Pointing_25pct_Power,B2_Contact_Aware,Direct_Earth_to_Mars,0.88205410123716033,0.88205410123716033,0
39,100038,Direct_Pointing_25pct_Power,B3_Physical_Success,Direct_Earth_to_Mars,0.88205410123716033,0.88205410123716033,0
39,100038,Direct_Pointing_25pct_Power,B4_Physical_Multiobjective,Direct_Earth_to_Mars,0.88205410123716033,0.88205410123716033,0
39,100038,Direct_Pointing_10pct_Power,B1_Shortest_Delay,Direct_Earth_to_Mars,1,0.88205410123716033,0
39,100038,Direct_Pointing_10pct_Power,B2_Contact_Aware,Direct_Earth_to_Mars,0.88205410123716033,0.88205410123716033,0
39,100038,Direct_Pointing_10pct_Power,B3_Physical_Success,Direct_Earth_to_Mars,0.88205410123716033,0.88205410123716033,0
39,100038,Direct_Pointing_10pct_Power,B4_Physical_Multiobjective,Direct_Earth_to_Mars,0.88205410123716033,0.88205410123716033,0
39,100038,Direct_Background_16,B1_Shortest_Delay,Direct_Earth_to_Mars,1,0.88205410123716033,0
39,100038,Direct_Background_16,B2_Contact_Aware,Direct_Earth_to_Mars,0.88205410123716033,0.88205410123716033,0
39,100038,Direct_Background_16,B3_Physical_Success,Direct_Earth_to_Mars,0.88205410123716033,0.88205410123716033,0
39,100038,Direct_Background_16,B4_Physical_Multiobjective,Direct_Earth_to_Mars,0.88205410123716033,0.88205410123716033,0
39,100038,Direct_Combined_25pctPower_BG16,B1_Shortest_Delay,Direct_Earth_to_Mars,1,0.88205410123716033,0
39,100038,Direct_Combined_25pctPower_BG16,B2_Contact_Aware,Direct_Earth_to_Mars,0.88205410123716033,0.88205410123716033,0
39,100038,Direct_Combined_25pctPower_BG16,B3_Physical_Success,Direct_Earth_to_Mars,0.88205410123716033,0.88205410123716033,0
39,100038,Direct_Combined_25pctPower_BG16,B4_Physical_Multiobjective,Direct_Earth_to_Mars,0.88205410123716033,0.88205410123716033,0
39,100038,Direct_Hard_Obstruction,B1_Shortest_Delay,Earth_Relay2_Mars,1,0.7780194375092947,1
39,100038,Direct_Hard_Obstruction,B2_Contact_Aware,Earth_Relay0_Mars,0.7780194375092947,0.7780194375092947,1
39,100038,Direct_Hard_Obstruction,B3_Physical_Success,Earth_Relay0_Mars,0.7780194375092947,0.7780194375092947,1
39,100038,Direct_Hard_Obstruction,B4_Physical_Multiobjective,Earth_Relay2_Mars,0.7780194375092947,0.7780194375092947,1
40,100039,Control,B1_Shortest_Delay,Direct_Earth_to_Mars,1,0.87308023123283252,0
40,100039,Control,B2_Contact_Aware,Direct_Earth_to_Mars,0.87308023123298195,0.87308023123283252,0
40,100039,Control,B3_Physical_Success,Direct_Earth_to_Mars,0.87308023123283252,0.87308023123283252,0
40,100039,Control,B4_Physical_Multiobjective,Direct_Earth_to_Mars,0.87308023123283252,0.87308023123283252,0
40,100039,Direct_Pointing_50pct_Power,B1_Shortest_Delay,Direct_Earth_to_Mars,1,0.87239249153062415,0
40,100039,Direct_Pointing_50pct_Power,B2_Contact_Aware,Direct_Earth_to_Mars,0.87308023123298195,0.87239249153062415,0
40,100039,Direct_Pointing_50pct_Power,B3_Physical_Success,Direct_Earth_to_Mars,0.87239249153062415,0.87239249153062415,0
40,100039,Direct_Pointing_50pct_Power,B4_Physical_Multiobjective,Direct_Earth_to_Mars,0.87239249153062415,0.87239249153062415,0
40,100039,Direct_Pointing_25pct_Power,B1_Shortest_Delay,Direct_Earth_to_Mars,1,0,0
40,100039,Direct_Pointing_25pct_Power,B2_Contact_Aware,Direct_Earth_to_Mars,0.87308023123298195,0,0
40,100039,Direct_Pointing_25pct_Power,B3_Physical_Success,Earth_Relay0_Mars,0.76226909016983724,0.76226909016983724,1
40,100039,Direct_Pointing_25pct_Power,B4_Physical_Multiobjective,Earth_Relay2_Mars,0.37877955565543286,0.76226909016949373,1
40,100039,Direct_Pointing_10pct_Power,B1_Shortest_Delay,Direct_Earth_to_Mars,1,0,0
40,100039,Direct_Pointing_10pct_Power,B2_Contact_Aware,Direct_Earth_to_Mars,0.87308023123298195,0,0
40,100039,Direct_Pointing_10pct_Power,B3_Physical_Success,Earth_Relay0_Mars,0.76226909016983724,0.76226909016983724,1
40,100039,Direct_Pointing_10pct_Power,B4_Physical_Multiobjective,Earth_Relay2_Mars,0.37877955565543286,0.76226909016949373,1
40,100039,Direct_Background_16,B1_Shortest_Delay,Direct_Earth_to_Mars,1,0.87308001220970988,0
40,100039,Direct_Background_16,B2_Contact_Aware,Direct_Earth_to_Mars,0.87308023123298195,0.87308001220970988,0
40,100039,Direct_Background_16,B3_Physical_Success,Direct_Earth_to_Mars,0.87308001220970988,0.87308001220970988,0
40,100039,Direct_Background_16,B4_Physical_Multiobjective,Direct_Earth_to_Mars,0.87308001220970988,0.87308001220970988,0
40,100039,Direct_Combined_25pctPower_BG16,B1_Shortest_Delay,Direct_Earth_to_Mars,1,0,0
40,100039,Direct_Combined_25pctPower_BG16,B2_Contact_Aware,Direct_Earth_to_Mars,0.87308023123298195,0,0
40,100039,Direct_Combined_25pctPower_BG16,B3_Physical_Success,Earth_Relay0_Mars,0.76226909016983724,0.76226909016983724,1
40,100039,Direct_Combined_25pctPower_BG16,B4_Physical_Multiobjective,Earth_Relay2_Mars,0.37877955565543286,0.76226909016949373,1
40,100039,Direct_Hard_Obstruction,B1_Shortest_Delay,Earth_Relay2_Mars,1,0.76226909016949373,1
40,100039,Direct_Hard_Obstruction,B2_Contact_Aware,Earth_Relay0_Mars,0.76226909016983724,0.76226909016983724,1
40,100039,Direct_Hard_Obstruction,B3_Physical_Success,Earth_Relay0_Mars,0.76226909016983724,0.76226909016983724,1
40,100039,Direct_Hard_Obstruction,B4_Physical_Multiobjective,Earth_Relay2_Mars,0.76226909016949373,0.76226909016949373,1
41,100040,Control,B1_Shortest_Delay,Direct_Earth_to_Mars,1,0.85664603645175519,0
41,100040,Control,B2_Contact_Aware,Direct_Earth_to_Mars,0.85670695008473374,0.85664603645175519,0
41,100040,Control,B3_Physical_Success,Direct_Earth_to_Mars,0.85664603645175519,0.85664603645175519,0
41,100040,Control,B4_Physical_Multiobjective,Direct_Earth_to_Mars,0.85664603645175519,0.85664603645175519,0
41,100040,Direct_Pointing_50pct_Power,B1_Shortest_Delay,Direct_Earth_to_Mars,1,0,0
41,100040,Direct_Pointing_50pct_Power,B2_Contact_Aware,Direct_Earth_to_Mars,0.85670695008473374,0,0
41,100040,Direct_Pointing_50pct_Power,B3_Physical_Success,Earth_Relay1_Mars,0.73393886743096293,0.73393886743096293,1
41,100040,Direct_Pointing_50pct_Power,B4_Physical_Multiobjective,Earth_Relay2_Mars,0.36504451387515197,0.73382921580723304,1
41,100040,Direct_Pointing_25pct_Power,B1_Shortest_Delay,Direct_Earth_to_Mars,1,0,0
41,100040,Direct_Pointing_25pct_Power,B2_Contact_Aware,Direct_Earth_to_Mars,0.85670695008473374,0,0
41,100040,Direct_Pointing_25pct_Power,B3_Physical_Success,Earth_Relay1_Mars,0.73393886743096293,0.73393886743096293,1
41,100040,Direct_Pointing_25pct_Power,B4_Physical_Multiobjective,Earth_Relay2_Mars,0.36504451387515197,0.73382921580723304,1
41,100040,Direct_Pointing_10pct_Power,B1_Shortest_Delay,Direct_Earth_to_Mars,1,0,0
41,100040,Direct_Pointing_10pct_Power,B2_Contact_Aware,Direct_Earth_to_Mars,0.85670695008473374,0,0
41,100040,Direct_Pointing_10pct_Power,B3_Physical_Success,Earth_Relay1_Mars,0.73393886743096293,0.73393886743096293,1
41,100040,Direct_Pointing_10pct_Power,B4_Physical_Multiobjective,Earth_Relay2_Mars,0.36504451387515197,0.73382921580723304,1
41,100040,Direct_Background_16,B1_Shortest_Delay,Direct_Earth_to_Mars,1,0.66092673253366485,0
41,100040,Direct_Background_16,B2_Contact_Aware,Direct_Earth_to_Mars,0.85670695008473374,0.66092673253366485,0
41,100040,Direct_Background_16,B3_Physical_Success,Earth_Relay1_Mars,0.73393886743096293,0.73393886743096293,1
41,100040,Direct_Background_16,B4_Physical_Multiobjective,Direct_Earth_to_Mars,0.66092673253366485,0.66092673253366485,0
41,100040,Direct_Combined_25pctPower_BG16,B1_Shortest_Delay,Direct_Earth_to_Mars,1,0,0
41,100040,Direct_Combined_25pctPower_BG16,B2_Contact_Aware,Direct_Earth_to_Mars,0.85670695008473374,0,0
41,100040,Direct_Combined_25pctPower_BG16,B3_Physical_Success,Earth_Relay1_Mars,0.73393886743096293,0.73393886743096293,1
41,100040,Direct_Combined_25pctPower_BG16,B4_Physical_Multiobjective,Earth_Relay2_Mars,0.36504451387515197,0.73382921580723304,1
41,100040,Direct_Hard_Obstruction,B1_Shortest_Delay,Earth_Relay2_Mars,1,0.73382921580723304,1
41,100040,Direct_Hard_Obstruction,B2_Contact_Aware,Earth_Relay0_Mars,0.73394679832348653,0.73366938766763512,1
41,100040,Direct_Hard_Obstruction,B3_Physical_Success,Earth_Relay1_Mars,0.73393886743096293,0.73393886743096293,1
41,100040,Direct_Hard_Obstruction,B4_Physical_Multiobjective,Earth_Relay2_Mars,0.73382921580723304,0.73382921580723304,1
42,100041,Control,B1_Shortest_Delay,Direct_Earth_to_Mars,1,0.85746425646144364,0
42,100041,Control,B2_Contact_Aware,Direct_Earth_to_Mars,0.85746479771118467,0.85746425646144364,0
42,100041,Control,B3_Physical_Success,Direct_Earth_to_Mars,0.85746425646144364,0.85746425646144364,0
42,100041,Control,B4_Physical_Multiobjective,Direct_Earth_to_Mars,0.85746425646144364,0.85746425646144364,0
42,100041,Direct_Pointing_50pct_Power,B1_Shortest_Delay,Direct_Earth_to_Mars,1,0.38753961550016358,0
42,100041,Direct_Pointing_50pct_Power,B2_Contact_Aware,Direct_Earth_to_Mars,0.85746479771118467,0.38753961550016358,0
42,100041,Direct_Pointing_50pct_Power,B3_Physical_Success,Earth_Relay0_Mars,0.73524568869660811,0.73524568869660811,1
42,100041,Direct_Pointing_50pct_Power,B4_Physical_Multiobjective,Direct_Earth_to_Mars,0.38753961550016358,0.38753961550016358,0
42,100041,Direct_Pointing_25pct_Power,B1_Shortest_Delay,Direct_Earth_to_Mars,1,0,0
42,100041,Direct_Pointing_25pct_Power,B2_Contact_Aware,Direct_Earth_to_Mars,0.85746479771118467,0,0
42,100041,Direct_Pointing_25pct_Power,B3_Physical_Success,Earth_Relay0_Mars,0.73524568869660811,0.73524568869660811,1
42,100041,Direct_Pointing_25pct_Power,B4_Physical_Multiobjective,Earth_Relay2_Mars,0.36566650615565188,0.73524479616639671,1
42,100041,Direct_Pointing_10pct_Power,B1_Shortest_Delay,Direct_Earth_to_Mars,1,0,0
42,100041,Direct_Pointing_10pct_Power,B2_Contact_Aware,Direct_Earth_to_Mars,0.85746479771118467,0,0
42,100041,Direct_Pointing_10pct_Power,B3_Physical_Success,Earth_Relay0_Mars,0.73524568869660811,0.73524568869660811,1
42,100041,Direct_Pointing_10pct_Power,B4_Physical_Multiobjective,Earth_Relay2_Mars,0.36566650615565188,0.73524479616639671,1
42,100041,Direct_Background_16,B1_Shortest_Delay,Direct_Earth_to_Mars,1,0.84876513093768957,0
42,100041,Direct_Background_16,B2_Contact_Aware,Direct_Earth_to_Mars,0.85746479771118467,0.84876513093768957,0
42,100041,Direct_Background_16,B3_Physical_Success,Direct_Earth_to_Mars,0.84876513093768957,0.84876513093768957,0
42,100041,Direct_Background_16,B4_Physical_Multiobjective,Direct_Earth_to_Mars,0.84876513093768957,0.84876513093768957,0
42,100041,Direct_Combined_25pctPower_BG16,B1_Shortest_Delay,Direct_Earth_to_Mars,1,0,0
42,100041,Direct_Combined_25pctPower_BG16,B2_Contact_Aware,Direct_Earth_to_Mars,0.85746479771118467,0,0
42,100041,Direct_Combined_25pctPower_BG16,B3_Physical_Success,Earth_Relay0_Mars,0.73524568869660811,0.73524568869660811,1
42,100041,Direct_Combined_25pctPower_BG16,B4_Physical_Multiobjective,Earth_Relay2_Mars,0.36566650615565188,0.73524479616639671,1
42,100041,Direct_Hard_Obstruction,B1_Shortest_Delay,Earth_Relay2_Mars,1,0.73524479616639671,1
42,100041,Direct_Hard_Obstruction,B2_Contact_Aware,Earth_Relay0_Mars,0.73524587931388286,0.73524568869660811,1
42,100041,Direct_Hard_Obstruction,B3_Physical_Success,Earth_Relay0_Mars,0.73524568869660811,0.73524568869660811,1
42,100041,Direct_Hard_Obstruction,B4_Physical_Multiobjective,Earth_Relay2_Mars,0.73524479616639671,0.73524479616639671,1
43,100042,Control,B1_Shortest_Delay,Direct_Earth_to_Mars,1,0.935174575698836,0
43,100042,Control,B2_Contact_Aware,Direct_Earth_to_Mars,0.93529137651131,0.935174575698836,0
43,100042,Control,B3_Physical_Success,Direct_Earth_to_Mars,0.935174575698836,0.935174575698836,0
43,100042,Control,B4_Physical_Multiobjective,Direct_Earth_to_Mars,0.935174575698836,0.935174575698836,0
43,100042,Direct_Pointing_50pct_Power,B1_Shortest_Delay,Direct_Earth_to_Mars,1,0,0
43,100042,Direct_Pointing_50pct_Power,B2_Contact_Aware,Direct_Earth_to_Mars,0.93529137651131,0,0
43,100042,Direct_Pointing_50pct_Power,B3_Physical_Success,Earth_Relay0_Mars,0.87453318924372125,0.87453318924372125,1
43,100042,Direct_Pointing_50pct_Power,B4_Physical_Multiobjective,Earth_Relay2_Mars,0.435038267434464,0.8745245332515641,1
43,100042,Direct_Pointing_25pct_Power,B1_Shortest_Delay,Direct_Earth_to_Mars,1,0,0
43,100042,Direct_Pointing_25pct_Power,B2_Contact_Aware,Direct_Earth_to_Mars,0.93529137651131,0,0
43,100042,Direct_Pointing_25pct_Power,B3_Physical_Success,Earth_Relay0_Mars,0.87453318924372125,0.87453318924372125,1
43,100042,Direct_Pointing_25pct_Power,B4_Physical_Multiobjective,Earth_Relay2_Mars,0.435038267434464,0.8745245332515641,1
43,100042,Direct_Pointing_10pct_Power,B1_Shortest_Delay,Direct_Earth_to_Mars,1,0,0
43,100042,Direct_Pointing_10pct_Power,B2_Contact_Aware,Direct_Earth_to_Mars,0.93529137651131,0,0
43,100042,Direct_Pointing_10pct_Power,B3_Physical_Success,Earth_Relay0_Mars,0.87453318924372125,0.87453318924372125,1
43,100042,Direct_Pointing_10pct_Power,B4_Physical_Multiobjective,Earth_Relay2_Mars,0.435038267434464,0.8745245332515641,1
43,100042,Direct_Background_16,B1_Shortest_Delay,Direct_Earth_to_Mars,1,0.62808768528308978,0
43,100042,Direct_Background_16,B2_Contact_Aware,Direct_Earth_to_Mars,0.93529137651131,0.62808768528308978,0
43,100042,Direct_Background_16,B3_Physical_Success,Earth_Relay0_Mars,0.87453318924372125,0.87453318924372125,1
43,100042,Direct_Background_16,B4_Physical_Multiobjective,Direct_Earth_to_Mars,0.62808768528308978,0.62808768528308978,0
43,100042,Direct_Combined_25pctPower_BG16,B1_Shortest_Delay,Direct_Earth_to_Mars,1,0,0
43,100042,Direct_Combined_25pctPower_BG16,B2_Contact_Aware,Direct_Earth_to_Mars,0.93529137651131,0,0
43,100042,Direct_Combined_25pctPower_BG16,B3_Physical_Success,Earth_Relay0_Mars,0.87453318924372125,0.87453318924372125,1
43,100042,Direct_Combined_25pctPower_BG16,B4_Physical_Multiobjective,Earth_Relay2_Mars,0.435038267434464,0.8745245332515641,1
43,100042,Direct_Hard_Obstruction,B1_Shortest_Delay,Earth_Relay2_Mars,1,0.8745245332515641,1
43,100042,Direct_Hard_Obstruction,B2_Contact_Aware,Earth_Relay0_Mars,0.87476995897642107,0.87453318924372125,1
43,100042,Direct_Hard_Obstruction,B3_Physical_Success,Earth_Relay0_Mars,0.87453318924372125,0.87453318924372125,1
43,100042,Direct_Hard_Obstruction,B4_Physical_Multiobjective,Earth_Relay2_Mars,0.8745245332515641,0.8745245332515641,1
44,100043,Control,B1_Shortest_Delay,Direct_Earth_to_Mars,1,0.95125121444850902,0
44,100043,Control,B2_Contact_Aware,Direct_Earth_to_Mars,0.95125378169318053,0.95125121444850902,0
44,100043,Control,B3_Physical_Success,Direct_Earth_to_Mars,0.95125121444850902,0.95125121444850902,0
44,100043,Control,B4_Physical_Multiobjective,Direct_Earth_to_Mars,0.95125121444850902,0.95125121444850902,0
44,100043,Direct_Pointing_50pct_Power,B1_Shortest_Delay,Direct_Earth_to_Mars,1,0,0
44,100043,Direct_Pointing_50pct_Power,B2_Contact_Aware,Direct_Earth_to_Mars,0.95125378169318053,0,0
44,100043,Direct_Pointing_50pct_Power,B3_Physical_Success,Earth_Relay1_Mars,0.90488357435824951,0.90488357435824951,1
44,100043,Direct_Pointing_50pct_Power,B4_Physical_Multiobjective,Earth_Relay2_Mars,0.4501210476660969,0.9048781418238423,1
44,100043,Direct_Pointing_25pct_Power,B1_Shortest_Delay,Direct_Earth_to_Mars,1,0,0
44,100043,Direct_Pointing_25pct_Power,B2_Contact_Aware,Direct_Earth_to_Mars,0.95125378169318053,0,0
44,100043,Direct_Pointing_25pct_Power,B3_Physical_Success,Earth_Relay1_Mars,0.90488357435824951,0.90488357435824951,1
44,100043,Direct_Pointing_25pct_Power,B4_Physical_Multiobjective,Earth_Relay2_Mars,0.4501210476660969,0.9048781418238423,1
44,100043,Direct_Pointing_10pct_Power,B1_Shortest_Delay,Direct_Earth_to_Mars,1,0,0
44,100043,Direct_Pointing_10pct_Power,B2_Contact_Aware,Direct_Earth_to_Mars,0.95125378169318053,0,0
44,100043,Direct_Pointing_10pct_Power,B3_Physical_Success,Earth_Relay1_Mars,0.90488357435824951,0.90488357435824951,1
44,100043,Direct_Pointing_10pct_Power,B4_Physical_Multiobjective,Earth_Relay2_Mars,0.4501210476660969,0.9048781418238423,1
44,100043,Direct_Background_16,B1_Shortest_Delay,Direct_Earth_to_Mars,1,0.92577753793124373,0
44,100043,Direct_Background_16,B2_Contact_Aware,Direct_Earth_to_Mars,0.95125378169318053,0.92577753793124373,0
44,100043,Direct_Background_16,B3_Physical_Success,Direct_Earth_to_Mars,0.92577753793124373,0.92577753793124373,0
44,100043,Direct_Background_16,B4_Physical_Multiobjective,Direct_Earth_to_Mars,0.92577753793124373,0.92577753793124373,0
44,100043,Direct_Combined_25pctPower_BG16,B1_Shortest_Delay,Direct_Earth_to_Mars,1,0,0
44,100043,Direct_Combined_25pctPower_BG16,B2_Contact_Aware,Direct_Earth_to_Mars,0.95125378169318053,0,0
44,100043,Direct_Combined_25pctPower_BG16,B3_Physical_Success,Earth_Relay1_Mars,0.90488357435824951,0.90488357435824951,1
44,100043,Direct_Combined_25pctPower_BG16,B4_Physical_Multiobjective,Earth_Relay2_Mars,0.4501210476660969,0.9048781418238423,1
44,100043,Direct_Hard_Obstruction,B1_Shortest_Delay,Earth_Relay2_Mars,1,0.9048781418238423,1
44,100043,Direct_Hard_Obstruction,B2_Contact_Aware,Earth_Relay0_Mars,0.90488375718557712,0.90486458622734256,1
44,100043,Direct_Hard_Obstruction,B3_Physical_Success,Earth_Relay1_Mars,0.90488357435824951,0.90488357435824951,1
44,100043,Direct_Hard_Obstruction,B4_Physical_Multiobjective,Earth_Relay2_Mars,0.9048781418238423,0.9048781418238423,1
45,100044,Control,B1_Shortest_Delay,Direct_Earth_to_Mars,1,0.87713571556599201,0
45,100044,Control,B2_Contact_Aware,Direct_Earth_to_Mars,0.87713571556599201,0.87713571556599201,0
45,100044,Control,B3_Physical_Success,Direct_Earth_to_Mars,0.87713571556599201,0.87713571556599201,0
45,100044,Control,B4_Physical_Multiobjective,Direct_Earth_to_Mars,0.87713571556599201,0.87713571556599201,0
45,100044,Direct_Pointing_50pct_Power,B1_Shortest_Delay,Direct_Earth_to_Mars,1,0.8771355894860362,0
45,100044,Direct_Pointing_50pct_Power,B2_Contact_Aware,Direct_Earth_to_Mars,0.87713571556599201,0.8771355894860362,0
45,100044,Direct_Pointing_50pct_Power,B3_Physical_Success,Direct_Earth_to_Mars,0.8771355894860362,0.8771355894860362,0
45,100044,Direct_Pointing_50pct_Power,B4_Physical_Multiobjective,Direct_Earth_to_Mars,0.8771355894860362,0.8771355894860362,0
45,100044,Direct_Pointing_25pct_Power,B1_Shortest_Delay,Direct_Earth_to_Mars,1,0.62118485459371031,0
45,100044,Direct_Pointing_25pct_Power,B2_Contact_Aware,Direct_Earth_to_Mars,0.87713571556599201,0.62118485459371031,0
45,100044,Direct_Pointing_25pct_Power,B3_Physical_Success,Earth_Relay1_Mars,0.76936706352146489,0.76936706352146489,1
45,100044,Direct_Pointing_25pct_Power,B4_Physical_Multiobjective,Direct_Earth_to_Mars,0.62118485459371031,0.62118485459371031,0
45,100044,Direct_Pointing_10pct_Power,B1_Shortest_Delay,Direct_Earth_to_Mars,1,0,0
45,100044,Direct_Pointing_10pct_Power,B2_Contact_Aware,Direct_Earth_to_Mars,0.87713571556599201,0,0
45,100044,Direct_Pointing_10pct_Power,B3_Physical_Success,Earth_Relay1_Mars,0.76936706352146489,0.76936706352146489,1
45,100044,Direct_Pointing_10pct_Power,B4_Physical_Multiobjective,Earth_Relay2_Mars,0.38193046129291347,0.76936706352146489,1
45,100044,Direct_Background_16,B1_Shortest_Delay,Direct_Earth_to_Mars,1,0.87713571556587977,0
45,100044,Direct_Background_16,B2_Contact_Aware,Direct_Earth_to_Mars,0.87713571556599201,0.87713571556587977,0
45,100044,Direct_Background_16,B3_Physical_Success,Direct_Earth_to_Mars,0.87713571556587977,0.87713571556587977,0
45,100044,Direct_Background_16,B4_Physical_Multiobjective,Direct_Earth_to_Mars,0.87713571556587977,0.87713571556587977,0
45,100044,Direct_Combined_25pctPower_BG16,B1_Shortest_Delay,Direct_Earth_to_Mars,1,0,0
45,100044,Direct_Combined_25pctPower_BG16,B2_Contact_Aware,Direct_Earth_to_Mars,0.87713571556599201,0,0
45,100044,Direct_Combined_25pctPower_BG16,B3_Physical_Success,Earth_Relay1_Mars,0.76936706352146489,0.76936706352146489,1
45,100044,Direct_Combined_25pctPower_BG16,B4_Physical_Multiobjective,Earth_Relay2_Mars,0.38193046129291347,0.76936706352146489,1
45,100044,Direct_Hard_Obstruction,B1_Shortest_Delay,Earth_Relay2_Mars,1,0.76936706352146489,1
45,100044,Direct_Hard_Obstruction,B2_Contact_Aware,Earth_Relay0_Mars,0.76936706352146489,0.76936706352146178,1
45,100044,Direct_Hard_Obstruction,B3_Physical_Success,Earth_Relay1_Mars,0.76936706352146489,0.76936706352146489,1
45,100044,Direct_Hard_Obstruction,B4_Physical_Multiobjective,Earth_Relay2_Mars,0.76936706352146489,0.76936706352146489,1
46,100045,Control,B1_Shortest_Delay,Direct_Earth_to_Mars,1,0.96867438980918996,0
46,100045,Control,B2_Contact_Aware,Direct_Earth_to_Mars,0.96868573902546085,0.96867438980918996,0
46,100045,Control,B3_Physical_Success,Direct_Earth_to_Mars,0.96867438980918996,0.96867438980918996,0
46,100045,Control,B4_Physical_Multiobjective,Direct_Earth_to_Mars,0.96867438980918996,0.96867438980918996,0
46,100045,Direct_Pointing_50pct_Power,B1_Shortest_Delay,Direct_Earth_to_Mars,1,0,0
46,100045,Direct_Pointing_50pct_Power,B2_Contact_Aware,Direct_Earth_to_Mars,0.96868573902546085,0,0
46,100045,Direct_Pointing_50pct_Power,B3_Physical_Success,Earth_Relay1_Mars,0.93834729295097763,0.93834729295097763,1
46,100045,Direct_Pointing_50pct_Power,B4_Physical_Multiobjective,Earth_Relay2_Mars,0.46677633437511162,0.93832699833236066,1
46,100045,Direct_Pointing_25pct_Power,B1_Shortest_Delay,Direct_Earth_to_Mars,1,0,0
46,100045,Direct_Pointing_25pct_Power,B2_Contact_Aware,Direct_Earth_to_Mars,0.96868573902546085,0,0
46,100045,Direct_Pointing_25pct_Power,B3_Physical_Success,Earth_Relay1_Mars,0.93834729295097763,0.93834729295097763,1
46,100045,Direct_Pointing_25pct_Power,B4_Physical_Multiobjective,Earth_Relay2_Mars,0.46677633437511162,0.93832699833236066,1
46,100045,Direct_Pointing_10pct_Power,B1_Shortest_Delay,Direct_Earth_to_Mars,1,0,0
46,100045,Direct_Pointing_10pct_Power,B2_Contact_Aware,Direct_Earth_to_Mars,0.96868573902546085,0,0
46,100045,Direct_Pointing_10pct_Power,B3_Physical_Success,Earth_Relay1_Mars,0.93834729295097763,0.93834729295097763,1
46,100045,Direct_Pointing_10pct_Power,B4_Physical_Multiobjective,Earth_Relay2_Mars,0.46677633437511162,0.93832699833236066,1
46,100045,Direct_Background_16,B1_Shortest_Delay,Direct_Earth_to_Mars,1,0.90027120334353228,0
46,100045,Direct_Background_16,B2_Contact_Aware,Direct_Earth_to_Mars,0.96868573902546085,0.90027120334353228,0
46,100045,Direct_Background_16,B3_Physical_Success,Earth_Relay1_Mars,0.93834729295097763,0.93834729295097763,1
46,100045,Direct_Background_16,B4_Physical_Multiobjective,Direct_Earth_to_Mars,0.90027120334353228,0.90027120334353228,0
46,100045,Direct_Combined_25pctPower_BG16,B1_Shortest_Delay,Direct_Earth_to_Mars,1,0,0
46,100045,Direct_Combined_25pctPower_BG16,B2_Contact_Aware,Direct_Earth_to_Mars,0.96868573902546085,0,0
46,100045,Direct_Combined_25pctPower_BG16,B3_Physical_Success,Earth_Relay1_Mars,0.93834729295097763,0.93834729295097763,1
46,100045,Direct_Combined_25pctPower_BG16,B4_Physical_Multiobjective,Earth_Relay2_Mars,0.46677633437511162,0.93832699833236066,1
46,100045,Direct_Hard_Obstruction,B1_Shortest_Delay,Earth_Relay2_Mars,1,0.93832699833236066,1
46,100045,Direct_Hard_Obstruction,B2_Contact_Aware,Earth_Relay0_Mars,0.93835206099130319,0.93832854781120878,1
46,100045,Direct_Hard_Obstruction,B3_Physical_Success,Earth_Relay1_Mars,0.93834729295097763,0.93834729295097763,1
46,100045,Direct_Hard_Obstruction,B4_Physical_Multiobjective,Earth_Relay2_Mars,0.93832699833236066,0.93832699833236066,1
47,100046,Control,B1_Shortest_Delay,Direct_Earth_to_Mars,1,0.89093632203543471,0
47,100046,Control,B2_Contact_Aware,Direct_Earth_to_Mars,0.89093632203547468,0.89093632203543471,0
47,100046,Control,B3_Physical_Success,Direct_Earth_to_Mars,0.89093632203543471,0.89093632203543471,0
47,100046,Control,B4_Physical_Multiobjective,Direct_Earth_to_Mars,0.89093632203543471,0.89093632203543471,0
47,100046,Direct_Pointing_50pct_Power,B1_Shortest_Delay,Direct_Earth_to_Mars,1,0.89054695302369002,0
47,100046,Direct_Pointing_50pct_Power,B2_Contact_Aware,Direct_Earth_to_Mars,0.89093632203547468,0.89054695302369002,0
47,100046,Direct_Pointing_50pct_Power,B3_Physical_Success,Direct_Earth_to_Mars,0.89054695302369002,0.89054695302369002,0
47,100046,Direct_Pointing_50pct_Power,B4_Physical_Multiobjective,Direct_Earth_to_Mars,0.89054695302369002,0.89054695302369002,0
47,100046,Direct_Pointing_25pct_Power,B1_Shortest_Delay,Direct_Earth_to_Mars,1,0,0
47,100046,Direct_Pointing_25pct_Power,B2_Contact_Aware,Direct_Earth_to_Mars,0.89093632203547468,0,0
47,100046,Direct_Pointing_25pct_Power,B3_Physical_Success,Earth_Relay0_Mars,0.79376752992209909,0.79376752992209909,1
47,100046,Direct_Pointing_25pct_Power,B4_Physical_Multiobjective,Earth_Relay0_Mars,0.34785270129737939,0.79376752992209909,1
47,100046,Direct_Pointing_10pct_Power,B1_Shortest_Delay,Direct_Earth_to_Mars,1,0,0
47,100046,Direct_Pointing_10pct_Power,B2_Contact_Aware,Direct_Earth_to_Mars,0.89093632203547468,0,0
47,100046,Direct_Pointing_10pct_Power,B3_Physical_Success,Earth_Relay0_Mars,0.79376752992209909,0.79376752992209909,1
47,100046,Direct_Pointing_10pct_Power,B4_Physical_Multiobjective,Earth_Relay0_Mars,0.34785270129737939,0.79376752992209909,1
47,100046,Direct_Background_16,B1_Shortest_Delay,Direct_Earth_to_Mars,1,0.89093623777791042,0
47,100046,Direct_Background_16,B2_Contact_Aware,Direct_Earth_to_Mars,0.89093632203547468,0.89093623777791042,0
47,100046,Direct_Background_16,B3_Physical_Success,Direct_Earth_to_Mars,0.89093623777791042,0.89093623777791042,0
47,100046,Direct_Background_16,B4_Physical_Multiobjective,Direct_Earth_to_Mars,0.89093623777791042,0.89093623777791042,0
47,100046,Direct_Combined_25pctPower_BG16,B1_Shortest_Delay,Direct_Earth_to_Mars,1,0,0
47,100046,Direct_Combined_25pctPower_BG16,B2_Contact_Aware,Direct_Earth_to_Mars,0.89093632203547468,0,0
47,100046,Direct_Combined_25pctPower_BG16,B3_Physical_Success,Earth_Relay0_Mars,0.79376752992209909,0.79376752992209909,1
47,100046,Direct_Combined_25pctPower_BG16,B4_Physical_Multiobjective,Earth_Relay0_Mars,0.34785270129737939,0.79376752992209909,1
47,100046,Direct_Hard_Obstruction,B1_Shortest_Delay,Earth_Relay0_Mars,1,0.79376752992209909,1
47,100046,Direct_Hard_Obstruction,B2_Contact_Aware,Earth_Relay0_Mars,0.79376752992209909,0.79376752992209909,1
47,100046,Direct_Hard_Obstruction,B3_Physical_Success,Earth_Relay0_Mars,0.79376752992209909,0.79376752992209909,1
47,100046,Direct_Hard_Obstruction,B4_Physical_Multiobjective,Earth_Relay0_Mars,0.79376752992209909,0.79376752992209909,1
48,100047,Control,B1_Shortest_Delay,Direct_Earth_to_Mars,1,0.94423140248934267,0
48,100047,Control,B2_Contact_Aware,Direct_Earth_to_Mars,0.94440754764342016,0.94423140248934267,0
48,100047,Control,B3_Physical_Success,Direct_Earth_to_Mars,0.94423140248934267,0.94423140248934267,0
48,100047,Control,B4_Physical_Multiobjective,Direct_Earth_to_Mars,0.94423140248934267,0.94423140248934267,0
48,100047,Direct_Pointing_50pct_Power,B1_Shortest_Delay,Direct_Earth_to_Mars,1,0,0
48,100047,Direct_Pointing_50pct_Power,B2_Contact_Aware,Direct_Earth_to_Mars,0.94440754764342016,0,0
48,100047,Direct_Pointing_50pct_Power,B3_Physical_Success,Earth_Relay1_Mars,0.89183686387339556,0.89183686387339556,1
48,100047,Direct_Pointing_50pct_Power,B4_Physical_Multiobjective,Earth_Relay2_Mars,0.44350479164972811,0.89153293725201943,1
48,100047,Direct_Pointing_25pct_Power,B1_Shortest_Delay,Direct_Earth_to_Mars,1,0,0
48,100047,Direct_Pointing_25pct_Power,B2_Contact_Aware,Direct_Earth_to_Mars,0.94440754764342016,0,0
48,100047,Direct_Pointing_25pct_Power,B3_Physical_Success,Earth_Relay1_Mars,0.89183686387339556,0.89183686387339556,1
48,100047,Direct_Pointing_25pct_Power,B4_Physical_Multiobjective,Earth_Relay2_Mars,0.44350479164972811,0.89153293725201943,1
48,100047,Direct_Pointing_10pct_Power,B1_Shortest_Delay,Direct_Earth_to_Mars,1,0,0
48,100047,Direct_Pointing_10pct_Power,B2_Contact_Aware,Direct_Earth_to_Mars,0.94440754764342016,0,0
48,100047,Direct_Pointing_10pct_Power,B3_Physical_Success,Earth_Relay1_Mars,0.89183686387339556,0.89183686387339556,1
48,100047,Direct_Pointing_10pct_Power,B4_Physical_Multiobjective,Earth_Relay2_Mars,0.44350479164972811,0.89153293725201943,1
48,100047,Direct_Background_16,B1_Shortest_Delay,Direct_Earth_to_Mars,1,0.54326286088830156,0
48,100047,Direct_Background_16,B2_Contact_Aware,Direct_Earth_to_Mars,0.94440754764342016,0.54326286088830156,0
48,100047,Direct_Background_16,B3_Physical_Success,Earth_Relay1_Mars,0.89183686387339556,0.89183686387339556,1
48,100047,Direct_Background_16,B4_Physical_Multiobjective,Direct_Earth_to_Mars,0.54326286088830156,0.54326286088830156,0
48,100047,Direct_Combined_25pctPower_BG16,B1_Shortest_Delay,Direct_Earth_to_Mars,1,0,0
48,100047,Direct_Combined_25pctPower_BG16,B2_Contact_Aware,Direct_Earth_to_Mars,0.94440754764342016,0,0
48,100047,Direct_Combined_25pctPower_BG16,B3_Physical_Success,Earth_Relay1_Mars,0.89183686387339556,0.89183686387339556,1
48,100047,Direct_Combined_25pctPower_BG16,B4_Physical_Multiobjective,Earth_Relay2_Mars,0.44350479164972811,0.89153293725201943,1
48,100047,Direct_Hard_Obstruction,B1_Shortest_Delay,Earth_Relay2_Mars,1,0.89153293725201943,1
48,100047,Direct_Hard_Obstruction,B2_Contact_Aware,Earth_Relay0_Mars,0.89190561604585894,0.89147918664725867,1
48,100047,Direct_Hard_Obstruction,B3_Physical_Success,Earth_Relay1_Mars,0.89183686387339556,0.89183686387339556,1
48,100047,Direct_Hard_Obstruction,B4_Physical_Multiobjective,Earth_Relay2_Mars,0.89153293725201943,0.89153293725201943,1
49,100048,Control,B1_Shortest_Delay,Direct_Earth_to_Mars,1,0.86857509200266492,0
49,100048,Control,B2_Contact_Aware,Direct_Earth_to_Mars,0.8685751136440768,0.86857509200266492,0
49,100048,Control,B3_Physical_Success,Direct_Earth_to_Mars,0.86857509200266492,0.86857509200266492,0
49,100048,Control,B4_Physical_Multiobjective,Direct_Earth_to_Mars,0.86857509200266492,0.86857509200266492,0
49,100048,Direct_Pointing_50pct_Power,B1_Shortest_Delay,Direct_Earth_to_Mars,1,0.74883987865396828,0
49,100048,Direct_Pointing_50pct_Power,B2_Contact_Aware,Direct_Earth_to_Mars,0.8685751136440768,0.74883987865396828,0
49,100048,Direct_Pointing_50pct_Power,B3_Physical_Success,Earth_Relay0_Mars,0.75442272759636364,0.75442272759636364,1
49,100048,Direct_Pointing_50pct_Power,B4_Physical_Multiobjective,Direct_Earth_to_Mars,0.74883987865396828,0.74883987865396828,0
49,100048,Direct_Pointing_25pct_Power,B1_Shortest_Delay,Direct_Earth_to_Mars,1,0,0
49,100048,Direct_Pointing_25pct_Power,B2_Contact_Aware,Direct_Earth_to_Mars,0.8685751136440768,0,0
49,100048,Direct_Pointing_25pct_Power,B3_Physical_Success,Earth_Relay0_Mars,0.75442272759636364,0.75442272759636364,1
49,100048,Direct_Pointing_25pct_Power,B4_Physical_Multiobjective,Earth_Relay0_Mars,0.32688055489407047,0.75442272759636364,1
49,100048,Direct_Pointing_10pct_Power,B1_Shortest_Delay,Direct_Earth_to_Mars,1,0,0
49,100048,Direct_Pointing_10pct_Power,B2_Contact_Aware,Direct_Earth_to_Mars,0.8685751136440768,0,0
49,100048,Direct_Pointing_10pct_Power,B3_Physical_Success,Earth_Relay0_Mars,0.75442272759636364,0.75442272759636364,1
49,100048,Direct_Pointing_10pct_Power,B4_Physical_Multiobjective,Earth_Relay0_Mars,0.32688055489407047,0.75442272759636364,1
49,100048,Direct_Background_16,B1_Shortest_Delay,Direct_Earth_to_Mars,1,0.86759384230341041,0
49,100048,Direct_Background_16,B2_Contact_Aware,Direct_Earth_to_Mars,0.8685751136440768,0.86759384230341041,0
49,100048,Direct_Background_16,B3_Physical_Success,Direct_Earth_to_Mars,0.86759384230341041,0.86759384230341041,0
49,100048,Direct_Background_16,B4_Physical_Multiobjective,Direct_Earth_to_Mars,0.86759384230341041,0.86759384230341041,0
49,100048,Direct_Combined_25pctPower_BG16,B1_Shortest_Delay,Direct_Earth_to_Mars,1,0,0
49,100048,Direct_Combined_25pctPower_BG16,B2_Contact_Aware,Direct_Earth_to_Mars,0.8685751136440768,0,0
49,100048,Direct_Combined_25pctPower_BG16,B3_Physical_Success,Earth_Relay0_Mars,0.75442272759636364,0.75442272759636364,1
49,100048,Direct_Combined_25pctPower_BG16,B4_Physical_Multiobjective,Earth_Relay0_Mars,0.32688055489407047,0.75442272759636364,1
49,100048,Direct_Hard_Obstruction,B1_Shortest_Delay,Earth_Relay0_Mars,1,0.75442272759636364,1
49,100048,Direct_Hard_Obstruction,B2_Contact_Aware,Earth_Relay0_Mars,0.75442272804182098,0.75442272759636364,1
49,100048,Direct_Hard_Obstruction,B3_Physical_Success,Earth_Relay0_Mars,0.75442272759636364,0.75442272759636364,1
49,100048,Direct_Hard_Obstruction,B4_Physical_Multiobjective,Earth_Relay0_Mars,0.75442272759636364,0.75442272759636364,1
50,100049,Control,B1_Shortest_Delay,Direct_Earth_to_Mars,1,0.94093053725118025,0
50,100049,Control,B2_Contact_Aware,Direct_Earth_to_Mars,0.94093760295645379,0.94093053725118025,0
50,100049,Control,B3_Physical_Success,Direct_Earth_to_Mars,0.94093053725118025,0.94093053725118025,0
50,100049,Control,B4_Physical_Multiobjective,Direct_Earth_to_Mars,0.94093053725118025,0.94093053725118025,0
50,100049,Direct_Pointing_50pct_Power,B1_Shortest_Delay,Direct_Earth_to_Mars,1,0,0
50,100049,Direct_Pointing_50pct_Power,B2_Contact_Aware,Direct_Earth_to_Mars,0.94093760295645379,0,0
50,100049,Direct_Pointing_50pct_Power,B3_Physical_Success,Earth_Relay0_Mars,0.88535740549921227,0.88535740549921227,1
50,100049,Direct_Pointing_50pct_Power,B4_Physical_Multiobjective,Earth_Relay2_Mars,0.4403718819455047,0.88534833505266364,1
50,100049,Direct_Pointing_25pct_Power,B1_Shortest_Delay,Direct_Earth_to_Mars,1,0,0
50,100049,Direct_Pointing_25pct_Power,B2_Contact_Aware,Direct_Earth_to_Mars,0.94093760295645379,0,0
50,100049,Direct_Pointing_25pct_Power,B3_Physical_Success,Earth_Relay0_Mars,0.88535740549921227,0.88535740549921227,1
50,100049,Direct_Pointing_25pct_Power,B4_Physical_Multiobjective,Earth_Relay2_Mars,0.4403718819455047,0.88534833505266364,1
50,100049,Direct_Pointing_10pct_Power,B1_Shortest_Delay,Direct_Earth_to_Mars,1,0,0
50,100049,Direct_Pointing_10pct_Power,B2_Contact_Aware,Direct_Earth_to_Mars,0.94093760295645379,0,0
50,100049,Direct_Pointing_10pct_Power,B3_Physical_Success,Earth_Relay0_Mars,0.88535740549921227,0.88535740549921227,1
50,100049,Direct_Pointing_10pct_Power,B4_Physical_Multiobjective,Earth_Relay2_Mars,0.4403718819455047,0.88534833505266364,1
50,100049,Direct_Background_16,B1_Shortest_Delay,Direct_Earth_to_Mars,1,0.89133924799074116,0
50,100049,Direct_Background_16,B2_Contact_Aware,Direct_Earth_to_Mars,0.94093760295645379,0.89133924799074116,0
50,100049,Direct_Background_16,B3_Physical_Success,Direct_Earth_to_Mars,0.89133924799074116,0.89133924799074116,0
50,100049,Direct_Background_16,B4_Physical_Multiobjective,Direct_Earth_to_Mars,0.89133924799074116,0.89133924799074116,0
50,100049,Direct_Combined_25pctPower_BG16,B1_Shortest_Delay,Direct_Earth_to_Mars,1,0,0
50,100049,Direct_Combined_25pctPower_BG16,B2_Contact_Aware,Direct_Earth_to_Mars,0.94093760295645379,0,0
50,100049,Direct_Combined_25pctPower_BG16,B3_Physical_Success,Earth_Relay0_Mars,0.88535740549921227,0.88535740549921227,1
50,100049,Direct_Combined_25pctPower_BG16,B4_Physical_Multiobjective,Earth_Relay2_Mars,0.4403718819455047,0.88534833505266364,1
50,100049,Direct_Hard_Obstruction,B1_Shortest_Delay,Earth_Relay2_Mars,1,0.88534833505266364,1
50,100049,Direct_Hard_Obstruction,B2_Contact_Aware,Earth_Relay0_Mars,0.88536357265743704,0.88535740549921227,1
50,100049,Direct_Hard_Obstruction,B3_Physical_Success,Earth_Relay0_Mars,0.88535740549921227,0.88535740549921227,1
50,100049,Direct_Hard_Obstruction,B4_Physical_Multiobjective,Earth_Relay2_Mars,0.88534833505266364,0.88534833505266364,1
51,100050,Control,B1_Shortest_Delay,Direct_Earth_to_Mars,1,0.90696447405298086,0
51,100050,Control,B2_Contact_Aware,Direct_Earth_to_Mars,0.90696447405298086,0.90696447405298086,0
51,100050,Control,B3_Physical_Success,Direct_Earth_to_Mars,0.90696447405298086,0.90696447405298086,0
51,100050,Control,B4_Physical_Multiobjective,Direct_Earth_to_Mars,0.90696447405298086,0.90696447405298086,0
51,100050,Direct_Pointing_50pct_Power,B1_Shortest_Delay,Direct_Earth_to_Mars,1,0.90696447405298086,0
51,100050,Direct_Pointing_50pct_Power,B2_Contact_Aware,Direct_Earth_to_Mars,0.90696447405298086,0.90696447405298086,0
51,100050,Direct_Pointing_50pct_Power,B3_Physical_Success,Direct_Earth_to_Mars,0.90696447405298086,0.90696447405298086,0
51,100050,Direct_Pointing_50pct_Power,B4_Physical_Multiobjective,Direct_Earth_to_Mars,0.90696447405298086,0.90696447405298086,0
51,100050,Direct_Pointing_25pct_Power,B1_Shortest_Delay,Direct_Earth_to_Mars,1,0.90696447404814129,0
51,100050,Direct_Pointing_25pct_Power,B2_Contact_Aware,Direct_Earth_to_Mars,0.90696447405298086,0.90696447404814129,0
51,100050,Direct_Pointing_25pct_Power,B3_Physical_Success,Direct_Earth_to_Mars,0.90696447404814129,0.90696447404814129,0
51,100050,Direct_Pointing_25pct_Power,B4_Physical_Multiobjective,Direct_Earth_to_Mars,0.90696447404814129,0.90696447404814129,0
51,100050,Direct_Pointing_10pct_Power,B1_Shortest_Delay,Direct_Earth_to_Mars,1,0.7827514928526188,0
51,100050,Direct_Pointing_10pct_Power,B2_Contact_Aware,Direct_Earth_to_Mars,0.90696447405298086,0.7827514928526188,0
51,100050,Direct_Pointing_10pct_Power,B3_Physical_Success,Earth_Relay0_Mars,0.82258455719420021,0.82258455719420021,1
51,100050,Direct_Pointing_10pct_Power,B4_Physical_Multiobjective,Direct_Earth_to_Mars,0.7827514928526188,0.7827514928526188,0
51,100050,Direct_Background_16,B1_Shortest_Delay,Direct_Earth_to_Mars,1,0.90696447405298086,0
51,100050,Direct_Background_16,B2_Contact_Aware,Direct_Earth_to_Mars,0.90696447405298086,0.90696447405298086,0
51,100050,Direct_Background_16,B3_Physical_Success,Direct_Earth_to_Mars,0.90696447405298086,0.90696447405298086,0
51,100050,Direct_Background_16,B4_Physical_Multiobjective,Direct_Earth_to_Mars,0.90696447405298086,0.90696447405298086,0
51,100050,Direct_Combined_25pctPower_BG16,B1_Shortest_Delay,Direct_Earth_to_Mars,1,0.90696175427801717,0
51,100050,Direct_Combined_25pctPower_BG16,B2_Contact_Aware,Direct_Earth_to_Mars,0.90696447405298086,0.90696175427801717,0
51,100050,Direct_Combined_25pctPower_BG16,B3_Physical_Success,Direct_Earth_to_Mars,0.90696175427801717,0.90696175427801717,0
51,100050,Direct_Combined_25pctPower_BG16,B4_Physical_Multiobjective,Direct_Earth_to_Mars,0.90696175427801717,0.90696175427801717,0
51,100050,Direct_Hard_Obstruction,B1_Shortest_Delay,Earth_Relay2_Mars,1,0.82258455719420021,1
51,100050,Direct_Hard_Obstruction,B2_Contact_Aware,Earth_Relay0_Mars,0.82258455719420021,0.82258455719420021,1
51,100050,Direct_Hard_Obstruction,B3_Physical_Success,Earth_Relay0_Mars,0.82258455719420021,0.82258455719420021,1
51,100050,Direct_Hard_Obstruction,B4_Physical_Multiobjective,Earth_Relay2_Mars,0.82258455719420021,0.82258455719420021,1
52,100051,Control,B1_Shortest_Delay,Direct_Earth_to_Mars,1,0.98564280687577621,0
52,100051,Control,B2_Contact_Aware,Direct_Earth_to_Mars,0.98564280690479644,0.98564280687577621,0
52,100051,Control,B3_Physical_Success,Direct_Earth_to_Mars,0.98564280687577621,0.98564280687577621,0
52,100051,Control,B4_Physical_Multiobjective,Direct_Earth_to_Mars,0.98564280687577621,0.98564280687577621,0
52,100051,Direct_Pointing_50pct_Power,B1_Shortest_Delay,Direct_Earth_to_Mars,1,0.97826894386213181,0
52,100051,Direct_Pointing_50pct_Power,B2_Contact_Aware,Direct_Earth_to_Mars,0.98564280690479644,0.97826894386213181,0
52,100051,Direct_Pointing_50pct_Power,B3_Physical_Success,Direct_Earth_to_Mars,0.97826894386213181,0.97826894386213181,0
52,100051,Direct_Pointing_50pct_Power,B4_Physical_Multiobjective,Direct_Earth_to_Mars,0.97826894386213181,0.97826894386213181,0
52,100051,Direct_Pointing_25pct_Power,B1_Shortest_Delay,Direct_Earth_to_Mars,1,0,0
52,100051,Direct_Pointing_25pct_Power,B2_Contact_Aware,Direct_Earth_to_Mars,0.98564280690479644,0,0
52,100051,Direct_Pointing_25pct_Power,B3_Physical_Success,Earth_Relay2_Mars,0.97149174273156258,0.97149174273156258,1
52,100051,Direct_Pointing_25pct_Power,B4_Physical_Multiobjective,Earth_Relay2_Mars,0.48294668942234936,0.97149174273156258,1
52,100051,Direct_Pointing_10pct_Power,B1_Shortest_Delay,Direct_Earth_to_Mars,1,0,0
52,100051,Direct_Pointing_10pct_Power,B2_Contact_Aware,Direct_Earth_to_Mars,0.98564280690479644,0,0
52,100051,Direct_Pointing_10pct_Power,B3_Physical_Success,Earth_Relay2_Mars,0.97149174273156258,0.97149174273156258,1
52,100051,Direct_Pointing_10pct_Power,B4_Physical_Multiobjective,Earth_Relay2_Mars,0.48294668942234936,0.97149174273156258,1
52,100051,Direct_Background_16,B1_Shortest_Delay,Direct_Earth_to_Mars,1,0.98563280661082286,0
52,100051,Direct_Background_16,B2_Contact_Aware,Direct_Earth_to_Mars,0.98564280690479644,0.98563280661082286,0
52,100051,Direct_Background_16,B3_Physical_Success,Direct_Earth_to_Mars,0.98563280661082286,0.98563280661082286,0
52,100051,Direct_Background_16,B4_Physical_Multiobjective,Direct_Earth_to_Mars,0.98563280661082286,0.98563280661082286,0
52,100051,Direct_Combined_25pctPower_BG16,B1_Shortest_Delay,Direct_Earth_to_Mars,1,0,0
52,100051,Direct_Combined_25pctPower_BG16,B2_Contact_Aware,Direct_Earth_to_Mars,0.98564280690479644,0,0
52,100051,Direct_Combined_25pctPower_BG16,B3_Physical_Success,Earth_Relay2_Mars,0.97149174273156258,0.97149174273156258,1
52,100051,Direct_Combined_25pctPower_BG16,B4_Physical_Multiobjective,Earth_Relay2_Mars,0.48294668942234936,0.97149174273156258,1
52,100051,Direct_Hard_Obstruction,B1_Shortest_Delay,Earth_Relay2_Mars,1,0.97149174273156258,1
52,100051,Direct_Hard_Obstruction,B2_Contact_Aware,Earth_Relay0_Mars,0.97149174280316586,0.97149173094336361,1
52,100051,Direct_Hard_Obstruction,B3_Physical_Success,Earth_Relay2_Mars,0.97149174273156258,0.97149174273156258,1
52,100051,Direct_Hard_Obstruction,B4_Physical_Multiobjective,Earth_Relay2_Mars,0.97149174273156258,0.97149174273156258,1
53,100052,Control,B1_Shortest_Delay,Direct_Earth_to_Mars,1,0.92544129961344457,0
53,100052,Control,B2_Contact_Aware,Direct_Earth_to_Mars,0.92544129961344457,0.92544129961344457,0
53,100052,Control,B3_Physical_Success,Direct_Earth_to_Mars,0.92544129961344457,0.92544129961344457,0
53,100052,Control,B4_Physical_Multiobjective,Direct_Earth_to_Mars,0.92544129961344457,0.92544129961344457,0
53,100052,Direct_Pointing_50pct_Power,B1_Shortest_Delay,Direct_Earth_to_Mars,1,0.92544129961344457,0
53,100052,Direct_Pointing_50pct_Power,B2_Contact_Aware,Direct_Earth_to_Mars,0.92544129961344457,0.92544129961344457,0
53,100052,Direct_Pointing_50pct_Power,B3_Physical_Success,Direct_Earth_to_Mars,0.92544129961344457,0.92544129961344457,0
53,100052,Direct_Pointing_50pct_Power,B4_Physical_Multiobjective,Direct_Earth_to_Mars,0.92544129961344457,0.92544129961344457,0
53,100052,Direct_Pointing_25pct_Power,B1_Shortest_Delay,Direct_Earth_to_Mars,1,0.92544129961344457,0
53,100052,Direct_Pointing_25pct_Power,B2_Contact_Aware,Direct_Earth_to_Mars,0.92544129961344457,0.92544129961344457,0
53,100052,Direct_Pointing_25pct_Power,B3_Physical_Success,Direct_Earth_to_Mars,0.92544129961344457,0.92544129961344457,0
53,100052,Direct_Pointing_25pct_Power,B4_Physical_Multiobjective,Direct_Earth_to_Mars,0.92544129961344457,0.92544129961344457,0
53,100052,Direct_Pointing_10pct_Power,B1_Shortest_Delay,Direct_Earth_to_Mars,1,0.92544128444473694,0
53,100052,Direct_Pointing_10pct_Power,B2_Contact_Aware,Direct_Earth_to_Mars,0.92544129961344457,0.92544128444473694,0
53,100052,Direct_Pointing_10pct_Power,B3_Physical_Success,Direct_Earth_to_Mars,0.92544128444473694,0.92544128444473694,0
53,100052,Direct_Pointing_10pct_Power,B4_Physical_Multiobjective,Direct_Earth_to_Mars,0.92544128444473694,0.92544128444473694,0
53,100052,Direct_Background_16,B1_Shortest_Delay,Direct_Earth_to_Mars,1,0.92544129961344457,0
53,100052,Direct_Background_16,B2_Contact_Aware,Direct_Earth_to_Mars,0.92544129961344457,0.92544129961344457,0
53,100052,Direct_Background_16,B3_Physical_Success,Direct_Earth_to_Mars,0.92544129961344457,0.92544129961344457,0
53,100052,Direct_Background_16,B4_Physical_Multiobjective,Direct_Earth_to_Mars,0.92544129961344457,0.92544129961344457,0
53,100052,Direct_Combined_25pctPower_BG16,B1_Shortest_Delay,Direct_Earth_to_Mars,1,0.92544129961344457,0
53,100052,Direct_Combined_25pctPower_BG16,B2_Contact_Aware,Direct_Earth_to_Mars,0.92544129961344457,0.92544129961344457,0
53,100052,Direct_Combined_25pctPower_BG16,B3_Physical_Success,Direct_Earth_to_Mars,0.92544129961344457,0.92544129961344457,0
53,100052,Direct_Combined_25pctPower_BG16,B4_Physical_Multiobjective,Direct_Earth_to_Mars,0.92544129961344457,0.92544129961344457,0
53,100052,Direct_Hard_Obstruction,B1_Shortest_Delay,Earth_Relay2_Mars,1,0.85644159903022132,1
53,100052,Direct_Hard_Obstruction,B2_Contact_Aware,Earth_Relay0_Mars,0.85644159903022132,0.85644159903022132,1
53,100052,Direct_Hard_Obstruction,B3_Physical_Success,Earth_Relay0_Mars,0.85644159903022132,0.85644159903022132,1
53,100052,Direct_Hard_Obstruction,B4_Physical_Multiobjective,Earth_Relay2_Mars,0.85644159903022132,0.85644159903022132,1
54,100053,Control,B1_Shortest_Delay,Direct_Earth_to_Mars,1,0.82742712359376869,0
54,100053,Control,B2_Contact_Aware,Direct_Earth_to_Mars,0.82743368075005241,0.82742712359376869,0
54,100053,Control,B3_Physical_Success,Direct_Earth_to_Mars,0.82742712359376869,0.82742712359376869,0
54,100053,Control,B4_Physical_Multiobjective,Direct_Earth_to_Mars,0.82742712359376869,0.82742712359376869,0
54,100053,Direct_Pointing_50pct_Power,B1_Shortest_Delay,Direct_Earth_to_Mars,1,0,0
54,100053,Direct_Pointing_50pct_Power,B2_Contact_Aware,Direct_Earth_to_Mars,0.82743368075005241,0,0
54,100053,Direct_Pointing_50pct_Power,B3_Physical_Success,Earth_Relay1_Mars,0.68464604423087205,0.68464604423087205,1
54,100053,Direct_Pointing_50pct_Power,B4_Physical_Multiobjective,Earth_Relay1_Mars,0.29859088064659123,0.68464604423087205,1
54,100053,Direct_Pointing_25pct_Power,B1_Shortest_Delay,Direct_Earth_to_Mars,1,0,0
54,100053,Direct_Pointing_25pct_Power,B2_Contact_Aware,Direct_Earth_to_Mars,0.82743368075005241,0,0
54,100053,Direct_Pointing_25pct_Power,B3_Physical_Success,Earth_Relay1_Mars,0.68464604423087205,0.68464604423087205,1
54,100053,Direct_Pointing_25pct_Power,B4_Physical_Multiobjective,Earth_Relay1_Mars,0.29859088064659123,0.68464604423087205,1
54,100053,Direct_Pointing_10pct_Power,B1_Shortest_Delay,Direct_Earth_to_Mars,1,0,0
54,100053,Direct_Pointing_10pct_Power,B2_Contact_Aware,Direct_Earth_to_Mars,0.82743368075005241,0,0
54,100053,Direct_Pointing_10pct_Power,B3_Physical_Success,Earth_Relay1_Mars,0.68464604423087205,0.68464604423087205,1
54,100053,Direct_Pointing_10pct_Power,B4_Physical_Multiobjective,Earth_Relay1_Mars,0.29859088064659123,0.68464604423087205,1
54,100053,Direct_Background_16,B1_Shortest_Delay,Direct_Earth_to_Mars,1,0.78224320736757336,0
54,100053,Direct_Background_16,B2_Contact_Aware,Direct_Earth_to_Mars,0.82743368075005241,0.78224320736757336,0
54,100053,Direct_Background_16,B3_Physical_Success,Direct_Earth_to_Mars,0.78224320736757336,0.78224320736757336,0
54,100053,Direct_Background_16,B4_Physical_Multiobjective,Direct_Earth_to_Mars,0.78224320736757336,0.78224320736757336,0
54,100053,Direct_Combined_25pctPower_BG16,B1_Shortest_Delay,Direct_Earth_to_Mars,1,0,0
54,100053,Direct_Combined_25pctPower_BG16,B2_Contact_Aware,Direct_Earth_to_Mars,0.82743368075005241,0,0
54,100053,Direct_Combined_25pctPower_BG16,B3_Physical_Success,Earth_Relay1_Mars,0.68464604423087205,0.68464604423087205,1
54,100053,Direct_Combined_25pctPower_BG16,B4_Physical_Multiobjective,Earth_Relay1_Mars,0.29859088064659123,0.68464604423087205,1
54,100053,Direct_Hard_Obstruction,B1_Shortest_Delay,Earth_Relay1_Mars,1,0.68464604423087205,1
54,100053,Direct_Hard_Obstruction,B2_Contact_Aware,Earth_Relay0_Mars,0.68464649603957961,0.68460498858492091,1
54,100053,Direct_Hard_Obstruction,B3_Physical_Success,Earth_Relay1_Mars,0.68464604423087205,0.68464604423087205,1
54,100053,Direct_Hard_Obstruction,B4_Physical_Multiobjective,Earth_Relay1_Mars,0.68464604423087205,0.68464604423087205,1
55,100054,Control,B1_Shortest_Delay,Direct_Earth_to_Mars,1,0.91284612462321213,0
55,100054,Control,B2_Contact_Aware,Direct_Earth_to_Mars,0.91284612462321213,0.91284612462321213,0
55,100054,Control,B3_Physical_Success,Direct_Earth_to_Mars,0.91284612462321213,0.91284612462321213,0
55,100054,Control,B4_Physical_Multiobjective,Direct_Earth_to_Mars,0.91284612462321213,0.91284612462321213,0
55,100054,Direct_Pointing_50pct_Power,B1_Shortest_Delay,Direct_Earth_to_Mars,1,0.91284612461250292,0
55,100054,Direct_Pointing_50pct_Power,B2_Contact_Aware,Direct_Earth_to_Mars,0.91284612462321213,0.91284612461250292,0
55,100054,Direct_Pointing_50pct_Power,B3_Physical_Success,Direct_Earth_to_Mars,0.91284612461250292,0.91284612461250292,0
55,100054,Direct_Pointing_50pct_Power,B4_Physical_Multiobjective,Direct_Earth_to_Mars,0.91284612461250292,0.91284612461250292,0
55,100054,Direct_Pointing_25pct_Power,B1_Shortest_Delay,Direct_Earth_to_Mars,1,0.90827246288480745,0
55,100054,Direct_Pointing_25pct_Power,B2_Contact_Aware,Direct_Earth_to_Mars,0.91284612462321213,0.90827246288480745,0
55,100054,Direct_Pointing_25pct_Power,B3_Physical_Success,Direct_Earth_to_Mars,0.90827246288480745,0.90827246288480745,0
55,100054,Direct_Pointing_25pct_Power,B4_Physical_Multiobjective,Direct_Earth_to_Mars,0.90827246288480745,0.90827246288480745,0
55,100054,Direct_Pointing_10pct_Power,B1_Shortest_Delay,Direct_Earth_to_Mars,1,0,0
55,100054,Direct_Pointing_10pct_Power,B2_Contact_Aware,Direct_Earth_to_Mars,0.91284612462321213,0,0
55,100054,Direct_Pointing_10pct_Power,B3_Physical_Success,Earth_Relay0_Mars,0.83328804723961691,0.83328804723961691,1
55,100054,Direct_Pointing_10pct_Power,B4_Physical_Multiobjective,Earth_Relay2_Mars,0.41319354395558139,0.83328804723961691,1
55,100054,Direct_Background_16,B1_Shortest_Delay,Direct_Earth_to_Mars,1,0.91284612462321213,0
55,100054,Direct_Background_16,B2_Contact_Aware,Direct_Earth_to_Mars,0.91284612462321213,0.91284612462321213,0
55,100054,Direct_Background_16,B3_Physical_Success,Direct_Earth_to_Mars,0.91284612462321213,0.91284612462321213,0
55,100054,Direct_Background_16,B4_Physical_Multiobjective,Direct_Earth_to_Mars,0.91284612462321213,0.91284612462321213,0
55,100054,Direct_Combined_25pctPower_BG16,B1_Shortest_Delay,Direct_Earth_to_Mars,1,0,0
55,100054,Direct_Combined_25pctPower_BG16,B2_Contact_Aware,Direct_Earth_to_Mars,0.91284612462321213,0,0
55,100054,Direct_Combined_25pctPower_BG16,B3_Physical_Success,Earth_Relay0_Mars,0.83328804723961691,0.83328804723961691,1
55,100054,Direct_Combined_25pctPower_BG16,B4_Physical_Multiobjective,Earth_Relay2_Mars,0.41319354395558139,0.83328804723961691,1
55,100054,Direct_Hard_Obstruction,B1_Shortest_Delay,Earth_Relay2_Mars,1,0.83328804723961691,1
55,100054,Direct_Hard_Obstruction,B2_Contact_Aware,Earth_Relay0_Mars,0.83328804723961691,0.83328804723961691,1
55,100054,Direct_Hard_Obstruction,B3_Physical_Success,Earth_Relay0_Mars,0.83328804723961691,0.83328804723961691,1
55,100054,Direct_Hard_Obstruction,B4_Physical_Multiobjective,Earth_Relay2_Mars,0.83328804723961691,0.83328804723961691,1
56,100055,Control,B1_Shortest_Delay,Direct_Earth_to_Mars,1,0.80588279654952977,0
56,100055,Control,B2_Contact_Aware,Direct_Earth_to_Mars,0.80588279654952977,0.80588279654952977,0
56,100055,Control,B3_Physical_Success,Direct_Earth_to_Mars,0.80588279654952977,0.80588279654952977,0
56,100055,Control,B4_Physical_Multiobjective,Direct_Earth_to_Mars,0.80588279654952977,0.80588279654952977,0
56,100055,Direct_Pointing_50pct_Power,B1_Shortest_Delay,Direct_Earth_to_Mars,1,0.80588279654952977,0
56,100055,Direct_Pointing_50pct_Power,B2_Contact_Aware,Direct_Earth_to_Mars,0.80588279654952977,0.80588279654952977,0
56,100055,Direct_Pointing_50pct_Power,B3_Physical_Success,Direct_Earth_to_Mars,0.80588279654952977,0.80588279654952977,0
56,100055,Direct_Pointing_50pct_Power,B4_Physical_Multiobjective,Direct_Earth_to_Mars,0.80588279654952977,0.80588279654952977,0
56,100055,Direct_Pointing_25pct_Power,B1_Shortest_Delay,Direct_Earth_to_Mars,1,0.80588279654952977,0
56,100055,Direct_Pointing_25pct_Power,B2_Contact_Aware,Direct_Earth_to_Mars,0.80588279654952977,0.80588279654952977,0
56,100055,Direct_Pointing_25pct_Power,B3_Physical_Success,Direct_Earth_to_Mars,0.80588279654952977,0.80588279654952977,0
56,100055,Direct_Pointing_25pct_Power,B4_Physical_Multiobjective,Direct_Earth_to_Mars,0.80588279654952977,0.80588279654952977,0
56,100055,Direct_Pointing_10pct_Power,B1_Shortest_Delay,Direct_Earth_to_Mars,1,0.80588278905240285,0
56,100055,Direct_Pointing_10pct_Power,B2_Contact_Aware,Direct_Earth_to_Mars,0.80588279654952977,0.80588278905240285,0
56,100055,Direct_Pointing_10pct_Power,B3_Physical_Success,Direct_Earth_to_Mars,0.80588278905240285,0.80588278905240285,0
56,100055,Direct_Pointing_10pct_Power,B4_Physical_Multiobjective,Direct_Earth_to_Mars,0.80588278905240285,0.80588278905240285,0
56,100055,Direct_Background_16,B1_Shortest_Delay,Direct_Earth_to_Mars,1,0.80588279654952977,0
56,100055,Direct_Background_16,B2_Contact_Aware,Direct_Earth_to_Mars,0.80588279654952977,0.80588279654952977,0
56,100055,Direct_Background_16,B3_Physical_Success,Direct_Earth_to_Mars,0.80588279654952977,0.80588279654952977,0
56,100055,Direct_Background_16,B4_Physical_Multiobjective,Direct_Earth_to_Mars,0.80588279654952977,0.80588279654952977,0
56,100055,Direct_Combined_25pctPower_BG16,B1_Shortest_Delay,Direct_Earth_to_Mars,1,0.80588279654952977,0
56,100055,Direct_Combined_25pctPower_BG16,B2_Contact_Aware,Direct_Earth_to_Mars,0.80588279654952977,0.80588279654952977,0
56,100055,Direct_Combined_25pctPower_BG16,B3_Physical_Success,Direct_Earth_to_Mars,0.80588279654952977,0.80588279654952977,0
56,100055,Direct_Combined_25pctPower_BG16,B4_Physical_Multiobjective,Direct_Earth_to_Mars,0.80588279654952977,0.80588279654952977,0
56,100055,Direct_Hard_Obstruction,B1_Shortest_Delay,Earth_Relay2_Mars,1,0.64944708177449084,1
56,100055,Direct_Hard_Obstruction,B2_Contact_Aware,Earth_Relay0_Mars,0.64944708177449084,0.64944708177449084,1
56,100055,Direct_Hard_Obstruction,B3_Physical_Success,Earth_Relay0_Mars,0.64944708177449084,0.64944708177449084,1
56,100055,Direct_Hard_Obstruction,B4_Physical_Multiobjective,Earth_Relay2_Mars,0.64944708177449084,0.64944708177449084,1
57,100056,Control,B1_Shortest_Delay,Direct_Earth_to_Mars,1,0.90403549490050072,0
57,100056,Control,B2_Contact_Aware,Direct_Earth_to_Mars,0.90403549490050072,0.90403549490050072,0
57,100056,Control,B3_Physical_Success,Direct_Earth_to_Mars,0.90403549490050072,0.90403549490050072,0
57,100056,Control,B4_Physical_Multiobjective,Direct_Earth_to_Mars,0.90403549490050072,0.90403549490050072,0
57,100056,Direct_Pointing_50pct_Power,B1_Shortest_Delay,Direct_Earth_to_Mars,1,0.90403549490050072,0
57,100056,Direct_Pointing_50pct_Power,B2_Contact_Aware,Direct_Earth_to_Mars,0.90403549490050072,0.90403549490050072,0
57,100056,Direct_Pointing_50pct_Power,B3_Physical_Success,Direct_Earth_to_Mars,0.90403549490050072,0.90403549490050072,0
57,100056,Direct_Pointing_50pct_Power,B4_Physical_Multiobjective,Direct_Earth_to_Mars,0.90403549490050072,0.90403549490050072,0
57,100056,Direct_Pointing_25pct_Power,B1_Shortest_Delay,Direct_Earth_to_Mars,1,0.90403549490050072,0
57,100056,Direct_Pointing_25pct_Power,B2_Contact_Aware,Direct_Earth_to_Mars,0.90403549490050072,0.90403549490050072,0
57,100056,Direct_Pointing_25pct_Power,B3_Physical_Success,Direct_Earth_to_Mars,0.90403549490050072,0.90403549490050072,0
57,100056,Direct_Pointing_25pct_Power,B4_Physical_Multiobjective,Direct_Earth_to_Mars,0.90403549490050072,0.90403549490050072,0
57,100056,Direct_Pointing_10pct_Power,B1_Shortest_Delay,Direct_Earth_to_Mars,1,0.90376465911742931,0
57,100056,Direct_Pointing_10pct_Power,B2_Contact_Aware,Direct_Earth_to_Mars,0.90403549490050072,0.90376465911742931,0
57,100056,Direct_Pointing_10pct_Power,B3_Physical_Success,Direct_Earth_to_Mars,0.90376465911742931,0.90376465911742931,0
57,100056,Direct_Pointing_10pct_Power,B4_Physical_Multiobjective,Direct_Earth_to_Mars,0.90376465911742931,0.90376465911742931,0
57,100056,Direct_Background_16,B1_Shortest_Delay,Direct_Earth_to_Mars,1,0.90403549490050072,0
57,100056,Direct_Background_16,B2_Contact_Aware,Direct_Earth_to_Mars,0.90403549490050072,0.90403549490050072,0
57,100056,Direct_Background_16,B3_Physical_Success,Direct_Earth_to_Mars,0.90403549490050072,0.90403549490050072,0
57,100056,Direct_Background_16,B4_Physical_Multiobjective,Direct_Earth_to_Mars,0.90403549490050072,0.90403549490050072,0
57,100056,Direct_Combined_25pctPower_BG16,B1_Shortest_Delay,Direct_Earth_to_Mars,1,0.90403549489662927,0
57,100056,Direct_Combined_25pctPower_BG16,B2_Contact_Aware,Direct_Earth_to_Mars,0.90403549490050072,0.90403549489662927,0
57,100056,Direct_Combined_25pctPower_BG16,B3_Physical_Success,Direct_Earth_to_Mars,0.90403549489662927,0.90403549489662927,0
57,100056,Direct_Combined_25pctPower_BG16,B4_Physical_Multiobjective,Direct_Earth_to_Mars,0.90403549489662927,0.90403549489662927,0
57,100056,Direct_Hard_Obstruction,B1_Shortest_Delay,Earth_Relay2_Mars,1,0.81728017603999326,1
57,100056,Direct_Hard_Obstruction,B2_Contact_Aware,Earth_Relay0_Mars,0.81728017603999326,0.81728017603999326,1
57,100056,Direct_Hard_Obstruction,B3_Physical_Success,Earth_Relay0_Mars,0.81728017603999326,0.81728017603999326,1
57,100056,Direct_Hard_Obstruction,B4_Physical_Multiobjective,Earth_Relay2_Mars,0.81728017603999326,0.81728017603999326,1
58,100057,Control,B1_Shortest_Delay,Direct_Earth_to_Mars,1,0.88526196772714216,0
58,100057,Control,B2_Contact_Aware,Direct_Earth_to_Mars,0.88526196772714216,0.88526196772714216,0
58,100057,Control,B3_Physical_Success,Direct_Earth_to_Mars,0.88526196772714216,0.88526196772714216,0
58,100057,Control,B4_Physical_Multiobjective,Direct_Earth_to_Mars,0.88526196772714216,0.88526196772714216,0
58,100057,Direct_Pointing_50pct_Power,B1_Shortest_Delay,Direct_Earth_to_Mars,1,0.88526196772714216,0
58,100057,Direct_Pointing_50pct_Power,B2_Contact_Aware,Direct_Earth_to_Mars,0.88526196772714216,0.88526196772714216,0
58,100057,Direct_Pointing_50pct_Power,B3_Physical_Success,Direct_Earth_to_Mars,0.88526196772714216,0.88526196772714216,0
58,100057,Direct_Pointing_50pct_Power,B4_Physical_Multiobjective,Direct_Earth_to_Mars,0.88526196772714216,0.88526196772714216,0
58,100057,Direct_Pointing_25pct_Power,B1_Shortest_Delay,Direct_Earth_to_Mars,1,0.88524766873065797,0
58,100057,Direct_Pointing_25pct_Power,B2_Contact_Aware,Direct_Earth_to_Mars,0.88526196772714216,0.88524766873065797,0
58,100057,Direct_Pointing_25pct_Power,B3_Physical_Success,Direct_Earth_to_Mars,0.88524766873065797,0.88524766873065797,0
58,100057,Direct_Pointing_25pct_Power,B4_Physical_Multiobjective,Direct_Earth_to_Mars,0.88524766873065797,0.88524766873065797,0
58,100057,Direct_Pointing_10pct_Power,B1_Shortest_Delay,Direct_Earth_to_Mars,1,0,0
58,100057,Direct_Pointing_10pct_Power,B2_Contact_Aware,Direct_Earth_to_Mars,0.88526196772714216,0,0
58,100057,Direct_Pointing_10pct_Power,B3_Physical_Success,Earth_Relay0_Mars,0.78368875150413164,0.78368875150413164,1
58,100057,Direct_Pointing_10pct_Power,B4_Physical_Multiobjective,Earth_Relay2_Mars,0.38824348411184018,0.78368875150413164,1
58,100057,Direct_Background_16,B1_Shortest_Delay,Direct_Earth_to_Mars,1,0.88526196772714216,0
58,100057,Direct_Background_16,B2_Contact_Aware,Direct_Earth_to_Mars,0.88526196772714216,0.88526196772714216,0
58,100057,Direct_Background_16,B3_Physical_Success,Direct_Earth_to_Mars,0.88526196772714216,0.88526196772714216,0
58,100057,Direct_Background_16,B4_Physical_Multiobjective,Direct_Earth_to_Mars,0.88526196772714216,0.88526196772714216,0
58,100057,Direct_Combined_25pctPower_BG16,B1_Shortest_Delay,Direct_Earth_to_Mars,1,0.80809097149657905,0
58,100057,Direct_Combined_25pctPower_BG16,B2_Contact_Aware,Direct_Earth_to_Mars,0.88526196772714216,0.80809097149657905,0
58,100057,Direct_Combined_25pctPower_BG16,B3_Physical_Success,Direct_Earth_to_Mars,0.80809097149657905,0.80809097149657905,0
58,100057,Direct_Combined_25pctPower_BG16,B4_Physical_Multiobjective,Direct_Earth_to_Mars,0.80809097149657905,0.80809097149657905,0
58,100057,Direct_Hard_Obstruction,B1_Shortest_Delay,Earth_Relay2_Mars,1,0.78368875150413164,1
58,100057,Direct_Hard_Obstruction,B2_Contact_Aware,Earth_Relay0_Mars,0.78368875150413164,0.78368875150413164,1
58,100057,Direct_Hard_Obstruction,B3_Physical_Success,Earth_Relay0_Mars,0.78368875150413164,0.78368875150413164,1
58,100057,Direct_Hard_Obstruction,B4_Physical_Multiobjective,Earth_Relay2_Mars,0.78368875150413164,0.78368875150413164,1
59,100058,Control,B1_Shortest_Delay,Direct_Earth_to_Mars,1,0.94913078067123302,0
59,100058,Control,B2_Contact_Aware,Direct_Earth_to_Mars,0.94913078067123302,0.94913078067123302,0
59,100058,Control,B3_Physical_Success,Direct_Earth_to_Mars,0.94913078067123302,0.94913078067123302,0
59,100058,Control,B4_Physical_Multiobjective,Direct_Earth_to_Mars,0.94913078067123302,0.94913078067123302,0
59,100058,Direct_Pointing_50pct_Power,B1_Shortest_Delay,Direct_Earth_to_Mars,1,0.94913078059936307,0
59,100058,Direct_Pointing_50pct_Power,B2_Contact_Aware,Direct_Earth_to_Mars,0.94913078067123302,0.94913078059936307,0
59,100058,Direct_Pointing_50pct_Power,B3_Physical_Success,Direct_Earth_to_Mars,0.94913078059936307,0.94913078059936307,0
59,100058,Direct_Pointing_50pct_Power,B4_Physical_Multiobjective,Direct_Earth_to_Mars,0.94913078059936307,0.94913078059936307,0
59,100058,Direct_Pointing_25pct_Power,B1_Shortest_Delay,Direct_Earth_to_Mars,1,0.9384224423586891,0
59,100058,Direct_Pointing_25pct_Power,B2_Contact_Aware,Direct_Earth_to_Mars,0.94913078067123302,0.9384224423586891,0
59,100058,Direct_Pointing_25pct_Power,B3_Physical_Success,Direct_Earth_to_Mars,0.9384224423586891,0.9384224423586891,0
59,100058,Direct_Pointing_25pct_Power,B4_Physical_Multiobjective,Direct_Earth_to_Mars,0.9384224423586891,0.9384224423586891,0
59,100058,Direct_Pointing_10pct_Power,B1_Shortest_Delay,Direct_Earth_to_Mars,1,0,0
59,100058,Direct_Pointing_10pct_Power,B2_Contact_Aware,Direct_Earth_to_Mars,0.94913078067123302,0,0
59,100058,Direct_Pointing_10pct_Power,B3_Physical_Success,Earth_Relay0_Mars,0.90084923881758427,0.90084923881758427,1
59,100058,Direct_Pointing_10pct_Power,B4_Physical_Multiobjective,Earth_Relay2_Mars,0.4468028745966644,0.90084923881758427,1
59,100058,Direct_Background_16,B1_Shortest_Delay,Direct_Earth_to_Mars,1,0.94913078067123302,0
59,100058,Direct_Background_16,B2_Contact_Aware,Direct_Earth_to_Mars,0.94913078067123302,0.94913078067123302,0
59,100058,Direct_Background_16,B3_Physical_Success,Direct_Earth_to_Mars,0.94913078067123302,0.94913078067123302,0
59,100058,Direct_Background_16,B4_Physical_Multiobjective,Direct_Earth_to_Mars,0.94913078067123302,0.94913078067123302,0
59,100058,Direct_Combined_25pctPower_BG16,B1_Shortest_Delay,Direct_Earth_to_Mars,1,0,0
59,100058,Direct_Combined_25pctPower_BG16,B2_Contact_Aware,Direct_Earth_to_Mars,0.94913078067123302,0,0
59,100058,Direct_Combined_25pctPower_BG16,B3_Physical_Success,Earth_Relay0_Mars,0.90084923881758427,0.90084923881758427,1
59,100058,Direct_Combined_25pctPower_BG16,B4_Physical_Multiobjective,Earth_Relay2_Mars,0.4468028745966644,0.90084923881758427,1
59,100058,Direct_Hard_Obstruction,B1_Shortest_Delay,Earth_Relay2_Mars,1,0.90084923881758427,1
59,100058,Direct_Hard_Obstruction,B2_Contact_Aware,Earth_Relay0_Mars,0.90084923881758427,0.90084923881758427,1
59,100058,Direct_Hard_Obstruction,B3_Physical_Success,Earth_Relay0_Mars,0.90084923881758427,0.90084923881758427,1
59,100058,Direct_Hard_Obstruction,B4_Physical_Multiobjective,Earth_Relay2_Mars,0.90084923881758427,0.90084923881758427,1
60,100059,Control,B1_Shortest_Delay,Direct_Earth_to_Mars,1,0.89365583294041973,0
60,100059,Control,B2_Contact_Aware,Direct_Earth_to_Mars,0.89366805524853343,0.89365583294041973,0
60,100059,Control,B3_Physical_Success,Direct_Earth_to_Mars,0.89365583294041973,0.89365583294041973,0
60,100059,Control,B4_Physical_Multiobjective,Direct_Earth_to_Mars,0.89365583294041973,0.89365583294041973,0
60,100059,Direct_Pointing_50pct_Power,B1_Shortest_Delay,Direct_Earth_to_Mars,1,0,0
60,100059,Direct_Pointing_50pct_Power,B2_Contact_Aware,Direct_Earth_to_Mars,0.89366805524853343,0,0
60,100059,Direct_Pointing_50pct_Power,B3_Physical_Success,Earth_Relay1_Mars,0.79864093301489492,0.79864093301489492,1
60,100059,Direct_Pointing_50pct_Power,B4_Physical_Multiobjective,Earth_Relay2_Mars,0.39727988543761189,0.79861773592843821,1
60,100059,Direct_Pointing_25pct_Power,B1_Shortest_Delay,Direct_Earth_to_Mars,1,0,0
60,100059,Direct_Pointing_25pct_Power,B2_Contact_Aware,Direct_Earth_to_Mars,0.89366805524853343,0,0
60,100059,Direct_Pointing_25pct_Power,B3_Physical_Success,Earth_Relay1_Mars,0.79864093301489492,0.79864093301489492,1
60,100059,Direct_Pointing_25pct_Power,B4_Physical_Multiobjective,Earth_Relay2_Mars,0.39727988543761189,0.79861773592843821,1
60,100059,Direct_Pointing_10pct_Power,B1_Shortest_Delay,Direct_Earth_to_Mars,1,0,0
60,100059,Direct_Pointing_10pct_Power,B2_Contact_Aware,Direct_Earth_to_Mars,0.89366805524853343,0,0
60,100059,Direct_Pointing_10pct_Power,B3_Physical_Success,Earth_Relay1_Mars,0.79864093301489492,0.79864093301489492,1
60,100059,Direct_Pointing_10pct_Power,B4_Physical_Multiobjective,Earth_Relay2_Mars,0.39727988543761189,0.79861773592843821,1
60,100059,Direct_Background_16,B1_Shortest_Delay,Direct_Earth_to_Mars,1,0.8238090569289136,0
60,100059,Direct_Background_16,B2_Contact_Aware,Direct_Earth_to_Mars,0.89366805524853343,0.8238090569289136,0
60,100059,Direct_Background_16,B3_Physical_Success,Direct_Earth_to_Mars,0.8238090569289136,0.8238090569289136,0
60,100059,Direct_Background_16,B4_Physical_Multiobjective,Direct_Earth_to_Mars,0.8238090569289136,0.8238090569289136,0
60,100059,Direct_Combined_25pctPower_BG16,B1_Shortest_Delay,Direct_Earth_to_Mars,1,0,0
60,100059,Direct_Combined_25pctPower_BG16,B2_Contact_Aware,Direct_Earth_to_Mars,0.89366805524853343,0,0
60,100059,Direct_Combined_25pctPower_BG16,B3_Physical_Success,Earth_Relay1_Mars,0.79864093301489492,0.79864093301489492,1
60,100059,Direct_Combined_25pctPower_BG16,B4_Physical_Multiobjective,Earth_Relay2_Mars,0.39727988543761189,0.79861773592843821,1
60,100059,Direct_Hard_Obstruction,B1_Shortest_Delay,Earth_Relay2_Mars,1,0.79861773592843821,1
60,100059,Direct_Hard_Obstruction,B2_Contact_Aware,Earth_Relay0_Mars,0.79864259297169582,0.79858952849084253,1
60,100059,Direct_Hard_Obstruction,B3_Physical_Success,Earth_Relay1_Mars,0.79864093301489492,0.79864093301489492,1
60,100059,Direct_Hard_Obstruction,B4_Physical_Multiobjective,Earth_Relay2_Mars,0.79861773592843821,0.79861773592843821,1
61,100060,Control,B1_Shortest_Delay,Direct_Earth_to_Mars,1,0.88122715054081446,0
61,100060,Control,B2_Contact_Aware,Direct_Earth_to_Mars,0.88135361594641237,0.88122715054081446,0
61,100060,Control,B3_Physical_Success,Direct_Earth_to_Mars,0.88122715054081446,0.88122715054081446,0
61,100060,Control,B4_Physical_Multiobjective,Direct_Earth_to_Mars,0.88122715054081446,0.88122715054081446,0
61,100060,Direct_Pointing_50pct_Power,B1_Shortest_Delay,Direct_Earth_to_Mars,1,0,0
61,100060,Direct_Pointing_50pct_Power,B2_Contact_Aware,Direct_Earth_to_Mars,0.88135361594641237,0,0
61,100060,Direct_Pointing_50pct_Power,B3_Physical_Success,Earth_Relay1_Mars,0.77674630728118654,0.77674630728118654,1
61,100060,Direct_Pointing_50pct_Power,B4_Physical_Multiobjective,Earth_Relay2_Mars,0.38629902161597551,0.77653413376591951,1
61,100060,Direct_Pointing_25pct_Power,B1_Shortest_Delay,Direct_Earth_to_Mars,1,0,0
61,100060,Direct_Pointing_25pct_Power,B2_Contact_Aware,Direct_Earth_to_Mars,0.88135361594641237,0,0
61,100060,Direct_Pointing_25pct_Power,B3_Physical_Success,Earth_Relay1_Mars,0.77674630728118654,0.77674630728118654,1
61,100060,Direct_Pointing_25pct_Power,B4_Physical_Multiobjective,Earth_Relay2_Mars,0.38629902161597551,0.77653413376591951,1
61,100060,Direct_Pointing_10pct_Power,B1_Shortest_Delay,Direct_Earth_to_Mars,1,0,0
61,100060,Direct_Pointing_10pct_Power,B2_Contact_Aware,Direct_Earth_to_Mars,0.88135361594641237,0,0
61,100060,Direct_Pointing_10pct_Power,B3_Physical_Success,Earth_Relay1_Mars,0.77674630728118654,0.77674630728118654,1
61,100060,Direct_Pointing_10pct_Power,B4_Physical_Multiobjective,Earth_Relay2_Mars,0.38629902161597551,0.77653413376591951,1
61,100060,Direct_Background_16,B1_Shortest_Delay,Direct_Earth_to_Mars,1,0.56487450799894334,0
61,100060,Direct_Background_16,B2_Contact_Aware,Direct_Earth_to_Mars,0.88135361594641237,0.56487450799894334,0
61,100060,Direct_Background_16,B3_Physical_Success,Earth_Relay1_Mars,0.77674630728118654,0.77674630728118654,1
61,100060,Direct_Background_16,B4_Physical_Multiobjective,Direct_Earth_to_Mars,0.56487450799894334,0.56487450799894334,0
61,100060,Direct_Combined_25pctPower_BG16,B1_Shortest_Delay,Direct_Earth_to_Mars,1,0,0
61,100060,Direct_Combined_25pctPower_BG16,B2_Contact_Aware,Direct_Earth_to_Mars,0.88135361594641237,0,0
61,100060,Direct_Combined_25pctPower_BG16,B3_Physical_Success,Earth_Relay1_Mars,0.77674630728118654,0.77674630728118654,1
61,100060,Direct_Combined_25pctPower_BG16,B4_Physical_Multiobjective,Earth_Relay2_Mars,0.38629902161597551,0.77653413376591951,1
61,100060,Direct_Hard_Obstruction,B1_Shortest_Delay,Earth_Relay2_Mars,1,0.77653413376591951,1
61,100060,Direct_Hard_Obstruction,B2_Contact_Aware,Earth_Relay1_Mars,0.77678419634181617,0.77674630728118654,1
61,100060,Direct_Hard_Obstruction,B3_Physical_Success,Earth_Relay1_Mars,0.77674630728118654,0.77674630728118654,1
61,100060,Direct_Hard_Obstruction,B4_Physical_Multiobjective,Earth_Relay2_Mars,0.77653413376591951,0.77653413376591951,1
62,100061,Control,B1_Shortest_Delay,Direct_Earth_to_Mars,1,0.80947127906126026,0
62,100061,Control,B2_Contact_Aware,Direct_Earth_to_Mars,0.80947413765755172,0.80947127906126026,0
62,100061,Control,B3_Physical_Success,Direct_Earth_to_Mars,0.80947127906126026,0.80947127906126026,0
62,100061,Control,B4_Physical_Multiobjective,Direct_Earth_to_Mars,0.80947127906126026,0.80947127906126026,0
62,100061,Direct_Pointing_50pct_Power,B1_Shortest_Delay,Direct_Earth_to_Mars,1,0,0
62,100061,Direct_Pointing_50pct_Power,B2_Contact_Aware,Direct_Earth_to_Mars,0.80947413765755172,0,0
62,100061,Direct_Pointing_50pct_Power,B3_Physical_Success,Earth_Relay0_Mars,0.65524666689525779,0.65524666689525779,1
62,100061,Direct_Pointing_50pct_Power,B4_Physical_Multiobjective,Earth_Relay2_Mars,0.32590650834327234,0.65524304716969395,1
62,100061,Direct_Pointing_25pct_Power,B1_Shortest_Delay,Direct_Earth_to_Mars,1,0,0
62,100061,Direct_Pointing_25pct_Power,B2_Contact_Aware,Direct_Earth_to_Mars,0.80947413765755172,0,0
62,100061,Direct_Pointing_25pct_Power,B3_Physical_Success,Earth_Relay0_Mars,0.65524666689525779,0.65524666689525779,1
62,100061,Direct_Pointing_25pct_Power,B4_Physical_Multiobjective,Earth_Relay2_Mars,0.32590650834327234,0.65524304716969395,1
62,100061,Direct_Pointing_10pct_Power,B1_Shortest_Delay,Direct_Earth_to_Mars,1,0,0
62,100061,Direct_Pointing_10pct_Power,B2_Contact_Aware,Direct_Earth_to_Mars,0.80947413765755172,0,0
62,100061,Direct_Pointing_10pct_Power,B3_Physical_Success,Earth_Relay0_Mars,0.65524666689525779,0.65524666689525779,1
62,100061,Direct_Pointing_10pct_Power,B4_Physical_Multiobjective,Earth_Relay2_Mars,0.32590650834327234,0.65524304716969395,1
62,100061,Direct_Background_16,B1_Shortest_Delay,Direct_Earth_to_Mars,1,0.78355939475688352,0
62,100061,Direct_Background_16,B2_Contact_Aware,Direct_Earth_to_Mars,0.80947413765755172,0.78355939475688352,0
62,100061,Direct_Background_16,B3_Physical_Success,Direct_Earth_to_Mars,0.78355939475688352,0.78355939475688352,0
62,100061,Direct_Background_16,B4_Physical_Multiobjective,Direct_Earth_to_Mars,0.78355939475688352,0.78355939475688352,0
62,100061,Direct_Combined_25pctPower_BG16,B1_Shortest_Delay,Direct_Earth_to_Mars,1,0,0
62,100061,Direct_Combined_25pctPower_BG16,B2_Contact_Aware,Direct_Earth_to_Mars,0.80947413765755172,0,0
62,100061,Direct_Combined_25pctPower_BG16,B3_Physical_Success,Earth_Relay0_Mars,0.65524666689525779,0.65524666689525779,1
62,100061,Direct_Combined_25pctPower_BG16,B4_Physical_Multiobjective,Earth_Relay2_Mars,0.32590650834327234,0.65524304716969395,1
62,100061,Direct_Hard_Obstruction,B1_Shortest_Delay,Earth_Relay2_Mars,1,0.65524304716969395,1
62,100061,Direct_Hard_Obstruction,B2_Contact_Aware,Earth_Relay0_Mars,0.655248379536437,0.65524666689525779,1
62,100061,Direct_Hard_Obstruction,B3_Physical_Success,Earth_Relay0_Mars,0.65524666689525779,0.65524666689525779,1
62,100061,Direct_Hard_Obstruction,B4_Physical_Multiobjective,Earth_Relay2_Mars,0.65524304716969395,0.65524304716969395,1
63,100062,Control,B1_Shortest_Delay,Direct_Earth_to_Mars,1,0.91627586379561543,0
63,100062,Control,B2_Contact_Aware,Direct_Earth_to_Mars,0.91627586379561543,0.91627586379561543,0
63,100062,Control,B3_Physical_Success,Direct_Earth_to_Mars,0.91627586379561543,0.91627586379561543,0
63,100062,Control,B4_Physical_Multiobjective,Direct_Earth_to_Mars,0.91627586379561543,0.91627586379561543,0
63,100062,Direct_Pointing_50pct_Power,B1_Shortest_Delay,Direct_Earth_to_Mars,1,0.91627586379541104,0
63,100062,Direct_Pointing_50pct_Power,B2_Contact_Aware,Direct_Earth_to_Mars,0.91627586379561543,0.91627586379541104,0
63,100062,Direct_Pointing_50pct_Power,B3_Physical_Success,Direct_Earth_to_Mars,0.91627586379541104,0.91627586379541104,0
63,100062,Direct_Pointing_50pct_Power,B4_Physical_Multiobjective,Direct_Earth_to_Mars,0.91627586379541104,0.91627586379541104,0
63,100062,Direct_Pointing_25pct_Power,B1_Shortest_Delay,Direct_Earth_to_Mars,1,0.91546504584762001,0
63,100062,Direct_Pointing_25pct_Power,B2_Contact_Aware,Direct_Earth_to_Mars,0.91627586379561543,0.91546504584762001,0
63,100062,Direct_Pointing_25pct_Power,B3_Physical_Success,Direct_Earth_to_Mars,0.91546504584762001,0.91546504584762001,0
63,100062,Direct_Pointing_25pct_Power,B4_Physical_Multiobjective,Direct_Earth_to_Mars,0.91546504584762001,0.91546504584762001,0
63,100062,Direct_Pointing_10pct_Power,B1_Shortest_Delay,Direct_Earth_to_Mars,1,0,0
63,100062,Direct_Pointing_10pct_Power,B2_Contact_Aware,Direct_Earth_to_Mars,0.91627586379561543,0,0
63,100062,Direct_Pointing_10pct_Power,B3_Physical_Success,Earth_Relay0_Mars,0.83956145857440123,0.83956145857440123,1
63,100062,Direct_Pointing_10pct_Power,B4_Physical_Multiobjective,Earth_Relay2_Mars,0.41638748236137935,0.83956145857440123,1
63,100062,Direct_Background_16,B1_Shortest_Delay,Direct_Earth_to_Mars,1,0.91627586379561543,0
63,100062,Direct_Background_16,B2_Contact_Aware,Direct_Earth_to_Mars,0.91627586379561543,0.91627586379561543,0
63,100062,Direct_Background_16,B3_Physical_Success,Direct_Earth_to_Mars,0.91627586379561543,0.91627586379561543,0
63,100062,Direct_Background_16,B4_Physical_Multiobjective,Direct_Earth_to_Mars,0.91627586379561543,0.91627586379561543,0
63,100062,Direct_Combined_25pctPower_BG16,B1_Shortest_Delay,Direct_Earth_to_Mars,1,0,0
63,100062,Direct_Combined_25pctPower_BG16,B2_Contact_Aware,Direct_Earth_to_Mars,0.91627586379561543,0,0
63,100062,Direct_Combined_25pctPower_BG16,B3_Physical_Success,Earth_Relay0_Mars,0.83956145857440123,0.83956145857440123,1
63,100062,Direct_Combined_25pctPower_BG16,B4_Physical_Multiobjective,Earth_Relay2_Mars,0.41638748236137935,0.83956145857440123,1
63,100062,Direct_Hard_Obstruction,B1_Shortest_Delay,Earth_Relay2_Mars,1,0.83956145857440123,1
63,100062,Direct_Hard_Obstruction,B2_Contact_Aware,Earth_Relay0_Mars,0.83956145857440123,0.83956145857440123,1
63,100062,Direct_Hard_Obstruction,B3_Physical_Success,Earth_Relay0_Mars,0.83956145857440123,0.83956145857440123,1
63,100062,Direct_Hard_Obstruction,B4_Physical_Multiobjective,Earth_Relay2_Mars,0.83956145857440123,0.83956145857440123,1
64,100063,Control,B1_Shortest_Delay,Direct_Earth_to_Mars,1,0.92696486534350542,0
64,100063,Control,B2_Contact_Aware,Direct_Earth_to_Mars,0.92696486558705926,0.92696486534350542,0
64,100063,Control,B3_Physical_Success,Direct_Earth_to_Mars,0.92696486534350542,0.92696486534350542,0
64,100063,Control,B4_Physical_Multiobjective,Direct_Earth_to_Mars,0.92696486534350542,0.92696486534350542,0
64,100063,Direct_Pointing_50pct_Power,B1_Shortest_Delay,Direct_Earth_to_Mars,1,0.90901995033248351,0
64,100063,Direct_Pointing_50pct_Power,B2_Contact_Aware,Direct_Earth_to_Mars,0.92696486558705926,0.90901995033248351,0
64,100063,Direct_Pointing_50pct_Power,B3_Physical_Success,Direct_Earth_to_Mars,0.90901995033248351,0.90901995033248351,0
64,100063,Direct_Pointing_50pct_Power,B4_Physical_Multiobjective,Direct_Earth_to_Mars,0.90901995033248351,0.90901995033248351,0
64,100063,Direct_Pointing_25pct_Power,B1_Shortest_Delay,Direct_Earth_to_Mars,1,0,0
64,100063,Direct_Pointing_25pct_Power,B2_Contact_Aware,Direct_Earth_to_Mars,0.92696486558705926,0,0
64,100063,Direct_Pointing_25pct_Power,B3_Physical_Success,Earth_Relay0_Mars,0.85926386203275862,0.85926386203275862,1
64,100063,Direct_Pointing_25pct_Power,B4_Physical_Multiobjective,Earth_Relay2_Mars,0.42702557992023171,0.85926386146885458,1
64,100063,Direct_Pointing_10pct_Power,B1_Shortest_Delay,Direct_Earth_to_Mars,1,0,0
64,100063,Direct_Pointing_10pct_Power,B2_Contact_Aware,Direct_Earth_to_Mars,0.92696486558705926,0,0
64,100063,Direct_Pointing_10pct_Power,B3_Physical_Success,Earth_Relay0_Mars,0.85926386203275862,0.85926386203275862,1
64,100063,Direct_Pointing_10pct_Power,B4_Physical_Multiobjective,Earth_Relay2_Mars,0.42702557992023171,0.85926386146885458,1
64,100063,Direct_Background_16,B1_Shortest_Delay,Direct_Earth_to_Mars,1,0.92692063684720849,0
64,100063,Direct_Background_16,B2_Contact_Aware,Direct_Earth_to_Mars,0.92696486558705926,0.92692063684720849,0
64,100063,Direct_Background_16,B3_Physical_Success,Direct_Earth_to_Mars,0.92692063684720849,0.92692063684720849,0
64,100063,Direct_Background_16,B4_Physical_Multiobjective,Direct_Earth_to_Mars,0.92692063684720849,0.92692063684720849,0
64,100063,Direct_Combined_25pctPower_BG16,B1_Shortest_Delay,Direct_Earth_to_Mars,1,0,0
64,100063,Direct_Combined_25pctPower_BG16,B2_Contact_Aware,Direct_Earth_to_Mars,0.92696486558705926,0,0
64,100063,Direct_Combined_25pctPower_BG16,B3_Physical_Success,Earth_Relay0_Mars,0.85926386203275862,0.85926386203275862,1
64,100063,Direct_Combined_25pctPower_BG16,B4_Physical_Multiobjective,Earth_Relay2_Mars,0.42702557992023171,0.85926386146885458,1
64,100063,Direct_Hard_Obstruction,B1_Shortest_Delay,Earth_Relay2_Mars,1,0.85926386146885458,1
64,100063,Direct_Hard_Obstruction,B2_Contact_Aware,Earth_Relay0_Mars,0.85926386203283489,0.85926386203275862,1
64,100063,Direct_Hard_Obstruction,B3_Physical_Success,Earth_Relay0_Mars,0.85926386203275862,0.85926386203275862,1
64,100063,Direct_Hard_Obstruction,B4_Physical_Multiobjective,Earth_Relay2_Mars,0.85926386146885458,0.85926386146885458,1
65,100064,Control,B1_Shortest_Delay,Direct_Earth_to_Mars,1,0.86293250045694569,0
65,100064,Control,B2_Contact_Aware,Direct_Earth_to_Mars,0.86293260068607081,0.86293250045694569,0
65,100064,Control,B3_Physical_Success,Direct_Earth_to_Mars,0.86293250045694569,0.86293250045694569,0
65,100064,Control,B4_Physical_Multiobjective,Direct_Earth_to_Mars,0.86293250045694569,0.86293250045694569,0
65,100064,Direct_Pointing_50pct_Power,B1_Shortest_Delay,Direct_Earth_to_Mars,1,0.63303080343562002,0
65,100064,Direct_Pointing_50pct_Power,B2_Contact_Aware,Direct_Earth_to_Mars,0.86293260068607081,0.63303080343562002,0
65,100064,Direct_Pointing_50pct_Power,B3_Physical_Success,Earth_Relay1_Mars,0.74465267245202316,0.74465267245202316,1
65,100064,Direct_Pointing_50pct_Power,B4_Physical_Multiobjective,Direct_Earth_to_Mars,0.63303080343562002,0.63303080343562002,0
65,100064,Direct_Pointing_25pct_Power,B1_Shortest_Delay,Direct_Earth_to_Mars,1,0,0
65,100064,Direct_Pointing_25pct_Power,B2_Contact_Aware,Direct_Earth_to_Mars,0.86293260068607081,0,0
65,100064,Direct_Pointing_25pct_Power,B3_Physical_Success,Earth_Relay1_Mars,0.74465267245202316,0.74465267245202316,1
65,100064,Direct_Pointing_25pct_Power,B4_Physical_Multiobjective,Earth_Relay2_Mars,0.37032511625795306,0.74465246968742971,1
65,100064,Direct_Pointing_10pct_Power,B1_Shortest_Delay,Direct_Earth_to_Mars,1,0,0
65,100064,Direct_Pointing_10pct_Power,B2_Contact_Aware,Direct_Earth_to_Mars,0.86293260068607081,0,0
65,100064,Direct_Pointing_10pct_Power,B3_Physical_Success,Earth_Relay1_Mars,0.74465267245202316,0.74465267245202316,1
65,100064,Direct_Pointing_10pct_Power,B4_Physical_Multiobjective,Earth_Relay2_Mars,0.37032511625795306,0.74465246968742971,1
65,100064,Direct_Background_16,B1_Shortest_Delay,Direct_Earth_to_Mars,1,0.86014308659728123,0
65,100064,Direct_Background_16,B2_Contact_Aware,Direct_Earth_to_Mars,0.86293260068607081,0.86014308659728123,0
65,100064,Direct_Background_16,B3_Physical_Success,Direct_Earth_to_Mars,0.86014308659728123,0.86014308659728123,0
65,100064,Direct_Background_16,B4_Physical_Multiobjective,Direct_Earth_to_Mars,0.86014308659728123,0.86014308659728123,0
65,100064,Direct_Combined_25pctPower_BG16,B1_Shortest_Delay,Direct_Earth_to_Mars,1,0,0
65,100064,Direct_Combined_25pctPower_BG16,B2_Contact_Aware,Direct_Earth_to_Mars,0.86293260068607081,0,0
65,100064,Direct_Combined_25pctPower_BG16,B3_Physical_Success,Earth_Relay1_Mars,0.74465267245202316,0.74465267245202316,1
65,100064,Direct_Combined_25pctPower_BG16,B4_Physical_Multiobjective,Earth_Relay2_Mars,0.37032511625795306,0.74465246968742971,1
65,100064,Direct_Hard_Obstruction,B1_Shortest_Delay,Earth_Relay2_Mars,1,0.74465246968742971,1
65,100064,Direct_Hard_Obstruction,B2_Contact_Aware,Earth_Relay0_Mars,0.74465267332682572,0.74464966772476482,1
65,100064,Direct_Hard_Obstruction,B3_Physical_Success,Earth_Relay1_Mars,0.74465267245202316,0.74465267245202316,1
65,100064,Direct_Hard_Obstruction,B4_Physical_Multiobjective,Earth_Relay2_Mars,0.74465246968742971,0.74465246968742971,1
66,100065,Control,B1_Shortest_Delay,Direct_Earth_to_Mars,1,0.95028733774102769,0
66,100065,Control,B2_Contact_Aware,Direct_Earth_to_Mars,0.95028733791521613,0.95028733774102769,0
66,100065,Control,B3_Physical_Success,Direct_Earth_to_Mars,0.95028733774102769,0.95028733774102769,0
66,100065,Control,B4_Physical_Multiobjective,Direct_Earth_to_Mars,0.95028733774102769,0.95028733774102769,0
66,100065,Direct_Pointing_50pct_Power,B1_Shortest_Delay,Direct_Earth_to_Mars,1,0.9345498990571014,0
66,100065,Direct_Pointing_50pct_Power,B2_Contact_Aware,Direct_Earth_to_Mars,0.95028733791521613,0.9345498990571014,0
66,100065,Direct_Pointing_50pct_Power,B3_Physical_Success,Direct_Earth_to_Mars,0.9345498990571014,0.9345498990571014,0
66,100065,Direct_Pointing_50pct_Power,B4_Physical_Multiobjective,Direct_Earth_to_Mars,0.9345498990571014,0.9345498990571014,0
66,100065,Direct_Pointing_25pct_Power,B1_Shortest_Delay,Direct_Earth_to_Mars,1,0,0
66,100065,Direct_Pointing_25pct_Power,B2_Contact_Aware,Direct_Earth_to_Mars,0.95028733791521613,0,0
66,100065,Direct_Pointing_25pct_Power,B3_Physical_Success,Earth_Relay0_Mars,0.9030460246016665,0.9030460246016665,1
66,100065,Direct_Pointing_25pct_Power,B4_Physical_Multiobjective,Earth_Relay2_Mars,0.44886552736664193,0.9030460241893068,1
66,100065,Direct_Pointing_10pct_Power,B1_Shortest_Delay,Direct_Earth_to_Mars,1,0,0
66,100065,Direct_Pointing_10pct_Power,B2_Contact_Aware,Direct_Earth_to_Mars,0.95028733791521613,0,0
66,100065,Direct_Pointing_10pct_Power,B3_Physical_Success,Earth_Relay0_Mars,0.9030460246016665,0.9030460246016665,1
66,100065,Direct_Pointing_10pct_Power,B4_Physical_Multiobjective,Earth_Relay2_Mars,0.44886552736664193,0.9030460241893068,1
66,100065,Direct_Background_16,B1_Shortest_Delay,Direct_Earth_to_Mars,1,0.95025215132634355,0
66,100065,Direct_Background_16,B2_Contact_Aware,Direct_Earth_to_Mars,0.95028733791521613,0.95025215132634355,0
66,100065,Direct_Background_16,B3_Physical_Success,Direct_Earth_to_Mars,0.95025215132634355,0.95025215132634355,0
66,100065,Direct_Background_16,B4_Physical_Multiobjective,Direct_Earth_to_Mars,0.95025215132634355,0.95025215132634355,0
66,100065,Direct_Combined_25pctPower_BG16,B1_Shortest_Delay,Direct_Earth_to_Mars,1,0,0
66,100065,Direct_Combined_25pctPower_BG16,B2_Contact_Aware,Direct_Earth_to_Mars,0.95028733791521613,0,0
66,100065,Direct_Combined_25pctPower_BG16,B3_Physical_Success,Earth_Relay0_Mars,0.9030460246016665,0.9030460246016665,1
66,100065,Direct_Combined_25pctPower_BG16,B4_Physical_Multiobjective,Earth_Relay2_Mars,0.44886552736664193,0.9030460241893068,1
66,100065,Direct_Hard_Obstruction,B1_Shortest_Delay,Earth_Relay2_Mars,1,0.9030460241893068,1
66,100065,Direct_Hard_Obstruction,B2_Contact_Aware,Earth_Relay0_Mars,0.90304602460198813,0.9030460246016665,1
66,100065,Direct_Hard_Obstruction,B3_Physical_Success,Earth_Relay0_Mars,0.9030460246016665,0.9030460246016665,1
66,100065,Direct_Hard_Obstruction,B4_Physical_Multiobjective,Earth_Relay2_Mars,0.9030460241893068,0.9030460241893068,1
67,100066,Control,B1_Shortest_Delay,Direct_Earth_to_Mars,1,0.97323639791216965,0
67,100066,Control,B2_Contact_Aware,Direct_Earth_to_Mars,0.97323639791216965,0.97323639791216965,0
67,100066,Control,B3_Physical_Success,Direct_Earth_to_Mars,0.97323639791216965,0.97323639791216965,0
67,100066,Control,B4_Physical_Multiobjective,Direct_Earth_to_Mars,0.97323639791216965,0.97323639791216965,0
67,100066,Direct_Pointing_50pct_Power,B1_Shortest_Delay,Direct_Earth_to_Mars,1,0.97323639791216965,0
67,100066,Direct_Pointing_50pct_Power,B2_Contact_Aware,Direct_Earth_to_Mars,0.97323639791216965,0.97323639791216965,0
67,100066,Direct_Pointing_50pct_Power,B3_Physical_Success,Direct_Earth_to_Mars,0.97323639791216965,0.97323639791216965,0
67,100066,Direct_Pointing_50pct_Power,B4_Physical_Multiobjective,Direct_Earth_to_Mars,0.97323639791216965,0.97323639791216965,0
67,100066,Direct_Pointing_25pct_Power,B1_Shortest_Delay,Direct_Earth_to_Mars,1,0.97323639791216965,0
67,100066,Direct_Pointing_25pct_Power,B2_Contact_Aware,Direct_Earth_to_Mars,0.97323639791216965,0.97323639791216965,0
67,100066,Direct_Pointing_25pct_Power,B3_Physical_Success,Direct_Earth_to_Mars,0.97323639791216965,0.97323639791216965,0
67,100066,Direct_Pointing_25pct_Power,B4_Physical_Multiobjective,Direct_Earth_to_Mars,0.97323639791216965,0.97323639791216965,0
67,100066,Direct_Pointing_10pct_Power,B1_Shortest_Delay,Direct_Earth_to_Mars,1,0.97323639791211014,0
67,100066,Direct_Pointing_10pct_Power,B2_Contact_Aware,Direct_Earth_to_Mars,0.97323639791216965,0.97323639791211014,0
67,100066,Direct_Pointing_10pct_Power,B3_Physical_Success,Direct_Earth_to_Mars,0.97323639791211014,0.97323639791211014,0
67,100066,Direct_Pointing_10pct_Power,B4_Physical_Multiobjective,Direct_Earth_to_Mars,0.97323639791211014,0.97323639791211014,0
67,100066,Direct_Background_16,B1_Shortest_Delay,Direct_Earth_to_Mars,1,0.97323639791216965,0
67,100066,Direct_Background_16,B2_Contact_Aware,Direct_Earth_to_Mars,0.97323639791216965,0.97323639791216965,0
67,100066,Direct_Background_16,B3_Physical_Success,Direct_Earth_to_Mars,0.97323639791216965,0.97323639791216965,0
67,100066,Direct_Background_16,B4_Physical_Multiobjective,Direct_Earth_to_Mars,0.97323639791216965,0.97323639791216965,0
67,100066,Direct_Combined_25pctPower_BG16,B1_Shortest_Delay,Direct_Earth_to_Mars,1,0.97323639791216965,0
67,100066,Direct_Combined_25pctPower_BG16,B2_Contact_Aware,Direct_Earth_to_Mars,0.97323639791216965,0.97323639791216965,0
67,100066,Direct_Combined_25pctPower_BG16,B3_Physical_Success,Direct_Earth_to_Mars,0.97323639791216965,0.97323639791216965,0
67,100066,Direct_Combined_25pctPower_BG16,B4_Physical_Multiobjective,Direct_Earth_to_Mars,0.97323639791216965,0.97323639791216965,0
67,100066,Direct_Hard_Obstruction,B1_Shortest_Delay,Earth_Relay2_Mars,1,0.94718908622105502,1
67,100066,Direct_Hard_Obstruction,B2_Contact_Aware,Earth_Relay0_Mars,0.94718908622105502,0.94718908622105502,1
67,100066,Direct_Hard_Obstruction,B3_Physical_Success,Earth_Relay0_Mars,0.94718908622105502,0.94718908622105502,1
67,100066,Direct_Hard_Obstruction,B4_Physical_Multiobjective,Earth_Relay2_Mars,0.94718908622105502,0.94718908622105502,1
68,100067,Control,B1_Shortest_Delay,Direct_Earth_to_Mars,1,0.85946927310059607,0
68,100067,Control,B2_Contact_Aware,Direct_Earth_to_Mars,0.85947266443034731,0.85946927310059607,0
68,100067,Control,B3_Physical_Success,Direct_Earth_to_Mars,0.85946927310059607,0.85946927310059607,0
68,100067,Control,B4_Physical_Multiobjective,Direct_Earth_to_Mars,0.85946927310059607,0.85946927310059607,0
68,100067,Direct_Pointing_50pct_Power,B1_Shortest_Delay,Direct_Earth_to_Mars,1,0,0
68,100067,Direct_Pointing_50pct_Power,B2_Contact_Aware,Direct_Earth_to_Mars,0.85947266443034731,0,0
68,100067,Direct_Pointing_50pct_Power,B3_Physical_Success,Earth_Relay0_Mars,0.73869239766431516,0.73869239766431516,1
68,100067,Direct_Pointing_50pct_Power,B4_Physical_Multiobjective,Earth_Relay2_Mars,0.36734798468295748,0.73868652552813019,1
68,100067,Direct_Pointing_25pct_Power,B1_Shortest_Delay,Direct_Earth_to_Mars,1,0,0
68,100067,Direct_Pointing_25pct_Power,B2_Contact_Aware,Direct_Earth_to_Mars,0.85947266443034731,0,0
68,100067,Direct_Pointing_25pct_Power,B3_Physical_Success,Earth_Relay0_Mars,0.73869239766431516,0.73869239766431516,1
68,100067,Direct_Pointing_25pct_Power,B4_Physical_Multiobjective,Earth_Relay2_Mars,0.36734798468295748,0.73868652552813019,1
68,100067,Direct_Pointing_10pct_Power,B1_Shortest_Delay,Direct_Earth_to_Mars,1,0,0
68,100067,Direct_Pointing_10pct_Power,B2_Contact_Aware,Direct_Earth_to_Mars,0.85947266443034731,0,0
68,100067,Direct_Pointing_10pct_Power,B3_Physical_Success,Earth_Relay0_Mars,0.73869239766431516,0.73869239766431516,1
68,100067,Direct_Pointing_10pct_Power,B4_Physical_Multiobjective,Earth_Relay2_Mars,0.36734798468295748,0.73868652552813019,1
68,100067,Direct_Background_16,B1_Shortest_Delay,Direct_Earth_to_Mars,1,0.82985779908562163,0
68,100067,Direct_Background_16,B2_Contact_Aware,Direct_Earth_to_Mars,0.85947266443034731,0.82985779908562163,0
68,100067,Direct_Background_16,B3_Physical_Success,Direct_Earth_to_Mars,0.82985779908562163,0.82985779908562163,0
68,100067,Direct_Background_16,B4_Physical_Multiobjective,Direct_Earth_to_Mars,0.82985779908562163,0.82985779908562163,0
68,100067,Direct_Combined_25pctPower_BG16,B1_Shortest_Delay,Direct_Earth_to_Mars,1,0,0
68,100067,Direct_Combined_25pctPower_BG16,B2_Contact_Aware,Direct_Earth_to_Mars,0.85947266443034731,0,0
68,100067,Direct_Combined_25pctPower_BG16,B3_Physical_Success,Earth_Relay0_Mars,0.73869239766431516,0.73869239766431516,1
68,100067,Direct_Combined_25pctPower_BG16,B4_Physical_Multiobjective,Earth_Relay2_Mars,0.36734798468295748,0.73868652552813019,1
68,100067,Direct_Hard_Obstruction,B1_Shortest_Delay,Earth_Relay2_Mars,1,0.73868652552813019,1
68,100067,Direct_Hard_Obstruction,B2_Contact_Aware,Earth_Relay0_Mars,0.73869326090300036,0.73869239766431516,1
68,100067,Direct_Hard_Obstruction,B3_Physical_Success,Earth_Relay0_Mars,0.73869239766431516,0.73869239766431516,1
68,100067,Direct_Hard_Obstruction,B4_Physical_Multiobjective,Earth_Relay2_Mars,0.73868652552813019,0.73868652552813019,1
69,100068,Control,B1_Shortest_Delay,Direct_Earth_to_Mars,1,0.93077079612493929,0
69,100068,Control,B2_Contact_Aware,Direct_Earth_to_Mars,0.93077080111446731,0.93077079612493929,0
69,100068,Control,B3_Physical_Success,Direct_Earth_to_Mars,0.93077079612493929,0.93077079612493929,0
69,100068,Control,B4_Physical_Multiobjective,Direct_Earth_to_Mars,0.93077079612493929,0.93077079612493929,0
69,100068,Direct_Pointing_50pct_Power,B1_Shortest_Delay,Direct_Earth_to_Mars,1,0.86446989583523492,0
69,100068,Direct_Pointing_50pct_Power,B2_Contact_Aware,Direct_Earth_to_Mars,0.93077080111446731,0.86446989583523492,0
69,100068,Direct_Pointing_50pct_Power,B3_Physical_Success,Earth_Relay1_Mars,0.86633428419928982,0.86633428419928982,1
69,100068,Direct_Pointing_50pct_Power,B4_Physical_Multiobjective,Direct_Earth_to_Mars,0.86446989583523492,0.86446989583523492,0
69,100068,Direct_Pointing_25pct_Power,B1_Shortest_Delay,Direct_Earth_to_Mars,1,0,0
69,100068,Direct_Pointing_25pct_Power,B2_Contact_Aware,Direct_Earth_to_Mars,0.93077080111446731,0,0
69,100068,Direct_Pointing_25pct_Power,B3_Physical_Success,Earth_Relay1_Mars,0.86633428419928982,0.86633428419928982,1
69,100068,Direct_Pointing_25pct_Power,B4_Physical_Multiobjective,Earth_Relay2_Mars,0.43072689044207918,0.86633427299745058,1
69,100068,Direct_Pointing_10pct_Power,B1_Shortest_Delay,Direct_Earth_to_Mars,1,0,0
69,100068,Direct_Pointing_10pct_Power,B2_Contact_Aware,Direct_Earth_to_Mars,0.93077080111446731,0,0
69,100068,Direct_Pointing_10pct_Power,B3_Physical_Success,Earth_Relay1_Mars,0.86633428419928982,0.86633428419928982,1
69,100068,Direct_Pointing_10pct_Power,B4_Physical_Multiobjective,Earth_Relay2_Mars,0.43072689044207918,0.86633427299745058,1
69,100068,Direct_Background_16,B1_Shortest_Delay,Direct_Earth_to_Mars,1,0.93040619001368519,0
69,100068,Direct_Background_16,B2_Contact_Aware,Direct_Earth_to_Mars,0.93077080111446731,0.93040619001368519,0
69,100068,Direct_Background_16,B3_Physical_Success,Direct_Earth_to_Mars,0.93040619001368519,0.93040619001368519,0
69,100068,Direct_Background_16,B4_Physical_Multiobjective,Direct_Earth_to_Mars,0.93040619001368519,0.93040619001368519,0
69,100068,Direct_Combined_25pctPower_BG16,B1_Shortest_Delay,Direct_Earth_to_Mars,1,0,0
69,100068,Direct_Combined_25pctPower_BG16,B2_Contact_Aware,Direct_Earth_to_Mars,0.93077080111446731,0,0
69,100068,Direct_Combined_25pctPower_BG16,B3_Physical_Success,Earth_Relay1_Mars,0.86633428419928982,0.86633428419928982,1
69,100068,Direct_Combined_25pctPower_BG16,B4_Physical_Multiobjective,Earth_Relay2_Mars,0.43072689044207918,0.86633427299745058,1
69,100068,Direct_Hard_Obstruction,B1_Shortest_Delay,Earth_Relay2_Mars,1,0.86633427299745058,1
69,100068,Direct_Hard_Obstruction,B2_Contact_Aware,Earth_Relay0_Mars,0.86633428420726721,0.8663337009129406,1
69,100068,Direct_Hard_Obstruction,B3_Physical_Success,Earth_Relay1_Mars,0.86633428419928982,0.86633428419928982,1
69,100068,Direct_Hard_Obstruction,B4_Physical_Multiobjective,Earth_Relay2_Mars,0.86633427299745058,0.86633427299745058,1
70,100069,Control,B1_Shortest_Delay,Direct_Earth_to_Mars,1,0.97255197740195687,0
70,100069,Control,B2_Contact_Aware,Direct_Earth_to_Mars,0.97255211625526805,0.97255197740195687,0
70,100069,Control,B3_Physical_Success,Direct_Earth_to_Mars,0.97255197740195687,0.97255197740195687,0
70,100069,Control,B4_Physical_Multiobjective,Direct_Earth_to_Mars,0.97255197740195687,0.97255197740195687,0
70,100069,Direct_Pointing_50pct_Power,B1_Shortest_Delay,Direct_Earth_to_Mars,1,0.68957624152359198,0
70,100069,Direct_Pointing_50pct_Power,B2_Contact_Aware,Direct_Earth_to_Mars,0.97255211625526805,0.68957624152359198,0
70,100069,Direct_Pointing_50pct_Power,B3_Physical_Success,Earth_Relay1_Mars,0.94585761757609632,0.94585761757609632,1
70,100069,Direct_Pointing_50pct_Power,B4_Physical_Multiobjective,Direct_Earth_to_Mars,0.68957624152359198,0.68957624152359198,0
70,100069,Direct_Pointing_25pct_Power,B1_Shortest_Delay,Direct_Earth_to_Mars,1,0,0
70,100069,Direct_Pointing_25pct_Power,B2_Contact_Aware,Direct_Earth_to_Mars,0.97255211625526805,0,0
70,100069,Direct_Pointing_25pct_Power,B3_Physical_Success,Earth_Relay1_Mars,0.94585761757609632,0.94585761757609632,1
70,100069,Direct_Pointing_25pct_Power,B4_Physical_Multiobjective,Earth_Relay2_Mars,0.47037358668190021,0.94585730111331612,1
70,100069,Direct_Pointing_10pct_Power,B1_Shortest_Delay,Direct_Earth_to_Mars,1,0,0
70,100069,Direct_Pointing_10pct_Power,B2_Contact_Aware,Direct_Earth_to_Mars,0.97255211625526805,0,0
70,100069,Direct_Pointing_10pct_Power,B3_Physical_Success,Earth_Relay1_Mars,0.94585761757609632,0.94585761757609632,1
70,100069,Direct_Pointing_10pct_Power,B4_Physical_Multiobjective,Earth_Relay2_Mars,0.47037358668190021,0.94585730111331612,1
70,100069,Direct_Background_16,B1_Shortest_Delay,Direct_Earth_to_Mars,1,0.96893526876918334,0
70,100069,Direct_Background_16,B2_Contact_Aware,Direct_Earth_to_Mars,0.97255211625526805,0.96893526876918334,0
70,100069,Direct_Background_16,B3_Physical_Success,Direct_Earth_to_Mars,0.96893526876918334,0.96893526876918334,0
70,100069,Direct_Background_16,B4_Physical_Multiobjective,Direct_Earth_to_Mars,0.96893526876918334,0.96893526876918334,0
70,100069,Direct_Combined_25pctPower_BG16,B1_Shortest_Delay,Direct_Earth_to_Mars,1,0,0
70,100069,Direct_Combined_25pctPower_BG16,B2_Contact_Aware,Direct_Earth_to_Mars,0.97255211625526805,0,0
70,100069,Direct_Combined_25pctPower_BG16,B3_Physical_Success,Earth_Relay1_Mars,0.94585761757609632,0.94585761757609632,1
70,100069,Direct_Combined_25pctPower_BG16,B4_Physical_Multiobjective,Earth_Relay2_Mars,0.47037358668190021,0.94585730111331612,1
70,100069,Direct_Hard_Obstruction,B1_Shortest_Delay,Earth_Relay2_Mars,1,0.94585730111331612,1
70,100069,Direct_Hard_Obstruction,B2_Contact_Aware,Earth_Relay0_Mars,0.94585761883260044,0.94585252762266636,1
70,100069,Direct_Hard_Obstruction,B3_Physical_Success,Earth_Relay1_Mars,0.94585761757609632,0.94585761757609632,1
70,100069,Direct_Hard_Obstruction,B4_Physical_Multiobjective,Earth_Relay2_Mars,0.94585730111331612,0.94585730111331612,1
71,100070,Control,B1_Shortest_Delay,Direct_Earth_to_Mars,1,0.85190021930433379,0
71,100070,Control,B2_Contact_Aware,Direct_Earth_to_Mars,0.85190021930433379,0.85190021930433379,0
71,100070,Control,B3_Physical_Success,Direct_Earth_to_Mars,0.85190021930433379,0.85190021930433379,0
71,100070,Control,B4_Physical_Multiobjective,Direct_Earth_to_Mars,0.85190021930433379,0.85190021930433379,0
71,100070,Direct_Pointing_50pct_Power,B1_Shortest_Delay,Direct_Earth_to_Mars,1,0.85190021930433379,0
71,100070,Direct_Pointing_50pct_Power,B2_Contact_Aware,Direct_Earth_to_Mars,0.85190021930433379,0.85190021930433379,0
71,100070,Direct_Pointing_50pct_Power,B3_Physical_Success,Direct_Earth_to_Mars,0.85190021930433379,0.85190021930433379,0
71,100070,Direct_Pointing_50pct_Power,B4_Physical_Multiobjective,Direct_Earth_to_Mars,0.85190021930433379,0.85190021930433379,0
71,100070,Direct_Pointing_25pct_Power,B1_Shortest_Delay,Direct_Earth_to_Mars,1,0.85190021930433379,0
71,100070,Direct_Pointing_25pct_Power,B2_Contact_Aware,Direct_Earth_to_Mars,0.85190021930433379,0.85190021930433379,0
71,100070,Direct_Pointing_25pct_Power,B3_Physical_Success,Direct_Earth_to_Mars,0.85190021930433379,0.85190021930433379,0
71,100070,Direct_Pointing_25pct_Power,B4_Physical_Multiobjective,Direct_Earth_to_Mars,0.85190021930433379,0.85190021930433379,0
71,100070,Direct_Pointing_10pct_Power,B1_Shortest_Delay,Direct_Earth_to_Mars,1,0.85174623807355765,0
71,100070,Direct_Pointing_10pct_Power,B2_Contact_Aware,Direct_Earth_to_Mars,0.85190021930433379,0.85174623807355765,0
71,100070,Direct_Pointing_10pct_Power,B3_Physical_Success,Direct_Earth_to_Mars,0.85174623807355765,0.85174623807355765,0
71,100070,Direct_Pointing_10pct_Power,B4_Physical_Multiobjective,Direct_Earth_to_Mars,0.85174623807355765,0.85174623807355765,0
71,100070,Direct_Background_16,B1_Shortest_Delay,Direct_Earth_to_Mars,1,0.85190021930433379,0
71,100070,Direct_Background_16,B2_Contact_Aware,Direct_Earth_to_Mars,0.85190021930433379,0.85190021930433379,0
71,100070,Direct_Background_16,B3_Physical_Success,Direct_Earth_to_Mars,0.85190021930433379,0.85190021930433379,0
71,100070,Direct_Background_16,B4_Physical_Multiobjective,Direct_Earth_to_Mars,0.85190021930433379,0.85190021930433379,0
71,100070,Direct_Combined_25pctPower_BG16,B1_Shortest_Delay,Direct_Earth_to_Mars,1,0.85190021930314741,0
71,100070,Direct_Combined_25pctPower_BG16,B2_Contact_Aware,Direct_Earth_to_Mars,0.85190021930433379,0.85190021930314741,0
71,100070,Direct_Combined_25pctPower_BG16,B3_Physical_Success,Direct_Earth_to_Mars,0.85190021930314741,0.85190021930314741,0
71,100070,Direct_Combined_25pctPower_BG16,B4_Physical_Multiobjective,Direct_Earth_to_Mars,0.85190021930314741,0.85190021930314741,0
71,100070,Direct_Hard_Obstruction,B1_Shortest_Delay,Earth_Relay2_Mars,1,0.72573398365077202,1
71,100070,Direct_Hard_Obstruction,B2_Contact_Aware,Earth_Relay1_Mars,0.72573398365077202,0.72573398365077202,1
71,100070,Direct_Hard_Obstruction,B3_Physical_Success,Earth_Relay1_Mars,0.72573398365077202,0.72573398365077202,1
71,100070,Direct_Hard_Obstruction,B4_Physical_Multiobjective,Earth_Relay2_Mars,0.72573398365077202,0.72573398365077202,1
72,100071,Control,B1_Shortest_Delay,Direct_Earth_to_Mars,1,0.90737860953759097,0
72,100071,Control,B2_Contact_Aware,Direct_Earth_to_Mars,0.90737860954731686,0.90737860953759097,0
72,100071,Control,B3_Physical_Success,Direct_Earth_to_Mars,0.90737860953759097,0.90737860953759097,0
72,100071,Control,B4_Physical_Multiobjective,Direct_Earth_to_Mars,0.90737860953759097,0.90737860953759097,0
72,100071,Direct_Pointing_50pct_Power,B1_Shortest_Delay,Direct_Earth_to_Mars,1,0.90300788039795932,0
72,100071,Direct_Pointing_50pct_Power,B2_Contact_Aware,Direct_Earth_to_Mars,0.90737860954731686,0.90300788039795932,0
72,100071,Direct_Pointing_50pct_Power,B3_Physical_Success,Direct_Earth_to_Mars,0.90300788039795932,0.90300788039795932,0
72,100071,Direct_Pointing_50pct_Power,B4_Physical_Multiobjective,Direct_Earth_to_Mars,0.90300788039795932,0.90300788039795932,0
72,100071,Direct_Pointing_25pct_Power,B1_Shortest_Delay,Direct_Earth_to_Mars,1,0,0
72,100071,Direct_Pointing_25pct_Power,B2_Contact_Aware,Direct_Earth_to_Mars,0.90737860954731686,0,0
72,100071,Direct_Pointing_25pct_Power,B3_Physical_Success,Earth_Relay1_Mars,0.8233359410640213,0.8233359410640213,1
72,100071,Direct_Pointing_25pct_Power,B4_Physical_Multiobjective,Earth_Relay2_Mars,0.40921814436288828,0.82333594104166585,1
72,100071,Direct_Pointing_10pct_Power,B1_Shortest_Delay,Direct_Earth_to_Mars,1,0,0
72,100071,Direct_Pointing_10pct_Power,B2_Contact_Aware,Direct_Earth_to_Mars,0.90737860954731686,0,0
72,100071,Direct_Pointing_10pct_Power,B3_Physical_Success,Earth_Relay1_Mars,0.8233359410640213,0.8233359410640213,1
72,100071,Direct_Pointing_10pct_Power,B4_Physical_Multiobjective,Earth_Relay2_Mars,0.40921814436288828,0.82333594104166585,1
72,100071,Direct_Background_16,B1_Shortest_Delay,Direct_Earth_to_Mars,1,0.90737412841825327,0
72,100071,Direct_Background_16,B2_Contact_Aware,Direct_Earth_to_Mars,0.90737860954731686,0.90737412841825327,0
72,100071,Direct_Background_16,B3_Physical_Success,Direct_Earth_to_Mars,0.90737412841825327,0.90737412841825327,0
72,100071,Direct_Background_16,B4_Physical_Multiobjective,Direct_Earth_to_Mars,0.90737412841825327,0.90737412841825327,0
72,100071,Direct_Combined_25pctPower_BG16,B1_Shortest_Delay,Direct_Earth_to_Mars,1,0,0
72,100071,Direct_Combined_25pctPower_BG16,B2_Contact_Aware,Direct_Earth_to_Mars,0.90737860954731686,0,0
72,100071,Direct_Combined_25pctPower_BG16,B3_Physical_Success,Earth_Relay1_Mars,0.8233359410640213,0.8233359410640213,1
72,100071,Direct_Combined_25pctPower_BG16,B4_Physical_Multiobjective,Earth_Relay2_Mars,0.40921814436288828,0.82333594104166585,1
72,100071,Direct_Hard_Obstruction,B1_Shortest_Delay,Earth_Relay2_Mars,1,0.82333594104166585,1
72,100071,Direct_Hard_Obstruction,B2_Contact_Aware,Earth_Relay0_Mars,0.82333594106402208,0.82333593305398001,1
72,100071,Direct_Hard_Obstruction,B3_Physical_Success,Earth_Relay1_Mars,0.8233359410640213,0.8233359410640213,1
72,100071,Direct_Hard_Obstruction,B4_Physical_Multiobjective,Earth_Relay2_Mars,0.82333594104166585,0.82333594104166585,1
73,100072,Control,B1_Shortest_Delay,Direct_Earth_to_Mars,1,0.90747614868113879,0
73,100072,Control,B2_Contact_Aware,Direct_Earth_to_Mars,0.90747614868113879,0.90747614868113879,0
73,100072,Control,B3_Physical_Success,Direct_Earth_to_Mars,0.90747614868113879,0.90747614868113879,0
73,100072,Control,B4_Physical_Multiobjective,Direct_Earth_to_Mars,0.90747614868113879,0.90747614868113879,0
73,100072,Direct_Pointing_50pct_Power,B1_Shortest_Delay,Direct_Earth_to_Mars,1,0.90747614868113879,0
73,100072,Direct_Pointing_50pct_Power,B2_Contact_Aware,Direct_Earth_to_Mars,0.90747614868113879,0.90747614868113879,0
73,100072,Direct_Pointing_50pct_Power,B3_Physical_Success,Direct_Earth_to_Mars,0.90747614868113879,0.90747614868113879,0
73,100072,Direct_Pointing_50pct_Power,B4_Physical_Multiobjective,Direct_Earth_to_Mars,0.90747614868113879,0.90747614868113879,0
73,100072,Direct_Pointing_25pct_Power,B1_Shortest_Delay,Direct_Earth_to_Mars,1,0.90747614868113879,0
73,100072,Direct_Pointing_25pct_Power,B2_Contact_Aware,Direct_Earth_to_Mars,0.90747614868113879,0.90747614868113879,0
73,100072,Direct_Pointing_25pct_Power,B3_Physical_Success,Direct_Earth_to_Mars,0.90747614868113879,0.90747614868113879,0
73,100072,Direct_Pointing_25pct_Power,B4_Physical_Multiobjective,Direct_Earth_to_Mars,0.90747614868113879,0.90747614868113879,0
73,100072,Direct_Pointing_10pct_Power,B1_Shortest_Delay,Direct_Earth_to_Mars,1,0.90747614868113879,0
73,100072,Direct_Pointing_10pct_Power,B2_Contact_Aware,Direct_Earth_to_Mars,0.90747614868113879,0.90747614868113879,0
73,100072,Direct_Pointing_10pct_Power,B3_Physical_Success,Direct_Earth_to_Mars,0.90747614868113879,0.90747614868113879,0
73,100072,Direct_Pointing_10pct_Power,B4_Physical_Multiobjective,Direct_Earth_to_Mars,0.90747614868113879,0.90747614868113879,0
73,100072,Direct_Background_16,B1_Shortest_Delay,Direct_Earth_to_Mars,1,0.90747614868113879,0
73,100072,Direct_Background_16,B2_Contact_Aware,Direct_Earth_to_Mars,0.90747614868113879,0.90747614868113879,0
73,100072,Direct_Background_16,B3_Physical_Success,Direct_Earth_to_Mars,0.90747614868113879,0.90747614868113879,0
73,100072,Direct_Background_16,B4_Physical_Multiobjective,Direct_Earth_to_Mars,0.90747614868113879,0.90747614868113879,0
73,100072,Direct_Combined_25pctPower_BG16,B1_Shortest_Delay,Direct_Earth_to_Mars,1,0.90747614868113879,0
73,100072,Direct_Combined_25pctPower_BG16,B2_Contact_Aware,Direct_Earth_to_Mars,0.90747614868113879,0.90747614868113879,0
73,100072,Direct_Combined_25pctPower_BG16,B3_Physical_Success,Direct_Earth_to_Mars,0.90747614868113879,0.90747614868113879,0
73,100072,Direct_Combined_25pctPower_BG16,B4_Physical_Multiobjective,Direct_Earth_to_Mars,0.90747614868113879,0.90747614868113879,0
73,100072,Direct_Hard_Obstruction,B1_Shortest_Delay,Earth_Relay2_Mars,1,0.82351296042515232,1
73,100072,Direct_Hard_Obstruction,B2_Contact_Aware,Earth_Relay0_Mars,0.82351296042515232,0.82351296042515232,1
73,100072,Direct_Hard_Obstruction,B3_Physical_Success,Earth_Relay0_Mars,0.82351296042515232,0.82351296042515232,1
73,100072,Direct_Hard_Obstruction,B4_Physical_Multiobjective,Earth_Relay2_Mars,0.82351296042515232,0.82351296042515232,1
74,100073,Control,B1_Shortest_Delay,Direct_Earth_to_Mars,1,0.81637958234147956,0
74,100073,Control,B2_Contact_Aware,Direct_Earth_to_Mars,0.81637958234147956,0.81637958234147956,0
74,100073,Control,B3_Physical_Success,Direct_Earth_to_Mars,0.81637958234147956,0.81637958234147956,0
74,100073,Control,B4_Physical_Multiobjective,Direct_Earth_to_Mars,0.81637958234147956,0.81637958234147956,0
74,100073,Direct_Pointing_50pct_Power,B1_Shortest_Delay,Direct_Earth_to_Mars,1,0.81637936931057919,0
74,100073,Direct_Pointing_50pct_Power,B2_Contact_Aware,Direct_Earth_to_Mars,0.81637958234147956,0.81637936931057919,0
74,100073,Direct_Pointing_50pct_Power,B3_Physical_Success,Direct_Earth_to_Mars,0.81637936931057919,0.81637936931057919,0
74,100073,Direct_Pointing_50pct_Power,B4_Physical_Multiobjective,Direct_Earth_to_Mars,0.81637936931057919,0.81637936931057919,0
74,100073,Direct_Pointing_25pct_Power,B1_Shortest_Delay,Direct_Earth_to_Mars,1,0.50916898168874725,0
74,100073,Direct_Pointing_25pct_Power,B2_Contact_Aware,Direct_Earth_to_Mars,0.81637958234147956,0.50916898168874725,0
74,100073,Direct_Pointing_25pct_Power,B3_Physical_Success,Earth_Relay0_Mars,0.66647562246404857,0.66647562246404857,1
74,100073,Direct_Pointing_25pct_Power,B4_Physical_Multiobjective,Direct_Earth_to_Mars,0.50916898168874725,0.50916898168874725,0
74,100073,Direct_Pointing_10pct_Power,B1_Shortest_Delay,Direct_Earth_to_Mars,1,0,0
74,100073,Direct_Pointing_10pct_Power,B2_Contact_Aware,Direct_Earth_to_Mars,0.81637958234147956,0,0
74,100073,Direct_Pointing_10pct_Power,B3_Physical_Success,Earth_Relay0_Mars,0.66647562246404857,0.66647562246404857,1
74,100073,Direct_Pointing_10pct_Power,B4_Physical_Multiobjective,Earth_Relay2_Mars,0.33094593627675556,0.66647562246404857,1
74,100073,Direct_Background_16,B1_Shortest_Delay,Direct_Earth_to_Mars,1,0.81637958234119046,0
74,100073,Direct_Background_16,B2_Contact_Aware,Direct_Earth_to_Mars,0.81637958234147956,0.81637958234119046,0
74,100073,Direct_Background_16,B3_Physical_Success,Direct_Earth_to_Mars,0.81637958234119046,0.81637958234119046,0
74,100073,Direct_Background_16,B4_Physical_Multiobjective,Direct_Earth_to_Mars,0.81637958234119046,0.81637958234119046,0
74,100073,Direct_Combined_25pctPower_BG16,B1_Shortest_Delay,Direct_Earth_to_Mars,1,0,0
74,100073,Direct_Combined_25pctPower_BG16,B2_Contact_Aware,Direct_Earth_to_Mars,0.81637958234147956,0,0
74,100073,Direct_Combined_25pctPower_BG16,B3_Physical_Success,Earth_Relay0_Mars,0.66647562246404857,0.66647562246404857,1
74,100073,Direct_Combined_25pctPower_BG16,B4_Physical_Multiobjective,Earth_Relay2_Mars,0.33094593627675556,0.66647562246404857,1
74,100073,Direct_Hard_Obstruction,B1_Shortest_Delay,Earth_Relay2_Mars,1,0.66647562246404857,1
74,100073,Direct_Hard_Obstruction,B2_Contact_Aware,Earth_Relay0_Mars,0.66647562246404857,0.66647562246404857,1
74,100073,Direct_Hard_Obstruction,B3_Physical_Success,Earth_Relay0_Mars,0.66647562246404857,0.66647562246404857,1
74,100073,Direct_Hard_Obstruction,B4_Physical_Multiobjective,Earth_Relay2_Mars,0.66647562246404857,0.66647562246404857,1
75,100074,Control,B1_Shortest_Delay,Direct_Earth_to_Mars,1,0.99662971944533252,0
75,100074,Control,B2_Contact_Aware,Direct_Earth_to_Mars,0.99662971973587677,0.99662971944533252,0
75,100074,Control,B3_Physical_Success,Direct_Earth_to_Mars,0.99662971944533252,0.99662971944533252,0
75,100074,Control,B4_Physical_Multiobjective,Direct_Earth_to_Mars,0.99662971944533252,0.99662971944533252,0
75,100074,Direct_Pointing_50pct_Power,B1_Shortest_Delay,Direct_Earth_to_Mars,1,0.97644709237846528,0
75,100074,Direct_Pointing_50pct_Power,B2_Contact_Aware,Direct_Earth_to_Mars,0.99662971973587677,0.97644709237846528,0
75,100074,Direct_Pointing_50pct_Power,B3_Physical_Success,Earth_Relay0_Mars,0.99327079826069364,0.99327079826069364,1
75,100074,Direct_Pointing_50pct_Power,B4_Physical_Multiobjective,Direct_Earth_to_Mars,0.97644709237846528,0.97644709237846528,0
75,100074,Direct_Pointing_25pct_Power,B1_Shortest_Delay,Direct_Earth_to_Mars,1,0,0
75,100074,Direct_Pointing_25pct_Power,B2_Contact_Aware,Direct_Earth_to_Mars,0.99662971973587677,0,0
75,100074,Direct_Pointing_25pct_Power,B3_Physical_Success,Earth_Relay0_Mars,0.99327079826069364,0.99327079826069364,1
75,100074,Direct_Pointing_25pct_Power,B4_Physical_Multiobjective,Earth_Relay2_Mars,0.49363049753079458,0.99327079753823921,1
75,100074,Direct_Pointing_10pct_Power,B1_Shortest_Delay,Direct_Earth_to_Mars,1,0,0
75,100074,Direct_Pointing_10pct_Power,B2_Contact_Aware,Direct_Earth_to_Mars,0.99662971973587677,0,0
75,100074,Direct_Pointing_10pct_Power,B3_Physical_Success,Earth_Relay0_Mars,0.99327079826069364,0.99327079826069364,1
75,100074,Direct_Pointing_10pct_Power,B4_Physical_Multiobjective,Earth_Relay2_Mars,0.49363049753079458,0.99327079753823921,1
75,100074,Direct_Background_16,B1_Shortest_Delay,Direct_Earth_to_Mars,1,0.99657855949482599,0
75,100074,Direct_Background_16,B2_Contact_Aware,Direct_Earth_to_Mars,0.99662971973587677,0.99657855949482599,0
75,100074,Direct_Background_16,B3_Physical_Success,Direct_Earth_to_Mars,0.99657855949482599,0.99657855949482599,0
75,100074,Direct_Background_16,B4_Physical_Multiobjective,Direct_Earth_to_Mars,0.99657855949482599,0.99657855949482599,0
75,100074,Direct_Combined_25pctPower_BG16,B1_Shortest_Delay,Direct_Earth_to_Mars,1,0,0
75,100074,Direct_Combined_25pctPower_BG16,B2_Contact_Aware,Direct_Earth_to_Mars,0.99662971973587677,0,0
75,100074,Direct_Combined_25pctPower_BG16,B3_Physical_Success,Earth_Relay0_Mars,0.99327079826069364,0.99327079826069364,1
75,100074,Direct_Combined_25pctPower_BG16,B4_Physical_Multiobjective,Earth_Relay2_Mars,0.49363049753079458,0.99327079753823921,1
75,100074,Direct_Hard_Obstruction,B1_Shortest_Delay,Earth_Relay2_Mars,1,0.99327079753823921,1
75,100074,Direct_Hard_Obstruction,B2_Contact_Aware,Earth_Relay0_Mars,0.99327079826081233,0.99327079826069364,1
75,100074,Direct_Hard_Obstruction,B3_Physical_Success,Earth_Relay0_Mars,0.99327079826069364,0.99327079826069364,1
75,100074,Direct_Hard_Obstruction,B4_Physical_Multiobjective,Earth_Relay2_Mars,0.99327079753823921,0.99327079753823921,1
76,100075,Control,B1_Shortest_Delay,Direct_Earth_to_Mars,1,0.92589037101096505,0
76,100075,Control,B2_Contact_Aware,Direct_Earth_to_Mars,0.92589037101096505,0.92589037101096505,0
76,100075,Control,B3_Physical_Success,Direct_Earth_to_Mars,0.92589037101096505,0.92589037101096505,0
76,100075,Control,B4_Physical_Multiobjective,Direct_Earth_to_Mars,0.92589037101096505,0.92589037101096505,0
76,100075,Direct_Pointing_50pct_Power,B1_Shortest_Delay,Direct_Earth_to_Mars,1,0.92589037101096272,0
76,100075,Direct_Pointing_50pct_Power,B2_Contact_Aware,Direct_Earth_to_Mars,0.92589037101096505,0.92589037101096272,0
76,100075,Direct_Pointing_50pct_Power,B3_Physical_Success,Direct_Earth_to_Mars,0.92589037101096272,0.92589037101096272,0
76,100075,Direct_Pointing_50pct_Power,B4_Physical_Multiobjective,Direct_Earth_to_Mars,0.92589037101096272,0.92589037101096272,0
76,100075,Direct_Pointing_25pct_Power,B1_Shortest_Delay,Direct_Earth_to_Mars,1,0.92577565863782241,0
76,100075,Direct_Pointing_25pct_Power,B2_Contact_Aware,Direct_Earth_to_Mars,0.92589037101096505,0.92577565863782241,0
76,100075,Direct_Pointing_25pct_Power,B3_Physical_Success,Direct_Earth_to_Mars,0.92577565863782241,0.92577565863782241,0
76,100075,Direct_Pointing_25pct_Power,B4_Physical_Multiobjective,Direct_Earth_to_Mars,0.92577565863782241,0.92577565863782241,0
76,100075,Direct_Pointing_10pct_Power,B1_Shortest_Delay,Direct_Earth_to_Mars,1,0,0
76,100075,Direct_Pointing_10pct_Power,B2_Contact_Aware,Direct_Earth_to_Mars,0.92589037101096505,0,0
76,100075,Direct_Pointing_10pct_Power,B3_Physical_Success,Earth_Relay0_Mars,0.85727297913082257,0.85727297913082257,1
76,100075,Direct_Pointing_10pct_Power,B4_Physical_Multiobjective,Earth_Relay2_Mars,0.42502503288615012,0.85727297913082257,1
76,100075,Direct_Background_16,B1_Shortest_Delay,Direct_Earth_to_Mars,1,0.92589037101096505,0
76,100075,Direct_Background_16,B2_Contact_Aware,Direct_Earth_to_Mars,0.92589037101096505,0.92589037101096505,0
76,100075,Direct_Background_16,B3_Physical_Success,Direct_Earth_to_Mars,0.92589037101096505,0.92589037101096505,0
76,100075,Direct_Background_16,B4_Physical_Multiobjective,Direct_Earth_to_Mars,0.92589037101096505,0.92589037101096505,0
76,100075,Direct_Combined_25pctPower_BG16,B1_Shortest_Delay,Direct_Earth_to_Mars,1,0.62332143217275171,0
76,100075,Direct_Combined_25pctPower_BG16,B2_Contact_Aware,Direct_Earth_to_Mars,0.92589037101096505,0.62332143217275171,0
76,100075,Direct_Combined_25pctPower_BG16,B3_Physical_Success,Earth_Relay0_Mars,0.85727297913082257,0.85727297913082257,1
76,100075,Direct_Combined_25pctPower_BG16,B4_Physical_Multiobjective,Direct_Earth_to_Mars,0.62332143217275171,0.62332143217275171,0
76,100075,Direct_Hard_Obstruction,B1_Shortest_Delay,Earth_Relay2_Mars,1,0.85727297913082257,1
76,100075,Direct_Hard_Obstruction,B2_Contact_Aware,Earth_Relay0_Mars,0.85727297913082257,0.85727297913082257,1
76,100075,Direct_Hard_Obstruction,B3_Physical_Success,Earth_Relay0_Mars,0.85727297913082257,0.85727297913082257,1
76,100075,Direct_Hard_Obstruction,B4_Physical_Multiobjective,Earth_Relay2_Mars,0.85727297913082257,0.85727297913082257,1
77,100076,Control,B1_Shortest_Delay,Direct_Earth_to_Mars,1,0.84038478417836249,0
77,100076,Control,B2_Contact_Aware,Direct_Earth_to_Mars,0.84038478417836249,0.84038478417836249,0
77,100076,Control,B3_Physical_Success,Direct_Earth_to_Mars,0.84038478417836249,0.84038478417836249,0
77,100076,Control,B4_Physical_Multiobjective,Direct_Earth_to_Mars,0.84038478417836249,0.84038478417836249,0
77,100076,Direct_Pointing_50pct_Power,B1_Shortest_Delay,Direct_Earth_to_Mars,1,0.84038478417836249,0
77,100076,Direct_Pointing_50pct_Power,B2_Contact_Aware,Direct_Earth_to_Mars,0.84038478417836249,0.84038478417836249,0
77,100076,Direct_Pointing_50pct_Power,B3_Physical_Success,Direct_Earth_to_Mars,0.84038478417836249,0.84038478417836249,0
77,100076,Direct_Pointing_50pct_Power,B4_Physical_Multiobjective,Direct_Earth_to_Mars,0.84038478417836249,0.84038478417836249,0
77,100076,Direct_Pointing_25pct_Power,B1_Shortest_Delay,Direct_Earth_to_Mars,1,0.84038478417836249,0
77,100076,Direct_Pointing_25pct_Power,B2_Contact_Aware,Direct_Earth_to_Mars,0.84038478417836249,0.84038478417836249,0
77,100076,Direct_Pointing_25pct_Power,B3_Physical_Success,Direct_Earth_to_Mars,0.84038478417836249,0.84038478417836249,0
77,100076,Direct_Pointing_25pct_Power,B4_Physical_Multiobjective,Direct_Earth_to_Mars,0.84038478417836249,0.84038478417836249,0
77,100076,Direct_Pointing_10pct_Power,B1_Shortest_Delay,Direct_Earth_to_Mars,1,0.84038478417819273,0
77,100076,Direct_Pointing_10pct_Power,B2_Contact_Aware,Direct_Earth_to_Mars,0.84038478417836249,0.84038478417819273,0
77,100076,Direct_Pointing_10pct_Power,B3_Physical_Success,Direct_Earth_to_Mars,0.84038478417819273,0.84038478417819273,0
77,100076,Direct_Pointing_10pct_Power,B4_Physical_Multiobjective,Direct_Earth_to_Mars,0.84038478417819273,0.84038478417819273,0
77,100076,Direct_Background_16,B1_Shortest_Delay,Direct_Earth_to_Mars,1,0.84038478417836249,0
77,100076,Direct_Background_16,B2_Contact_Aware,Direct_Earth_to_Mars,0.84038478417836249,0.84038478417836249,0
77,100076,Direct_Background_16,B3_Physical_Success,Direct_Earth_to_Mars,0.84038478417836249,0.84038478417836249,0
77,100076,Direct_Background_16,B4_Physical_Multiobjective,Direct_Earth_to_Mars,0.84038478417836249,0.84038478417836249,0
77,100076,Direct_Combined_25pctPower_BG16,B1_Shortest_Delay,Direct_Earth_to_Mars,1,0.84038478417836249,0
77,100076,Direct_Combined_25pctPower_BG16,B2_Contact_Aware,Direct_Earth_to_Mars,0.84038478417836249,0.84038478417836249,0
77,100076,Direct_Combined_25pctPower_BG16,B3_Physical_Success,Direct_Earth_to_Mars,0.84038478417836249,0.84038478417836249,0
77,100076,Direct_Combined_25pctPower_BG16,B4_Physical_Multiobjective,Direct_Earth_to_Mars,0.84038478417836249,0.84038478417836249,0
77,100076,Direct_Hard_Obstruction,B1_Shortest_Delay,Earth_Relay2_Mars,1,0.70624658547851293,1
77,100076,Direct_Hard_Obstruction,B2_Contact_Aware,Earth_Relay0_Mars,0.70624658547851293,0.70624658547851293,1
77,100076,Direct_Hard_Obstruction,B3_Physical_Success,Earth_Relay0_Mars,0.70624658547851293,0.70624658547851293,1
77,100076,Direct_Hard_Obstruction,B4_Physical_Multiobjective,Earth_Relay2_Mars,0.70624658547851293,0.70624658547851293,1
78,100077,Control,B1_Shortest_Delay,Direct_Earth_to_Mars,1,0.89148577719485489,0
78,100077,Control,B2_Contact_Aware,Direct_Earth_to_Mars,0.89148579946342987,0.89148577719485489,0
78,100077,Control,B3_Physical_Success,Direct_Earth_to_Mars,0.89148577719485489,0.89148577719485489,0
78,100077,Control,B4_Physical_Multiobjective,Direct_Earth_to_Mars,0.89148577719485489,0.89148577719485489,0
78,100077,Direct_Pointing_50pct_Power,B1_Shortest_Delay,Direct_Earth_to_Mars,1,0.76845872070368593,0
78,100077,Direct_Pointing_50pct_Power,B2_Contact_Aware,Direct_Earth_to_Mars,0.89148579946342987,0.76845872070368593,0
78,100077,Direct_Pointing_50pct_Power,B3_Physical_Success,Earth_Relay1_Mars,0.79474693057206691,0.79474693057206691,1
78,100077,Direct_Pointing_50pct_Power,B4_Physical_Multiobjective,Direct_Earth_to_Mars,0.76845872070368593,0.76845872070368593,0
78,100077,Direct_Pointing_25pct_Power,B1_Shortest_Delay,Direct_Earth_to_Mars,1,0,0
78,100077,Direct_Pointing_25pct_Power,B2_Contact_Aware,Direct_Earth_to_Mars,0.89148579946342987,0,0
78,100077,Direct_Pointing_25pct_Power,B3_Physical_Success,Earth_Relay1_Mars,0.79474693057206691,0.79474693057206691,1
78,100077,Direct_Pointing_25pct_Power,B4_Physical_Multiobjective,Earth_Relay2_Mars,0.39517424049007049,0.79474688329625875,1
78,100077,Direct_Pointing_10pct_Power,B1_Shortest_Delay,Direct_Earth_to_Mars,1,0,0
78,100077,Direct_Pointing_10pct_Power,B2_Contact_Aware,Direct_Earth_to_Mars,0.89148579946342987,0,0
78,100077,Direct_Pointing_10pct_Power,B3_Physical_Success,Earth_Relay1_Mars,0.79474693057206691,0.79474693057206691,1
78,100077,Direct_Pointing_10pct_Power,B4_Physical_Multiobjective,Earth_Relay2_Mars,0.39517424049007049,0.79474688329625875,1
78,100077,Direct_Background_16,B1_Shortest_Delay,Direct_Earth_to_Mars,1,0.89047689308954892,0
78,100077,Direct_Background_16,B2_Contact_Aware,Direct_Earth_to_Mars,0.89148579946342987,0.89047689308954892,0
78,100077,Direct_Background_16,B3_Physical_Success,Direct_Earth_to_Mars,0.89047689308954892,0.89047689308954892,0
78,100077,Direct_Background_16,B4_Physical_Multiobjective,Direct_Earth_to_Mars,0.89047689308954892,0.89047689308954892,0
78,100077,Direct_Combined_25pctPower_BG16,B1_Shortest_Delay,Direct_Earth_to_Mars,1,0,0
78,100077,Direct_Combined_25pctPower_BG16,B2_Contact_Aware,Direct_Earth_to_Mars,0.89148579946342987,0,0
78,100077,Direct_Combined_25pctPower_BG16,B3_Physical_Success,Earth_Relay1_Mars,0.79474693057206691,0.79474693057206691,1
78,100077,Direct_Combined_25pctPower_BG16,B4_Physical_Multiobjective,Earth_Relay2_Mars,0.39517424049007049,0.79474688329625875,1
78,100077,Direct_Hard_Obstruction,B1_Shortest_Delay,Earth_Relay2_Mars,1,0.79474688329625875,1
78,100077,Direct_Hard_Obstruction,B2_Contact_Aware,Earth_Relay0_Mars,0.79474693064495072,0.79474546810119939,1
78,100077,Direct_Hard_Obstruction,B3_Physical_Success,Earth_Relay1_Mars,0.79474693057206691,0.79474693057206691,1
78,100077,Direct_Hard_Obstruction,B4_Physical_Multiobjective,Earth_Relay2_Mars,0.79474688329625875,0.79474688329625875,1
79,100078,Control,B1_Shortest_Delay,Direct_Earth_to_Mars,1,0.9380874033422768,0
79,100078,Control,B2_Contact_Aware,Direct_Earth_to_Mars,0.9380874033422768,0.9380874033422768,0
79,100078,Control,B3_Physical_Success,Direct_Earth_to_Mars,0.9380874033422768,0.9380874033422768,0
79,100078,Control,B4_Physical_Multiobjective,Direct_Earth_to_Mars,0.9380874033422768,0.9380874033422768,0
79,100078,Direct_Pointing_50pct_Power,B1_Shortest_Delay,Direct_Earth_to_Mars,1,0.9380874033422768,0
79,100078,Direct_Pointing_50pct_Power,B2_Contact_Aware,Direct_Earth_to_Mars,0.9380874033422768,0.9380874033422768,0
79,100078,Direct_Pointing_50pct_Power,B3_Physical_Success,Direct_Earth_to_Mars,0.9380874033422768,0.9380874033422768,0
79,100078,Direct_Pointing_50pct_Power,B4_Physical_Multiobjective,Direct_Earth_to_Mars,0.9380874033422768,0.9380874033422768,0
79,100078,Direct_Pointing_25pct_Power,B1_Shortest_Delay,Direct_Earth_to_Mars,1,0.9380874033422768,0
79,100078,Direct_Pointing_25pct_Power,B2_Contact_Aware,Direct_Earth_to_Mars,0.9380874033422768,0.9380874033422768,0
79,100078,Direct_Pointing_25pct_Power,B3_Physical_Success,Direct_Earth_to_Mars,0.9380874033422768,0.9380874033422768,0
79,100078,Direct_Pointing_25pct_Power,B4_Physical_Multiobjective,Direct_Earth_to_Mars,0.9380874033422768,0.9380874033422768,0
79,100078,Direct_Pointing_10pct_Power,B1_Shortest_Delay,Direct_Earth_to_Mars,1,0.9380874033422768,0
79,100078,Direct_Pointing_10pct_Power,B2_Contact_Aware,Direct_Earth_to_Mars,0.9380874033422768,0.9380874033422768,0
79,100078,Direct_Pointing_10pct_Power,B3_Physical_Success,Direct_Earth_to_Mars,0.9380874033422768,0.9380874033422768,0
79,100078,Direct_Pointing_10pct_Power,B4_Physical_Multiobjective,Direct_Earth_to_Mars,0.9380874033422768,0.9380874033422768,0
79,100078,Direct_Background_16,B1_Shortest_Delay,Direct_Earth_to_Mars,1,0.9380874033422768,0
79,100078,Direct_Background_16,B2_Contact_Aware,Direct_Earth_to_Mars,0.9380874033422768,0.9380874033422768,0
79,100078,Direct_Background_16,B3_Physical_Success,Direct_Earth_to_Mars,0.9380874033422768,0.9380874033422768,0
79,100078,Direct_Background_16,B4_Physical_Multiobjective,Direct_Earth_to_Mars,0.9380874033422768,0.9380874033422768,0
79,100078,Direct_Combined_25pctPower_BG16,B1_Shortest_Delay,Direct_Earth_to_Mars,1,0.9380874033422768,0
79,100078,Direct_Combined_25pctPower_BG16,B2_Contact_Aware,Direct_Earth_to_Mars,0.9380874033422768,0.9380874033422768,0
79,100078,Direct_Combined_25pctPower_BG16,B3_Physical_Success,Direct_Earth_to_Mars,0.9380874033422768,0.9380874033422768,0
79,100078,Direct_Combined_25pctPower_BG16,B4_Physical_Multiobjective,Direct_Earth_to_Mars,0.9380874033422768,0.9380874033422768,0
79,100078,Direct_Hard_Obstruction,B1_Shortest_Delay,Earth_Relay2_Mars,1,0.88000797630945549,1
79,100078,Direct_Hard_Obstruction,B2_Contact_Aware,Earth_Relay0_Mars,0.88000797630945549,0.88000797630945549,1
79,100078,Direct_Hard_Obstruction,B3_Physical_Success,Earth_Relay0_Mars,0.88000797630945549,0.88000797630945549,1
79,100078,Direct_Hard_Obstruction,B4_Physical_Multiobjective,Earth_Relay2_Mars,0.88000797630945549,0.88000797630945549,1
80,100079,Control,B1_Shortest_Delay,Direct_Earth_to_Mars,1,0.94371568564509689,0
80,100079,Control,B2_Contact_Aware,Direct_Earth_to_Mars,0.94371568564515551,0.94371568564509689,0
80,100079,Control,B3_Physical_Success,Direct_Earth_to_Mars,0.94371568564509689,0.94371568564509689,0
80,100079,Control,B4_Physical_Multiobjective,Direct_Earth_to_Mars,0.94371568564509689,0.94371568564509689,0
80,100079,Direct_Pointing_50pct_Power,B1_Shortest_Delay,Direct_Earth_to_Mars,1,0.94323918438441146,0
80,100079,Direct_Pointing_50pct_Power,B2_Contact_Aware,Direct_Earth_to_Mars,0.94371568564515551,0.94323918438441146,0
80,100079,Direct_Pointing_50pct_Power,B3_Physical_Success,Direct_Earth_to_Mars,0.94323918438441146,0.94323918438441146,0
80,100079,Direct_Pointing_50pct_Power,B4_Physical_Multiobjective,Direct_Earth_to_Mars,0.94323918438441146,0.94323918438441146,0
80,100079,Direct_Pointing_25pct_Power,B1_Shortest_Delay,Direct_Earth_to_Mars,1,0,0
80,100079,Direct_Pointing_25pct_Power,B2_Contact_Aware,Direct_Earth_to_Mars,0.94371568564515551,0,0
80,100079,Direct_Pointing_25pct_Power,B3_Physical_Success,Earth_Relay0_Mars,0.89059929533270599,0.89059929533270599,1
80,100079,Direct_Pointing_25pct_Power,B4_Physical_Multiobjective,Earth_Relay2_Mars,0.44254319677400872,0.8905992953325591,1
80,100079,Direct_Pointing_10pct_Power,B1_Shortest_Delay,Direct_Earth_to_Mars,1,0,0
80,100079,Direct_Pointing_10pct_Power,B2_Contact_Aware,Direct_Earth_to_Mars,0.94371568564515551,0,0
80,100079,Direct_Pointing_10pct_Power,B3_Physical_Success,Earth_Relay0_Mars,0.89059929533270599,0.89059929533270599,1
80,100079,Direct_Pointing_10pct_Power,B4_Physical_Multiobjective,Earth_Relay2_Mars,0.44254319677400872,0.8905992953325591,1
80,100079,Direct_Background_16,B1_Shortest_Delay,Direct_Earth_to_Mars,1,0.94371557226040348,0
80,100079,Direct_Background_16,B2_Contact_Aware,Direct_Earth_to_Mars,0.94371568564515551,0.94371557226040348,0
80,100079,Direct_Background_16,B3_Physical_Success,Direct_Earth_to_Mars,0.94371557226040348,0.94371557226040348,0
80,100079,Direct_Background_16,B4_Physical_Multiobjective,Direct_Earth_to_Mars,0.94371557226040348,0.94371557226040348,0
80,100079,Direct_Combined_25pctPower_BG16,B1_Shortest_Delay,Direct_Earth_to_Mars,1,0,0
80,100079,Direct_Combined_25pctPower_BG16,B2_Contact_Aware,Direct_Earth_to_Mars,0.94371568564515551,0,0
80,100079,Direct_Combined_25pctPower_BG16,B3_Physical_Success,Earth_Relay0_Mars,0.89059929533270599,0.89059929533270599,1
80,100079,Direct_Combined_25pctPower_BG16,B4_Physical_Multiobjective,Earth_Relay2_Mars,0.44254319677400872,0.8905992953325591,1
80,100079,Direct_Hard_Obstruction,B1_Shortest_Delay,Earth_Relay2_Mars,1,0.8905992953325591,1
80,100079,Direct_Hard_Obstruction,B2_Contact_Aware,Earth_Relay0_Mars,0.89059929533270599,0.89059929533270599,1
80,100079,Direct_Hard_Obstruction,B3_Physical_Success,Earth_Relay0_Mars,0.89059929533270599,0.89059929533270599,1
80,100079,Direct_Hard_Obstruction,B4_Physical_Multiobjective,Earth_Relay2_Mars,0.8905992953325591,0.8905992953325591,1
81,100080,Control,B1_Shortest_Delay,Direct_Earth_to_Mars,1,0.90254036064198295,0
81,100080,Control,B2_Contact_Aware,Direct_Earth_to_Mars,0.90254036064198295,0.90254036064198295,0
81,100080,Control,B3_Physical_Success,Direct_Earth_to_Mars,0.90254036064198295,0.90254036064198295,0
81,100080,Control,B4_Physical_Multiobjective,Direct_Earth_to_Mars,0.90254036064198295,0.90254036064198295,0
81,100080,Direct_Pointing_50pct_Power,B1_Shortest_Delay,Direct_Earth_to_Mars,1,0.90254035980599923,0
81,100080,Direct_Pointing_50pct_Power,B2_Contact_Aware,Direct_Earth_to_Mars,0.90254036064198295,0.90254035980599923,0
81,100080,Direct_Pointing_50pct_Power,B3_Physical_Success,Direct_Earth_to_Mars,0.90254035980599923,0.90254035980599923,0
81,100080,Direct_Pointing_50pct_Power,B4_Physical_Multiobjective,Direct_Earth_to_Mars,0.90254035980599923,0.90254035980599923,0
81,100080,Direct_Pointing_25pct_Power,B1_Shortest_Delay,Direct_Earth_to_Mars,1,0.87239639404596958,0
81,100080,Direct_Pointing_25pct_Power,B2_Contact_Aware,Direct_Earth_to_Mars,0.90254036064198295,0.87239639404596958,0
81,100080,Direct_Pointing_25pct_Power,B3_Physical_Success,Direct_Earth_to_Mars,0.87239639404596958,0.87239639404596958,0
81,100080,Direct_Pointing_25pct_Power,B4_Physical_Multiobjective,Direct_Earth_to_Mars,0.87239639404596958,0.87239639404596958,0
81,100080,Direct_Pointing_10pct_Power,B1_Shortest_Delay,Direct_Earth_to_Mars,1,0,0
81,100080,Direct_Pointing_10pct_Power,B2_Contact_Aware,Direct_Earth_to_Mars,0.90254036064198295,0,0
81,100080,Direct_Pointing_10pct_Power,B3_Physical_Success,Earth_Relay0_Mars,0.81457910258776067,0.81457910258776067,1
81,100080,Direct_Pointing_10pct_Power,B4_Physical_Multiobjective,Earth_Relay2_Mars,0.40418254785430824,0.81457910258776067,1
81,100080,Direct_Background_16,B1_Shortest_Delay,Direct_Earth_to_Mars,1,0.90254036064198295,0
81,100080,Direct_Background_16,B2_Contact_Aware,Direct_Earth_to_Mars,0.90254036064198295,0.90254036064198295,0
81,100080,Direct_Background_16,B3_Physical_Success,Direct_Earth_to_Mars,0.90254036064198295,0.90254036064198295,0
81,100080,Direct_Background_16,B4_Physical_Multiobjective,Direct_Earth_to_Mars,0.90254036064198295,0.90254036064198295,0
81,100080,Direct_Combined_25pctPower_BG16,B1_Shortest_Delay,Direct_Earth_to_Mars,1,0,0
81,100080,Direct_Combined_25pctPower_BG16,B2_Contact_Aware,Direct_Earth_to_Mars,0.90254036064198295,0,0
81,100080,Direct_Combined_25pctPower_BG16,B3_Physical_Success,Earth_Relay0_Mars,0.81457910258776067,0.81457910258776067,1
81,100080,Direct_Combined_25pctPower_BG16,B4_Physical_Multiobjective,Earth_Relay2_Mars,0.40418254785430824,0.81457910258776067,1
81,100080,Direct_Hard_Obstruction,B1_Shortest_Delay,Earth_Relay2_Mars,1,0.81457910258776067,1
81,100080,Direct_Hard_Obstruction,B2_Contact_Aware,Earth_Relay0_Mars,0.81457910258776067,0.81457910258776067,1
81,100080,Direct_Hard_Obstruction,B3_Physical_Success,Earth_Relay0_Mars,0.81457910258776067,0.81457910258776067,1
81,100080,Direct_Hard_Obstruction,B4_Physical_Multiobjective,Earth_Relay2_Mars,0.81457910258776067,0.81457910258776067,1
82,100081,Control,B1_Shortest_Delay,Direct_Earth_to_Mars,1,0.88286756952954748,0
82,100081,Control,B2_Contact_Aware,Direct_Earth_to_Mars,0.88287315668910304,0.88286756952954748,0
82,100081,Control,B3_Physical_Success,Direct_Earth_to_Mars,0.88286756952954748,0.88286756952954748,0
82,100081,Control,B4_Physical_Multiobjective,Direct_Earth_to_Mars,0.88286756952954748,0.88286756952954748,0
82,100081,Direct_Pointing_50pct_Power,B1_Shortest_Delay,Direct_Earth_to_Mars,1,0,0
82,100081,Direct_Pointing_50pct_Power,B2_Contact_Aware,Direct_Earth_to_Mars,0.88287315668910304,0,0
82,100081,Direct_Pointing_50pct_Power,B3_Physical_Success,Earth_Relay1_Mars,0.77946279614884795,0.77946279614884795,1
82,100081,Direct_Pointing_50pct_Power,B4_Physical_Multiobjective,Earth_Relay2_Mars,0.38774181384271622,0.77945372144882397,1
82,100081,Direct_Pointing_25pct_Power,B1_Shortest_Delay,Direct_Earth_to_Mars,1,0,0
82,100081,Direct_Pointing_25pct_Power,B2_Contact_Aware,Direct_Earth_to_Mars,0.88287315668910304,0,0
82,100081,Direct_Pointing_25pct_Power,B3_Physical_Success,Earth_Relay1_Mars,0.77946279614884795,0.77946279614884795,1
82,100081,Direct_Pointing_25pct_Power,B4_Physical_Multiobjective,Earth_Relay2_Mars,0.38774181384271622,0.77945372144882397,1
82,100081,Direct_Pointing_10pct_Power,B1_Shortest_Delay,Direct_Earth_to_Mars,1,0,0
82,100081,Direct_Pointing_10pct_Power,B2_Contact_Aware,Direct_Earth_to_Mars,0.88287315668910304,0,0
82,100081,Direct_Pointing_10pct_Power,B3_Physical_Success,Earth_Relay1_Mars,0.77946279614884795,0.77946279614884795,1
82,100081,Direct_Pointing_10pct_Power,B4_Physical_Multiobjective,Earth_Relay2_Mars,0.38774181384271622,0.77945372144882397,1
82,100081,Direct_Background_16,B1_Shortest_Delay,Direct_Earth_to_Mars,1,0.8413002303041357,0
82,100081,Direct_Background_16,B2_Contact_Aware,Direct_Earth_to_Mars,0.88287315668910304,0.8413002303041357,0
82,100081,Direct_Background_16,B3_Physical_Success,Direct_Earth_to_Mars,0.8413002303041357,0.8413002303041357,0
82,100081,Direct_Background_16,B4_Physical_Multiobjective,Direct_Earth_to_Mars,0.8413002303041357,0.8413002303041357,0
82,100081,Direct_Combined_25pctPower_BG16,B1_Shortest_Delay,Direct_Earth_to_Mars,1,0,0
82,100081,Direct_Combined_25pctPower_BG16,B2_Contact_Aware,Direct_Earth_to_Mars,0.88287315668910304,0,0
82,100081,Direct_Combined_25pctPower_BG16,B3_Physical_Success,Earth_Relay1_Mars,0.77946279614884795,0.77946279614884795,1
82,100081,Direct_Combined_25pctPower_BG16,B4_Physical_Multiobjective,Earth_Relay2_Mars,0.38774181384271622,0.77945372144882397,1
82,100081,Direct_Hard_Obstruction,B1_Shortest_Delay,Earth_Relay2_Mars,1,0.77945372144882397,1
82,100081,Direct_Hard_Obstruction,B2_Contact_Aware,Earth_Relay0_Mars,0.77946501080218145,0.77945506368642836,1
82,100081,Direct_Hard_Obstruction,B3_Physical_Success,Earth_Relay1_Mars,0.77946279614884795,0.77946279614884795,1
82,100081,Direct_Hard_Obstruction,B4_Physical_Multiobjective,Earth_Relay2_Mars,0.77945372144882397,0.77945372144882397,1
83,100082,Control,B1_Shortest_Delay,Direct_Earth_to_Mars,1,0.9179355183575133,0
83,100082,Control,B2_Contact_Aware,Direct_Earth_to_Mars,0.9179355183575133,0.9179355183575133,0
83,100082,Control,B3_Physical_Success,Direct_Earth_to_Mars,0.9179355183575133,0.9179355183575133,0
83,100082,Control,B4_Physical_Multiobjective,Direct_Earth_to_Mars,0.9179355183575133,0.9179355183575133,0
83,100082,Direct_Pointing_50pct_Power,B1_Shortest_Delay,Direct_Earth_to_Mars,1,0.9179355183575133,0
83,100082,Direct_Pointing_50pct_Power,B2_Contact_Aware,Direct_Earth_to_Mars,0.9179355183575133,0.9179355183575133,0
83,100082,Direct_Pointing_50pct_Power,B3_Physical_Success,Direct_Earth_to_Mars,0.9179355183575133,0.9179355183575133,0
83,100082,Direct_Pointing_50pct_Power,B4_Physical_Multiobjective,Direct_Earth_to_Mars,0.9179355183575133,0.9179355183575133,0
83,100082,Direct_Pointing_25pct_Power,B1_Shortest_Delay,Direct_Earth_to_Mars,1,0.91793551835751319,0
83,100082,Direct_Pointing_25pct_Power,B2_Contact_Aware,Direct_Earth_to_Mars,0.9179355183575133,0.91793551835751319,0
83,100082,Direct_Pointing_25pct_Power,B3_Physical_Success,Direct_Earth_to_Mars,0.91793551835751319,0.91793551835751319,0
83,100082,Direct_Pointing_25pct_Power,B4_Physical_Multiobjective,Direct_Earth_to_Mars,0.91793551835751319,0.91793551835751319,0
83,100082,Direct_Pointing_10pct_Power,B1_Shortest_Delay,Direct_Earth_to_Mars,1,0.91434953007081288,0
83,100082,Direct_Pointing_10pct_Power,B2_Contact_Aware,Direct_Earth_to_Mars,0.9179355183575133,0.91434953007081288,0
83,100082,Direct_Pointing_10pct_Power,B3_Physical_Success,Direct_Earth_to_Mars,0.91434953007081288,0.91434953007081288,0
83,100082,Direct_Pointing_10pct_Power,B4_Physical_Multiobjective,Direct_Earth_to_Mars,0.91434953007081288,0.91434953007081288,0
83,100082,Direct_Background_16,B1_Shortest_Delay,Direct_Earth_to_Mars,1,0.9179355183575133,0
83,100082,Direct_Background_16,B2_Contact_Aware,Direct_Earth_to_Mars,0.9179355183575133,0.9179355183575133,0
83,100082,Direct_Background_16,B3_Physical_Success,Direct_Earth_to_Mars,0.9179355183575133,0.9179355183575133,0
83,100082,Direct_Background_16,B4_Physical_Multiobjective,Direct_Earth_to_Mars,0.9179355183575133,0.9179355183575133,0
83,100082,Direct_Combined_25pctPower_BG16,B1_Shortest_Delay,Direct_Earth_to_Mars,1,0.91793551720404676,0
83,100082,Direct_Combined_25pctPower_BG16,B2_Contact_Aware,Direct_Earth_to_Mars,0.9179355183575133,0.91793551720404676,0
83,100082,Direct_Combined_25pctPower_BG16,B3_Physical_Success,Direct_Earth_to_Mars,0.91793551720404676,0.91793551720404676,0
83,100082,Direct_Combined_25pctPower_BG16,B4_Physical_Multiobjective,Direct_Earth_to_Mars,0.91793551720404676,0.91793551720404676,0
83,100082,Direct_Hard_Obstruction,B1_Shortest_Delay,Earth_Relay2_Mars,1,0.84260561586227667,1
83,100082,Direct_Hard_Obstruction,B2_Contact_Aware,Earth_Relay0_Mars,0.84260561586227667,0.84260561586227667,1
83,100082,Direct_Hard_Obstruction,B3_Physical_Success,Earth_Relay0_Mars,0.84260561586227667,0.84260561586227667,1
83,100082,Direct_Hard_Obstruction,B4_Physical_Multiobjective,Earth_Relay2_Mars,0.84260561586227667,0.84260561586227667,1
84,100083,Control,B1_Shortest_Delay,Direct_Earth_to_Mars,1,0.86956244236195335,0
84,100083,Control,B2_Contact_Aware,Direct_Earth_to_Mars,0.86966218084067815,0.86956244236195335,0
84,100083,Control,B3_Physical_Success,Direct_Earth_to_Mars,0.86956244236195335,0.86956244236195335,0
84,100083,Control,B4_Physical_Multiobjective,Direct_Earth_to_Mars,0.86956244236195335,0.86956244236195335,0
84,100083,Direct_Pointing_50pct_Power,B1_Shortest_Delay,Direct_Earth_to_Mars,1,0,0
84,100083,Direct_Pointing_50pct_Power,B2_Contact_Aware,Direct_Earth_to_Mars,0.86966218084067815,0,0
84,100083,Direct_Pointing_50pct_Power,B3_Physical_Success,Earth_Relay1_Mars,0.75629788595054781,0.75629788595054781,1
84,100083,Direct_Pointing_50pct_Power,B4_Physical_Multiobjective,Earth_Relay2_Mars,0.37613277174115017,0.75611744886162069,1
84,100083,Direct_Pointing_25pct_Power,B1_Shortest_Delay,Direct_Earth_to_Mars,1,0,0
84,100083,Direct_Pointing_25pct_Power,B2_Contact_Aware,Direct_Earth_to_Mars,0.86966218084067815,0,0
84,100083,Direct_Pointing_25pct_Power,B3_Physical_Success,Earth_Relay1_Mars,0.75629788595054781,0.75629788595054781,1
84,100083,Direct_Pointing_25pct_Power,B4_Physical_Multiobjective,Earth_Relay2_Mars,0.37613277174115017,0.75611744886162069,1
84,100083,Direct_Pointing_10pct_Power,B1_Shortest_Delay,Direct_Earth_to_Mars,1,0,0
84,100083,Direct_Pointing_10pct_Power,B2_Contact_Aware,Direct_Earth_to_Mars,0.86966218084067815,0,0
84,100083,Direct_Pointing_10pct_Power,B3_Physical_Success,Earth_Relay1_Mars,0.75629788595054781,0.75629788595054781,1
84,100083,Direct_Pointing_10pct_Power,B4_Physical_Multiobjective,Earth_Relay2_Mars,0.37613277174115017,0.75611744886162069,1
84,100083,Direct_Background_16,B1_Shortest_Delay,Direct_Earth_to_Mars,1,0.59922577497396456,0
84,100083,Direct_Background_16,B2_Contact_Aware,Direct_Earth_to_Mars,0.86966218084067815,0.59922577497396456,0
84,100083,Direct_Background_16,B3_Physical_Success,Earth_Relay1_Mars,0.75629788595054781,0.75629788595054781,1
84,100083,Direct_Background_16,B4_Physical_Multiobjective,Direct_Earth_to_Mars,0.59922577497396456,0.59922577497396456,0
84,100083,Direct_Combined_25pctPower_BG16,B1_Shortest_Delay,Direct_Earth_to_Mars,1,0,0
84,100083,Direct_Combined_25pctPower_BG16,B2_Contact_Aware,Direct_Earth_to_Mars,0.86966218084067815,0,0
84,100083,Direct_Combined_25pctPower_BG16,B3_Physical_Success,Earth_Relay1_Mars,0.75629788595054781,0.75629788595054781,1
84,100083,Direct_Combined_25pctPower_BG16,B4_Physical_Multiobjective,Earth_Relay2_Mars,0.37613277174115017,0.75611744886162069,1
84,100083,Direct_Hard_Obstruction,B1_Shortest_Delay,Earth_Relay2_Mars,1,0.75611744886162069,1
84,100083,Direct_Hard_Obstruction,B2_Contact_Aware,Earth_Relay0_Mars,0.75631230878456435,0.75587174177356575,1
84,100083,Direct_Hard_Obstruction,B3_Physical_Success,Earth_Relay1_Mars,0.75629788595054781,0.75629788595054781,1
84,100083,Direct_Hard_Obstruction,B4_Physical_Multiobjective,Earth_Relay2_Mars,0.75611744886162069,0.75611744886162069,1
85,100084,Control,B1_Shortest_Delay,Direct_Earth_to_Mars,1,0.83229011567272737,0
85,100084,Control,B2_Contact_Aware,Direct_Earth_to_Mars,0.83229011567272737,0.83229011567272737,0
85,100084,Control,B3_Physical_Success,Direct_Earth_to_Mars,0.83229011567272737,0.83229011567272737,0
85,100084,Control,B4_Physical_Multiobjective,Direct_Earth_to_Mars,0.83229011567272737,0.83229011567272737,0
85,100084,Direct_Pointing_50pct_Power,B1_Shortest_Delay,Direct_Earth_to_Mars,1,0.83229011567248423,0
85,100084,Direct_Pointing_50pct_Power,B2_Contact_Aware,Direct_Earth_to_Mars,0.83229011567272737,0.83229011567248423,0
85,100084,Direct_Pointing_50pct_Power,B3_Physical_Success,Direct_Earth_to_Mars,0.83229011567248423,0.83229011567248423,0
85,100084,Direct_Pointing_50pct_Power,B4_Physical_Multiobjective,Direct_Earth_to_Mars,0.83229011567248423,0.83229011567248423,0
85,100084,Direct_Pointing_25pct_Power,B1_Shortest_Delay,Direct_Earth_to_Mars,1,0.83146112849412668,0
85,100084,Direct_Pointing_25pct_Power,B2_Contact_Aware,Direct_Earth_to_Mars,0.83229011567272737,0.83146112849412668,0
85,100084,Direct_Pointing_25pct_Power,B3_Physical_Success,Direct_Earth_to_Mars,0.83146112849412668,0.83146112849412668,0
85,100084,Direct_Pointing_25pct_Power,B4_Physical_Multiobjective,Direct_Earth_to_Mars,0.83146112849412668,0.83146112849412668,0
85,100084,Direct_Pointing_10pct_Power,B1_Shortest_Delay,Direct_Earth_to_Mars,1,0,0
85,100084,Direct_Pointing_10pct_Power,B2_Contact_Aware,Direct_Earth_to_Mars,0.83229011567272737,0,0
85,100084,Direct_Pointing_10pct_Power,B3_Physical_Success,Earth_Relay0_Mars,0.69270683664652188,0.69270683664652188,1
85,100084,Direct_Pointing_10pct_Power,B4_Physical_Multiobjective,Earth_Relay2_Mars,0.34347239385317752,0.69270683664652188,1
85,100084,Direct_Background_16,B1_Shortest_Delay,Direct_Earth_to_Mars,1,0.83229011567272737,0
85,100084,Direct_Background_16,B2_Contact_Aware,Direct_Earth_to_Mars,0.83229011567272737,0.83229011567272737,0
85,100084,Direct_Background_16,B3_Physical_Success,Direct_Earth_to_Mars,0.83229011567272737,0.83229011567272737,0
85,100084,Direct_Background_16,B4_Physical_Multiobjective,Direct_Earth_to_Mars,0.83229011567272737,0.83229011567272737,0
85,100084,Direct_Combined_25pctPower_BG16,B1_Shortest_Delay,Direct_Earth_to_Mars,1,0,0
85,100084,Direct_Combined_25pctPower_BG16,B2_Contact_Aware,Direct_Earth_to_Mars,0.83229011567272737,0,0
85,100084,Direct_Combined_25pctPower_BG16,B3_Physical_Success,Earth_Relay0_Mars,0.69270683664652188,0.69270683664652188,1
85,100084,Direct_Combined_25pctPower_BG16,B4_Physical_Multiobjective,Earth_Relay2_Mars,0.34347239385317752,0.69270683664652188,1
85,100084,Direct_Hard_Obstruction,B1_Shortest_Delay,Earth_Relay2_Mars,1,0.69270683664652188,1
85,100084,Direct_Hard_Obstruction,B2_Contact_Aware,Earth_Relay0_Mars,0.69270683664652188,0.69270683664652188,1
85,100084,Direct_Hard_Obstruction,B3_Physical_Success,Earth_Relay0_Mars,0.69270683664652188,0.69270683664652188,1
85,100084,Direct_Hard_Obstruction,B4_Physical_Multiobjective,Earth_Relay2_Mars,0.69270683664652188,0.69270683664652188,1
86,100085,Control,B1_Shortest_Delay,Direct_Earth_to_Mars,1,0.92535475418070245,0
86,100085,Control,B2_Contact_Aware,Direct_Earth_to_Mars,0.92536869417990997,0.92535475418070245,0
86,100085,Control,B3_Physical_Success,Direct_Earth_to_Mars,0.92535475418070245,0.92535475418070245,0
86,100085,Control,B4_Physical_Multiobjective,Direct_Earth_to_Mars,0.92535475418070245,0.92535475418070245,0
86,100085,Direct_Pointing_50pct_Power,B1_Shortest_Delay,Direct_Earth_to_Mars,1,0,0
86,100085,Direct_Pointing_50pct_Power,B2_Contact_Aware,Direct_Earth_to_Mars,0.92536869417990997,0,0
86,100085,Direct_Pointing_50pct_Power,B3_Physical_Success,Earth_Relay0_Mars,0.85629669843210132,0.85629669843210132,1
86,100085,Direct_Pointing_50pct_Power,B4_Physical_Multiobjective,Earth_Relay2_Mars,0.42590033498874469,0.85627776682106138,1
86,100085,Direct_Pointing_25pct_Power,B1_Shortest_Delay,Direct_Earth_to_Mars,1,0,0
86,100085,Direct_Pointing_25pct_Power,B2_Contact_Aware,Direct_Earth_to_Mars,0.92536869417990997,0,0
86,100085,Direct_Pointing_25pct_Power,B3_Physical_Success,Earth_Relay0_Mars,0.85629669843210132,0.85629669843210132,1
86,100085,Direct_Pointing_25pct_Power,B4_Physical_Multiobjective,Earth_Relay2_Mars,0.42590033498874469,0.85627776682106138,1
86,100085,Direct_Pointing_10pct_Power,B1_Shortest_Delay,Direct_Earth_to_Mars,1,0,0
86,100085,Direct_Pointing_10pct_Power,B2_Contact_Aware,Direct_Earth_to_Mars,0.92536869417990997,0,0
86,100085,Direct_Pointing_10pct_Power,B3_Physical_Success,Earth_Relay0_Mars,0.85629669843210132,0.85629669843210132,1
86,100085,Direct_Pointing_10pct_Power,B4_Physical_Multiobjective,Earth_Relay2_Mars,0.42590033498874469,0.85627776682106138,1
86,100085,Direct_Background_16,B1_Shortest_Delay,Direct_Earth_to_Mars,1,0.84830232950689421,0
86,100085,Direct_Background_16,B2_Contact_Aware,Direct_Earth_to_Mars,0.92536869417990997,0.84830232950689421,0
86,100085,Direct_Background_16,B3_Physical_Success,Earth_Relay0_Mars,0.85629669843210132,0.85629669843210132,1
86,100085,Direct_Background_16,B4_Physical_Multiobjective,Direct_Earth_to_Mars,0.84830232950689421,0.84830232950689421,0
86,100085,Direct_Combined_25pctPower_BG16,B1_Shortest_Delay,Direct_Earth_to_Mars,1,0,0
86,100085,Direct_Combined_25pctPower_BG16,B2_Contact_Aware,Direct_Earth_to_Mars,0.92536869417990997,0,0
86,100085,Direct_Combined_25pctPower_BG16,B3_Physical_Success,Earth_Relay0_Mars,0.85629669843210132,0.85629669843210132,1
86,100085,Direct_Combined_25pctPower_BG16,B4_Physical_Multiobjective,Earth_Relay2_Mars,0.42590033498874469,0.85627776682106138,1
86,100085,Direct_Hard_Obstruction,B1_Shortest_Delay,Earth_Relay2_Mars,1,0.85627776682106138,1
86,100085,Direct_Hard_Obstruction,B2_Contact_Aware,Earth_Relay0_Mars,0.85630722016823169,0.85629669843210132,1
86,100085,Direct_Hard_Obstruction,B3_Physical_Success,Earth_Relay0_Mars,0.85629669843210132,0.85629669843210132,1
86,100085,Direct_Hard_Obstruction,B4_Physical_Multiobjective,Earth_Relay2_Mars,0.85627776682106138,0.85627776682106138,1
87,100086,Control,B1_Shortest_Delay,Direct_Earth_to_Mars,1,0.81833451748143005,0
87,100086,Control,B2_Contact_Aware,Direct_Earth_to_Mars,0.81833930344870331,0.81833451748143005,0
87,100086,Control,B3_Physical_Success,Direct_Earth_to_Mars,0.81833451748143005,0.81833451748143005,0
87,100086,Control,B4_Physical_Multiobjective,Direct_Earth_to_Mars,0.81833451748143005,0.81833451748143005,0
87,100086,Direct_Pointing_50pct_Power,B1_Shortest_Delay,Direct_Earth_to_Mars,1,0,0
87,100086,Direct_Pointing_50pct_Power,B2_Contact_Aware,Direct_Earth_to_Mars,0.81833930344870331,0,0
87,100086,Direct_Pointing_50pct_Power,B3_Physical_Success,Earth_Relay0_Mars,0.66967376847718618,0.66967376847718618,1
87,100086,Direct_Pointing_50pct_Power,B4_Physical_Multiobjective,Earth_Relay0_Mars,0.28197496021004625,0.66967376847718618,1
87,100086,Direct_Pointing_25pct_Power,B1_Shortest_Delay,Direct_Earth_to_Mars,1,0,0
87,100086,Direct_Pointing_25pct_Power,B2_Contact_Aware,Direct_Earth_to_Mars,0.81833930344870331,0,0
87,100086,Direct_Pointing_25pct_Power,B3_Physical_Success,Earth_Relay0_Mars,0.66967376847718618,0.66967376847718618,1
87,100086,Direct_Pointing_25pct_Power,B4_Physical_Multiobjective,Earth_Relay0_Mars,0.28197496021004625,0.66967376847718618,1
87,100086,Direct_Pointing_10pct_Power,B1_Shortest_Delay,Direct_Earth_to_Mars,1,0,0
87,100086,Direct_Pointing_10pct_Power,B2_Contact_Aware,Direct_Earth_to_Mars,0.81833930344870331,0,0
87,100086,Direct_Pointing_10pct_Power,B3_Physical_Success,Earth_Relay0_Mars,0.66967376847718618,0.66967376847718618,1
87,100086,Direct_Pointing_10pct_Power,B4_Physical_Multiobjective,Earth_Relay0_Mars,0.28197496021004625,0.66967376847718618,1
87,100086,Direct_Background_16,B1_Shortest_Delay,Direct_Earth_to_Mars,1,0.78176012696606312,0
87,100086,Direct_Background_16,B2_Contact_Aware,Direct_Earth_to_Mars,0.81833930344870331,0.78176012696606312,0
87,100086,Direct_Background_16,B3_Physical_Success,Direct_Earth_to_Mars,0.78176012696606312,0.78176012696606312,0
87,100086,Direct_Background_16,B4_Physical_Multiobjective,Direct_Earth_to_Mars,0.78176012696606312,0.78176012696606312,0
87,100086,Direct_Combined_25pctPower_BG16,B1_Shortest_Delay,Direct_Earth_to_Mars,1,0,0
87,100086,Direct_Combined_25pctPower_BG16,B2_Contact_Aware,Direct_Earth_to_Mars,0.81833930344870331,0,0
87,100086,Direct_Combined_25pctPower_BG16,B3_Physical_Success,Earth_Relay0_Mars,0.66967376847718618,0.66967376847718618,1
87,100086,Direct_Combined_25pctPower_BG16,B4_Physical_Multiobjective,Earth_Relay0_Mars,0.28197496021004625,0.66967376847718618,1
87,100086,Direct_Hard_Obstruction,B1_Shortest_Delay,Earth_Relay0_Mars,1,0.66967376847718618,1
87,100086,Direct_Hard_Obstruction,B2_Contact_Aware,Earth_Relay0_Mars,0.66967921556890897,0.66967376847718618,1
87,100086,Direct_Hard_Obstruction,B3_Physical_Success,Earth_Relay0_Mars,0.66967376847718618,0.66967376847718618,1
87,100086,Direct_Hard_Obstruction,B4_Physical_Multiobjective,Earth_Relay0_Mars,0.66967376847718618,0.66967376847718618,1
88,100087,Control,B1_Shortest_Delay,Direct_Earth_to_Mars,1,0.80875581831569543,0
88,100087,Control,B2_Contact_Aware,Direct_Earth_to_Mars,0.80876677721774448,0.80875581831569543,0
88,100087,Control,B3_Physical_Success,Direct_Earth_to_Mars,0.80875581831569543,0.80875581831569543,0
88,100087,Control,B4_Physical_Multiobjective,Direct_Earth_to_Mars,0.80875581831569543,0.80875581831569543,0
88,100087,Direct_Pointing_50pct_Power,B1_Shortest_Delay,Direct_Earth_to_Mars,1,0,0
88,100087,Direct_Pointing_50pct_Power,B2_Contact_Aware,Direct_Earth_to_Mars,0.80876677721774448,0,0
88,100087,Direct_Pointing_50pct_Power,B3_Physical_Success,Earth_Relay0_Mars,0.65409698650526227,0.65409698650526227,1
88,100087,Direct_Pointing_50pct_Power,B4_Physical_Multiobjective,Earth_Relay2_Mars,0.32532756132718504,0.65408344411135655,1
88,100087,Direct_Pointing_25pct_Power,B1_Shortest_Delay,Direct_Earth_to_Mars,1,0,0
88,100087,Direct_Pointing_25pct_Power,B2_Contact_Aware,Direct_Earth_to_Mars,0.80876677721774448,0,0
88,100087,Direct_Pointing_25pct_Power,B3_Physical_Success,Earth_Relay0_Mars,0.65409698650526227,0.65409698650526227,1
88,100087,Direct_Pointing_25pct_Power,B4_Physical_Multiobjective,Earth_Relay2_Mars,0.32532756132718504,0.65408344411135655,1
88,100087,Direct_Pointing_10pct_Power,B1_Shortest_Delay,Direct_Earth_to_Mars,1,0,0
88,100087,Direct_Pointing_10pct_Power,B2_Contact_Aware,Direct_Earth_to_Mars,0.80876677721774448,0,0
88,100087,Direct_Pointing_10pct_Power,B3_Physical_Success,Earth_Relay0_Mars,0.65409698650526227,0.65409698650526227,1
88,100087,Direct_Pointing_10pct_Power,B4_Physical_Multiobjective,Earth_Relay2_Mars,0.32532756132718504,0.65408344411135655,1
88,100087,Direct_Background_16,B1_Shortest_Delay,Direct_Earth_to_Mars,1,0.74592836763943093,0
88,100087,Direct_Background_16,B2_Contact_Aware,Direct_Earth_to_Mars,0.80876677721774448,0.74592836763943093,0
88,100087,Direct_Background_16,B3_Physical_Success,Direct_Earth_to_Mars,0.74592836763943093,0.74592836763943093,0
88,100087,Direct_Background_16,B4_Physical_Multiobjective,Direct_Earth_to_Mars,0.74592836763943093,0.74592836763943093,0
88,100087,Direct_Combined_25pctPower_BG16,B1_Shortest_Delay,Direct_Earth_to_Mars,1,0,0
88,100087,Direct_Combined_25pctPower_BG16,B2_Contact_Aware,Direct_Earth_to_Mars,0.80876677721774448,0,0
88,100087,Direct_Combined_25pctPower_BG16,B3_Physical_Success,Earth_Relay0_Mars,0.65409698650526227,0.65409698650526227,1
88,100087,Direct_Combined_25pctPower_BG16,B4_Physical_Multiobjective,Earth_Relay2_Mars,0.32532756132718504,0.65408344411135655,1
88,100087,Direct_Hard_Obstruction,B1_Shortest_Delay,Earth_Relay2_Mars,1,0.65408344411135655,1
88,100087,Direct_Hard_Obstruction,B2_Contact_Aware,Earth_Relay0_Mars,0.65410369993117679,0.65409698650526227,1
88,100087,Direct_Hard_Obstruction,B3_Physical_Success,Earth_Relay0_Mars,0.65409698650526227,0.65409698650526227,1
88,100087,Direct_Hard_Obstruction,B4_Physical_Multiobjective,Earth_Relay2_Mars,0.65408344411135655,0.65408344411135655,1
89,100088,Control,B1_Shortest_Delay,Direct_Earth_to_Mars,1,0.86135067522931696,0
89,100088,Control,B2_Contact_Aware,Direct_Earth_to_Mars,0.86135067522931696,0.86135067522931696,0
89,100088,Control,B3_Physical_Success,Direct_Earth_to_Mars,0.86135067522931696,0.86135067522931696,0
89,100088,Control,B4_Physical_Multiobjective,Direct_Earth_to_Mars,0.86135067522931696,0.86135067522931696,0
89,100088,Direct_Pointing_50pct_Power,B1_Shortest_Delay,Direct_Earth_to_Mars,1,0.86135067522931696,0
89,100088,Direct_Pointing_50pct_Power,B2_Contact_Aware,Direct_Earth_to_Mars,0.86135067522931696,0.86135067522931696,0
89,100088,Direct_Pointing_50pct_Power,B3_Physical_Success,Direct_Earth_to_Mars,0.86135067522931696,0.86135067522931696,0
89,100088,Direct_Pointing_50pct_Power,B4_Physical_Multiobjective,Direct_Earth_to_Mars,0.86135067522931696,0.86135067522931696,0
89,100088,Direct_Pointing_25pct_Power,B1_Shortest_Delay,Direct_Earth_to_Mars,1,0.86135067522931696,0
89,100088,Direct_Pointing_25pct_Power,B2_Contact_Aware,Direct_Earth_to_Mars,0.86135067522931696,0.86135067522931696,0
89,100088,Direct_Pointing_25pct_Power,B3_Physical_Success,Direct_Earth_to_Mars,0.86135067522931696,0.86135067522931696,0
89,100088,Direct_Pointing_25pct_Power,B4_Physical_Multiobjective,Direct_Earth_to_Mars,0.86135067522931696,0.86135067522931696,0
89,100088,Direct_Pointing_10pct_Power,B1_Shortest_Delay,Direct_Earth_to_Mars,1,0.86135067522931696,0
89,100088,Direct_Pointing_10pct_Power,B2_Contact_Aware,Direct_Earth_to_Mars,0.86135067522931696,0.86135067522931696,0
89,100088,Direct_Pointing_10pct_Power,B3_Physical_Success,Direct_Earth_to_Mars,0.86135067522931696,0.86135067522931696,0
89,100088,Direct_Pointing_10pct_Power,B4_Physical_Multiobjective,Direct_Earth_to_Mars,0.86135067522931696,0.86135067522931696,0
89,100088,Direct_Background_16,B1_Shortest_Delay,Direct_Earth_to_Mars,1,0.86135067522931696,0
89,100088,Direct_Background_16,B2_Contact_Aware,Direct_Earth_to_Mars,0.86135067522931696,0.86135067522931696,0
89,100088,Direct_Background_16,B3_Physical_Success,Direct_Earth_to_Mars,0.86135067522931696,0.86135067522931696,0
89,100088,Direct_Background_16,B4_Physical_Multiobjective,Direct_Earth_to_Mars,0.86135067522931696,0.86135067522931696,0
89,100088,Direct_Combined_25pctPower_BG16,B1_Shortest_Delay,Direct_Earth_to_Mars,1,0.86135067522931696,0
89,100088,Direct_Combined_25pctPower_BG16,B2_Contact_Aware,Direct_Earth_to_Mars,0.86135067522931696,0.86135067522931696,0
89,100088,Direct_Combined_25pctPower_BG16,B3_Physical_Success,Direct_Earth_to_Mars,0.86135067522931696,0.86135067522931696,0
89,100088,Direct_Combined_25pctPower_BG16,B4_Physical_Multiobjective,Direct_Earth_to_Mars,0.86135067522931696,0.86135067522931696,0
89,100088,Direct_Hard_Obstruction,B1_Shortest_Delay,Earth_Relay2_Mars,1,0.74192498571800025,1
89,100088,Direct_Hard_Obstruction,B2_Contact_Aware,Earth_Relay0_Mars,0.74192498571800025,0.74192498571800025,1
89,100088,Direct_Hard_Obstruction,B3_Physical_Success,Earth_Relay0_Mars,0.74192498571800025,0.74192498571800025,1
89,100088,Direct_Hard_Obstruction,B4_Physical_Multiobjective,Earth_Relay2_Mars,0.74192498571800025,0.74192498571800025,1
90,100089,Control,B1_Shortest_Delay,Direct_Earth_to_Mars,1,0.94702501333695932,0
90,100089,Control,B2_Contact_Aware,Direct_Earth_to_Mars,0.9470250133395679,0.94702501333695932,0
90,100089,Control,B3_Physical_Success,Direct_Earth_to_Mars,0.94702501333695932,0.94702501333695932,0
90,100089,Control,B4_Physical_Multiobjective,Direct_Earth_to_Mars,0.94702501333695932,0.94702501333695932,0
90,100089,Direct_Pointing_50pct_Power,B1_Shortest_Delay,Direct_Earth_to_Mars,1,0.94450467396680626,0
90,100089,Direct_Pointing_50pct_Power,B2_Contact_Aware,Direct_Earth_to_Mars,0.9470250133395679,0.94450467396680626,0
90,100089,Direct_Pointing_50pct_Power,B3_Physical_Success,Direct_Earth_to_Mars,0.94450467396680626,0.94450467396680626,0
90,100089,Direct_Pointing_50pct_Power,B4_Physical_Multiobjective,Direct_Earth_to_Mars,0.94450467396680626,0.94450467396680626,0
90,100089,Direct_Pointing_25pct_Power,B1_Shortest_Delay,Direct_Earth_to_Mars,1,0,0
90,100089,Direct_Pointing_25pct_Power,B2_Contact_Aware,Direct_Earth_to_Mars,0.9470250133395679,0,0
90,100089,Direct_Pointing_25pct_Power,B3_Physical_Success,Earth_Relay0_Mars,0.89685637589080869,0.89685637589080869,1
90,100089,Direct_Pointing_25pct_Power,B4_Physical_Multiobjective,Earth_Relay2_Mars,0.4456702181783691,0.89685637588443068,1
90,100089,Direct_Pointing_10pct_Power,B1_Shortest_Delay,Direct_Earth_to_Mars,1,0,0
90,100089,Direct_Pointing_10pct_Power,B2_Contact_Aware,Direct_Earth_to_Mars,0.9470250133395679,0,0
90,100089,Direct_Pointing_10pct_Power,B3_Physical_Success,Earth_Relay0_Mars,0.89685637589080869,0.89685637589080869,1
90,100089,Direct_Pointing_10pct_Power,B4_Physical_Multiobjective,Earth_Relay2_Mars,0.4456702181783691,0.89685637588443068,1
90,100089,Direct_Background_16,B1_Shortest_Delay,Direct_Earth_to_Mars,1,0.94702324599963184,0
90,100089,Direct_Background_16,B2_Contact_Aware,Direct_Earth_to_Mars,0.9470250133395679,0.94702324599963184,0
90,100089,Direct_Background_16,B3_Physical_Success,Direct_Earth_to_Mars,0.94702324599963184,0.94702324599963184,0
90,100089,Direct_Background_16,B4_Physical_Multiobjective,Direct_Earth_to_Mars,0.94702324599963184,0.94702324599963184,0
90,100089,Direct_Combined_25pctPower_BG16,B1_Shortest_Delay,Direct_Earth_to_Mars,1,0,0
90,100089,Direct_Combined_25pctPower_BG16,B2_Contact_Aware,Direct_Earth_to_Mars,0.9470250133395679,0,0
90,100089,Direct_Combined_25pctPower_BG16,B3_Physical_Success,Earth_Relay0_Mars,0.89685637589080869,0.89685637589080869,1
90,100089,Direct_Combined_25pctPower_BG16,B4_Physical_Multiobjective,Earth_Relay2_Mars,0.4456702181783691,0.89685637588443068,1
90,100089,Direct_Hard_Obstruction,B1_Shortest_Delay,Earth_Relay2_Mars,1,0.89685637588443068,1
90,100089,Direct_Hard_Obstruction,B2_Contact_Aware,Earth_Relay0_Mars,0.8968563758908088,0.89685637589080869,1
90,100089,Direct_Hard_Obstruction,B3_Physical_Success,Earth_Relay0_Mars,0.89685637589080869,0.89685637589080869,1
90,100089,Direct_Hard_Obstruction,B4_Physical_Multiobjective,Earth_Relay2_Mars,0.89685637588443068,0.89685637588443068,1
91,100090,Control,B1_Shortest_Delay,Direct_Earth_to_Mars,1,0.82430506129998826,0
91,100090,Control,B2_Contact_Aware,Direct_Earth_to_Mars,0.82430506129998826,0.82430506129998826,0
91,100090,Control,B3_Physical_Success,Direct_Earth_to_Mars,0.82430506129998826,0.82430506129998826,0
91,100090,Control,B4_Physical_Multiobjective,Direct_Earth_to_Mars,0.82430506129998826,0.82430506129998826,0
91,100090,Direct_Pointing_50pct_Power,B1_Shortest_Delay,Direct_Earth_to_Mars,1,0.82430506129998826,0
91,100090,Direct_Pointing_50pct_Power,B2_Contact_Aware,Direct_Earth_to_Mars,0.82430506129998826,0.82430506129998826,0
91,100090,Direct_Pointing_50pct_Power,B3_Physical_Success,Direct_Earth_to_Mars,0.82430506129998826,0.82430506129998826,0
91,100090,Direct_Pointing_50pct_Power,B4_Physical_Multiobjective,Direct_Earth_to_Mars,0.82430506129998826,0.82430506129998826,0
91,100090,Direct_Pointing_25pct_Power,B1_Shortest_Delay,Direct_Earth_to_Mars,1,0.82430506129998826,0
91,100090,Direct_Pointing_25pct_Power,B2_Contact_Aware,Direct_Earth_to_Mars,0.82430506129998826,0.82430506129998826,0
91,100090,Direct_Pointing_25pct_Power,B3_Physical_Success,Direct_Earth_to_Mars,0.82430506129998826,0.82430506129998826,0
91,100090,Direct_Pointing_25pct_Power,B4_Physical_Multiobjective,Direct_Earth_to_Mars,0.82430506129998826,0.82430506129998826,0
91,100090,Direct_Pointing_10pct_Power,B1_Shortest_Delay,Direct_Earth_to_Mars,1,0.82430506129998804,0
91,100090,Direct_Pointing_10pct_Power,B2_Contact_Aware,Direct_Earth_to_Mars,0.82430506129998826,0.82430506129998804,0
91,100090,Direct_Pointing_10pct_Power,B3_Physical_Success,Direct_Earth_to_Mars,0.82430506129998804,0.82430506129998804,0
91,100090,Direct_Pointing_10pct_Power,B4_Physical_Multiobjective,Direct_Earth_to_Mars,0.82430506129998804,0.82430506129998804,0
91,100090,Direct_Background_16,B1_Shortest_Delay,Direct_Earth_to_Mars,1,0.82430506129998826,0
91,100090,Direct_Background_16,B2_Contact_Aware,Direct_Earth_to_Mars,0.82430506129998826,0.82430506129998826,0
91,100090,Direct_Background_16,B3_Physical_Success,Direct_Earth_to_Mars,0.82430506129998826,0.82430506129998826,0
91,100090,Direct_Background_16,B4_Physical_Multiobjective,Direct_Earth_to_Mars,0.82430506129998826,0.82430506129998826,0
91,100090,Direct_Combined_25pctPower_BG16,B1_Shortest_Delay,Direct_Earth_to_Mars,1,0.82430506129998826,0
91,100090,Direct_Combined_25pctPower_BG16,B2_Contact_Aware,Direct_Earth_to_Mars,0.82430506129998826,0.82430506129998826,0
91,100090,Direct_Combined_25pctPower_BG16,B3_Physical_Success,Direct_Earth_to_Mars,0.82430506129998826,0.82430506129998826,0
91,100090,Direct_Combined_25pctPower_BG16,B4_Physical_Multiobjective,Direct_Earth_to_Mars,0.82430506129998826,0.82430506129998826,0
91,100090,Direct_Hard_Obstruction,B1_Shortest_Delay,Earth_Relay2_Mars,1,0.67947883408477738,1
91,100090,Direct_Hard_Obstruction,B2_Contact_Aware,Earth_Relay0_Mars,0.67947883408477738,0.67947883408477738,1
91,100090,Direct_Hard_Obstruction,B3_Physical_Success,Earth_Relay0_Mars,0.67947883408477738,0.67947883408477738,1
91,100090,Direct_Hard_Obstruction,B4_Physical_Multiobjective,Earth_Relay2_Mars,0.67947883408477738,0.67947883408477738,1
92,100091,Control,B1_Shortest_Delay,Direct_Earth_to_Mars,1,0.93429323432814937,0
92,100091,Control,B2_Contact_Aware,Direct_Earth_to_Mars,0.93429323432814937,0.93429323432814937,0
92,100091,Control,B3_Physical_Success,Direct_Earth_to_Mars,0.93429323432814937,0.93429323432814937,0
92,100091,Control,B4_Physical_Multiobjective,Direct_Earth_to_Mars,0.93429323432814937,0.93429323432814937,0
92,100091,Direct_Pointing_50pct_Power,B1_Shortest_Delay,Direct_Earth_to_Mars,1,0.93429323432814937,0
92,100091,Direct_Pointing_50pct_Power,B2_Contact_Aware,Direct_Earth_to_Mars,0.93429323432814937,0.93429323432814937,0
92,100091,Direct_Pointing_50pct_Power,B3_Physical_Success,Direct_Earth_to_Mars,0.93429323432814937,0.93429323432814937,0
92,100091,Direct_Pointing_50pct_Power,B4_Physical_Multiobjective,Direct_Earth_to_Mars,0.93429323432814937,0.93429323432814937,0
92,100091,Direct_Pointing_25pct_Power,B1_Shortest_Delay,Direct_Earth_to_Mars,1,0.93429323432814937,0
92,100091,Direct_Pointing_25pct_Power,B2_Contact_Aware,Direct_Earth_to_Mars,0.93429323432814937,0.93429323432814937,0
92,100091,Direct_Pointing_25pct_Power,B3_Physical_Success,Direct_Earth_to_Mars,0.93429323432814937,0.93429323432814937,0
92,100091,Direct_Pointing_25pct_Power,B4_Physical_Multiobjective,Direct_Earth_to_Mars,0.93429323432814937,0.93429323432814937,0
92,100091,Direct_Pointing_10pct_Power,B1_Shortest_Delay,Direct_Earth_to_Mars,1,0.93429323432814759,0
92,100091,Direct_Pointing_10pct_Power,B2_Contact_Aware,Direct_Earth_to_Mars,0.93429323432814937,0.93429323432814759,0
92,100091,Direct_Pointing_10pct_Power,B3_Physical_Success,Direct_Earth_to_Mars,0.93429323432814759,0.93429323432814759,0
92,100091,Direct_Pointing_10pct_Power,B4_Physical_Multiobjective,Direct_Earth_to_Mars,0.93429323432814759,0.93429323432814759,0
92,100091,Direct_Background_16,B1_Shortest_Delay,Direct_Earth_to_Mars,1,0.93429323432814937,0
92,100091,Direct_Background_16,B2_Contact_Aware,Direct_Earth_to_Mars,0.93429323432814937,0.93429323432814937,0
92,100091,Direct_Background_16,B3_Physical_Success,Direct_Earth_to_Mars,0.93429323432814937,0.93429323432814937,0
92,100091,Direct_Background_16,B4_Physical_Multiobjective,Direct_Earth_to_Mars,0.93429323432814937,0.93429323432814937,0
92,100091,Direct_Combined_25pctPower_BG16,B1_Shortest_Delay,Direct_Earth_to_Mars,1,0.93429323432814937,0
92,100091,Direct_Combined_25pctPower_BG16,B2_Contact_Aware,Direct_Earth_to_Mars,0.93429323432814937,0.93429323432814937,0
92,100091,Direct_Combined_25pctPower_BG16,B3_Physical_Success,Direct_Earth_to_Mars,0.93429323432814937,0.93429323432814937,0
92,100091,Direct_Combined_25pctPower_BG16,B4_Physical_Multiobjective,Direct_Earth_to_Mars,0.93429323432814937,0.93429323432814937,0
92,100091,Direct_Hard_Obstruction,B1_Shortest_Delay,Earth_Relay2_Mars,1,0.87290384771135421,1
92,100091,Direct_Hard_Obstruction,B2_Contact_Aware,Earth_Relay0_Mars,0.87290384771135421,0.87290384771135421,1
92,100091,Direct_Hard_Obstruction,B3_Physical_Success,Earth_Relay0_Mars,0.87290384771135421,0.87290384771135421,1
92,100091,Direct_Hard_Obstruction,B4_Physical_Multiobjective,Earth_Relay2_Mars,0.87290384771135421,0.87290384771135421,1
93,100092,Control,B1_Shortest_Delay,Direct_Earth_to_Mars,1,0.9269428670211507,0
93,100092,Control,B2_Contact_Aware,Direct_Earth_to_Mars,0.9269428670211507,0.9269428670211507,0
93,100092,Control,B3_Physical_Success,Direct_Earth_to_Mars,0.9269428670211507,0.9269428670211507,0
93,100092,Control,B4_Physical_Multiobjective,Direct_Earth_to_Mars,0.9269428670211507,0.9269428670211507,0
93,100092,Direct_Pointing_50pct_Power,B1_Shortest_Delay,Direct_Earth_to_Mars,1,0.9269428670211507,0
93,100092,Direct_Pointing_50pct_Power,B2_Contact_Aware,Direct_Earth_to_Mars,0.9269428670211507,0.9269428670211507,0
93,100092,Direct_Pointing_50pct_Power,B3_Physical_Success,Direct_Earth_to_Mars,0.9269428670211507,0.9269428670211507,0
93,100092,Direct_Pointing_50pct_Power,B4_Physical_Multiobjective,Direct_Earth_to_Mars,0.9269428670211507,0.9269428670211507,0
93,100092,Direct_Pointing_25pct_Power,B1_Shortest_Delay,Direct_Earth_to_Mars,1,0.92694286687744687,0
93,100092,Direct_Pointing_25pct_Power,B2_Contact_Aware,Direct_Earth_to_Mars,0.9269428670211507,0.92694286687744687,0
93,100092,Direct_Pointing_25pct_Power,B3_Physical_Success,Direct_Earth_to_Mars,0.92694286687744687,0.92694286687744687,0
93,100092,Direct_Pointing_25pct_Power,B4_Physical_Multiobjective,Direct_Earth_to_Mars,0.92694286687744687,0.92694286687744687,0
93,100092,Direct_Pointing_10pct_Power,B1_Shortest_Delay,Direct_Earth_to_Mars,1,0.5424691027515921,0
93,100092,Direct_Pointing_10pct_Power,B2_Contact_Aware,Direct_Earth_to_Mars,0.9269428670211507,0.5424691027515921,0
93,100092,Direct_Pointing_10pct_Power,B3_Physical_Success,Earth_Relay0_Mars,0.8592230787213907,0.8592230787213907,1
93,100092,Direct_Pointing_10pct_Power,B4_Physical_Multiobjective,Direct_Earth_to_Mars,0.5424691027515921,0.5424691027515921,0
93,100092,Direct_Background_16,B1_Shortest_Delay,Direct_Earth_to_Mars,1,0.9269428670211507,0
93,100092,Direct_Background_16,B2_Contact_Aware,Direct_Earth_to_Mars,0.9269428670211507,0.9269428670211507,0
93,100092,Direct_Background_16,B3_Physical_Success,Direct_Earth_to_Mars,0.9269428670211507,0.9269428670211507,0
93,100092,Direct_Background_16,B4_Physical_Multiobjective,Direct_Earth_to_Mars,0.9269428670211507,0.9269428670211507,0
93,100092,Direct_Combined_25pctPower_BG16,B1_Shortest_Delay,Direct_Earth_to_Mars,1,0.92691236864606552,0
93,100092,Direct_Combined_25pctPower_BG16,B2_Contact_Aware,Direct_Earth_to_Mars,0.9269428670211507,0.92691236864606552,0
93,100092,Direct_Combined_25pctPower_BG16,B3_Physical_Success,Direct_Earth_to_Mars,0.92691236864606552,0.92691236864606552,0
93,100092,Direct_Combined_25pctPower_BG16,B4_Physical_Multiobjective,Direct_Earth_to_Mars,0.92691236864606552,0.92691236864606552,0
93,100092,Direct_Hard_Obstruction,B1_Shortest_Delay,Earth_Relay2_Mars,1,0.8592230787213907,1
93,100092,Direct_Hard_Obstruction,B2_Contact_Aware,Earth_Relay0_Mars,0.8592230787213907,0.8592230787213907,1
93,100092,Direct_Hard_Obstruction,B3_Physical_Success,Earth_Relay0_Mars,0.8592230787213907,0.8592230787213907,1
93,100092,Direct_Hard_Obstruction,B4_Physical_Multiobjective,Earth_Relay2_Mars,0.8592230787213907,0.8592230787213907,1
94,100093,Control,B1_Shortest_Delay,Direct_Earth_to_Mars,1,0.82817775814787808,0
94,100093,Control,B2_Contact_Aware,Direct_Earth_to_Mars,0.82817775814787808,0.82817775814787808,0
94,100093,Control,B3_Physical_Success,Direct_Earth_to_Mars,0.82817775814787808,0.82817775814787808,0
94,100093,Control,B4_Physical_Multiobjective,Direct_Earth_to_Mars,0.82817775814787808,0.82817775814787808,0
94,100093,Direct_Pointing_50pct_Power,B1_Shortest_Delay,Direct_Earth_to_Mars,1,0.82817775814787808,0
94,100093,Direct_Pointing_50pct_Power,B2_Contact_Aware,Direct_Earth_to_Mars,0.82817775814787808,0.82817775814787808,0
94,100093,Direct_Pointing_50pct_Power,B3_Physical_Success,Direct_Earth_to_Mars,0.82817775814787808,0.82817775814787808,0
94,100093,Direct_Pointing_50pct_Power,B4_Physical_Multiobjective,Direct_Earth_to_Mars,0.82817775814787808,0.82817775814787808,0
94,100093,Direct_Pointing_25pct_Power,B1_Shortest_Delay,Direct_Earth_to_Mars,1,0.82817775814787808,0
94,100093,Direct_Pointing_25pct_Power,B2_Contact_Aware,Direct_Earth_to_Mars,0.82817775814787808,0.82817775814787808,0
94,100093,Direct_Pointing_25pct_Power,B3_Physical_Success,Direct_Earth_to_Mars,0.82817775814787808,0.82817775814787808,0
94,100093,Direct_Pointing_25pct_Power,B4_Physical_Multiobjective,Direct_Earth_to_Mars,0.82817775814787808,0.82817775814787808,0
94,100093,Direct_Pointing_10pct_Power,B1_Shortest_Delay,Direct_Earth_to_Mars,1,0.82816712201915332,0
94,100093,Direct_Pointing_10pct_Power,B2_Contact_Aware,Direct_Earth_to_Mars,0.82817775814787808,0.82816712201915332,0
94,100093,Direct_Pointing_10pct_Power,B3_Physical_Success,Direct_Earth_to_Mars,0.82816712201915332,0.82816712201915332,0
94,100093,Direct_Pointing_10pct_Power,B4_Physical_Multiobjective,Direct_Earth_to_Mars,0.82816712201915332,0.82816712201915332,0
94,100093,Direct_Background_16,B1_Shortest_Delay,Direct_Earth_to_Mars,1,0.82817775814787808,0
94,100093,Direct_Background_16,B2_Contact_Aware,Direct_Earth_to_Mars,0.82817775814787808,0.82817775814787808,0
94,100093,Direct_Background_16,B3_Physical_Success,Direct_Earth_to_Mars,0.82817775814787808,0.82817775814787808,0
94,100093,Direct_Background_16,B4_Physical_Multiobjective,Direct_Earth_to_Mars,0.82817775814787808,0.82817775814787808,0
94,100093,Direct_Combined_25pctPower_BG16,B1_Shortest_Delay,Direct_Earth_to_Mars,1,0.82817775814787498,0
94,100093,Direct_Combined_25pctPower_BG16,B2_Contact_Aware,Direct_Earth_to_Mars,0.82817775814787808,0.82817775814787498,0
94,100093,Direct_Combined_25pctPower_BG16,B3_Physical_Success,Direct_Earth_to_Mars,0.82817775814787498,0.82817775814787498,0
94,100093,Direct_Combined_25pctPower_BG16,B4_Physical_Multiobjective,Direct_Earth_to_Mars,0.82817775814787498,0.82817775814787498,0
94,100093,Direct_Hard_Obstruction,B1_Shortest_Delay,Earth_Relay2_Mars,1,0.68587839909084525,1
94,100093,Direct_Hard_Obstruction,B2_Contact_Aware,Earth_Relay0_Mars,0.68587839909084525,0.68587839909084525,1
94,100093,Direct_Hard_Obstruction,B3_Physical_Success,Earth_Relay0_Mars,0.68587839909084525,0.68587839909084525,1
94,100093,Direct_Hard_Obstruction,B4_Physical_Multiobjective,Earth_Relay2_Mars,0.68587839909084525,0.68587839909084525,1
95,100094,Control,B1_Shortest_Delay,Direct_Earth_to_Mars,1,0.82934783830034009,0
95,100094,Control,B2_Contact_Aware,Direct_Earth_to_Mars,0.82934783830034009,0.82934783830034009,0
95,100094,Control,B3_Physical_Success,Direct_Earth_to_Mars,0.82934783830034009,0.82934783830034009,0
95,100094,Control,B4_Physical_Multiobjective,Direct_Earth_to_Mars,0.82934783830034009,0.82934783830034009,0
95,100094,Direct_Pointing_50pct_Power,B1_Shortest_Delay,Direct_Earth_to_Mars,1,0.82934783830034009,0
95,100094,Direct_Pointing_50pct_Power,B2_Contact_Aware,Direct_Earth_to_Mars,0.82934783830034009,0.82934783830034009,0
95,100094,Direct_Pointing_50pct_Power,B3_Physical_Success,Direct_Earth_to_Mars,0.82934783830034009,0.82934783830034009,0
95,100094,Direct_Pointing_50pct_Power,B4_Physical_Multiobjective,Direct_Earth_to_Mars,0.82934783830034009,0.82934783830034009,0
95,100094,Direct_Pointing_25pct_Power,B1_Shortest_Delay,Direct_Earth_to_Mars,1,0.82934783830034009,0
95,100094,Direct_Pointing_25pct_Power,B2_Contact_Aware,Direct_Earth_to_Mars,0.82934783830034009,0.82934783830034009,0
95,100094,Direct_Pointing_25pct_Power,B3_Physical_Success,Direct_Earth_to_Mars,0.82934783830034009,0.82934783830034009,0
95,100094,Direct_Pointing_25pct_Power,B4_Physical_Multiobjective,Direct_Earth_to_Mars,0.82934783830034009,0.82934783830034009,0
95,100094,Direct_Pointing_10pct_Power,B1_Shortest_Delay,Direct_Earth_to_Mars,1,0.82868263478707938,0
95,100094,Direct_Pointing_10pct_Power,B2_Contact_Aware,Direct_Earth_to_Mars,0.82934783830034009,0.82868263478707938,0
95,100094,Direct_Pointing_10pct_Power,B3_Physical_Success,Direct_Earth_to_Mars,0.82868263478707938,0.82868263478707938,0
95,100094,Direct_Pointing_10pct_Power,B4_Physical_Multiobjective,Direct_Earth_to_Mars,0.82868263478707938,0.82868263478707938,0
95,100094,Direct_Background_16,B1_Shortest_Delay,Direct_Earth_to_Mars,1,0.82934783830034009,0
95,100094,Direct_Background_16,B2_Contact_Aware,Direct_Earth_to_Mars,0.82934783830034009,0.82934783830034009,0
95,100094,Direct_Background_16,B3_Physical_Success,Direct_Earth_to_Mars,0.82934783830034009,0.82934783830034009,0
95,100094,Direct_Background_16,B4_Physical_Multiobjective,Direct_Earth_to_Mars,0.82934783830034009,0.82934783830034009,0
95,100094,Direct_Combined_25pctPower_BG16,B1_Shortest_Delay,Direct_Earth_to_Mars,1,0.82934783826877934,0
95,100094,Direct_Combined_25pctPower_BG16,B2_Contact_Aware,Direct_Earth_to_Mars,0.82934783830034009,0.82934783826877934,0
95,100094,Direct_Combined_25pctPower_BG16,B3_Physical_Success,Direct_Earth_to_Mars,0.82934783826877934,0.82934783826877934,0
95,100094,Direct_Combined_25pctPower_BG16,B4_Physical_Multiobjective,Direct_Earth_to_Mars,0.82934783826877934,0.82934783826877934,0
95,100094,Direct_Hard_Obstruction,B1_Shortest_Delay,Earth_Relay2_Mars,1,0.687817836893447,1
95,100094,Direct_Hard_Obstruction,B2_Contact_Aware,Earth_Relay0_Mars,0.687817836893447,0.687817836893447,1
95,100094,Direct_Hard_Obstruction,B3_Physical_Success,Earth_Relay0_Mars,0.687817836893447,0.687817836893447,1
95,100094,Direct_Hard_Obstruction,B4_Physical_Multiobjective,Earth_Relay2_Mars,0.687817836893447,0.687817836893447,1
96,100095,Control,B1_Shortest_Delay,Direct_Earth_to_Mars,1,0.84401533563308651,0
96,100095,Control,B2_Contact_Aware,Direct_Earth_to_Mars,0.84401533563355591,0.84401533563308651,0
96,100095,Control,B3_Physical_Success,Direct_Earth_to_Mars,0.84401533563308651,0.84401533563308651,0
96,100095,Control,B4_Physical_Multiobjective,Direct_Earth_to_Mars,0.84401533563308651,0.84401533563308651,0
96,100095,Direct_Pointing_50pct_Power,B1_Shortest_Delay,Direct_Earth_to_Mars,1,0.84290036448500638,0
96,100095,Direct_Pointing_50pct_Power,B2_Contact_Aware,Direct_Earth_to_Mars,0.84401533563355591,0.84290036448500638,0
96,100095,Direct_Pointing_50pct_Power,B3_Physical_Success,Direct_Earth_to_Mars,0.84290036448500638,0.84290036448500638,0
96,100095,Direct_Pointing_50pct_Power,B4_Physical_Multiobjective,Direct_Earth_to_Mars,0.84290036448500638,0.84290036448500638,0
96,100095,Direct_Pointing_25pct_Power,B1_Shortest_Delay,Direct_Earth_to_Mars,1,0,0
96,100095,Direct_Pointing_25pct_Power,B2_Contact_Aware,Direct_Earth_to_Mars,0.84401533563355591,0,0
96,100095,Direct_Pointing_25pct_Power,B3_Physical_Success,Earth_Relay0_Mars,0.71236188678462398,0.71236188678462398,1
96,100095,Direct_Pointing_25pct_Power,B4_Physical_Multiobjective,Earth_Relay2_Mars,0.35400348452515884,0.71236188678359114,1
96,100095,Direct_Pointing_10pct_Power,B1_Shortest_Delay,Direct_Earth_to_Mars,1,0,0
96,100095,Direct_Pointing_10pct_Power,B2_Contact_Aware,Direct_Earth_to_Mars,0.84401533563355591,0,0
96,100095,Direct_Pointing_10pct_Power,B3_Physical_Success,Earth_Relay0_Mars,0.71236188678462398,0.71236188678462398,1
96,100095,Direct_Pointing_10pct_Power,B4_Physical_Multiobjective,Earth_Relay2_Mars,0.35400348452515884,0.71236188678359114,1
96,100095,Direct_Background_16,B1_Shortest_Delay,Direct_Earth_to_Mars,1,0.84401483836804292,0
96,100095,Direct_Background_16,B2_Contact_Aware,Direct_Earth_to_Mars,0.84401533563355591,0.84401483836804292,0
96,100095,Direct_Background_16,B3_Physical_Success,Direct_Earth_to_Mars,0.84401483836804292,0.84401483836804292,0
96,100095,Direct_Background_16,B4_Physical_Multiobjective,Direct_Earth_to_Mars,0.84401483836804292,0.84401483836804292,0
96,100095,Direct_Combined_25pctPower_BG16,B1_Shortest_Delay,Direct_Earth_to_Mars,1,0,0
96,100095,Direct_Combined_25pctPower_BG16,B2_Contact_Aware,Direct_Earth_to_Mars,0.84401533563355591,0,0
96,100095,Direct_Combined_25pctPower_BG16,B3_Physical_Success,Earth_Relay0_Mars,0.71236188678462398,0.71236188678462398,1
96,100095,Direct_Combined_25pctPower_BG16,B4_Physical_Multiobjective,Earth_Relay2_Mars,0.35400348452515884,0.71236188678359114,1
96,100095,Direct_Hard_Obstruction,B1_Shortest_Delay,Earth_Relay2_Mars,1,0.71236188678359114,1
96,100095,Direct_Hard_Obstruction,B2_Contact_Aware,Earth_Relay0_Mars,0.71236188678462398,0.71236188678462398,1
96,100095,Direct_Hard_Obstruction,B3_Physical_Success,Earth_Relay0_Mars,0.71236188678462398,0.71236188678462398,1
96,100095,Direct_Hard_Obstruction,B4_Physical_Multiobjective,Earth_Relay2_Mars,0.71236188678359114,0.71236188678359114,1
97,100096,Control,B1_Shortest_Delay,Direct_Earth_to_Mars,1,0.92957698837659819,0
97,100096,Control,B2_Contact_Aware,Direct_Earth_to_Mars,0.9295775495668599,0.92957698837659819,0
97,100096,Control,B3_Physical_Success,Direct_Earth_to_Mars,0.92957698837659819,0.92957698837659819,0
97,100096,Control,B4_Physical_Multiobjective,Direct_Earth_to_Mars,0.92957698837659819,0.92957698837659819,0
97,100096,Direct_Pointing_50pct_Power,B1_Shortest_Delay,Direct_Earth_to_Mars,1,0.42969220218421483,0
97,100096,Direct_Pointing_50pct_Power,B2_Contact_Aware,Direct_Earth_to_Mars,0.9295775495668599,0.42969220218421483,0
97,100096,Direct_Pointing_50pct_Power,B3_Physical_Success,Earth_Relay1_Mars,0.86411441056497962,0.86411441056497962,1
97,100096,Direct_Pointing_50pct_Power,B4_Physical_Multiobjective,Earth_Relay2_Mars,0.42976497567096211,0.86411320649754819,1
97,100096,Direct_Pointing_25pct_Power,B1_Shortest_Delay,Direct_Earth_to_Mars,1,0,0
97,100096,Direct_Pointing_25pct_Power,B2_Contact_Aware,Direct_Earth_to_Mars,0.9295775495668599,0,0
97,100096,Direct_Pointing_25pct_Power,B3_Physical_Success,Earth_Relay1_Mars,0.86411441056497962,0.86411441056497962,1
97,100096,Direct_Pointing_25pct_Power,B4_Physical_Multiobjective,Earth_Relay2_Mars,0.42976497567096211,0.86411320649754819,1
97,100096,Direct_Pointing_10pct_Power,B1_Shortest_Delay,Direct_Earth_to_Mars,1,0,0
97,100096,Direct_Pointing_10pct_Power,B2_Contact_Aware,Direct_Earth_to_Mars,0.9295775495668599,0,0
97,100096,Direct_Pointing_10pct_Power,B3_Physical_Success,Earth_Relay1_Mars,0.86411441056497962,0.86411441056497962,1
97,100096,Direct_Pointing_10pct_Power,B4_Physical_Multiobjective,Earth_Relay2_Mars,0.42976497567096211,0.86411320649754819,1
97,100096,Direct_Background_16,B1_Shortest_Delay,Direct_Earth_to_Mars,1,0.92042445160672726,0
97,100096,Direct_Background_16,B2_Contact_Aware,Direct_Earth_to_Mars,0.9295775495668599,0.92042445160672726,0
97,100096,Direct_Background_16,B3_Physical_Success,Direct_Earth_to_Mars,0.92042445160672726,0.92042445160672726,0
97,100096,Direct_Background_16,B4_Physical_Multiobjective,Direct_Earth_to_Mars,0.92042445160672726,0.92042445160672726,0
97,100096,Direct_Combined_25pctPower_BG16,B1_Shortest_Delay,Direct_Earth_to_Mars,1,0,0
97,100096,Direct_Combined_25pctPower_BG16,B2_Contact_Aware,Direct_Earth_to_Mars,0.9295775495668599,0,0
97,100096,Direct_Combined_25pctPower_BG16,B3_Physical_Success,Earth_Relay1_Mars,0.86411441056497962,0.86411441056497962,1
97,100096,Direct_Combined_25pctPower_BG16,B4_Physical_Multiobjective,Earth_Relay2_Mars,0.42976497567096211,0.86411320649754819,1
97,100096,Direct_Hard_Obstruction,B1_Shortest_Delay,Earth_Relay2_Mars,1,0.86411320649754819,1
97,100096,Direct_Hard_Obstruction,B2_Contact_Aware,Earth_Relay0_Mars,0.8641144206587279,0.86410283063803006,1
97,100096,Direct_Hard_Obstruction,B3_Physical_Success,Earth_Relay1_Mars,0.86411441056497962,0.86411441056497962,1
97,100096,Direct_Hard_Obstruction,B4_Physical_Multiobjective,Earth_Relay2_Mars,0.86411320649754819,0.86411320649754819,1
98,100097,Control,B1_Shortest_Delay,Direct_Earth_to_Mars,1,0.91560414188080064,0
98,100097,Control,B2_Contact_Aware,Direct_Earth_to_Mars,0.91563204610810722,0.91560414188080064,0
98,100097,Control,B3_Physical_Success,Direct_Earth_to_Mars,0.91560414188080064,0.91560414188080064,0
98,100097,Control,B4_Physical_Multiobjective,Direct_Earth_to_Mars,0.91560414188080064,0.91560414188080064,0
98,100097,Direct_Pointing_50pct_Power,B1_Shortest_Delay,Direct_Earth_to_Mars,1,0,0
98,100097,Direct_Pointing_50pct_Power,B2_Contact_Aware,Direct_Earth_to_Mars,0.91563204610810722,0,0
98,100097,Direct_Pointing_50pct_Power,B3_Physical_Success,Earth_Relay0_Mars,0.83835774600633173,0.83835774600633173,1
98,100097,Direct_Pointing_50pct_Power,B4_Physical_Multiobjective,Earth_Relay0_Mars,0.35528735448019083,0.83835774600633173,1
98,100097,Direct_Pointing_25pct_Power,B1_Shortest_Delay,Direct_Earth_to_Mars,1,0,0
98,100097,Direct_Pointing_25pct_Power,B2_Contact_Aware,Direct_Earth_to_Mars,0.91563204610810722,0,0
98,100097,Direct_Pointing_25pct_Power,B3_Physical_Success,Earth_Relay0_Mars,0.83835774600633173,0.83835774600633173,1
98,100097,Direct_Pointing_25pct_Power,B4_Physical_Multiobjective,Earth_Relay0_Mars,0.35528735448019083,0.83835774600633173,1
98,100097,Direct_Pointing_10pct_Power,B1_Shortest_Delay,Direct_Earth_to_Mars,1,0,0
98,100097,Direct_Pointing_10pct_Power,B2_Contact_Aware,Direct_Earth_to_Mars,0.91563204610810722,0,0
98,100097,Direct_Pointing_10pct_Power,B3_Physical_Success,Earth_Relay0_Mars,0.83835774600633173,0.83835774600633173,1
98,100097,Direct_Pointing_10pct_Power,B4_Physical_Multiobjective,Earth_Relay0_Mars,0.35528735448019083,0.83835774600633173,1
98,100097,Direct_Background_16,B1_Shortest_Delay,Direct_Earth_to_Mars,1,0.79482545740664623,0
98,100097,Direct_Background_16,B2_Contact_Aware,Direct_Earth_to_Mars,0.91563204610810722,0.79482545740664623,0
98,100097,Direct_Background_16,B3_Physical_Success,Earth_Relay0_Mars,0.83835774600633173,0.83835774600633173,1
98,100097,Direct_Background_16,B4_Physical_Multiobjective,Direct_Earth_to_Mars,0.79482545740664623,0.79482545740664623,0
98,100097,Direct_Combined_25pctPower_BG16,B1_Shortest_Delay,Direct_Earth_to_Mars,1,0,0
98,100097,Direct_Combined_25pctPower_BG16,B2_Contact_Aware,Direct_Earth_to_Mars,0.91563204610810722,0,0
98,100097,Direct_Combined_25pctPower_BG16,B3_Physical_Success,Earth_Relay0_Mars,0.83835774600633173,0.83835774600633173,1
98,100097,Direct_Combined_25pctPower_BG16,B4_Physical_Multiobjective,Earth_Relay0_Mars,0.35528735448019083,0.83835774600633173,1
98,100097,Direct_Hard_Obstruction,B1_Shortest_Delay,Earth_Relay0_Mars,1,0.83835774600633173,1
98,100097,Direct_Hard_Obstruction,B2_Contact_Aware,Earth_Relay0_Mars,0.83838204386011894,0.83835774600633173,1
98,100097,Direct_Hard_Obstruction,B3_Physical_Success,Earth_Relay0_Mars,0.83835774600633173,0.83835774600633173,1
98,100097,Direct_Hard_Obstruction,B4_Physical_Multiobjective,Earth_Relay0_Mars,0.83835774600633173,0.83835774600633173,1
99,100098,Control,B1_Shortest_Delay,Direct_Earth_to_Mars,1,0.90905135264563497,0
99,100098,Control,B2_Contact_Aware,Direct_Earth_to_Mars,0.90905207435870927,0.90905135264563497,0
99,100098,Control,B3_Physical_Success,Direct_Earth_to_Mars,0.90905135264563497,0.90905135264563497,0
99,100098,Control,B4_Physical_Multiobjective,Direct_Earth_to_Mars,0.90905135264563497,0.90905135264563497,0
99,100098,Direct_Pointing_50pct_Power,B1_Shortest_Delay,Direct_Earth_to_Mars,1,0.35987060380652741,0
99,100098,Direct_Pointing_50pct_Power,B2_Contact_Aware,Direct_Earth_to_Mars,0.90905207435870927,0.35987060380652741,0
99,100098,Direct_Pointing_50pct_Power,B3_Physical_Success,Earth_Relay1_Mars,0.82637565772206856,0.82637565772206856,1
99,100098,Direct_Pointing_50pct_Power,B4_Physical_Multiobjective,Earth_Relay2_Mars,0.41101155737089934,0.82637415054151964,1
99,100098,Direct_Pointing_25pct_Power,B1_Shortest_Delay,Direct_Earth_to_Mars,1,0,0
99,100098,Direct_Pointing_25pct_Power,B2_Contact_Aware,Direct_Earth_to_Mars,0.90905207435870927,0,0
99,100098,Direct_Pointing_25pct_Power,B3_Physical_Success,Earth_Relay1_Mars,0.82637565772206856,0.82637565772206856,1
99,100098,Direct_Pointing_25pct_Power,B4_Physical_Multiobjective,Earth_Relay2_Mars,0.41101155737089934,0.82637415054151964,1
99,100098,Direct_Pointing_10pct_Power,B1_Shortest_Delay,Direct_Earth_to_Mars,1,0,0
99,100098,Direct_Pointing_10pct_Power,B2_Contact_Aware,Direct_Earth_to_Mars,0.90905207435870927,0,0
99,100098,Direct_Pointing_10pct_Power,B3_Physical_Success,Earth_Relay1_Mars,0.82637565772206856,0.82637565772206856,1
99,100098,Direct_Pointing_10pct_Power,B4_Physical_Multiobjective,Earth_Relay2_Mars,0.41101155737089934,0.82637415054151964,1
99,100098,Direct_Background_16,B1_Shortest_Delay,Direct_Earth_to_Mars,1,0.8982944678333693,0
99,100098,Direct_Background_16,B2_Contact_Aware,Direct_Earth_to_Mars,0.90905207435870927,0.8982944678333693,0
99,100098,Direct_Background_16,B3_Physical_Success,Direct_Earth_to_Mars,0.8982944678333693,0.8982944678333693,0
99,100098,Direct_Background_16,B4_Physical_Multiobjective,Direct_Earth_to_Mars,0.8982944678333693,0.8982944678333693,0
99,100098,Direct_Combined_25pctPower_BG16,B1_Shortest_Delay,Direct_Earth_to_Mars,1,0,0
99,100098,Direct_Combined_25pctPower_BG16,B2_Contact_Aware,Direct_Earth_to_Mars,0.90905207435870927,0,0
99,100098,Direct_Combined_25pctPower_BG16,B3_Physical_Success,Earth_Relay1_Mars,0.82637565772206856,0.82637565772206856,1
99,100098,Direct_Combined_25pctPower_BG16,B4_Physical_Multiobjective,Earth_Relay2_Mars,0.41101155737089934,0.82637415054151964,1
99,100098,Direct_Hard_Obstruction,B1_Shortest_Delay,Earth_Relay2_Mars,1,0.82637415054151964,1
99,100098,Direct_Hard_Obstruction,B2_Contact_Aware,Earth_Relay0_Mars,0.8263756738958723,0.8263635887562768,1
99,100098,Direct_Hard_Obstruction,B3_Physical_Success,Earth_Relay1_Mars,0.82637565772206856,0.82637565772206856,1
99,100098,Direct_Hard_Obstruction,B4_Physical_Multiobjective,Earth_Relay2_Mars,0.82637415054151964,0.82637415054151964,1
100,100099,Control,B1_Shortest_Delay,Direct_Earth_to_Mars,1,0.93718977281102234,0
100,100099,Control,B2_Contact_Aware,Direct_Earth_to_Mars,0.93718977281102234,0.93718977281102234,0
100,100099,Control,B3_Physical_Success,Direct_Earth_to_Mars,0.93718977281102234,0.93718977281102234,0
100,100099,Control,B4_Physical_Multiobjective,Direct_Earth_to_Mars,0.93718977281102234,0.93718977281102234,0
100,100099,Direct_Pointing_50pct_Power,B1_Shortest_Delay,Direct_Earth_to_Mars,1,0.93718977281102234,0
100,100099,Direct_Pointing_50pct_Power,B2_Contact_Aware,Direct_Earth_to_Mars,0.93718977281102234,0.93718977281102234,0
100,100099,Direct_Pointing_50pct_Power,B3_Physical_Success,Direct_Earth_to_Mars,0.93718977281102234,0.93718977281102234,0
100,100099,Direct_Pointing_50pct_Power,B4_Physical_Multiobjective,Direct_Earth_to_Mars,0.93718977281102234,0.93718977281102234,0
100,100099,Direct_Pointing_25pct_Power,B1_Shortest_Delay,Direct_Earth_to_Mars,1,0.93718977281046922,0
100,100099,Direct_Pointing_25pct_Power,B2_Contact_Aware,Direct_Earth_to_Mars,0.93718977281102234,0.93718977281046922,0
100,100099,Direct_Pointing_25pct_Power,B3_Physical_Success,Direct_Earth_to_Mars,0.93718977281046922,0.93718977281046922,0
100,100099,Direct_Pointing_25pct_Power,B4_Physical_Multiobjective,Direct_Earth_to_Mars,0.93718977281046922,0.93718977281046922,0
100,100099,Direct_Pointing_10pct_Power,B1_Shortest_Delay,Direct_Earth_to_Mars,1,0.87529123506216022,0
100,100099,Direct_Pointing_10pct_Power,B2_Contact_Aware,Direct_Earth_to_Mars,0.93718977281102234,0.87529123506216022,0
100,100099,Direct_Pointing_10pct_Power,B3_Physical_Success,Earth_Relay0_Mars,0.87832467026157568,0.87832467026157568,1
100,100099,Direct_Pointing_10pct_Power,B4_Physical_Multiobjective,Direct_Earth_to_Mars,0.87529123506216022,0.87529123506216022,0
100,100099,Direct_Background_16,B1_Shortest_Delay,Direct_Earth_to_Mars,1,0.93718977281102234,0
100,100099,Direct_Background_16,B2_Contact_Aware,Direct_Earth_to_Mars,0.93718977281102234,0.93718977281102234,0
100,100099,Direct_Background_16,B3_Physical_Success,Direct_Earth_to_Mars,0.93718977281102234,0.93718977281102234,0
100,100099,Direct_Background_16,B4_Physical_Multiobjective,Direct_Earth_to_Mars,0.93718977281102234,0.93718977281102234,0
100,100099,Direct_Combined_25pctPower_BG16,B1_Shortest_Delay,Direct_Earth_to_Mars,1,0.93718919644473819,0
100,100099,Direct_Combined_25pctPower_BG16,B2_Contact_Aware,Direct_Earth_to_Mars,0.93718977281102234,0.93718919644473819,0
100,100099,Direct_Combined_25pctPower_BG16,B3_Physical_Success,Direct_Earth_to_Mars,0.93718919644473819,0.93718919644473819,0
100,100099,Direct_Combined_25pctPower_BG16,B4_Physical_Multiobjective,Direct_Earth_to_Mars,0.93718919644473819,0.93718919644473819,0
100,100099,Direct_Hard_Obstruction,B1_Shortest_Delay,Earth_Relay2_Mars,1,0.87832467026157568,1
100,100099,Direct_Hard_Obstruction,B2_Contact_Aware,Earth_Relay0_Mars,0.87832467026157568,0.87832467026157568,1
100,100099,Direct_Hard_Obstruction,B3_Physical_Success,Earth_Relay0_Mars,0.87832467026157568,0.87832467026157568,1
100,100099,Direct_Hard_Obstruction,B4_Physical_Multiobjective,Earth_Relay2_Mars,0.87832467026157568,0.87832467026157568,1
