Trial,Seed,Policy,Route_Index,Route_Name,Available,Hop_Count,Contact_Probability,Optical_Packet_Success_Lower_Bound,Physical_End_To_End_Success_Lower_Bound,PAT_s,Propagation_s,Policy_Score,Selected
1,100000,B1_Shortest_Delay,0,Direct_Earth_to_Mars,1,1,0.851343818,1,0.851343818,60,754.586027,1,1
1,100000,B1_Shortest_Delay,1,Earth_Relay0_Mars,1,2,0.724786296,1,0.724786296,120,856.5104434,0.881000381,0
1,100000,B1_Shortest_Delay,2,Earth_Relay1_Mars,0,2,0.724786296,0,0,120,1155.716112,-1,0
1,100000,B1_Shortest_Delay,3,Earth_Relay2_Mars,1,2,0.724786296,1,0.724786296,120,760.5184725,0.992199472,0
1,100000,B2_Contact_Aware,0,Direct_Earth_to_Mars,1,1,0.851343818,1,0.851343818,60,754.586027,0.851343818,1
1,100000,B2_Contact_Aware,1,Earth_Relay0_Mars,1,2,0.724786296,1,0.724786296,120,856.5104434,0.724786296,0
1,100000,B2_Contact_Aware,2,Earth_Relay1_Mars,0,2,0.724786296,0,0,120,1155.716112,-1,0
1,100000,B2_Contact_Aware,3,Earth_Relay2_Mars,1,2,0.724786296,1,0.724786296,120,760.5184725,0.724786296,0
1,100000,B3_Physical_Success,0,Direct_Earth_to_Mars,1,1,0.851343818,1,0.851343818,60,754.586027,0.851343818,1
1,100000,B3_Physical_Success,1,Earth_Relay0_Mars,1,2,0.724786296,1,0.724786296,120,856.5104434,0.724786296,0
1,100000,B3_Physical_Success,2,Earth_Relay1_Mars,0,2,0.724786296,0,0,120,1155.716112,-1,0
1,100000,B3_Physical_Success,3,Earth_Relay2_Mars,1,2,0.724786296,1,0.724786296,120,760.5184725,0.724786296,0
1,100000,B4_Physical_Multiobjective,0,Direct_Earth_to_Mars,1,1,0.851343818,1,0.851343818,60,754.586027,0.851343818,1
1,100000,B4_Physical_Multiobjective,1,Earth_Relay0_Mars,1,2,0.724786296,1,0.724786296,120,856.5104434,0.319268501,0
1,100000,B4_Physical_Multiobjective,2,Earth_Relay1_Mars,0,2,0.724786296,0,0,120,1155.716112,-1,0
1,100000,B4_Physical_Multiobjective,3,Earth_Relay2_Mars,1,2,0.724786296,1,0.724786296,120,760.5184725,0.35956629,0
2,100001,B1_Shortest_Delay,0,Direct_Earth_to_Mars,1,1,0.803926468,0.999979505,0.803909992,60,1307.848734,1,1
2,100001,B1_Shortest_Delay,1,Earth_Relay0_Mars,1,2,0.646297767,0.999941882,0.646260205,120,1573.884422,0.830968726,0
2,100001,B1_Shortest_Delay,2,Earth_Relay1_Mars,0,2,0.646297767,0,0,120,1512.636772,-1,0
2,100001,B1_Shortest_Delay,3,Earth_Relay2_Mars,1,2,0.646297767,0.999953463,0.64626769,120,1314.514331,0.994929232,0
2,100001,B2_Contact_Aware,0,Direct_Earth_to_Mars,1,1,0.803926468,0.999979505,0.803909992,60,1307.848734,0.803926468,1
2,100001,B2_Contact_Aware,1,Earth_Relay0_Mars,1,2,0.646297767,0.999941882,0.646260205,120,1573.884422,0.646297767,0
2,100001,B2_Contact_Aware,2,Earth_Relay1_Mars,0,2,0.646297767,0,0,120,1512.636772,-1,0
2,100001,B2_Contact_Aware,3,Earth_Relay2_Mars,1,2,0.646297767,0.999953463,0.64626769,120,1314.514331,0.646297767,0
2,100001,B3_Physical_Success,0,Direct_Earth_to_Mars,1,1,0.803926468,0.999979505,0.803909992,60,1307.848734,0.803909992,1
2,100001,B3_Physical_Success,1,Earth_Relay0_Mars,1,2,0.646297767,0.999941882,0.646260205,120,1573.884422,0.646260205,0
2,100001,B3_Physical_Success,2,Earth_Relay1_Mars,0,2,0.646297767,0,0,120,1512.636772,-1,0
2,100001,B3_Physical_Success,3,Earth_Relay2_Mars,1,2,0.646297767,0.999953463,0.64626769,120,1314.514331,0.64626769,0
2,100001,B4_Physical_Multiobjective,0,Direct_Earth_to_Mars,1,1,0.803926468,0.999979505,0.803909992,60,1307.848734,0.803909992,1
2,100001,B4_Physical_Multiobjective,1,Earth_Relay0_Mars,1,2,0.646297767,0.999941882,0.646260205,120,1573.884422,0.26851101,0
2,100001,B4_Physical_Multiobjective,2,Earth_Relay1_Mars,0,2,0.646297767,0,0,120,1512.636772,-1,0
2,100001,B4_Physical_Multiobjective,3,Earth_Relay2_Mars,1,2,0.646297767,0.999953463,0.64626769,120,1314.514331,0.321495308,0
3,100002,B1_Shortest_Delay,0,Direct_Earth_to_Mars,1,1,0.906906302,0.999999991,0.906906293,60,1141.638735,1,1
3,100002,B1_Shortest_Delay,1,Earth_Relay0_Mars,1,2,0.82247904,1,0.82247904,120,1318.546755,0.86583106,0
3,100002,B1_Shortest_Delay,2,Earth_Relay1_Mars,1,2,0.82247904,0.99999981,0.822478883,120,1432.426746,0.796996243,0
3,100002,B1_Shortest_Delay,3,Earth_Relay2_Mars,1,2,0.82247904,0.999999977,0.822479021,120,1148.14899,0.994329782,0
3,100002,B2_Contact_Aware,0,Direct_Earth_to_Mars,1,1,0.906906302,0.999999991,0.906906293,60,1141.638735,0.906906302,1
3,100002,B2_Contact_Aware,1,Earth_Relay0_Mars,1,2,0.82247904,1,0.82247904,120,1318.546755,0.82247904,0
3,100002,B2_Contact_Aware,2,Earth_Relay1_Mars,1,2,0.82247904,0.99999981,0.822478883,120,1432.426746,0.82247904,0
3,100002,B2_Contact_Aware,3,Earth_Relay2_Mars,1,2,0.82247904,0.999999977,0.822479021,120,1148.14899,0.82247904,0
3,100002,B3_Physical_Success,0,Direct_Earth_to_Mars,1,1,0.906906302,0.999999991,0.906906293,60,1141.638735,0.906906293,1
3,100002,B3_Physical_Success,1,Earth_Relay0_Mars,1,2,0.82247904,1,0.82247904,120,1318.546755,0.82247904,0
3,100002,B3_Physical_Success,2,Earth_Relay1_Mars,1,2,0.82247904,0.99999981,0.822478883,120,1432.426746,0.822478883,0
3,100002,B3_Physical_Success,3,Earth_Relay2_Mars,1,2,0.82247904,0.999999977,0.822479021,120,1148.14899,0.822479021,0
3,100002,B4_Physical_Multiobjective,0,Direct_Earth_to_Mars,1,1,0.906906302,0.999999991,0.906906293,60,1141.638735,0.906906293,1
3,100002,B4_Physical_Multiobjective,1,Earth_Relay0_Mars,1,2,0.82247904,1,0.82247904,120,1318.546755,0.356063949,0
3,100002,B4_Physical_Multiobjective,2,Earth_Relay1_Mars,1,2,0.82247904,0.99999981,0.822478883,120,1432.426746,0.32775629,0
3,100002,B4_Physical_Multiobjective,3,Earth_Relay2_Mars,1,2,0.82247904,0.999999977,0.822479021,120,1148.14899,0.408907693,0
4,100003,B1_Shortest_Delay,0,Direct_Earth_to_Mars,1,1,0.958004029,1,0.958004029,60,997.4243009,1,1
4,100003,B1_Shortest_Delay,1,Earth_Relay0_Mars,1,2,0.91777172,1,0.91777172,120,1138.185597,0.876328345,0
4,100003,B1_Shortest_Delay,2,Earth_Relay1_Mars,1,2,0.91777172,1,0.91777172,120,1357.860047,0.734556042,0
4,100003,B1_Shortest_Delay,3,Earth_Relay2_Mars,1,2,0.91777172,1,0.91777172,120,1003.727781,0.993719931,0
4,100003,B2_Contact_Aware,0,Direct_Earth_to_Mars,1,1,0.958004029,1,0.958004029,60,997.4243009,0.958004029,1
4,100003,B2_Contact_Aware,1,Earth_Relay0_Mars,1,2,0.91777172,1,0.91777172,120,1138.185597,0.91777172,0
4,100003,B2_Contact_Aware,2,Earth_Relay1_Mars,1,2,0.91777172,1,0.91777172,120,1357.860047,0.91777172,0
4,100003,B2_Contact_Aware,3,Earth_Relay2_Mars,1,2,0.91777172,1,0.91777172,120,1003.727781,0.91777172,0
4,100003,B3_Physical_Success,0,Direct_Earth_to_Mars,1,1,0.958004029,1,0.958004029,60,997.4243009,0.958004029,1
4,100003,B3_Physical_Success,1,Earth_Relay0_Mars,1,2,0.91777172,1,0.91777172,120,1138.185597,0.91777172,0
4,100003,B3_Physical_Success,2,Earth_Relay1_Mars,1,2,0.91777172,1,0.91777172,120,1357.860047,0.91777172,0
4,100003,B3_Physical_Success,3,Earth_Relay2_Mars,1,2,0.91777172,1,0.91777172,120,1003.727781,0.91777172,0
4,100003,B4_Physical_Multiobjective,0,Direct_Earth_to_Mars,1,1,0.958004029,1,0.958004029,60,997.4243009,0.958004029,1
4,100003,B4_Physical_Multiobjective,1,Earth_Relay0_Mars,1,2,0.91777172,1,0.91777172,120,1138.185597,0.402134687,0
4,100003,B4_Physical_Multiobjective,2,Earth_Relay1_Mars,1,2,0.91777172,1,0.91777172,120,1357.860047,0.337077381,0
4,100003,B4_Physical_Multiobjective,3,Earth_Relay2_Mars,1,2,0.91777172,1,0.91777172,120,1003.727781,0.456004025,0
5,100004,B1_Shortest_Delay,0,Direct_Earth_to_Mars,1,1,0.858842197,1,0.858842197,60,384.6805297,1,1
5,100004,B1_Shortest_Delay,1,Earth_Relay0_Mars,1,2,0.737609919,1,0.737609919,120,530.7722376,0.724756312,0
5,100004,B1_Shortest_Delay,2,Earth_Relay1_Mars,1,2,0.737609919,1,0.737609919,120,865.8019077,0.444305477,0
5,100004,B1_Shortest_Delay,3,Earth_Relay2_Mars,1,2,0.737609919,1,0.737609919,120,390.3733799,0.98541691,0
5,100004,B2_Contact_Aware,0,Direct_Earth_to_Mars,1,1,0.858842197,1,0.858842197,60,384.6805297,0.858842197,1
5,100004,B2_Contact_Aware,1,Earth_Relay0_Mars,1,2,0.737609919,1,0.737609919,120,530.7722376,0.737609919,0
5,100004,B2_Contact_Aware,2,Earth_Relay1_Mars,1,2,0.737609919,1,0.737609919,120,865.8019077,0.737609919,0
5,100004,B2_Contact_Aware,3,Earth_Relay2_Mars,1,2,0.737609919,1,0.737609919,120,390.3733799,0.737609919,0
5,100004,B3_Physical_Success,0,Direct_Earth_to_Mars,1,1,0.858842197,1,0.858842197,60,384.6805297,0.858842197,1
5,100004,B3_Physical_Success,1,Earth_Relay0_Mars,1,2,0.737609919,1,0.737609919,120,530.7722376,0.737609919,0
5,100004,B3_Physical_Success,2,Earth_Relay1_Mars,1,2,0.737609919,1,0.737609919,120,865.8019077,0.737609919,0
5,100004,B3_Physical_Success,3,Earth_Relay2_Mars,1,2,0.737609919,1,0.737609919,120,390.3733799,0.737609919,0
5,100004,B4_Physical_Multiobjective,0,Direct_Earth_to_Mars,1,1,0.858842197,1,0.858842197,60,384.6805297,0.858842197,1
5,100004,B4_Physical_Multiobjective,1,Earth_Relay0_Mars,1,2,0.737609919,1,0.737609919,120,530.7722376,0.267293723,0
5,100004,B4_Physical_Multiobjective,2,Earth_Relay1_Mars,1,2,0.737609919,1,0.737609919,120,865.8019077,0.163862064,0
5,100004,B4_Physical_Multiobjective,3,Earth_Relay2_Mars,1,2,0.737609919,1,0.737609919,120,390.3733799,0.363426644,0
6,100005,B1_Shortest_Delay,0,Direct_Earth_to_Mars,1,1,0.821249333,1,0.821249333,60,991.0231672,1,1
6,100005,B1_Shortest_Delay,1,Earth_Relay0_Mars,1,2,0.674450466,1,0.674450466,120,1330.849654,0.744654487,0
6,100005,B1_Shortest_Delay,2,Earth_Relay1_Mars,1,2,0.674450466,1,0.674450466,120,1134.939149,0.87319498,0
6,100005,B1_Shortest_Delay,3,Earth_Relay2_Mars,1,2,0.674450466,1,0.674450466,120,997.258932,0.993747096,0
6,100005,B2_Contact_Aware,0,Direct_Earth_to_Mars,1,1,0.821249333,1,0.821249333,60,991.0231672,0.821249333,1
6,100005,B2_Contact_Aware,1,Earth_Relay0_Mars,1,2,0.674450466,1,0.674450466,120,1330.849654,0.674450466,0
6,100005,B2_Contact_Aware,2,Earth_Relay1_Mars,1,2,0.674450466,1,0.674450466,120,1134.939149,0.674450466,0
6,100005,B2_Contact_Aware,3,Earth_Relay2_Mars,1,2,0.674450466,1,0.674450466,120,997.258932,0.674450466,0
6,100005,B3_Physical_Success,0,Direct_Earth_to_Mars,1,1,0.821249333,1,0.821249333,60,991.0231672,0.821249333,1
6,100005,B3_Physical_Success,1,Earth_Relay0_Mars,1,2,0.674450466,1,0.674450466,120,1330.849654,0.674450466,0
6,100005,B3_Physical_Success,2,Earth_Relay1_Mars,1,2,0.674450466,1,0.674450466,120,1134.939149,0.674450466,0
6,100005,B3_Physical_Success,3,Earth_Relay2_Mars,1,2,0.674450466,1,0.674450466,120,997.258932,0.674450466,0
6,100005,B4_Physical_Multiobjective,0,Direct_Earth_to_Mars,1,1,0.821249333,1,0.821249333,60,991.0231672,0.821249333,1
6,100005,B4_Physical_Multiobjective,1,Earth_Relay0_Mars,1,2,0.674450466,1,0.674450466,120,1330.849654,0.251116283,0
6,100005,B4_Physical_Multiobjective,2,Earth_Relay1_Mars,1,2,0.674450466,1,0.674450466,120,1134.939149,0.294463381,0
6,100005,B4_Physical_Multiobjective,3,Earth_Relay2_Mars,1,2,0.674450466,1,0.674450466,120,997.258932,0.335116596,0
7,100006,B1_Shortest_Delay,0,Direct_Earth_to_Mars,1,1,0.958883829,0.999947104,0.958833108,60,1299.889871,1,1
7,100006,B1_Shortest_Delay,1,Earth_Relay0_Mars,1,2,0.919458198,0.999757199,0.919234953,120,1582.990011,0.821161133,0
7,100006,B1_Shortest_Delay,2,Earth_Relay1_Mars,1,2,0.919458198,0.999990528,0.919449489,120,1494.667033,0.869685249,0
7,100006,B1_Shortest_Delay,3,Earth_Relay2_Mars,1,2,0.919458198,0.999880614,0.919348427,120,1306.528666,0.994918753,0
7,100006,B2_Contact_Aware,0,Direct_Earth_to_Mars,1,1,0.958883829,0.999947104,0.958833108,60,1299.889871,0.958883829,1
7,100006,B2_Contact_Aware,1,Earth_Relay0_Mars,1,2,0.919458198,0.999757199,0.919234953,120,1582.990011,0.919458198,0
7,100006,B2_Contact_Aware,2,Earth_Relay1_Mars,1,2,0.919458198,0.999990528,0.919449489,120,1494.667033,0.919458198,0
7,100006,B2_Contact_Aware,3,Earth_Relay2_Mars,1,2,0.919458198,0.999880614,0.919348427,120,1306.528666,0.919458198,0
7,100006,B3_Physical_Success,0,Direct_Earth_to_Mars,1,1,0.958883829,0.999947104,0.958833108,60,1299.889871,0.958833108,1
7,100006,B3_Physical_Success,1,Earth_Relay0_Mars,1,2,0.919458198,0.999757199,0.919234953,120,1582.990011,0.919234953,0
7,100006,B3_Physical_Success,2,Earth_Relay1_Mars,1,2,0.919458198,0.999990528,0.919449489,120,1494.667033,0.919449489,0
7,100006,B3_Physical_Success,3,Earth_Relay2_Mars,1,2,0.919458198,0.999880614,0.919348427,120,1306.528666,0.919348427,0
7,100006,B4_Physical_Multiobjective,0,Direct_Earth_to_Mars,1,1,0.958883829,0.999947104,0.958833108,60,1299.889871,0.958833108,1
7,100006,B4_Physical_Multiobjective,1,Earth_Relay0_Mars,1,2,0.919458198,0.999757199,0.919234953,120,1582.990011,0.377420008,0
7,100006,B4_Physical_Multiobjective,2,Earth_Relay1_Mars,1,2,0.919458198,0.999990528,0.919449489,120,1494.667033,0.399815829,0
7,100006,B4_Physical_Multiobjective,3,Earth_Relay2_Mars,1,2,0.919458198,0.999880614,0.919348427,120,1306.528666,0.457338495,0
8,100007,B1_Shortest_Delay,0,Direct_Earth_to_Mars,1,1,0.838058627,1,0.838058627,60,543.0651332,1,1
8,100007,B1_Shortest_Delay,1,Earth_Relay0_Mars,1,2,0.702342262,1,0.702342262,120,903.4032613,0.60113258,0
8,100007,B1_Shortest_Delay,2,Earth_Relay1_Mars,1,2,0.702342262,1,0.702342262,120,662.2712804,0.820004052,0
8,100007,B1_Shortest_Delay,3,Earth_Relay2_Mars,1,2,0.702342262,1,0.702342262,120,549.0283416,0.989138615,0
8,100007,B2_Contact_Aware,0,Direct_Earth_to_Mars,1,1,0.838058627,1,0.838058627,60,543.0651332,0.838058627,1
8,100007,B2_Contact_Aware,1,Earth_Relay0_Mars,1,2,0.702342262,1,0.702342262,120,903.4032613,0.702342262,0
8,100007,B2_Contact_Aware,2,Earth_Relay1_Mars,1,2,0.702342262,1,0.702342262,120,662.2712804,0.702342262,0
8,100007,B2_Contact_Aware,3,Earth_Relay2_Mars,1,2,0.702342262,1,0.702342262,120,549.0283416,0.702342262,0
8,100007,B3_Physical_Success,0,Direct_Earth_to_Mars,1,1,0.838058627,1,0.838058627,60,543.0651332,0.838058627,1
8,100007,B3_Physical_Success,1,Earth_Relay0_Mars,1,2,0.702342262,1,0.702342262,120,903.4032613,0.702342262,0
8,100007,B3_Physical_Success,2,Earth_Relay1_Mars,1,2,0.702342262,1,0.702342262,120,662.2712804,0.702342262,0
8,100007,B3_Physical_Success,3,Earth_Relay2_Mars,1,2,0.702342262,1,0.702342262,120,549.0283416,0.702342262,0
8,100007,B4_Physical_Multiobjective,0,Direct_Earth_to_Mars,1,1,0.838058627,1,0.838058627,60,543.0651332,0.838058627,1
8,100007,B4_Physical_Multiobjective,1,Earth_Relay0_Mars,1,2,0.702342262,1,0.702342262,120,903.4032613,0.211100408,0
8,100007,B4_Physical_Multiobjective,2,Earth_Relay1_Mars,1,2,0.702342262,1,0.702342262,120,662.2712804,0.28796175,0
8,100007,B4_Physical_Multiobjective,3,Earth_Relay2_Mars,1,2,0.702342262,1,0.702342262,120,549.0283416,0.347356926,0
9,100008,B1_Shortest_Delay,0,Direct_Earth_to_Mars,1,1,0.860275382,1,0.860275382,60,727.2265642,1,1
9,100008,B1_Shortest_Delay,1,Earth_Relay0_Mars,1,2,0.740073733,1,0.740073733,120,826.4133436,0.879979214,0
9,100008,B1_Shortest_Delay,2,Earth_Relay1_Mars,1,2,0.740073733,1,0.740073733,120,1137.099706,0.639545117,0
9,100008,B1_Shortest_Delay,3,Earth_Relay2_Mars,1,2,0.740073733,1,0.740073733,120,733.1224492,0.991957844,0
9,100008,B2_Contact_Aware,0,Direct_Earth_to_Mars,1,1,0.860275382,1,0.860275382,60,727.2265642,0.860275382,1
9,100008,B2_Contact_Aware,1,Earth_Relay0_Mars,1,2,0.740073733,1,0.740073733,120,826.4133436,0.740073733,0
9,100008,B2_Contact_Aware,2,Earth_Relay1_Mars,1,2,0.740073733,1,0.740073733,120,1137.099706,0.740073733,0
9,100008,B2_Contact_Aware,3,Earth_Relay2_Mars,1,2,0.740073733,1,0.740073733,120,733.1224492,0.740073733,0
9,100008,B3_Physical_Success,0,Direct_Earth_to_Mars,1,1,0.860275382,1,0.860275382,60,727.2265642,0.860275382,1
9,100008,B3_Physical_Success,1,Earth_Relay0_Mars,1,2,0.740073733,1,0.740073733,120,826.4133436,0.740073733,0
9,100008,B3_Physical_Success,2,Earth_Relay1_Mars,1,2,0.740073733,1,0.740073733,120,1137.099706,0.740073733,0
9,100008,B3_Physical_Success,3,Earth_Relay2_Mars,1,2,0.740073733,1,0.740073733,120,733.1224492,0.740073733,0
9,100008,B4_Physical_Multiobjective,0,Direct_Earth_to_Mars,1,1,0.860275382,1,0.860275382,60,727.2265642,0.860275382,1
9,100008,B4_Physical_Multiobjective,1,Earth_Relay0_Mars,1,2,0.740073733,1,0.740073733,120,826.4133436,0.325624751,0
9,100008,B4_Physical_Multiobjective,2,Earth_Relay1_Mars,1,2,0.740073733,1,0.740073733,120,1137.099706,0.236655271,0
9,100008,B4_Physical_Multiobjective,3,Earth_Relay2_Mars,1,2,0.740073733,1,0.740073733,120,733.1224492,0.367060972,0
10,100009,B1_Shortest_Delay,0,Direct_Earth_to_Mars,1,1,0.993484236,1,0.993484236,60,757.3031878,1,1
10,100009,B1_Shortest_Delay,1,Earth_Relay0_Mars,1,2,0.987010927,1,0.987010927,120,859.525781,0.88107094,0
10,100009,B1_Shortest_Delay,2,Earth_Relay1_Mars,1,2,0.987010927,1,0.987010927,120,1157.565746,0.654220454,0
10,100009,B1_Shortest_Delay,3,Earth_Relay2_Mars,1,2,0.987010927,1,0.987010927,120,763.2392901,0.992222489,0
10,100009,B2_Contact_Aware,0,Direct_Earth_to_Mars,1,1,0.993484236,1,0.993484236,60,757.3031878,0.993484236,1
10,100009,B2_Contact_Aware,1,Earth_Relay0_Mars,1,2,0.987010927,1,0.987010927,120,859.525781,0.987010927,0
10,100009,B2_Contact_Aware,2,Earth_Relay1_Mars,1,2,0.987010927,1,0.987010927,120,1157.565746,0.987010927,0
10,100009,B2_Contact_Aware,3,Earth_Relay2_Mars,1,2,0.987010927,1,0.987010927,120,763.2392901,0.987010927,0
10,100009,B3_Physical_Success,0,Direct_Earth_to_Mars,1,1,0.993484236,1,0.993484236,60,757.3031878,0.993484236,1
10,100009,B3_Physical_Success,1,Earth_Relay0_Mars,1,2,0.987010927,1,0.987010927,120,859.525781,0.987010927,0
10,100009,B3_Physical_Success,2,Earth_Relay1_Mars,1,2,0.987010927,1,0.987010927,120,1157.565746,0.987010927,0
10,100009,B3_Physical_Success,3,Earth_Relay2_Mars,1,2,0.987010927,1,0.987010927,120,763.2392901,0.987010927,0
10,100009,B4_Physical_Multiobjective,0,Direct_Earth_to_Mars,1,1,0.993484236,1,0.993484236,60,757.3031878,0.993484236,1
10,100009,B4_Physical_Multiobjective,1,Earth_Relay0_Mars,1,2,0.987010927,1,0.987010927,120,859.525781,0.434813323,0
10,100009,B4_Physical_Multiobjective,2,Earth_Relay1_Mars,1,2,0.987010927,1,0.987010927,120,1157.565746,0.322861368,0
10,100009,B4_Physical_Multiobjective,3,Earth_Relay2_Mars,1,2,0.987010927,1,0.987010927,120,763.2392901,0.489667219,0
11,100010,B1_Shortest_Delay,0,Direct_Earth_to_Mars,1,1,0.831399009,1,0.831399009,60,564.9856648,1,1
11,100010,B1_Shortest_Delay,1,Earth_Relay0_Mars,1,2,0.691224313,1,0.691224313,120,661.549882,0.854033354,0
11,100010,B1_Shortest_Delay,2,Earth_Relay1_Mars,1,2,0.691224313,1,0.691224313,120,1023.158578,0.552197555,0
11,100010,B1_Shortest_Delay,3,Earth_Relay2_Mars,1,2,0.691224313,1,0.691224313,120,570.6900436,0.990004418,0
11,100010,B2_Contact_Aware,0,Direct_Earth_to_Mars,1,1,0.831399009,1,0.831399009,60,564.9856648,0.831399009,1
11,100010,B2_Contact_Aware,1,Earth_Relay0_Mars,1,2,0.691224313,1,0.691224313,120,661.549882,0.691224313,0
11,100010,B2_Contact_Aware,2,Earth_Relay1_Mars,1,2,0.691224313,1,0.691224313,120,1023.158578,0.691224313,0
11,100010,B2_Contact_Aware,3,Earth_Relay2_Mars,1,2,0.691224313,1,0.691224313,120,570.6900436,0.691224313,0
11,100010,B3_Physical_Success,0,Direct_Earth_to_Mars,1,1,0.831399009,1,0.831399009,60,564.9856648,0.831399009,1
11,100010,B3_Physical_Success,1,Earth_Relay0_Mars,1,2,0.691224313,1,0.691224313,120,661.549882,0.691224313,0
11,100010,B3_Physical_Success,2,Earth_Relay1_Mars,1,2,0.691224313,1,0.691224313,120,1023.158578,0.691224313,0
11,100010,B3_Physical_Success,3,Earth_Relay2_Mars,1,2,0.691224313,1,0.691224313,120,570.6900436,0.691224313,0
11,100010,B4_Physical_Multiobjective,0,Direct_Earth_to_Mars,1,1,0.831399009,1,0.831399009,60,564.9856648,0.831399009,1
11,100010,B4_Physical_Multiobjective,1,Earth_Relay0_Mars,1,2,0.691224313,1,0.691224313,120,661.549882,0.295164309,0
11,100010,B4_Physical_Multiobjective,2,Earth_Relay1_Mars,1,2,0.691224313,1,0.691224313,120,1023.158578,0.190846188,0
11,100010,B4_Physical_Multiobjective,3,Earth_Relay2_Mars,1,2,0.691224313,1,0.691224313,120,570.6900436,0.342157562,0
12,100011,B1_Shortest_Delay,0,Direct_Earth_to_Mars,1,1,0.822248801,1,0.822248801,60,772.7670018,1,1
12,100011,B1_Shortest_Delay,1,Earth_Relay0_Mars,1,2,0.676093091,1,0.676093091,120,876.7713434,0.881378033,0
12,100011,B1_Shortest_Delay,2,Earth_Relay1_Mars,1,2,0.676093091,1,0.676093091,120,1168.101033,0.661558358,0
12,100011,B1_Shortest_Delay,3,Earth_Relay2_Mars,1,2,0.676093091,1,0.676093091,120,778.7239838,0.992350329,0
12,100011,B2_Contact_Aware,0,Direct_Earth_to_Mars,1,1,0.822248801,1,0.822248801,60,772.7670018,0.822248801,1
12,100011,B2_Contact_Aware,1,Earth_Relay0_Mars,1,2,0.676093091,1,0.676093091,120,876.7713434,0.676093091,0
12,100011,B2_Contact_Aware,2,Earth_Relay1_Mars,1,2,0.676093091,1,0.676093091,120,1168.101033,0.676093091,0
12,100011,B2_Contact_Aware,3,Earth_Relay2_Mars,1,2,0.676093091,1,0.676093091,120,778.7239838,0.676093091,0
12,100011,B3_Physical_Success,0,Direct_Earth_to_Mars,1,1,0.822248801,1,0.822248801,60,772.7670018,0.822248801,1
12,100011,B3_Physical_Success,1,Earth_Relay0_Mars,1,2,0.676093091,1,0.676093091,120,876.7713434,0.676093091,0
12,100011,B3_Physical_Success,2,Earth_Relay1_Mars,1,2,0.676093091,1,0.676093091,120,1168.101033,0.676093091,0
12,100011,B3_Physical_Success,3,Earth_Relay2_Mars,1,2,0.676093091,1,0.676093091,120,778.7239838,0.676093091,0
12,100011,B4_Physical_Multiobjective,0,Direct_Earth_to_Mars,1,1,0.822248801,1,0.822248801,60,772.7670018,0.822248801,1
12,100011,B4_Physical_Multiobjective,1,Earth_Relay0_Mars,1,2,0.676093091,1,0.676093091,120,876.7713434,0.297946799,0
12,100011,B4_Physical_Multiobjective,2,Earth_Relay1_Mars,1,2,0.676093091,1,0.676093091,120,1168.101033,0.223637518,0
12,100011,B4_Physical_Multiobjective,3,Earth_Relay2_Mars,1,2,0.676093091,1,0.676093091,120,778.7239838,0.335460601,0
13,100012,B1_Shortest_Delay,0,Direct_Earth_to_Mars,1,1,0.883176054,1,0.883176054,60,476.6774288,1,1
13,100012,B1_Shortest_Delay,1,Earth_Relay0_Mars,1,2,0.779999942,1,0.779999942,120,587.5262765,0.811329549,0
13,100012,B1_Shortest_Delay,2,Earth_Relay1_Mars,1,2,0.779999942,1,0.779999942,120,952.8457976,0.500267126,0
13,100012,B1_Shortest_Delay,3,Earth_Relay2_Mars,1,2,0.779999942,1,0.779999942,120,482.3267826,0.98828729,0
13,100012,B2_Contact_Aware,0,Direct_Earth_to_Mars,1,1,0.883176054,1,0.883176054,60,476.6774288,0.883176054,1
13,100012,B2_Contact_Aware,1,Earth_Relay0_Mars,1,2,0.779999942,1,0.779999942,120,587.5262765,0.779999942,0
13,100012,B2_Contact_Aware,2,Earth_Relay1_Mars,1,2,0.779999942,1,0.779999942,120,952.8457976,0.779999942,0
13,100012,B2_Contact_Aware,3,Earth_Relay2_Mars,1,2,0.779999942,1,0.779999942,120,482.3267826,0.779999942,0
13,100012,B3_Physical_Success,0,Direct_Earth_to_Mars,1,1,0.883176054,1,0.883176054,60,476.6774288,0.883176054,1
13,100012,B3_Physical_Success,1,Earth_Relay0_Mars,1,2,0.779999942,1,0.779999942,120,587.5262765,0.779999942,0
13,100012,B3_Physical_Success,2,Earth_Relay1_Mars,1,2,0.779999942,1,0.779999942,120,952.8457976,0.779999942,0
13,100012,B3_Physical_Success,3,Earth_Relay2_Mars,1,2,0.779999942,1,0.779999942,120,482.3267826,0.779999942,0
13,100012,B4_Physical_Multiobjective,0,Direct_Earth_to_Mars,1,1,0.883176054,1,0.883176054,60,476.6774288,0.883176054,1
13,100012,B4_Physical_Multiobjective,1,Earth_Relay0_Mars,1,2,0.779999942,1,0.779999942,120,587.5262765,0.3164185,0
13,100012,B4_Physical_Multiobjective,2,Earth_Relay1_Mars,1,2,0.779999942,1,0.779999942,120,952.8457976,0.195104165,0
13,100012,B4_Physical_Multiobjective,3,Earth_Relay2_Mars,1,2,0.779999942,1,0.779999942,120,482.3267826,0.385432014,0
14,100013,B1_Shortest_Delay,0,Direct_Earth_to_Mars,1,1,0.831536265,0.999990372,0.831528259,60,1263.942366,1,1
14,100013,B1_Shortest_Delay,1,Earth_Relay0_Mars,0,2,0.691452561,0,0,120,1565.527087,-1,0
14,100013,B1_Shortest_Delay,2,Earth_Relay1_Mars,1,2,0.691452561,0.999999406,0.69145215,120,1447.203629,0.873368709,0
14,100013,B1_Shortest_Delay,3,Earth_Relay2_Mars,1,2,0.691452561,0.999978015,0.691437359,120,1270.518881,0.994823756,0
14,100013,B2_Contact_Aware,0,Direct_Earth_to_Mars,1,1,0.831536265,0.999990372,0.831528259,60,1263.942366,0.831536265,1
14,100013,B2_Contact_Aware,1,Earth_Relay0_Mars,0,2,0.691452561,0,0,120,1565.527087,-1,0
14,100013,B2_Contact_Aware,2,Earth_Relay1_Mars,1,2,0.691452561,0.999999406,0.69145215,120,1447.203629,0.691452561,0
14,100013,B2_Contact_Aware,3,Earth_Relay2_Mars,1,2,0.691452561,0.999978015,0.691437359,120,1270.518881,0.691452561,0
14,100013,B3_Physical_Success,0,Direct_Earth_to_Mars,1,1,0.831536265,0.999990372,0.831528259,60,1263.942366,0.831528259,1
14,100013,B3_Physical_Success,1,Earth_Relay0_Mars,0,2,0.691452561,0,0,120,1565.527087,-1,0
14,100013,B3_Physical_Success,2,Earth_Relay1_Mars,1,2,0.691452561,0.999999406,0.69145215,120,1447.203629,0.69145215,0
14,100013,B3_Physical_Success,3,Earth_Relay2_Mars,1,2,0.691452561,0.999978015,0.691437359,120,1270.518881,0.691437359,0
14,100013,B4_Physical_Multiobjective,0,Direct_Earth_to_Mars,1,1,0.831536265,0.999990372,0.831528259,60,1263.942366,0.831528259,1
14,100013,B4_Physical_Multiobjective,1,Earth_Relay0_Mars,0,2,0.691452561,0,0,120,1565.527087,-1,0
14,100013,B4_Physical_Multiobjective,2,Earth_Relay1_Mars,1,2,0.691452561,0.999999406,0.69145215,120,1447.203629,0.301946336,0
14,100013,B4_Physical_Multiobjective,3,Earth_Relay2_Mars,1,2,0.691452561,0.999978015,0.691437359,120,1270.518881,0.343929156,0
15,100014,B1_Shortest_Delay,0,Direct_Earth_to_Mars,1,1,0.877308502,1,0.877308502,60,741.486153,1,1
15,100014,B1_Shortest_Delay,1,Earth_Relay0_Mars,1,2,0.769670208,1,0.769670208,120,1093.56173,0.678046911,0
15,100014,B1_Shortest_Delay,2,Earth_Relay1_Mars,1,2,0.769670208,1,0.769670208,120,862.6129833,0.859581489,0
15,100014,B1_Shortest_Delay,3,Earth_Relay2_Mars,1,2,0.769670208,1,0.769670208,120,747.5039674,0.991949455,0
15,100014,B2_Contact_Aware,0,Direct_Earth_to_Mars,1,1,0.877308502,1,0.877308502,60,741.486153,0.877308502,1
15,100014,B2_Contact_Aware,1,Earth_Relay0_Mars,1,2,0.769670208,1,0.769670208,120,1093.56173,0.769670208,0
15,100014,B2_Contact_Aware,2,Earth_Relay1_Mars,1,2,0.769670208,1,0.769670208,120,862.6129833,0.769670208,0
15,100014,B2_Contact_Aware,3,Earth_Relay2_Mars,1,2,0.769670208,1,0.769670208,120,747.5039674,0.769670208,0
15,100014,B3_Physical_Success,0,Direct_Earth_to_Mars,1,1,0.877308502,1,0.877308502,60,741.486153,0.877308502,1
15,100014,B3_Physical_Success,1,Earth_Relay0_Mars,1,2,0.769670208,1,0.769670208,120,1093.56173,0.769670208,0
15,100014,B3_Physical_Success,2,Earth_Relay1_Mars,1,2,0.769670208,1,0.769670208,120,862.6129833,0.769670208,0
15,100014,B3_Physical_Success,3,Earth_Relay2_Mars,1,2,0.769670208,1,0.769670208,120,747.5039674,0.769670208,0
15,100014,B4_Physical_Multiobjective,0,Direct_Earth_to_Mars,1,1,0.877308502,1,0.877308502,60,741.486153,0.877308502,1
15,100014,B4_Physical_Multiobjective,1,Earth_Relay0_Mars,1,2,0.769670208,1,0.769670208,120,1093.56173,0.260936254,0
15,100014,B4_Physical_Multiobjective,2,Earth_Relay1_Mars,1,2,0.769670208,1,0.769670208,120,862.6129833,0.330797132,0
15,100014,B4_Physical_Multiobjective,3,Earth_Relay2_Mars,1,2,0.769670208,1,0.769670208,120,747.5039674,0.381736972,0
16,100015,B1_Shortest_Delay,0,Direct_Earth_to_Mars,1,1,0.925406722,0.999994885,0.925401989,60,1273.512389,1,1
16,100015,B1_Shortest_Delay,1,Earth_Relay0_Mars,1,2,0.856377602,0.999995245,0.85637353,120,1503.378728,0.847100178,0
16,100015,B1_Shortest_Delay,2,Earth_Relay1_Mars,1,2,0.856377602,0.999994117,0.856372564,120,1503.188248,0.847207521,0
16,100015,B1_Shortest_Delay,3,Earth_Relay2_Mars,1,2,0.856377602,0.99998825,0.856367539,120,1280.167005,0.99480176,0
16,100015,B2_Contact_Aware,0,Direct_Earth_to_Mars,1,1,0.925406722,0.999994885,0.925401989,60,1273.512389,0.925406722,1
16,100015,B2_Contact_Aware,1,Earth_Relay0_Mars,1,2,0.856377602,0.999995245,0.85637353,120,1503.378728,0.856377602,0
16,100015,B2_Contact_Aware,2,Earth_Relay1_Mars,1,2,0.856377602,0.999994117,0.856372564,120,1503.188248,0.856377602,0
16,100015,B2_Contact_Aware,3,Earth_Relay2_Mars,1,2,0.856377602,0.99998825,0.856367539,120,1280.167005,0.856377602,0
16,100015,B3_Physical_Success,0,Direct_Earth_to_Mars,1,1,0.925406722,0.999994885,0.925401989,60,1273.512389,0.925401989,1
16,100015,B3_Physical_Success,1,Earth_Relay0_Mars,1,2,0.856377602,0.999995245,0.85637353,120,1503.378728,0.85637353,0
16,100015,B3_Physical_Success,2,Earth_Relay1_Mars,1,2,0.856377602,0.999994117,0.856372564,120,1503.188248,0.856372564,0
16,100015,B3_Physical_Success,3,Earth_Relay2_Mars,1,2,0.856377602,0.99998825,0.856367539,120,1280.167005,0.856367539,0
16,100015,B4_Physical_Multiobjective,0,Direct_Earth_to_Mars,1,1,0.925406722,0.999994885,0.925401989,60,1273.512389,0.925401989,1
16,100015,B4_Physical_Multiobjective,1,Earth_Relay0_Mars,1,2,0.856377602,0.999995245,0.85637353,120,1503.378728,0.362717085,0
16,100015,B4_Physical_Multiobjective,2,Earth_Relay1_Mars,1,2,0.856377602,0.999994117,0.856372564,120,1503.188248,0.362762638,0
16,100015,B4_Physical_Multiobjective,3,Earth_Relay2_Mars,1,2,0.856377602,0.99998825,0.856367539,120,1280.167005,0.425957967,0
17,100016,B1_Shortest_Delay,0,Direct_Earth_to_Mars,1,1,0.919205482,1,0.919205482,60,368.0550977,1,1
17,100016,B1_Shortest_Delay,1,Earth_Relay0_Mars,1,2,0.844938719,1,0.844938719,120,523.499364,0.703066943,0
17,100016,B1_Shortest_Delay,2,Earth_Relay1_Mars,0,2,0.844938719,0,0,120,847.9321458,-1,0
17,100016,B1_Shortest_Delay,3,Earth_Relay2_Mars,1,2,0.844938719,1,0.844938719,120,373.7749429,0.984697088,0
17,100016,B2_Contact_Aware,0,Direct_Earth_to_Mars,1,1,0.919205482,1,0.919205482,60,368.0550977,0.919205482,1
17,100016,B2_Contact_Aware,1,Earth_Relay0_Mars,1,2,0.844938719,1,0.844938719,120,523.499364,0.844938719,0
17,100016,B2_Contact_Aware,2,Earth_Relay1_Mars,0,2,0.844938719,0,0,120,847.9321458,-1,0
17,100016,B2_Contact_Aware,3,Earth_Relay2_Mars,1,2,0.844938719,1,0.844938719,120,373.7749429,0.844938719,0
17,100016,B3_Physical_Success,0,Direct_Earth_to_Mars,1,1,0.919205482,1,0.919205482,60,368.0550977,0.919205482,1
17,100016,B3_Physical_Success,1,Earth_Relay0_Mars,1,2,0.844938719,1,0.844938719,120,523.499364,0.844938719,0
17,100016,B3_Physical_Success,2,Earth_Relay1_Mars,0,2,0.844938719,0,0,120,847.9321458,-1,0
17,100016,B3_Physical_Success,3,Earth_Relay2_Mars,1,2,0.844938719,1,0.844938719,120,373.7749429,0.844938719,0
17,100016,B4_Physical_Multiobjective,0,Direct_Earth_to_Mars,1,1,0.919205482,1,0.919205482,60,368.0550977,0.919205482,1
17,100016,B4_Physical_Multiobjective,1,Earth_Relay0_Mars,1,2,0.844938719,1,0.844938719,120,523.499364,0.297024241,0
17,100016,B4_Physical_Multiobjective,2,Earth_Relay1_Mars,0,2,0.844938719,0,0,120,847.9321458,-1,0
17,100016,B4_Physical_Multiobjective,3,Earth_Relay2_Mars,1,2,0.844938719,1,0.844938719,120,373.7749429,0.416004348,0
18,100017,B1_Shortest_Delay,0,Direct_Earth_to_Mars,1,1,0.983788522,1,0.983788522,60,235.2826473,1,1
18,100017,B1_Shortest_Delay,1,Earth_Relay0_Mars,1,2,0.967839856,1,0.967839856,120,524.3155673,0.44874244,0
18,100017,B1_Shortest_Delay,2,Earth_Relay1_Mars,1,2,0.967839856,1,0.967839856,120,648.7573282,0.362666651,0
18,100017,B1_Shortest_Delay,3,Earth_Relay2_Mars,1,2,0.967839856,1,0.967839856,120,241.7263178,0.973343116,0
18,100017,B2_Contact_Aware,0,Direct_Earth_to_Mars,1,1,0.983788522,1,0.983788522,60,235.2826473,0.983788522,1
18,100017,B2_Contact_Aware,1,Earth_Relay0_Mars,1,2,0.967839856,1,0.967839856,120,524.3155673,0.967839856,0
18,100017,B2_Contact_Aware,2,Earth_Relay1_Mars,1,2,0.967839856,1,0.967839856,120,648.7573282,0.967839856,0
18,100017,B2_Contact_Aware,3,Earth_Relay2_Mars,1,2,0.967839856,1,0.967839856,120,241.7263178,0.967839856,0
18,100017,B3_Physical_Success,0,Direct_Earth_to_Mars,1,1,0.983788522,1,0.983788522,60,235.2826473,0.983788522,1
18,100017,B3_Physical_Success,1,Earth_Relay0_Mars,1,2,0.967839856,1,0.967839856,120,524.3155673,0.967839856,0
18,100017,B3_Physical_Success,2,Earth_Relay1_Mars,1,2,0.967839856,1,0.967839856,120,648.7573282,0.967839856,0
18,100017,B3_Physical_Success,3,Earth_Relay2_Mars,1,2,0.967839856,1,0.967839856,120,241.7263178,0.967839856,0
18,100017,B4_Physical_Multiobjective,0,Direct_Earth_to_Mars,1,1,0.983788522,1,0.983788522,60,235.2826473,0.983788522,1
18,100017,B4_Physical_Multiobjective,1,Earth_Relay0_Mars,1,2,0.967839856,1,0.967839856,120,524.3155673,0.217155409,0
18,100017,B4_Physical_Multiobjective,2,Earth_Relay1_Mars,1,2,0.967839856,1,0.967839856,120,648.7573282,0.175501619,0
18,100017,B4_Physical_Multiobjective,3,Earth_Relay2_Mars,1,2,0.967839856,1,0.967839856,120,241.7263178,0.47102013,0
19,100018,B1_Shortest_Delay,0,Direct_Earth_to_Mars,1,1,0.910549955,1,0.910549955,60,1017.309173,1,1
19,100018,B1_Shortest_Delay,1,Earth_Relay0_Mars,1,2,0.82910122,1,0.82910122,120,1162.259943,0.875285412,0
19,100018,B1_Shortest_Delay,2,Earth_Relay1_Mars,1,2,0.82910122,0.999999998,0.829101219,120,1368.23481,0.743519435,0
19,100018,B1_Shortest_Delay,3,Earth_Relay2_Mars,1,2,0.82910122,1,0.82910122,120,1023.64355,0.993811931,0
19,100018,B2_Contact_Aware,0,Direct_Earth_to_Mars,1,1,0.910549955,1,0.910549955,60,1017.309173,0.910549955,1
19,100018,B2_Contact_Aware,1,Earth_Relay0_Mars,1,2,0.82910122,1,0.82910122,120,1162.259943,0.82910122,0
19,100018,B2_Contact_Aware,2,Earth_Relay1_Mars,1,2,0.82910122,0.999999998,0.829101219,120,1368.23481,0.82910122,0
19,100018,B2_Contact_Aware,3,Earth_Relay2_Mars,1,2,0.82910122,1,0.82910122,120,1023.64355,0.82910122,0
19,100018,B3_Physical_Success,0,Direct_Earth_to_Mars,1,1,0.910549955,1,0.910549955,60,1017.309173,0.910549955,1
19,100018,B3_Physical_Success,1,Earth_Relay0_Mars,1,2,0.82910122,1,0.82910122,120,1162.259943,0.82910122,0
19,100018,B3_Physical_Success,2,Earth_Relay1_Mars,1,2,0.82910122,0.999999998,0.829101219,120,1368.23481,0.829101219,0
19,100018,B3_Physical_Success,3,Earth_Relay2_Mars,1,2,0.82910122,1,0.82910122,120,1023.64355,0.82910122,0
19,100018,B4_Physical_Multiobjective,0,Direct_Earth_to_Mars,1,1,0.910549955,1,0.910549955,60,1017.309173,0.910549955,1
19,100018,B4_Physical_Multiobjective,1,Earth_Relay0_Mars,1,2,0.82910122,1,0.82910122,120,1162.259943,0.362850102,0
19,100018,B4_Physical_Multiobjective,2,Earth_Relay1_Mars,1,2,0.82910122,0.999999998,0.829101219,120,1368.23481,0.308226435,0
19,100018,B4_Physical_Multiobjective,3,Earth_Relay2_Mars,1,2,0.82910122,1,0.82910122,120,1023.64355,0.411985343,0
20,100019,B1_Shortest_Delay,0,Direct_Earth_to_Mars,1,1,0.807156993,0.999961936,0.807126269,60,1300.507912,1,1
20,100019,B1_Shortest_Delay,1,Earth_Relay0_Mars,1,2,0.651502412,0.999826073,0.651389098,120,1583.024,0.82153392,0
20,100019,B1_Shortest_Delay,2,Earth_Relay1_Mars,1,2,0.651502412,0.999993297,0.651498045,120,1495.628557,0.869539369,0
20,100019,B1_Shortest_Delay,3,Earth_Relay2_Mars,1,2,0.651502412,0.999913917,0.651446328,120,1307.148054,0.99492013,0
20,100019,B2_Contact_Aware,0,Direct_Earth_to_Mars,1,1,0.807156993,0.999961936,0.807126269,60,1300.507912,0.807156993,1
20,100019,B2_Contact_Aware,1,Earth_Relay0_Mars,1,2,0.651502412,0.999826073,0.651389098,120,1583.024,0.651502412,0
20,100019,B2_Contact_Aware,2,Earth_Relay1_Mars,1,2,0.651502412,0.999993297,0.651498045,120,1495.628557,0.651502412,0
20,100019,B2_Contact_Aware,3,Earth_Relay2_Mars,1,2,0.651502412,0.999913917,0.651446328,120,1307.148054,0.651502412,0
20,100019,B3_Physical_Success,0,Direct_Earth_to_Mars,1,1,0.807156993,0.999961936,0.807126269,60,1300.507912,0.807126269,1
20,100019,B3_Physical_Success,1,Earth_Relay0_Mars,1,2,0.651502412,0.999826073,0.651389098,120,1583.024,0.651389098,0
20,100019,B3_Physical_Success,2,Earth_Relay1_Mars,1,2,0.651502412,0.999993297,0.651498045,120,1495.628557,0.651498045,0
20,100019,B3_Physical_Success,3,Earth_Relay2_Mars,1,2,0.651502412,0.999913917,0.651446328,120,1307.148054,0.651446328,0
20,100019,B4_Physical_Multiobjective,0,Direct_Earth_to_Mars,1,1,0.807156993,0.999961936,0.807126269,60,1300.507912,0.807126269,1
20,100019,B4_Physical_Multiobjective,1,Earth_Relay0_Mars,1,2,0.651502412,0.999826073,0.651389098,120,1583.024,0.267569119,0
20,100019,B4_Physical_Multiobjective,2,Earth_Relay1_Mars,1,2,0.651502412,0.999993297,0.651498045,120,1495.628557,0.283251599,0
20,100019,B4_Physical_Multiobjective,3,Earth_Relay2_Mars,1,2,0.651502412,0.999913917,0.651446328,120,1307.148054,0.324068533,0
21,100020,B1_Shortest_Delay,0,Direct_Earth_to_Mars,1,1,0.901021985,0.999999268,0.901021325,60,1178.79066,1,1
21,100020,B1_Shortest_Delay,1,Earth_Relay0_Mars,1,2,0.811840617,0.999973326,0.811818961,120,1499.507162,0.786118726,0
21,100020,B1_Shortest_Delay,2,Earth_Relay1_Mars,1,2,0.811840617,0.999999992,0.81184061,120,1346.865045,0.875210671,0
21,100020,B1_Shortest_Delay,3,Earth_Relay2_Mars,1,2,0.811840617,0.999998293,0.811839231,120,1185.248091,0.994551832,0
21,100020,B2_Contact_Aware,0,Direct_Earth_to_Mars,1,1,0.901021985,0.999999268,0.901021325,60,1178.79066,0.901021985,1
21,100020,B2_Contact_Aware,1,Earth_Relay0_Mars,1,2,0.811840617,0.999973326,0.811818961,120,1499.507162,0.811840617,0
21,100020,B2_Contact_Aware,2,Earth_Relay1_Mars,1,2,0.811840617,0.999999992,0.81184061,120,1346.865045,0.811840617,0
21,100020,B2_Contact_Aware,3,Earth_Relay2_Mars,1,2,0.811840617,0.999998293,0.811839231,120,1185.248091,0.811840617,0
21,100020,B3_Physical_Success,0,Direct_Earth_to_Mars,1,1,0.901021985,0.999999268,0.901021325,60,1178.79066,0.901021325,1
21,100020,B3_Physical_Success,1,Earth_Relay0_Mars,1,2,0.811840617,0.999973326,0.811818961,120,1499.507162,0.811818961,0
21,100020,B3_Physical_Success,2,Earth_Relay1_Mars,1,2,0.811840617,0.999999992,0.81184061,120,1346.865045,0.81184061,0
21,100020,B3_Physical_Success,3,Earth_Relay2_Mars,1,2,0.811840617,0.999998293,0.811839231,120,1185.248091,0.811839231,0
21,100020,B4_Physical_Multiobjective,0,Direct_Earth_to_Mars,1,1,0.901021985,0.999999268,0.901021325,60,1178.79066,0.901021325,1
21,100020,B4_Physical_Multiobjective,1,Earth_Relay0_Mars,1,2,0.811840617,0.999973326,0.811818961,120,1499.507162,0.319093044,0
21,100020,B4_Physical_Multiobjective,2,Earth_Relay1_Mars,1,2,0.811840617,0.999999992,0.81184061,120,1346.865045,0.355265783,0
21,100020,B4_Physical_Multiobjective,3,Earth_Relay2_Mars,1,2,0.811840617,0.999998293,0.811839231,120,1185.248091,0.403708097,0
22,100021,B1_Shortest_Delay,0,Direct_Earth_to_Mars,1,1,0.865908354,1,0.865908354,60,1092.881838,1,1
22,100021,B1_Shortest_Delay,1,Earth_Relay0_Mars,1,2,0.749797277,1,0.749797277,120,1255.966136,0.870152313,0
22,100021,B1_Shortest_Delay,2,Earth_Relay1_Mars,1,2,0.749797277,0.999999996,0.749797274,120,1407.11288,0.776683842,0
22,100021,B1_Shortest_Delay,3,Earth_Relay2_Mars,1,2,0.749797277,1,0.749797277,120,1099.326889,0.994137275,0
22,100021,B2_Contact_Aware,0,Direct_Earth_to_Mars,1,1,0.865908354,1,0.865908354,60,1092.881838,0.865908354,1
22,100021,B2_Contact_Aware,1,Earth_Relay0_Mars,1,2,0.749797277,1,0.749797277,120,1255.966136,0.749797277,0
22,100021,B2_Contact_Aware,2,Earth_Relay1_Mars,1,2,0.749797277,0.999999996,0.749797274,120,1407.11288,0.749797277,0
22,100021,B2_Contact_Aware,3,Earth_Relay2_Mars,1,2,0.749797277,1,0.749797277,120,1099.326889,0.749797277,0
22,100021,B3_Physical_Success,0,Direct_Earth_to_Mars,1,1,0.865908354,1,0.865908354,60,1092.881838,0.865908354,1
22,100021,B3_Physical_Success,1,Earth_Relay0_Mars,1,2,0.749797277,1,0.749797277,120,1255.966136,0.749797277,0
22,100021,B3_Physical_Success,2,Earth_Relay1_Mars,1,2,0.749797277,0.999999996,0.749797274,120,1407.11288,0.749797274,0
22,100021,B3_Physical_Success,3,Earth_Relay2_Mars,1,2,0.749797277,1,0.749797277,120,1099.326889,0.749797277,0
22,100021,B4_Physical_Multiobjective,0,Direct_Earth_to_Mars,1,1,0.865908354,1,0.865908354,60,1092.881838,0.865908354,1
22,100021,B4_Physical_Multiobjective,1,Earth_Relay0_Mars,1,2,0.749797277,1,0.749797277,120,1255.966136,0.326218917,0
22,100021,B4_Physical_Multiobjective,2,Earth_Relay1_Mars,1,2,0.749797277,0.999999996,0.749797274,120,1407.11288,0.291177714,0
22,100021,B4_Physical_Multiobjective,3,Earth_Relay2_Mars,1,2,0.749797277,1,0.749797277,120,1099.326889,0.372700711,0
23,100022,B1_Shortest_Delay,0,Direct_Earth_to_Mars,1,1,0.856186144,1,0.856186144,60,753.6294178,1,1
23,100022,B1_Shortest_Delay,1,Earth_Relay0_Mars,0,2,0.733054713,0,0,120,855.4499457,-1,0
23,100022,B1_Shortest_Delay,2,Earth_Relay1_Mars,1,2,0.733054713,1,0.733054713,120,1155.065005,0.652456281,0
23,100022,B1_Shortest_Delay,3,Earth_Relay2_Mars,1,2,0.733054713,1,0.733054713,120,759.5605768,0.992191329,0
23,100022,B2_Contact_Aware,0,Direct_Earth_to_Mars,1,1,0.856186144,1,0.856186144,60,753.6294178,0.856186144,1
23,100022,B2_Contact_Aware,1,Earth_Relay0_Mars,0,2,0.733054713,0,0,120,855.4499457,-1,0
23,100022,B2_Contact_Aware,2,Earth_Relay1_Mars,1,2,0.733054713,1,0.733054713,120,1155.065005,0.733054713,0
23,100022,B2_Contact_Aware,3,Earth_Relay2_Mars,1,2,0.733054713,1,0.733054713,120,759.5605768,0.733054713,0
23,100022,B3_Physical_Success,0,Direct_Earth_to_Mars,1,1,0.856186144,1,0.856186144,60,753.6294178,0.856186144,1
23,100022,B3_Physical_Success,1,Earth_Relay0_Mars,0,2,0.733054713,0,0,120,855.4499457,-1,0
23,100022,B3_Physical_Success,2,Earth_Relay1_Mars,1,2,0.733054713,1,0.733054713,120,1155.065005,0.733054713,0
23,100022,B3_Physical_Success,3,Earth_Relay2_Mars,1,2,0.733054713,1,0.733054713,120,759.5605768,0.733054713,0
23,100022,B4_Physical_Multiobjective,0,Direct_Earth_to_Mars,1,1,0.856186144,1,0.856186144,60,753.6294178,0.856186144,1
23,100022,B4_Physical_Multiobjective,1,Earth_Relay0_Mars,0,2,0.733054713,0,0,120,855.4499457,-1,0
23,100022,B4_Physical_Multiobjective,2,Earth_Relay1_Mars,1,2,0.733054713,1,0.733054713,120,1155.065005,0.239143076,0
23,100022,B4_Physical_Multiobjective,3,Earth_Relay2_Mars,1,2,0.733054713,1,0.733054713,120,759.5605768,0.363665265,0
24,100023,B1_Shortest_Delay,0,Direct_Earth_to_Mars,1,1,0.950129455,1,0.950129455,60,763.0088308,1,1
24,100023,B1_Shortest_Delay,1,Earth_Relay0_Mars,0,2,0.902745982,0,0,120,865.8722394,-1,0
24,100023,B1_Shortest_Delay,2,Earth_Relay1_Mars,1,2,0.902745982,1,0.902745982,120,1161.450987,0.656944494,0
24,100023,B1_Shortest_Delay,3,Earth_Relay2_Mars,0,2,0.902745982,0,0,120,768.9526241,-1,0
24,100023,B2_Contact_Aware,0,Direct_Earth_to_Mars,1,1,0.950129455,1,0.950129455,60,763.0088308,0.950129455,1
24,100023,B2_Contact_Aware,1,Earth_Relay0_Mars,0,2,0.902745982,0,0,120,865.8722394,-1,0
24,100023,B2_Contact_Aware,2,Earth_Relay1_Mars,1,2,0.902745982,1,0.902745982,120,1161.450987,0.902745982,0
24,100023,B2_Contact_Aware,3,Earth_Relay2_Mars,0,2,0.902745982,0,0,120,768.9526241,-1,0
24,100023,B3_Physical_Success,0,Direct_Earth_to_Mars,1,1,0.950129455,1,0.950129455,60,763.0088308,0.950129455,1
24,100023,B3_Physical_Success,1,Earth_Relay0_Mars,0,2,0.902745982,0,0,120,865.8722394,-1,0
24,100023,B3_Physical_Success,2,Earth_Relay1_Mars,1,2,0.902745982,1,0.902745982,120,1161.450987,0.902745982,0
24,100023,B3_Physical_Success,3,Earth_Relay2_Mars,0,2,0.902745982,0,0,120,768.9526241,-1,0
24,100023,B4_Physical_Multiobjective,0,Direct_Earth_to_Mars,1,1,0.950129455,1,0.950129455,60,763.0088308,0.950129455,1
24,100023,B4_Physical_Multiobjective,1,Earth_Relay0_Mars,0,2,0.902745982,0,0,120,865.8722394,-1,0
24,100023,B4_Physical_Multiobjective,2,Earth_Relay1_Mars,1,2,0.902745982,1,0.902745982,120,1161.450987,0.296527001,0
24,100023,B4_Physical_Multiobjective,3,Earth_Relay2_Mars,0,2,0.902745982,0,0,120,768.9526241,-1,0
25,100024,B1_Shortest_Delay,0,Direct_Earth_to_Mars,1,1,0.832980292,1,0.832980292,60,795.0862642,1,1
25,100024,B1_Shortest_Delay,1,Earth_Relay0_Mars,1,2,0.693856167,1,0.693856167,120,901.9028878,0.881565272,0
25,100024,B1_Shortest_Delay,2,Earth_Relay1_Mars,1,2,0.693856167,1,0.693856167,120,1183.347537,0.67189582,0
25,100024,B1_Shortest_Delay,3,Earth_Relay2_Mars,1,2,0.693856167,1,0.693856167,120,801.0735405,0.992525934,0
25,100024,B2_Contact_Aware,0,Direct_Earth_to_Mars,1,1,0.832980292,1,0.832980292,60,795.0862642,0.832980292,1
25,100024,B2_Contact_Aware,1,Earth_Relay0_Mars,1,2,0.693856167,1,0.693856167,120,901.9028878,0.693856167,0
25,100024,B2_Contact_Aware,2,Earth_Relay1_Mars,1,2,0.693856167,1,0.693856167,120,1183.347537,0.693856167,0
25,100024,B2_Contact_Aware,3,Earth_Relay2_Mars,1,2,0.693856167,1,0.693856167,120,801.0735405,0.693856167,0
25,100024,B3_Physical_Success,0,Direct_Earth_to_Mars,1,1,0.832980292,1,0.832980292,60,795.0862642,0.832980292,1
25,100024,B3_Physical_Success,1,Earth_Relay0_Mars,1,2,0.693856167,1,0.693856167,120,901.9028878,0.693856167,0
25,100024,B3_Physical_Success,2,Earth_Relay1_Mars,1,2,0.693856167,1,0.693856167,120,1183.347537,0.693856167,0
25,100024,B3_Physical_Success,3,Earth_Relay2_Mars,1,2,0.693856167,1,0.693856167,120,801.0735405,0.693856167,0
25,100024,B4_Physical_Multiobjective,0,Direct_Earth_to_Mars,1,1,0.832980292,1,0.832980292,60,795.0862642,0.832980292,1
25,100024,B4_Physical_Multiobjective,1,Earth_Relay0_Mars,1,2,0.693856167,1,0.693856167,120,901.9028878,0.30583975,0
25,100024,B4_Physical_Multiobjective,2,Earth_Relay1_Mars,1,2,0.693856167,1,0.693856167,120,1183.347537,0.233099529,0
25,100024,B4_Physical_Multiobjective,3,Earth_Relay2_Mars,1,2,0.693856167,1,0.693856167,120,801.0735405,0.34433512,0
26,100025,B1_Shortest_Delay,0,Direct_Earth_to_Mars,1,1,0.89311997,0.999998738,0.893118843,60,1200.032438,1,1
26,100025,B1_Shortest_Delay,1,Earth_Relay0_Mars,1,2,0.79766328,0.999999749,0.79766308,120,1396.477005,0.859328463,0
26,100025,B1_Shortest_Delay,2,Earth_Relay1_Mars,1,2,0.79766328,0.999993757,0.797658301,120,1463.566307,0.819937186,0
26,100025,B1_Shortest_Delay,3,Earth_Relay2_Mars,1,2,0.79766328,0.99999706,0.797660935,120,1206.613525,0.99454582,0
26,100025,B2_Contact_Aware,0,Direct_Earth_to_Mars,1,1,0.89311997,0.999998738,0.893118843,60,1200.032438,0.89311997,1
26,100025,B2_Contact_Aware,1,Earth_Relay0_Mars,1,2,0.79766328,0.999999749,0.79766308,120,1396.477005,0.79766328,0
26,100025,B2_Contact_Aware,2,Earth_Relay1_Mars,1,2,0.79766328,0.999993757,0.797658301,120,1463.566307,0.79766328,0
26,100025,B2_Contact_Aware,3,Earth_Relay2_Mars,1,2,0.79766328,0.99999706,0.797660935,120,1206.613525,0.79766328,0
26,100025,B3_Physical_Success,0,Direct_Earth_to_Mars,1,1,0.89311997,0.999998738,0.893118843,60,1200.032438,0.893118843,1
26,100025,B3_Physical_Success,1,Earth_Relay0_Mars,1,2,0.79766328,0.999999749,0.79766308,120,1396.477005,0.79766308,0
26,100025,B3_Physical_Success,2,Earth_Relay1_Mars,1,2,0.79766328,0.999993757,0.797658301,120,1463.566307,0.797658301,0
26,100025,B3_Physical_Success,3,Earth_Relay2_Mars,1,2,0.79766328,0.99999706,0.797660935,120,1206.613525,0.797660935,0
26,100025,B4_Physical_Multiobjective,0,Direct_Earth_to_Mars,1,1,0.89311997,0.999998738,0.893118843,60,1200.032438,0.893118843,1
26,100025,B4_Physical_Multiobjective,1,Earth_Relay0_Mars,1,2,0.79766328,0.999999749,0.79766308,120,1396.477005,0.342727294,0
26,100025,B4_Physical_Multiobjective,2,Earth_Relay1_Mars,1,2,0.79766328,0.999993757,0.797658301,120,1463.566307,0.327014851,0
26,100025,B4_Physical_Multiobjective,3,Earth_Relay2_Mars,1,2,0.79766328,0.99999706,0.797660935,120,1206.613525,0.396655175,0
27,100026,B1_Shortest_Delay,0,Direct_Earth_to_Mars,1,1,0.972872079,1,0.972872079,60,427.7829763,1,1
27,100026,B1_Shortest_Delay,1,Earth_Relay0_Mars,1,2,0.946480083,1,0.946480083,120,554.193944,0.771901211,0
27,100026,B1_Shortest_Delay,2,Earth_Relay1_Mars,1,2,0.946480083,1,0.946480083,120,908.8176096,0.470702781,0
27,100026,B1_Shortest_Delay,3,Earth_Relay2_Mars,1,2,0.946480083,1,0.946480083,120,433.4369293,0.986955535,0
27,100026,B2_Contact_Aware,0,Direct_Earth_to_Mars,1,1,0.972872079,1,0.972872079,60,427.7829763,0.972872079,1
27,100026,B2_Contact_Aware,1,Earth_Relay0_Mars,1,2,0.946480083,1,0.946480083,120,554.193944,0.946480083,0
27,100026,B2_Contact_Aware,2,Earth_Relay1_Mars,1,2,0.946480083,1,0.946480083,120,908.8176096,0.946480083,0
27,100026,B2_Contact_Aware,3,Earth_Relay2_Mars,1,2,0.946480083,1,0.946480083,120,433.4369293,0.946480083,0
27,100026,B3_Physical_Success,0,Direct_Earth_to_Mars,1,1,0.972872079,1,0.972872079,60,427.7829763,0.972872079,1
27,100026,B3_Physical_Success,1,Earth_Relay0_Mars,1,2,0.946480083,1,0.946480083,120,554.193944,0.946480083,0
27,100026,B3_Physical_Success,2,Earth_Relay1_Mars,1,2,0.946480083,1,0.946480083,120,908.8176096,0.946480083,0
27,100026,B3_Physical_Success,3,Earth_Relay2_Mars,1,2,0.946480083,1,0.946480083,120,433.4369293,0.946480083,0
27,100026,B4_Physical_Multiobjective,0,Direct_Earth_to_Mars,1,1,0.972872079,1,0.972872079,60,427.7829763,0.972872079,1
27,100026,B4_Physical_Multiobjective,1,Earth_Relay0_Mars,1,2,0.946480083,1,0.946480083,120,554.193944,0.365294561,0
27,100026,B4_Physical_Multiobjective,2,Earth_Relay1_Mars,1,2,0.946480083,1,0.946480083,120,908.8176096,0.222755404,0
27,100026,B4_Physical_Multiobjective,3,Earth_Relay2_Mars,1,2,0.946480083,1,0.946480083,120,433.4369293,0.467066878,0
28,100027,B1_Shortest_Delay,0,Direct_Earth_to_Mars,1,1,0.811386382,0.999990287,0.811378501,60,1306.864488,1,1
28,100027,B1_Shortest_Delay,1,Earth_Relay0_Mars,0,2,0.658347861,0,0,120,1580.163225,-1,0
28,100027,B1_Shortest_Delay,2,Earth_Relay1_Mars,0,2,0.658347861,0,0,120,1507.369794,-1,0
28,100027,B1_Shortest_Delay,3,Earth_Relay2_Mars,1,2,0.658347861,0.999977849,0.658333278,120,1313.521703,0.994931782,0
28,100027,B2_Contact_Aware,0,Direct_Earth_to_Mars,1,1,0.811386382,0.999990287,0.811378501,60,1306.864488,0.811386382,1
28,100027,B2_Contact_Aware,1,Earth_Relay0_Mars,0,2,0.658347861,0,0,120,1580.163225,-1,0
28,100027,B2_Contact_Aware,2,Earth_Relay1_Mars,0,2,0.658347861,0,0,120,1507.369794,-1,0
28,100027,B2_Contact_Aware,3,Earth_Relay2_Mars,1,2,0.658347861,0.999977849,0.658333278,120,1313.521703,0.658347861,0
28,100027,B3_Physical_Success,0,Direct_Earth_to_Mars,1,1,0.811386382,0.999990287,0.811378501,60,1306.864488,0.811378501,1
28,100027,B3_Physical_Success,1,Earth_Relay0_Mars,0,2,0.658347861,0,0,120,1580.163225,-1,0
28,100027,B3_Physical_Success,2,Earth_Relay1_Mars,0,2,0.658347861,0,0,120,1507.369794,-1,0
28,100027,B3_Physical_Success,3,Earth_Relay2_Mars,1,2,0.658347861,0.999977849,0.658333278,120,1313.521703,0.658333278,0
28,100027,B4_Physical_Multiobjective,0,Direct_Earth_to_Mars,1,1,0.811386382,0.999990287,0.811378501,60,1306.864488,0.811378501,1
28,100027,B4_Physical_Multiobjective,1,Earth_Relay0_Mars,0,2,0.658347861,0,0,120,1580.163225,-1,0
28,100027,B4_Physical_Multiobjective,2,Earth_Relay1_Mars,0,2,0.658347861,0,0,120,1507.369794,-1,0
28,100027,B4_Physical_Multiobjective,3,Earth_Relay2_Mars,1,2,0.658347861,0.999977849,0.658333278,120,1313.521703,0.327498351,0
29,100028,B1_Shortest_Delay,0,Direct_Earth_to_Mars,1,1,0.983601567,0.999997589,0.983599196,60,1252.441867,1,1
29,100028,B1_Shortest_Delay,1,Earth_Relay0_Mars,1,2,0.967472043,0.999998572,0.967470662,120,1470.9818,0.851432606,0
29,100028,B1_Shortest_Delay,2,Earth_Relay1_Mars,1,2,0.967472043,0.999995638,0.967467823,120,1492.076424,0.839395253,0
29,100028,B1_Shortest_Delay,3,Earth_Relay2_Mars,0,2,0.967472043,0,0,120,1259.077947,-1,0
29,100028,B2_Contact_Aware,0,Direct_Earth_to_Mars,1,1,0.983601567,0.999997589,0.983599196,60,1252.441867,0.983601567,1
29,100028,B2_Contact_Aware,1,Earth_Relay0_Mars,1,2,0.967472043,0.999998572,0.967470662,120,1470.9818,0.967472043,0
29,100028,B2_Contact_Aware,2,Earth_Relay1_Mars,1,2,0.967472043,0.999995638,0.967467823,120,1492.076424,0.967472043,0
29,100028,B2_Contact_Aware,3,Earth_Relay2_Mars,0,2,0.967472043,0,0,120,1259.077947,-1,0
29,100028,B3_Physical_Success,0,Direct_Earth_to_Mars,1,1,0.983601567,0.999997589,0.983599196,60,1252.441867,0.983599196,1
29,100028,B3_Physical_Success,1,Earth_Relay0_Mars,1,2,0.967472043,0.999998572,0.967470662,120,1470.9818,0.967470662,0
29,100028,B3_Physical_Success,2,Earth_Relay1_Mars,1,2,0.967472043,0.999995638,0.967467823,120,1492.076424,0.967467823,0
29,100028,B3_Physical_Success,3,Earth_Relay2_Mars,0,2,0.967472043,0,0,120,1259.077947,-1,0
29,100028,B4_Physical_Multiobjective,0,Direct_Earth_to_Mars,1,1,0.983601567,0.999997589,0.983599196,60,1252.441867,0.983599196,1
29,100028,B4_Physical_Multiobjective,1,Earth_Relay0_Mars,1,2,0.967472043,0.999998572,0.967470662,120,1470.9818,0.411868033,0
29,100028,B4_Physical_Multiobjective,2,Earth_Relay1_Mars,1,2,0.967472043,0.999995638,0.967467823,120,1492.076424,0.406043949,0
29,100028,B4_Physical_Multiobjective,3,Earth_Relay2_Mars,0,2,0.967472043,0,0,120,1259.077947,-1,0
30,100029,B1_Shortest_Delay,0,Direct_Earth_to_Mars,1,1,0.906489488,1,0.906489488,60,939.4214055,1,1
30,100029,B1_Shortest_Delay,1,Earth_Relay0_Mars,1,2,0.821723191,1,0.821723191,120,1282.421904,0.732536931,0
30,100029,B1_Shortest_Delay,2,Earth_Relay1_Mars,1,2,0.821723191,1,0.821723191,120,1077.687853,0.871700839,0
30,100029,B1_Shortest_Delay,3,Earth_Relay2_Mars,1,2,0.821723191,1,0.821723191,120,945.6038799,0.993461877,0
30,100029,B2_Contact_Aware,0,Direct_Earth_to_Mars,1,1,0.906489488,1,0.906489488,60,939.4214055,0.906489488,1
30,100029,B2_Contact_Aware,1,Earth_Relay0_Mars,1,2,0.821723191,1,0.821723191,120,1282.421904,0.821723191,0
30,100029,B2_Contact_Aware,2,Earth_Relay1_Mars,1,2,0.821723191,1,0.821723191,120,1077.687853,0.821723191,0
30,100029,B2_Contact_Aware,3,Earth_Relay2_Mars,1,2,0.821723191,1,0.821723191,120,945.6038799,0.821723191,0
30,100029,B3_Physical_Success,0,Direct_Earth_to_Mars,1,1,0.906489488,1,0.906489488,60,939.4214055,0.906489488,1
30,100029,B3_Physical_Success,1,Earth_Relay0_Mars,1,2,0.821723191,1,0.821723191,120,1282.421904,0.821723191,0
30,100029,B3_Physical_Success,2,Earth_Relay1_Mars,1,2,0.821723191,1,0.821723191,120,1077.687853,0.821723191,0
30,100029,B3_Physical_Success,3,Earth_Relay2_Mars,1,2,0.821723191,1,0.821723191,120,945.6038799,0.821723191,0
30,100029,B4_Physical_Multiobjective,0,Direct_Earth_to_Mars,1,1,0.906489488,1,0.906489488,60,939.4214055,0.906489488,1
30,100029,B4_Physical_Multiobjective,1,Earth_Relay0_Mars,1,2,0.821723191,1,0.821723191,120,1282.421904,0.300971292,0
30,100029,B4_Physical_Multiobjective,2,Earth_Relay1_Mars,1,2,0.821723191,1,0.821723191,120,1077.687853,0.358148397,0
30,100029,B4_Physical_Multiobjective,3,Earth_Relay2_Mars,1,2,0.821723191,1,0.821723191,120,945.6038799,0.408175332,0
31,100030,B1_Shortest_Delay,0,Direct_Earth_to_Mars,1,1,0.992955127,0.999999301,0.992954433,60,1225.060899,1,1
31,100030,B1_Shortest_Delay,1,Earth_Relay0_Mars,1,2,0.985959884,0.999999778,0.985959665,120,1431.307341,0.855903455,0
31,100030,B1_Shortest_Delay,2,Earth_Relay1_Mars,1,2,0.985959884,0.999997794,0.985957709,120,1477.183152,0.82932228,0
31,100030,B1_Shortest_Delay,3,Earth_Relay2_Mars,1,2,0.985959884,0.999998368,0.985958275,120,1231.669482,0.994634451,0
31,100030,B2_Contact_Aware,0,Direct_Earth_to_Mars,1,1,0.992955127,0.999999301,0.992954433,60,1225.060899,0.992955127,1
31,100030,B2_Contact_Aware,1,Earth_Relay0_Mars,1,2,0.985959884,0.999999778,0.985959665,120,1431.307341,0.985959884,0
31,100030,B2_Contact_Aware,2,Earth_Relay1_Mars,1,2,0.985959884,0.999997794,0.985957709,120,1477.183152,0.985959884,0
31,100030,B2_Contact_Aware,3,Earth_Relay2_Mars,1,2,0.985959884,0.999998368,0.985958275,120,1231.669482,0.985959884,0
31,100030,B3_Physical_Success,0,Direct_Earth_to_Mars,1,1,0.992955127,0.999999301,0.992954433,60,1225.060899,0.992954433,1
31,100030,B3_Physical_Success,1,Earth_Relay0_Mars,1,2,0.985959884,0.999999778,0.985959665,120,1431.307341,0.985959665,0
31,100030,B3_Physical_Success,2,Earth_Relay1_Mars,1,2,0.985959884,0.999997794,0.985957709,120,1477.183152,0.985957709,0
31,100030,B3_Physical_Success,3,Earth_Relay2_Mars,1,2,0.985959884,0.999998368,0.985958275,120,1231.669482,0.985958275,0
31,100030,B4_Physical_Multiobjective,0,Direct_Earth_to_Mars,1,1,0.992955127,0.999999301,0.992954433,60,1225.060899,0.992954433,1
31,100030,B4_Physical_Multiobjective,1,Earth_Relay0_Mars,1,2,0.985959884,0.999999778,0.985959665,120,1431.307341,0.421943142,0
31,100030,B4_Physical_Multiobjective,2,Earth_Relay1_Mars,1,2,0.985959884,0.999997794,0.985957709,120,1477.183152,0.408838347,0
31,100030,B4_Physical_Multiobjective,3,Earth_Relay2_Mars,1,2,0.985959884,0.999998368,0.985958275,120,1231.669482,0.490334034,0
32,100031,B1_Shortest_Delay,0,Direct_Earth_to_Mars,1,1,0.988020971,1,0.988020971,60,234.7960095,1,1
32,100031,B1_Shortest_Delay,1,Earth_Relay0_Mars,1,2,0.976185439,1,0.976185439,120,524.822095,0.447382097,0
32,100031,B1_Shortest_Delay,2,Earth_Relay1_Mars,1,2,0.976185439,1,0.976185439,120,647.3440686,0.362706667,0
32,100031,B1_Shortest_Delay,3,Earth_Relay2_Mars,1,2,0.976185439,1,0.976185439,120,241.2460502,0.973263642,0
32,100031,B2_Contact_Aware,0,Direct_Earth_to_Mars,1,1,0.988020971,1,0.988020971,60,234.7960095,0.988020971,1
32,100031,B2_Contact_Aware,1,Earth_Relay0_Mars,1,2,0.976185439,1,0.976185439,120,524.822095,0.976185439,0
32,100031,B2_Contact_Aware,2,Earth_Relay1_Mars,1,2,0.976185439,1,0.976185439,120,647.3440686,0.976185439,0
32,100031,B2_Contact_Aware,3,Earth_Relay2_Mars,1,2,0.976185439,1,0.976185439,120,241.2460502,0.976185439,0
32,100031,B3_Physical_Success,0,Direct_Earth_to_Mars,1,1,0.988020971,1,0.988020971,60,234.7960095,0.988020971,1
32,100031,B3_Physical_Success,1,Earth_Relay0_Mars,1,2,0.976185439,1,0.976185439,120,524.822095,0.976185439,0
32,100031,B3_Physical_Success,2,Earth_Relay1_Mars,1,2,0.976185439,1,0.976185439,120,647.3440686,0.976185439,0
32,100031,B3_Physical_Success,3,Earth_Relay2_Mars,1,2,0.976185439,1,0.976185439,120,241.2460502,0.976185439,0
32,100031,B4_Physical_Multiobjective,0,Direct_Earth_to_Mars,1,1,0.988020971,1,0.988020971,60,234.7960095,0.988020971,1
32,100031,B4_Physical_Multiobjective,1,Earth_Relay0_Mars,1,2,0.976185439,1,0.976185439,120,524.822095,0.218363944,0
32,100031,B4_Physical_Multiobjective,2,Earth_Relay1_Mars,1,2,0.976185439,1,0.976185439,120,647.3440686,0.177034483,0
32,100031,B4_Physical_Multiobjective,3,Earth_Relay2_Mars,1,2,0.976185439,1,0.976185439,120,241.2460502,0.475042898,0
33,100032,B1_Shortest_Delay,0,Direct_Earth_to_Mars,1,1,0.985524838,0.999999553,0.985524398,60,1256.618119,1,1
33,100032,B1_Shortest_Delay,1,Earth_Relay0_Mars,1,2,0.971259207,0.999999735,0.97125895,120,1477.237201,0.850654261,0
33,100032,B1_Shortest_Delay,2,Earth_Relay1_Mars,1,2,0.971259207,0.999999269,0.971258497,120,1494.32125,0.84092903,0
33,100032,B1_Shortest_Delay,3,Earth_Relay2_Mars,1,2,0.971259207,0.999998956,0.971258193,120,1263.258093,0.994743771,0
33,100032,B2_Contact_Aware,0,Direct_Earth_to_Mars,1,1,0.985524838,0.999999553,0.985524398,60,1256.618119,0.985524838,1
33,100032,B2_Contact_Aware,1,Earth_Relay0_Mars,1,2,0.971259207,0.999999735,0.97125895,120,1477.237201,0.971259207,0
33,100032,B2_Contact_Aware,2,Earth_Relay1_Mars,1,2,0.971259207,0.999999269,0.971258497,120,1494.32125,0.971259207,0
33,100032,B2_Contact_Aware,3,Earth_Relay2_Mars,1,2,0.971259207,0.999998956,0.971258193,120,1263.258093,0.971259207,0
33,100032,B3_Physical_Success,0,Direct_Earth_to_Mars,1,1,0.985524838,0.999999553,0.985524398,60,1256.618119,0.985524398,1
33,100032,B3_Physical_Success,1,Earth_Relay0_Mars,1,2,0.971259207,0.999999735,0.97125895,120,1477.237201,0.97125895,0
33,100032,B3_Physical_Success,2,Earth_Relay1_Mars,1,2,0.971259207,0.999999269,0.971258497,120,1494.32125,0.971258497,0
33,100032,B3_Physical_Success,3,Earth_Relay2_Mars,1,2,0.971259207,0.999998956,0.971258193,120,1263.258093,0.971258193,0
33,100032,B4_Physical_Multiobjective,0,Direct_Earth_to_Mars,1,1,0.985524838,0.999999553,0.985524398,60,1256.618119,0.985524398,1
33,100032,B4_Physical_Multiobjective,1,Earth_Relay0_Mars,1,2,0.971259207,0.999999735,0.97125895,120,1477.237201,0.413102782,0
33,100032,B4_Physical_Multiobjective,2,Earth_Relay1_Mars,1,2,0.971259207,0.999999269,0.971258497,120,1494.32125,0.408379733,0
33,100032,B4_Physical_Multiobjective,3,Earth_Relay2_Mars,1,2,0.971259207,0.999998956,0.971258193,120,1263.258093,0.483076519,0
34,100033,B1_Shortest_Delay,0,Direct_Earth_to_Mars,1,1,0.888456606,1,0.888456606,60,226.901445,1,1
34,100033,B1_Shortest_Delay,1,Earth_Relay0_Mars,1,2,0.78935514,1,0.78935514,120,537.5797783,0.422079576,0
34,100033,B1_Shortest_Delay,2,Earth_Relay1_Mars,1,2,0.78935514,1,0.78935514,120,617.0692095,0.367708259,0
34,100033,B1_Shortest_Delay,3,Earth_Relay2_Mars,1,2,0.78935514,1,0.78935514,120,233.474794,0.971845573,0
34,100033,B2_Contact_Aware,0,Direct_Earth_to_Mars,1,1,0.888456606,1,0.888456606,60,226.901445,0.888456606,1
34,100033,B2_Contact_Aware,1,Earth_Relay0_Mars,1,2,0.78935514,1,0.78935514,120,537.5797783,0.78935514,0
34,100033,B2_Contact_Aware,2,Earth_Relay1_Mars,1,2,0.78935514,1,0.78935514,120,617.0692095,0.78935514,0
34,100033,B2_Contact_Aware,3,Earth_Relay2_Mars,1,2,0.78935514,1,0.78935514,120,233.474794,0.78935514,0
34,100033,B3_Physical_Success,0,Direct_Earth_to_Mars,1,1,0.888456606,1,0.888456606,60,226.901445,0.888456606,1
34,100033,B3_Physical_Success,1,Earth_Relay0_Mars,1,2,0.78935514,1,0.78935514,120,537.5797783,0.78935514,0
34,100033,B3_Physical_Success,2,Earth_Relay1_Mars,1,2,0.78935514,1,0.78935514,120,617.0692095,0.78935514,0
34,100033,B3_Physical_Success,3,Earth_Relay2_Mars,1,2,0.78935514,1,0.78935514,120,233.474794,0.78935514,0
34,100033,B4_Physical_Multiobjective,0,Direct_Earth_to_Mars,1,1,0.888456606,1,0.888456606,60,226.901445,0.888456606,1
34,100033,B4_Physical_Multiobjective,1,Earth_Relay0_Mars,1,2,0.78935514,1,0.78935514,120,537.5797783,0.166585342,0
34,100033,B4_Physical_Multiobjective,2,Earth_Relay1_Mars,1,2,0.78935514,1,0.78935514,120,617.0692095,0.145126202,0
34,100033,B4_Physical_Multiobjective,3,Earth_Relay2_Mars,1,2,0.78935514,1,0.78935514,120,233.474794,0.383565649,0
35,100034,B1_Shortest_Delay,0,Direct_Earth_to_Mars,1,1,0.859327536,1,0.859327536,60,563.6167832,1,1
35,100034,B1_Shortest_Delay,1,Earth_Relay0_Mars,1,2,0.738443814,1,0.738443814,120,660.2940465,0.85358453,0
35,100034,B1_Shortest_Delay,2,Earth_Relay1_Mars,1,2,0.738443814,1,0.738443814,120,1022.1355,0.551411024,0
35,100034,B1_Shortest_Delay,3,Earth_Relay2_Mars,1,2,0.738443814,1,0.738443814,120,569.3199025,0.989982575,0
35,100034,B2_Contact_Aware,0,Direct_Earth_to_Mars,1,1,0.859327536,1,0.859327536,60,563.6167832,0.859327536,1
35,100034,B2_Contact_Aware,1,Earth_Relay0_Mars,1,2,0.738443814,1,0.738443814,120,660.2940465,0.738443814,0
35,100034,B2_Contact_Aware,2,Earth_Relay1_Mars,1,2,0.738443814,1,0.738443814,120,1022.1355,0.738443814,0
35,100034,B2_Contact_Aware,3,Earth_Relay2_Mars,1,2,0.738443814,1,0.738443814,120,569.3199025,0.738443814,0
35,100034,B3_Physical_Success,0,Direct_Earth_to_Mars,1,1,0.859327536,1,0.859327536,60,563.6167832,0.859327536,1
35,100034,B3_Physical_Success,1,Earth_Relay0_Mars,1,2,0.738443814,1,0.738443814,120,660.2940465,0.738443814,0
35,100034,B3_Physical_Success,2,Earth_Relay1_Mars,1,2,0.738443814,1,0.738443814,120,1022.1355,0.738443814,0
35,100034,B3_Physical_Success,3,Earth_Relay2_Mars,1,2,0.738443814,1,0.738443814,120,569.3199025,0.738443814,0
35,100034,B4_Physical_Multiobjective,0,Direct_Earth_to_Mars,1,1,0.859327536,1,0.859327536,60,563.6167832,0.859327536,1
35,100034,B4_Physical_Multiobjective,1,Earth_Relay0_Mars,1,2,0.738443814,1,0.738443814,120,660.2940465,0.315162108,0
35,100034,B4_Physical_Multiobjective,2,Earth_Relay1_Mars,1,2,0.738443814,1,0.738443814,120,1022.1355,0.20359303,0
35,100034,B4_Physical_Multiobjective,3,Earth_Relay2_Mars,1,2,0.738443814,1,0.738443814,120,569.3199025,0.365523254,0
36,100035,B1_Shortest_Delay,0,Direct_Earth_to_Mars,1,1,0.978784659,0.999860384,0.978648005,60,1301.659041,1,1
36,100035,B1_Shortest_Delay,1,Earth_Relay0_Mars,1,2,0.958019408,0.999415642,0.957459582,120,1583.010933,0.822267878,0
36,100035,B1_Shortest_Delay,2,Earth_Relay1_Mars,1,2,0.958019408,0.999969965,0.957990635,120,1497.462796,0.869242992,0
36,100035,B1_Shortest_Delay,3,Earth_Relay2_Mars,1,2,0.958019408,0.999686767,0.957719325,120,1308.301771,0.994922631,0
36,100035,B2_Contact_Aware,0,Direct_Earth_to_Mars,1,1,0.978784659,0.999860384,0.978648005,60,1301.659041,0.978784659,1
36,100035,B2_Contact_Aware,1,Earth_Relay0_Mars,1,2,0.958019408,0.999415642,0.957459582,120,1583.010933,0.958019408,0
36,100035,B2_Contact_Aware,2,Earth_Relay1_Mars,1,2,0.958019408,0.999969965,0.957990635,120,1497.462796,0.958019408,0
36,100035,B2_Contact_Aware,3,Earth_Relay2_Mars,1,2,0.958019408,0.999686767,0.957719325,120,1308.301771,0.958019408,0
36,100035,B3_Physical_Success,0,Direct_Earth_to_Mars,1,1,0.978784659,0.999860384,0.978648005,60,1301.659041,0.978648005,1
36,100035,B3_Physical_Success,1,Earth_Relay0_Mars,1,2,0.958019408,0.999415642,0.957459582,120,1583.010933,0.957459582,0
36,100035,B3_Physical_Success,2,Earth_Relay1_Mars,1,2,0.958019408,0.999969965,0.957990635,120,1497.462796,0.957990635,0
36,100035,B3_Physical_Success,3,Earth_Relay2_Mars,1,2,0.958019408,0.999686767,0.957719325,120,1308.301771,0.957719325,0
36,100035,B4_Physical_Multiobjective,0,Direct_Earth_to_Mars,1,1,0.978784659,0.999860384,0.978648005,60,1301.659041,0.978648005,1
36,100035,B4_Physical_Multiobjective,1,Earth_Relay0_Mars,1,2,0.958019408,0.999415642,0.957459582,120,1583.010933,0.393644129,0
36,100035,B4_Physical_Multiobjective,2,Earth_Relay1_Mars,1,2,0.958019408,0.999969965,0.957990635,120,1497.462796,0.416363323,0
36,100035,B4_Physical_Multiobjective,3,Earth_Relay2_Mars,1,2,0.958019408,0.999686767,0.957719325,120,1308.301771,0.476428315,0
37,100036,B1_Shortest_Delay,0,Direct_Earth_to_Mars,1,1,0.871321322,1,0.871321322,60,809.0904389,1,1
37,100036,B1_Shortest_Delay,1,Earth_Relay0_Mars,1,2,0.759200846,1,0.759200846,120,1158.390706,0.698460748,0
37,100036,B1_Shortest_Delay,2,Earth_Relay1_Mars,1,2,0.759200846,1,0.759200846,120,935.0663834,0.865275935,0
37,100036,B1_Shortest_Delay,3,Earth_Relay2_Mars,0,2,0.759200846,0,0,120,815.1560388,-1,0
37,100036,B2_Contact_Aware,0,Direct_Earth_to_Mars,1,1,0.871321322,1,0.871321322,60,809.0904389,0.871321322,1
37,100036,B2_Contact_Aware,1,Earth_Relay0_Mars,1,2,0.759200846,1,0.759200846,120,1158.390706,0.759200846,0
37,100036,B2_Contact_Aware,2,Earth_Relay1_Mars,1,2,0.759200846,1,0.759200846,120,935.0663834,0.759200846,0
37,100036,B2_Contact_Aware,3,Earth_Relay2_Mars,0,2,0.759200846,0,0,120,815.1560388,-1,0
37,100036,B3_Physical_Success,0,Direct_Earth_to_Mars,1,1,0.871321322,1,0.871321322,60,809.0904389,0.871321322,1
37,100036,B3_Physical_Success,1,Earth_Relay0_Mars,1,2,0.759200846,1,0.759200846,120,1158.390706,0.759200846,0
37,100036,B3_Physical_Success,2,Earth_Relay1_Mars,1,2,0.759200846,1,0.759200846,120,935.0663834,0.759200846,0
37,100036,B3_Physical_Success,3,Earth_Relay2_Mars,0,2,0.759200846,0,0,120,815.1560388,-1,0
37,100036,B4_Physical_Multiobjective,0,Direct_Earth_to_Mars,1,1,0.871321322,1,0.871321322,60,809.0904389,0.871321322,1
37,100036,B4_Physical_Multiobjective,1,Earth_Relay0_Mars,1,2,0.759200846,1,0.759200846,120,1158.390706,0.265135995,0
37,100036,B4_Physical_Multiobjective,2,Earth_Relay1_Mars,1,2,0.759200846,1,0.759200846,120,935.0663834,0.328459111,0
37,100036,B4_Physical_Multiobjective,3,Earth_Relay2_Mars,0,2,0.759200846,0,0,120,815.1560388,-1,0
38,100037,B1_Shortest_Delay,0,Direct_Earth_to_Mars,1,1,0.804143586,0.999956933,0.804108954,60,1289.388773,1,1
38,100037,B1_Shortest_Delay,1,Earth_Relay0_Mars,1,2,0.646646908,0.999745236,0.646482165,120,1579.982223,0.816078026,0
38,100037,B1_Shortest_Delay,2,Earth_Relay1_Mars,1,2,0.646646908,0.999994465,0.646643328,120,1479.685154,0.871394006,0
38,100037,B1_Shortest_Delay,3,Earth_Relay2_Mars,1,2,0.646646908,0.999902653,0.646583959,120,1296.007156,0.994893251,0
38,100037,B2_Contact_Aware,0,Direct_Earth_to_Mars,1,1,0.804143586,0.999956933,0.804108954,60,1289.388773,0.804143586,1
38,100037,B2_Contact_Aware,1,Earth_Relay0_Mars,1,2,0.646646908,0.999745236,0.646482165,120,1579.982223,0.646646908,0
38,100037,B2_Contact_Aware,2,Earth_Relay1_Mars,1,2,0.646646908,0.999994465,0.646643328,120,1479.685154,0.646646908,0
38,100037,B2_Contact_Aware,3,Earth_Relay2_Mars,1,2,0.646646908,0.999902653,0.646583959,120,1296.007156,0.646646908,0
38,100037,B3_Physical_Success,0,Direct_Earth_to_Mars,1,1,0.804143586,0.999956933,0.804108954,60,1289.388773,0.804108954,1
38,100037,B3_Physical_Success,1,Earth_Relay0_Mars,1,2,0.646646908,0.999745236,0.646482165,120,1579.982223,0.646482165,0
38,100037,B3_Physical_Success,2,Earth_Relay1_Mars,1,2,0.646646908,0.999994465,0.646643328,120,1479.685154,0.646643328,0
38,100037,B3_Physical_Success,3,Earth_Relay2_Mars,1,2,0.646646908,0.999902653,0.646583959,120,1296.007156,0.646583959,0
38,100037,B4_Physical_Multiobjective,0,Direct_Earth_to_Mars,1,1,0.804143586,0.999956933,0.804108954,60,1289.388773,0.804108954,1
38,100037,B4_Physical_Multiobjective,1,Earth_Relay0_Mars,1,2,0.646646908,0.999745236,0.646482165,120,1579.982223,0.263789944,0
38,100037,B4_Physical_Multiobjective,2,Earth_Relay1_Mars,1,2,0.646646908,0.999994465,0.646643328,120,1479.685154,0.28174056,0
38,100037,B4_Physical_Multiobjective,3,Earth_Relay2_Mars,1,2,0.646646908,0.999902653,0.646583959,120,1296.007156,0.321641008,0
39,100038,B1_Shortest_Delay,0,Direct_Earth_to_Mars,1,1,0.882054101,1,0.882054101,60,263.1408942,1,1
39,100038,B1_Shortest_Delay,1,Earth_Relay0_Mars,1,2,0.778019438,1,0.778019438,120,509.4691083,0.516500196,0
39,100038,B1_Shortest_Delay,2,Earth_Relay1_Mars,1,2,0.778019438,1,0.778019438,120,708.1397372,0.371594588,0
39,100038,B1_Shortest_Delay,3,Earth_Relay2_Mars,1,2,0.778019438,1,0.778019438,120,269.3066229,0.977105173,0
39,100038,B2_Contact_Aware,0,Direct_Earth_to_Mars,1,1,0.882054101,1,0.882054101,60,263.1408942,0.882054101,1
39,100038,B2_Contact_Aware,1,Earth_Relay0_Mars,1,2,0.778019438,1,0.778019438,120,509.4691083,0.778019438,0
39,100038,B2_Contact_Aware,2,Earth_Relay1_Mars,1,2,0.778019438,1,0.778019438,120,708.1397372,0.778019438,0
39,100038,B2_Contact_Aware,3,Earth_Relay2_Mars,1,2,0.778019438,1,0.778019438,120,269.3066229,0.778019438,0
39,100038,B3_Physical_Success,0,Direct_Earth_to_Mars,1,1,0.882054101,1,0.882054101,60,263.1408942,0.882054101,1
39,100038,B3_Physical_Success,1,Earth_Relay0_Mars,1,2,0.778019438,1,0.778019438,120,509.4691083,0.778019438,0
39,100038,B3_Physical_Success,2,Earth_Relay1_Mars,1,2,0.778019438,1,0.778019438,120,708.1397372,0.778019438,0
39,100038,B3_Physical_Success,3,Earth_Relay2_Mars,1,2,0.778019438,1,0.778019438,120,269.3066229,0.778019438,0
39,100038,B4_Physical_Multiobjective,0,Direct_Earth_to_Mars,1,1,0.882054101,1,0.882054101,60,263.1408942,0.882054101,1
39,100038,B4_Physical_Multiobjective,1,Earth_Relay0_Mars,1,2,0.778019438,1,0.778019438,120,509.4691083,0.200923596,0
39,100038,B4_Physical_Multiobjective,2,Earth_Relay1_Mars,1,2,0.778019438,1,0.778019438,120,708.1397372,0.144553906,0
39,100038,B4_Physical_Multiobjective,3,Earth_Relay2_Mars,1,2,0.778019438,1,0.778019438,120,269.3066229,0.380103408,0
40,100039,B1_Shortest_Delay,0,Direct_Earth_to_Mars,1,1,0.873080231,1,0.873080231,60,1019.327456,1,1
40,100039,B1_Shortest_Delay,1,Earth_Relay0_Mars,1,2,0.76226909,1,0.76226909,120,1164.716495,0.875172165,0
40,100039,B1_Shortest_Delay,2,Earth_Relay1_Mars,1,2,0.76226909,1,0.76226909,120,1369.28141,0.744425104,0
40,100039,B1_Shortest_Delay,3,Earth_Relay2_Mars,1,2,0.76226909,1,0.76226909,120,1025.66493,0.993821107,0
40,100039,B2_Contact_Aware,0,Direct_Earth_to_Mars,1,1,0.873080231,1,0.873080231,60,1019.327456,0.873080231,1
40,100039,B2_Contact_Aware,1,Earth_Relay0_Mars,1,2,0.76226909,1,0.76226909,120,1164.716495,0.76226909,0
40,100039,B2_Contact_Aware,2,Earth_Relay1_Mars,1,2,0.76226909,1,0.76226909,120,1369.28141,0.76226909,0
40,100039,B2_Contact_Aware,3,Earth_Relay2_Mars,1,2,0.76226909,1,0.76226909,120,1025.66493,0.76226909,0
40,100039,B3_Physical_Success,0,Direct_Earth_to_Mars,1,1,0.873080231,1,0.873080231,60,1019.327456,0.873080231,1
40,100039,B3_Physical_Success,1,Earth_Relay0_Mars,1,2,0.76226909,1,0.76226909,120,1164.716495,0.76226909,0
40,100039,B3_Physical_Success,2,Earth_Relay1_Mars,1,2,0.76226909,1,0.76226909,120,1369.28141,0.76226909,0
40,100039,B3_Physical_Success,3,Earth_Relay2_Mars,1,2,0.76226909,1,0.76226909,120,1025.66493,0.76226909,0
40,100039,B4_Physical_Multiobjective,0,Direct_Earth_to_Mars,1,1,0.873080231,1,0.873080231,60,1019.327456,0.873080231,1
40,100039,B4_Physical_Multiobjective,1,Earth_Relay0_Mars,1,2,0.76226909,1,0.76226909,120,1164.716495,0.333558345,0
40,100039,B4_Physical_Multiobjective,2,Earth_Relay1_Mars,1,2,0.76226909,1,0.76226909,120,1369.28141,0.283726123,0
40,100039,B4_Physical_Multiobjective,3,Earth_Relay2_Mars,1,2,0.76226909,1,0.76226909,120,1025.66493,0.378779556,0
41,100040,B1_Shortest_Delay,0,Direct_Earth_to_Mars,1,1,0.85670695,0.999928898,0.856646036,60,1293.334784,1,1
41,100040,B1_Shortest_Delay,1,Earth_Relay0_Mars,1,2,0.733946798,0.999622029,0.733669388,120,1581.501099,0.817789368,0
41,100040,B1_Shortest_Delay,2,Earth_Relay1_Mars,1,2,0.733946798,0.999989194,0.733938867,120,1485.101086,0.870873233,0
41,100040,B1_Shortest_Delay,3,Earth_Relay2_Mars,1,2,0.733946798,0.999839794,0.733829216,120,1299.960436,0.99490319,0
41,100040,B2_Contact_Aware,0,Direct_Earth_to_Mars,1,1,0.85670695,0.999928898,0.856646036,60,1293.334784,0.85670695,1
41,100040,B2_Contact_Aware,1,Earth_Relay0_Mars,1,2,0.733946798,0.999622029,0.733669388,120,1581.501099,0.733946798,0
41,100040,B2_Contact_Aware,2,Earth_Relay1_Mars,1,2,0.733946798,0.999989194,0.733938867,120,1485.101086,0.733946798,0
41,100040,B2_Contact_Aware,3,Earth_Relay2_Mars,1,2,0.733946798,0.999839794,0.733829216,120,1299.960436,0.733946798,0
41,100040,B3_Physical_Success,0,Direct_Earth_to_Mars,1,1,0.85670695,0.999928898,0.856646036,60,1293.334784,0.856646036,1
41,100040,B3_Physical_Success,1,Earth_Relay0_Mars,1,2,0.733946798,0.999622029,0.733669388,120,1581.501099,0.733669388,0
41,100040,B3_Physical_Success,2,Earth_Relay1_Mars,1,2,0.733946798,0.999989194,0.733938867,120,1485.101086,0.733938867,0
41,100040,B3_Physical_Success,3,Earth_Relay2_Mars,1,2,0.733946798,0.999839794,0.733829216,120,1299.960436,0.733829216,0
41,100040,B4_Physical_Multiobjective,0,Direct_Earth_to_Mars,1,1,0.85670695,0.999928898,0.856646036,60,1293.334784,0.856646036,1
41,100040,B4_Physical_Multiobjective,1,Earth_Relay0_Mars,1,2,0.733946798,0.999622029,0.733669388,120,1581.501099,0.299993512,0
41,100040,B4_Physical_Multiobjective,2,Earth_Relay1_Mars,1,2,0.733946798,0.999989194,0.733938867,120,1485.101086,0.319583857,0
41,100040,B4_Physical_Multiobjective,3,Earth_Relay2_Mars,1,2,0.733946798,0.999839794,0.733829216,120,1299.960436,0.365044514,0
42,100041,B1_Shortest_Delay,0,Direct_Earth_to_Mars,1,1,0.857464798,0.999999369,0.857464256,60,1238.022696,1,1
42,100041,B1_Shortest_Delay,1,Earth_Relay0_Mars,1,2,0.735245879,0.999999741,0.735245689,120,1449.836808,0.853904859,0
42,100041,B1_Shortest_Delay,2,Earth_Relay1_Mars,1,2,0.735245879,0.99999846,0.735244747,120,1484.253803,0.834104446,0
42,100041,B1_Shortest_Delay,3,Earth_Relay2_Mars,1,2,0.735245879,0.999998527,0.735244796,120,1244.644682,0.994679617,0
42,100041,B2_Contact_Aware,0,Direct_Earth_to_Mars,1,1,0.857464798,0.999999369,0.857464256,60,1238.022696,0.857464798,1
42,100041,B2_Contact_Aware,1,Earth_Relay0_Mars,1,2,0.735245879,0.999999741,0.735245689,120,1449.836808,0.735245879,0
42,100041,B2_Contact_Aware,2,Earth_Relay1_Mars,1,2,0.735245879,0.99999846,0.735244747,120,1484.253803,0.735245879,0
42,100041,B2_Contact_Aware,3,Earth_Relay2_Mars,1,2,0.735245879,0.999998527,0.735244796,120,1244.644682,0.735245879,0
42,100041,B3_Physical_Success,0,Direct_Earth_to_Mars,1,1,0.857464798,0.999999369,0.857464256,60,1238.022696,0.857464256,1
42,100041,B3_Physical_Success,1,Earth_Relay0_Mars,1,2,0.735245879,0.999999741,0.735245689,120,1449.836808,0.735245689,0
42,100041,B3_Physical_Success,2,Earth_Relay1_Mars,1,2,0.735245879,0.99999846,0.735244747,120,1484.253803,0.735244747,0
42,100041,B3_Physical_Success,3,Earth_Relay2_Mars,1,2,0.735245879,0.999998527,0.735244796,120,1244.644682,0.735244796,0
42,100041,B4_Physical_Multiobjective,0,Direct_Earth_to_Mars,1,1,0.857464798,0.999999369,0.857464256,60,1238.022696,0.857464256,1
42,100041,B4_Physical_Multiobjective,1,Earth_Relay0_Mars,1,2,0.735245879,0.999999741,0.735245689,120,1449.836808,0.313914933,0
42,100041,B4_Physical_Multiobjective,2,Earth_Relay1_Mars,1,2,0.735245879,0.99999846,0.735244747,120,1484.253803,0.306635456,0
42,100041,B4_Physical_Multiobjective,3,Earth_Relay2_Mars,1,2,0.735245879,0.999998527,0.735244796,120,1244.644682,0.365666506,0
43,100042,B1_Shortest_Delay,0,Direct_Earth_to_Mars,1,1,0.935291377,0.999875118,0.935174576,60,1304.830832,1,1
43,100042,B1_Shortest_Delay,1,Earth_Relay0_Mars,1,2,0.874769959,0.999729335,0.874533189,120,1561.798136,0.835467019,0
43,100042,B1_Shortest_Delay,2,Earth_Relay1_Mars,0,2,0.874769959,0,0,120,1515.163845,-1,0
43,100042,B1_Shortest_Delay,3,Earth_Relay2_Mars,1,2,0.874769959,0.99971944,0.874524533,120,1311.501378,0.994913809,0
43,100042,B2_Contact_Aware,0,Direct_Earth_to_Mars,1,1,0.935291377,0.999875118,0.935174576,60,1304.830832,0.935291377,1
43,100042,B2_Contact_Aware,1,Earth_Relay0_Mars,1,2,0.874769959,0.999729335,0.874533189,120,1561.798136,0.874769959,0
43,100042,B2_Contact_Aware,2,Earth_Relay1_Mars,0,2,0.874769959,0,0,120,1515.163845,-1,0
43,100042,B2_Contact_Aware,3,Earth_Relay2_Mars,1,2,0.874769959,0.99971944,0.874524533,120,1311.501378,0.874769959,0
43,100042,B3_Physical_Success,0,Direct_Earth_to_Mars,1,1,0.935291377,0.999875118,0.935174576,60,1304.830832,0.935174576,1
43,100042,B3_Physical_Success,1,Earth_Relay0_Mars,1,2,0.874769959,0.999729335,0.874533189,120,1561.798136,0.874533189,0
43,100042,B3_Physical_Success,2,Earth_Relay1_Mars,0,2,0.874769959,0,0,120,1515.163845,-1,0
43,100042,B3_Physical_Success,3,Earth_Relay2_Mars,1,2,0.874769959,0.99971944,0.874524533,120,1311.501378,0.874524533,0
43,100042,B4_Physical_Multiobjective,0,Direct_Earth_to_Mars,1,1,0.935291377,0.999875118,0.935174576,60,1304.830832,0.935174576,1
43,100042,B4_Physical_Multiobjective,1,Earth_Relay0_Mars,1,2,0.874769959,0.999729335,0.874533189,120,1561.798136,0.365321818,0
43,100042,B4_Physical_Multiobjective,2,Earth_Relay1_Mars,0,2,0.874769959,0,0,120,1515.163845,-1,0
43,100042,B4_Physical_Multiobjective,3,Earth_Relay2_Mars,1,2,0.874769959,0.99971944,0.874524533,120,1311.501378,0.435038267,0
44,100043,B1_Shortest_Delay,0,Direct_Earth_to_Mars,1,1,0.951253782,0.999997301,0.951251214,60,1283.016623,1,1
44,100043,B1_Shortest_Delay,1,Earth_Relay0_Mars,1,2,0.904883757,0.999978814,0.904864586,120,1576.95731,0.813602636,0
44,100043,B1_Shortest_Delay,2,Earth_Relay1_Mars,1,2,0.904883757,0.999999798,0.904883574,120,1471.245278,0.872061676,0
44,100043,B1_Shortest_Delay,3,Earth_Relay2_Mars,1,2,0.904883757,0.999993794,0.904878142,120,1289.623873,0.994876607,0
44,100043,B2_Contact_Aware,0,Direct_Earth_to_Mars,1,1,0.951253782,0.999997301,0.951251214,60,1283.016623,0.951253782,1
44,100043,B2_Contact_Aware,1,Earth_Relay0_Mars,1,2,0.904883757,0.999978814,0.904864586,120,1576.95731,0.904883757,0
44,100043,B2_Contact_Aware,2,Earth_Relay1_Mars,1,2,0.904883757,0.999999798,0.904883574,120,1471.245278,0.904883757,0
44,100043,B2_Contact_Aware,3,Earth_Relay2_Mars,1,2,0.904883757,0.999993794,0.904878142,120,1289.623873,0.904883757,0
44,100043,B3_Physical_Success,0,Direct_Earth_to_Mars,1,1,0.951253782,0.999997301,0.951251214,60,1283.016623,0.951251214,1
44,100043,B3_Physical_Success,1,Earth_Relay0_Mars,1,2,0.904883757,0.999978814,0.904864586,120,1576.95731,0.904864586,0
44,100043,B3_Physical_Success,2,Earth_Relay1_Mars,1,2,0.904883757,0.999999798,0.904883574,120,1471.245278,0.904883574,0
44,100043,B3_Physical_Success,3,Earth_Relay2_Mars,1,2,0.904883757,0.999993794,0.904878142,120,1289.623873,0.904878142,0
44,100043,B4_Physical_Multiobjective,0,Direct_Earth_to_Mars,1,1,0.951253782,0.999997301,0.951251214,60,1283.016623,0.951251214,1
44,100043,B4_Physical_Multiobjective,1,Earth_Relay0_Mars,1,2,0.904883757,0.999978814,0.904864586,120,1576.95731,0.368100106,0
44,100043,B4_Physical_Multiobjective,2,Earth_Relay1_Mars,1,2,0.904883757,0.999999798,0.904883574,120,1471.245278,0.394557143,0
44,100043,B4_Physical_Multiobjective,3,Earth_Relay2_Mars,1,2,0.904883757,0.999993794,0.904878142,120,1289.623873,0.450121048,0
45,100044,B1_Shortest_Delay,0,Direct_Earth_to_Mars,1,1,0.877135716,1,0.877135716,60,845.612872,1,1
45,100044,B1_Shortest_Delay,1,Earth_Relay0_Mars,1,2,0.769367064,1,0.769367064,120,1193.318573,0.708622903,0
45,100044,B1_Shortest_Delay,2,Earth_Relay1_Mars,1,2,0.769367064,1,0.769367064,120,974.6994968,0.867562643,0
45,100044,B1_Shortest_Delay,3,Earth_Relay2_Mars,1,2,0.769367064,1,0.769367064,120,851.7083058,0.992843285,0
45,100044,B2_Contact_Aware,0,Direct_Earth_to_Mars,1,1,0.877135716,1,0.877135716,60,845.612872,0.877135716,1
45,100044,B2_Contact_Aware,1,Earth_Relay0_Mars,1,2,0.769367064,1,0.769367064,120,1193.318573,0.769367064,0
45,100044,B2_Contact_Aware,2,Earth_Relay1_Mars,1,2,0.769367064,1,0.769367064,120,974.6994968,0.769367064,0
45,100044,B2_Contact_Aware,3,Earth_Relay2_Mars,1,2,0.769367064,1,0.769367064,120,851.7083058,0.769367064,0
45,100044,B3_Physical_Success,0,Direct_Earth_to_Mars,1,1,0.877135716,1,0.877135716,60,845.612872,0.877135716,1
45,100044,B3_Physical_Success,1,Earth_Relay0_Mars,1,2,0.769367064,1,0.769367064,120,1193.318573,0.769367064,0
45,100044,B3_Physical_Success,2,Earth_Relay1_Mars,1,2,0.769367064,1,0.769367064,120,974.6994968,0.769367064,0
45,100044,B3_Physical_Success,3,Earth_Relay2_Mars,1,2,0.769367064,1,0.769367064,120,851.7083058,0.769367064,0
45,100044,B4_Physical_Multiobjective,0,Direct_Earth_to_Mars,1,1,0.877135716,1,0.877135716,60,845.612872,0.877135716,1
45,100044,B4_Physical_Multiobjective,1,Earth_Relay0_Mars,1,2,0.769367064,1,0.769367064,120,1193.318573,0.272595561,0
45,100044,B4_Physical_Multiobjective,2,Earth_Relay1_Mars,1,2,0.769367064,1,0.769367064,120,974.6994968,0.333737062,0
45,100044,B4_Physical_Multiobjective,3,Earth_Relay2_Mars,1,2,0.769367064,1,0.769367064,120,851.7083058,0.381930461,0
46,100045,B1_Shortest_Delay,0,Direct_Earth_to_Mars,1,1,0.968685739,0.999988284,0.96867439,60,1304.362969,1,1
46,100045,B1_Shortest_Delay,1,Earth_Relay0_Mars,1,2,0.938352061,0.999974942,0.938328548,120,1560.535215,0.835843342,0
46,100045,B1_Shortest_Delay,2,Earth_Relay1_Mars,1,2,0.938352061,0.999994919,0.938347293,120,1515.197481,0.860853444,0
46,100045,B1_Shortest_Delay,3,Earth_Relay2_Mars,1,2,0.938352061,0.999973291,0.938326998,120,1311.033679,0.99491187,0
46,100045,B2_Contact_Aware,0,Direct_Earth_to_Mars,1,1,0.968685739,0.999988284,0.96867439,60,1304.362969,0.968685739,1
46,100045,B2_Contact_Aware,1,Earth_Relay0_Mars,1,2,0.938352061,0.999974942,0.938328548,120,1560.535215,0.938352061,0
46,100045,B2_Contact_Aware,2,Earth_Relay1_Mars,1,2,0.938352061,0.999994919,0.938347293,120,1515.197481,0.938352061,0
46,100045,B2_Contact_Aware,3,Earth_Relay2_Mars,1,2,0.938352061,0.999973291,0.938326998,120,1311.033679,0.938352061,0
46,100045,B3_Physical_Success,0,Direct_Earth_to_Mars,1,1,0.968685739,0.999988284,0.96867439,60,1304.362969,0.96867439,1
46,100045,B3_Physical_Success,1,Earth_Relay0_Mars,1,2,0.938352061,0.999974942,0.938328548,120,1560.535215,0.938328548,0
46,100045,B3_Physical_Success,2,Earth_Relay1_Mars,1,2,0.938352061,0.999994919,0.938347293,120,1515.197481,0.938347293,0
46,100045,B3_Physical_Success,3,Earth_Relay2_Mars,1,2,0.938352061,0.999973291,0.938326998,120,1311.033679,0.938326998,0
46,100045,B4_Physical_Multiobjective,0,Direct_Earth_to_Mars,1,1,0.968685739,0.999988284,0.96867439,60,1304.362969,0.96867439,1
46,100045,B4_Physical_Multiobjective,1,Earth_Relay0_Mars,1,2,0.938352061,0.999974942,0.938328548,120,1560.535215,0.392147835,0
46,100045,B4_Physical_Multiobjective,2,Earth_Relay1_Mars,1,2,0.938352061,0.999994919,0.938347293,120,1515.197481,0.403889749,0
46,100045,B4_Physical_Multiobjective,3,Earth_Relay2_Mars,1,2,0.938352061,0.999973291,0.938326998,120,1311.033679,0.466776334,0
47,100046,B1_Shortest_Delay,0,Direct_Earth_to_Mars,1,1,0.890936322,1,0.890936322,60,994.7170582,1,1
47,100046,B1_Shortest_Delay,1,Earth_Relay0_Mars,1,2,0.79376753,1,0.79376753,120,1134.925932,0.876459891,0
47,100046,B1_Shortest_Delay,2,Earth_Relay1_Mars,1,2,0.79376753,1,0.79376753,120,1356.437102,0.733330766,0
47,100046,B1_Shortest_Delay,3,Earth_Relay2_Mars,0,2,0.79376753,0,0,120,1001.016279,-1,0
47,100046,B2_Contact_Aware,0,Direct_Earth_to_Mars,1,1,0.890936322,1,0.890936322,60,994.7170582,0.890936322,1
47,100046,B2_Contact_Aware,1,Earth_Relay0_Mars,1,2,0.79376753,1,0.79376753,120,1134.925932,0.79376753,0
47,100046,B2_Contact_Aware,2,Earth_Relay1_Mars,1,2,0.79376753,1,0.79376753,120,1356.437102,0.79376753,0
47,100046,B2_Contact_Aware,3,Earth_Relay2_Mars,0,2,0.79376753,0,0,120,1001.016279,-1,0
47,100046,B3_Physical_Success,0,Direct_Earth_to_Mars,1,1,0.890936322,1,0.890936322,60,994.7170582,0.890936322,1
47,100046,B3_Physical_Success,1,Earth_Relay0_Mars,1,2,0.79376753,1,0.79376753,120,1134.925932,0.79376753,0
47,100046,B3_Physical_Success,2,Earth_Relay1_Mars,1,2,0.79376753,1,0.79376753,120,1356.437102,0.79376753,0
47,100046,B3_Physical_Success,3,Earth_Relay2_Mars,0,2,0.79376753,0,0,120,1001.016279,-1,0
47,100046,B4_Physical_Multiobjective,0,Direct_Earth_to_Mars,1,1,0.890936322,1,0.890936322,60,994.7170582,0.890936322,1
47,100046,B4_Physical_Multiobjective,1,Earth_Relay0_Mars,1,2,0.79376753,1,0.79376753,120,1134.925932,0.347852701,0
47,100046,B4_Physical_Multiobjective,2,Earth_Relay1_Mars,1,2,0.79376753,1,0.79376753,120,1356.437102,0.291047075,0
47,100046,B4_Physical_Multiobjective,3,Earth_Relay2_Mars,0,2,0.79376753,0,0,120,1001.016279,-1,0
48,100047,B1_Shortest_Delay,0,Direct_Earth_to_Mars,1,1,0.944407548,0.999813486,0.944231402,60,1307.470209,1,1
48,100047,B1_Shortest_Delay,1,Earth_Relay0_Mars,1,2,0.891905616,0.99952189,0.891479187,120,1571.048966,0.832227536,0
48,100047,B1_Shortest_Delay,2,Earth_Relay1_Mars,1,2,0.891905616,0.999922915,0.891836864,120,1513.733034,0.863738968,0
48,100047,B1_Shortest_Delay,3,Earth_Relay2_Mars,1,2,0.891905616,0.999582154,0.891532937,120,1314.137725,0.994926319,0
48,100047,B2_Contact_Aware,0,Direct_Earth_to_Mars,1,1,0.944407548,0.999813486,0.944231402,60,1307.470209,0.944407548,1
48,100047,B2_Contact_Aware,1,Earth_Relay0_Mars,1,2,0.891905616,0.99952189,0.891479187,120,1571.048966,0.891905616,0
48,100047,B2_Contact_Aware,2,Earth_Relay1_Mars,1,2,0.891905616,0.999922915,0.891836864,120,1513.733034,0.891905616,0
48,100047,B2_Contact_Aware,3,Earth_Relay2_Mars,1,2,0.891905616,0.999582154,0.891532937,120,1314.137725,0.891905616,0
48,100047,B3_Physical_Success,0,Direct_Earth_to_Mars,1,1,0.944407548,0.999813486,0.944231402,60,1307.470209,0.944231402,1
48,100047,B3_Physical_Success,1,Earth_Relay0_Mars,1,2,0.891905616,0.99952189,0.891479187,120,1571.048966,0.891479187,0
48,100047,B3_Physical_Success,2,Earth_Relay1_Mars,1,2,0.891905616,0.999922915,0.891836864,120,1513.733034,0.891836864,0
48,100047,B3_Physical_Success,3,Earth_Relay2_Mars,1,2,0.891905616,0.999582154,0.891532937,120,1314.137725,0.891532937,0
48,100047,B4_Physical_Multiobjective,0,Direct_Earth_to_Mars,1,1,0.944407548,0.999813486,0.944231402,60,1307.470209,0.944231402,1
48,100047,B4_Physical_Multiobjective,1,Earth_Relay0_Mars,1,2,0.891905616,0.99952189,0.891479187,120,1571.048966,0.370956763,0
48,100047,B4_Physical_Multiobjective,2,Earth_Relay1_Mars,1,2,0.891905616,0.999922915,0.891836864,120,1513.733034,0.385157126,0
48,100047,B4_Physical_Multiobjective,3,Earth_Relay2_Mars,1,2,0.891905616,0.999582154,0.891532937,120,1314.137725,0.443504792,0
49,100048,B1_Shortest_Delay,0,Direct_Earth_to_Mars,1,1,0.868575114,0.999999975,0.868575092,60,1133.944285,1,1
49,100048,B1_Shortest_Delay,1,Earth_Relay0_Mars,1,2,0.754422728,0.999999999,0.754422728,120,1308.54119,0.866571334,0
49,100048,B1_Shortest_Delay,2,Earth_Relay1_Mars,1,2,0.754422728,0.999999457,0.754422318,120,1428.396784,0.793858049,0
49,100048,B1_Shortest_Delay,3,Earth_Relay2_Mars,0,2,0.754422728,0,0,120,1140.444596,-1,0
49,100048,B2_Contact_Aware,0,Direct_Earth_to_Mars,1,1,0.868575114,0.999999975,0.868575092,60,1133.944285,0.868575114,1
49,100048,B2_Contact_Aware,1,Earth_Relay0_Mars,1,2,0.754422728,0.999999999,0.754422728,120,1308.54119,0.754422728,0
49,100048,B2_Contact_Aware,2,Earth_Relay1_Mars,1,2,0.754422728,0.999999457,0.754422318,120,1428.396784,0.754422728,0
49,100048,B2_Contact_Aware,3,Earth_Relay2_Mars,0,2,0.754422728,0,0,120,1140.444596,-1,0
49,100048,B3_Physical_Success,0,Direct_Earth_to_Mars,1,1,0.868575114,0.999999975,0.868575092,60,1133.944285,0.868575092,1
49,100048,B3_Physical_Success,1,Earth_Relay0_Mars,1,2,0.754422728,0.999999999,0.754422728,120,1308.54119,0.754422728,0
49,100048,B3_Physical_Success,2,Earth_Relay1_Mars,1,2,0.754422728,0.999999457,0.754422318,120,1428.396784,0.754422318,0
49,100048,B3_Physical_Success,3,Earth_Relay2_Mars,0,2,0.754422728,0,0,120,1140.444596,-1,0
49,100048,B4_Physical_Multiobjective,0,Direct_Earth_to_Mars,1,1,0.868575114,0.999999975,0.868575092,60,1133.944285,0.868575092,1
49,100048,B4_Physical_Multiobjective,1,Earth_Relay0_Mars,1,2,0.754422728,0.999999999,0.754422728,120,1308.54119,0.326880555,0
49,100048,B4_Physical_Multiobjective,2,Earth_Relay1_Mars,1,2,0.754422728,0.999999457,0.754422318,120,1428.396784,0.299452115,0
49,100048,B4_Physical_Multiobjective,3,Earth_Relay2_Mars,0,2,0.754422728,0,0,120,1140.444596,-1,0
50,100049,B1_Shortest_Delay,0,Direct_Earth_to_Mars,1,1,0.940937603,0.999992491,0.940930537,60,1272.750467,1,1
50,100049,B1_Shortest_Delay,1,Earth_Relay0_Mars,1,2,0.885363573,0.999993034,0.885357405,120,1502.163653,0.847278167,0
50,100049,B1_Shortest_Delay,2,Earth_Relay1_Mars,1,2,0.885363573,0.999991125,0.885355715,120,1502.799515,0.846919668,0
50,100049,B1_Shortest_Delay,3,Earth_Relay2_Mars,1,2,0.885363573,0.999982789,0.885348335,120,1279.404468,0.994799142,0
50,100049,B2_Contact_Aware,0,Direct_Earth_to_Mars,1,1,0.940937603,0.999992491,0.940930537,60,1272.750467,0.940937603,1
50,100049,B2_Contact_Aware,1,Earth_Relay0_Mars,1,2,0.885363573,0.999993034,0.885357405,120,1502.163653,0.885363573,0
50,100049,B2_Contact_Aware,2,Earth_Relay1_Mars,1,2,0.885363573,0.999991125,0.885355715,120,1502.799515,0.885363573,0
50,100049,B2_Contact_Aware,3,Earth_Relay2_Mars,1,2,0.885363573,0.999982789,0.885348335,120,1279.404468,0.885363573,0
50,100049,B3_Physical_Success,0,Direct_Earth_to_Mars,1,1,0.940937603,0.999992491,0.940930537,60,1272.750467,0.940930537,1
50,100049,B3_Physical_Success,1,Earth_Relay0_Mars,1,2,0.885363573,0.999993034,0.885357405,120,1502.163653,0.885357405,0
50,100049,B3_Physical_Success,2,Earth_Relay1_Mars,1,2,0.885363573,0.999991125,0.885355715,120,1502.799515,0.885355715,0
50,100049,B3_Physical_Success,3,Earth_Relay2_Mars,1,2,0.885363573,0.999982789,0.885348335,120,1279.404468,0.885348335,0
50,100049,B4_Physical_Multiobjective,0,Direct_Earth_to_Mars,1,1,0.940937603,0.999992491,0.940930537,60,1272.750467,0.940930537,1
50,100049,B4_Physical_Multiobjective,1,Earth_Relay0_Mars,1,2,0.885363573,0.999993034,0.885357405,120,1502.163653,0.375072,0
50,100049,B4_Physical_Multiobjective,2,Earth_Relay1_Mars,1,2,0.885363573,0.999991125,0.885355715,120,1502.799515,0.374912584,0
50,100049,B4_Physical_Multiobjective,3,Earth_Relay2_Mars,1,2,0.885363573,0.999982789,0.885348335,120,1279.404468,0.440371882,0
51,100050,B1_Shortest_Delay,0,Direct_Earth_to_Mars,1,1,0.906964474,1,0.906964474,60,535.0575883,1,1
51,100050,B1_Shortest_Delay,1,Earth_Relay0_Mars,1,2,0.822584557,1,0.822584557,120,634.7959046,0.842881286,0
51,100050,B1_Shortest_Delay,2,Earth_Relay1_Mars,1,2,0.822584557,1,0.822584557,120,1000.378235,0.534855288,0
51,100050,B1_Shortest_Delay,3,Earth_Relay2_Mars,1,2,0.822584557,1,0.822584557,120,540.7368277,0.989497221,0
51,100050,B2_Contact_Aware,0,Direct_Earth_to_Mars,1,1,0.906964474,1,0.906964474,60,535.0575883,0.906964474,1
51,100050,B2_Contact_Aware,1,Earth_Relay0_Mars,1,2,0.822584557,1,0.822584557,120,634.7959046,0.822584557,0
51,100050,B2_Contact_Aware,2,Earth_Relay1_Mars,1,2,0.822584557,1,0.822584557,120,1000.378235,0.822584557,0
51,100050,B2_Contact_Aware,3,Earth_Relay2_Mars,1,2,0.822584557,1,0.822584557,120,540.7368277,0.822584557,0
51,100050,B3_Physical_Success,0,Direct_Earth_to_Mars,1,1,0.906964474,1,0.906964474,60,535.0575883,0.906964474,1
51,100050,B3_Physical_Success,1,Earth_Relay0_Mars,1,2,0.822584557,1,0.822584557,120,634.7959046,0.822584557,0
51,100050,B3_Physical_Success,2,Earth_Relay1_Mars,1,2,0.822584557,1,0.822584557,120,1000.378235,0.822584557,0
51,100050,B3_Physical_Success,3,Earth_Relay2_Mars,1,2,0.822584557,1,0.822584557,120,540.7368277,0.822584557,0
51,100050,B4_Physical_Multiobjective,0,Direct_Earth_to_Mars,1,1,0.906964474,1,0.906964474,60,535.0575883,0.906964474,1
51,100050,B4_Physical_Multiobjective,1,Earth_Relay0_Mars,1,2,0.822584557,1,0.822584557,120,634.7959046,0.346670565,0
51,100050,B4_Physical_Multiobjective,2,Earth_Relay1_Mars,1,2,0.822584557,1,0.822584557,120,1000.378235,0.21998185,0
51,100050,B4_Physical_Multiobjective,3,Earth_Relay2_Mars,1,2,0.822584557,1,0.822584557,120,540.7368277,0.406972567,0
52,100051,B1_Shortest_Delay,0,Direct_Earth_to_Mars,1,1,0.985642807,1,0.985642807,60,1096.404566,1,1
52,100051,B1_Shortest_Delay,1,Earth_Relay0_Mars,1,2,0.971491743,0.999999988,0.971491731,120,1427.537621,0.768038999,0
52,100051,B1_Shortest_Delay,2,Earth_Relay1_Mars,0,2,0.971491743,0,0,120,1253.063238,-1,0
52,100051,B1_Shortest_Delay,3,Earth_Relay2_Mars,1,2,0.971491743,1,0.971491743,120,1102.759379,0.994237353,0
52,100051,B2_Contact_Aware,0,Direct_Earth_to_Mars,1,1,0.985642807,1,0.985642807,60,1096.404566,0.985642807,1
52,100051,B2_Contact_Aware,1,Earth_Relay0_Mars,1,2,0.971491743,0.999999988,0.971491731,120,1427.537621,0.971491743,0
52,100051,B2_Contact_Aware,2,Earth_Relay1_Mars,0,2,0.971491743,0,0,120,1253.063238,-1,0
52,100051,B2_Contact_Aware,3,Earth_Relay2_Mars,1,2,0.971491743,1,0.971491743,120,1102.759379,0.971491743,0
52,100051,B3_Physical_Success,0,Direct_Earth_to_Mars,1,1,0.985642807,1,0.985642807,60,1096.404566,0.985642807,1
52,100051,B3_Physical_Success,1,Earth_Relay0_Mars,1,2,0.971491743,0.999999988,0.971491731,120,1427.537621,0.971491731,0
52,100051,B3_Physical_Success,2,Earth_Relay1_Mars,0,2,0.971491743,0,0,120,1253.063238,-1,0
52,100051,B3_Physical_Success,3,Earth_Relay2_Mars,1,2,0.971491743,1,0.971491743,120,1102.759379,0.971491743,0
52,100051,B4_Physical_Multiobjective,0,Direct_Earth_to_Mars,1,1,0.985642807,1,0.985642807,60,1096.404566,0.985642807,1
52,100051,B4_Physical_Multiobjective,1,Earth_Relay0_Mars,1,2,0.971491743,0.999999988,0.971491731,120,1427.537621,0.373071768,0
52,100051,B4_Physical_Multiobjective,2,Earth_Relay1_Mars,0,2,0.971491743,0,0,120,1253.063238,-1,0
52,100051,B4_Physical_Multiobjective,3,Earth_Relay2_Mars,1,2,0.971491743,1,0.971491743,120,1102.759379,0.482946689,0
53,100052,B1_Shortest_Delay,0,Direct_Earth_to_Mars,1,1,0.9254413,1,0.9254413,60,364.6143358,1,1
53,100052,B1_Shortest_Delay,1,Earth_Relay0_Mars,1,2,0.856441599,1,0.856441599,120,522.1295166,0.698321631,0
53,100052,B1_Shortest_Delay,2,Earth_Relay1_Mars,1,2,0.856441599,1,0.856441599,120,844.1333849,0.431939244,0
53,100052,B1_Shortest_Delay,3,Earth_Relay2_Mars,1,2,0.856441599,1,0.856441599,120,370.3407745,0.98453738,0
53,100052,B2_Contact_Aware,0,Direct_Earth_to_Mars,1,1,0.9254413,1,0.9254413,60,364.6143358,0.9254413,1
53,100052,B2_Contact_Aware,1,Earth_Relay0_Mars,1,2,0.856441599,1,0.856441599,120,522.1295166,0.856441599,0
53,100052,B2_Contact_Aware,2,Earth_Relay1_Mars,1,2,0.856441599,1,0.856441599,120,844.1333849,0.856441599,0
53,100052,B2_Contact_Aware,3,Earth_Relay2_Mars,1,2,0.856441599,1,0.856441599,120,370.3407745,0.856441599,0
53,100052,B3_Physical_Success,0,Direct_Earth_to_Mars,1,1,0.9254413,1,0.9254413,60,364.6143358,0.9254413,1
53,100052,B3_Physical_Success,1,Earth_Relay0_Mars,1,2,0.856441599,1,0.856441599,120,522.1295166,0.856441599,0
53,100052,B3_Physical_Success,2,Earth_Relay1_Mars,1,2,0.856441599,1,0.856441599,120,844.1333849,0.856441599,0
53,100052,B3_Physical_Success,3,Earth_Relay2_Mars,1,2,0.856441599,1,0.856441599,120,370.3407745,0.856441599,0
53,100052,B4_Physical_Multiobjective,0,Direct_Earth_to_Mars,1,1,0.9254413,1,0.9254413,60,364.6143358,0.9254413,1
53,100052,B4_Physical_Multiobjective,1,Earth_Relay0_Mars,1,2,0.856441599,1,0.856441599,120,522.1295166,0.299035847,0
53,100052,B4_Physical_Multiobjective,2,Earth_Relay1_Mars,1,2,0.856441599,1,0.856441599,120,844.1333849,0.184965368,0
53,100052,B4_Physical_Multiobjective,3,Earth_Relay2_Mars,1,2,0.856441599,1,0.856441599,120,370.3407745,0.421599384,0
54,100053,B1_Shortest_Delay,0,Direct_Earth_to_Mars,1,1,0.827433681,0.999992075,0.827427124,60,1280.903295,1,1
54,100053,B1_Shortest_Delay,1,Earth_Relay0_Mars,1,2,0.684646496,0.999939374,0.684604989,120,1575.838814,0.812839031,0
54,100053,B1_Shortest_Delay,2,Earth_Relay1_Mars,1,2,0.684646496,0.99999934,0.684646044,120,1468.506627,0.872248903,0
54,100053,B1_Shortest_Delay,3,Earth_Relay2_Mars,0,2,0.684646496,0,0,120,1287.506977,-1,0
54,100053,B2_Contact_Aware,0,Direct_Earth_to_Mars,1,1,0.827433681,0.999992075,0.827427124,60,1280.903295,0.827433681,1
54,100053,B2_Contact_Aware,1,Earth_Relay0_Mars,1,2,0.684646496,0.999939374,0.684604989,120,1575.838814,0.684646496,0
54,100053,B2_Contact_Aware,2,Earth_Relay1_Mars,1,2,0.684646496,0.99999934,0.684646044,120,1468.506627,0.684646496,0
54,100053,B2_Contact_Aware,3,Earth_Relay2_Mars,0,2,0.684646496,0,0,120,1287.506977,-1,0
54,100053,B3_Physical_Success,0,Direct_Earth_to_Mars,1,1,0.827433681,0.999992075,0.827427124,60,1280.903295,0.827427124,1
54,100053,B3_Physical_Success,1,Earth_Relay0_Mars,1,2,0.684646496,0.999939374,0.684604989,120,1575.838814,0.684604989,0
54,100053,B3_Physical_Success,2,Earth_Relay1_Mars,1,2,0.684646496,0.99999934,0.684646044,120,1468.506627,0.684646044,0
54,100053,B3_Physical_Success,3,Earth_Relay2_Mars,0,2,0.684646496,0,0,120,1287.506977,-1,0
54,100053,B4_Physical_Multiobjective,0,Direct_Earth_to_Mars,1,1,0.827433681,0.999992075,0.827427124,60,1280.903295,0.827427124,1
54,100053,B4_Physical_Multiobjective,1,Earth_Relay0_Mars,1,2,0.684646496,0.999939374,0.684604989,120,1575.838814,0.278236828,0
54,100053,B4_Physical_Multiobjective,2,Earth_Relay1_Mars,1,2,0.684646496,0.99999934,0.684646044,120,1468.506627,0.298590881,0
54,100053,B4_Physical_Multiobjective,3,Earth_Relay2_Mars,0,2,0.684646496,0,0,120,1287.506977,-1,0
55,100054,B1_Shortest_Delay,0,Direct_Earth_to_Mars,1,1,0.912846125,1,0.912846125,60,719.0287054,1,1
55,100054,B1_Shortest_Delay,1,Earth_Relay0_Mars,1,2,0.833288047,1,0.833288047,120,1072.002754,0.67073401,0
55,100054,B1_Shortest_Delay,2,Earth_Relay1_Mars,1,2,0.833288047,1,0.833288047,120,838.8661507,0.857143544,0
55,100054,B1_Shortest_Delay,3,Earth_Relay2_Mars,1,2,0.833288047,1,0.833288047,120,725.0331408,0.991718399,0
55,100054,B2_Contact_Aware,0,Direct_Earth_to_Mars,1,1,0.912846125,1,0.912846125,60,719.0287054,0.912846125,1
55,100054,B2_Contact_Aware,1,Earth_Relay0_Mars,1,2,0.833288047,1,0.833288047,120,1072.002754,0.833288047,0
55,100054,B2_Contact_Aware,2,Earth_Relay1_Mars,1,2,0.833288047,1,0.833288047,120,838.8661507,0.833288047,0
55,100054,B2_Contact_Aware,3,Earth_Relay2_Mars,1,2,0.833288047,1,0.833288047,120,725.0331408,0.833288047,0
55,100054,B3_Physical_Success,0,Direct_Earth_to_Mars,1,1,0.912846125,1,0.912846125,60,719.0287054,0.912846125,1
55,100054,B3_Physical_Success,1,Earth_Relay0_Mars,1,2,0.833288047,1,0.833288047,120,1072.002754,0.833288047,0
55,100054,B3_Physical_Success,2,Earth_Relay1_Mars,1,2,0.833288047,1,0.833288047,120,838.8661507,0.833288047,0
55,100054,B3_Physical_Success,3,Earth_Relay2_Mars,1,2,0.833288047,1,0.833288047,120,725.0331408,0.833288047,0
55,100054,B4_Physical_Multiobjective,0,Direct_Earth_to_Mars,1,1,0.912846125,1,0.912846125,60,719.0287054,0.912846125,1
55,100054,B4_Physical_Multiobjective,1,Earth_Relay0_Mars,1,2,0.833288047,1,0.833288047,120,1072.002754,0.279457317,0
55,100054,B4_Physical_Multiobjective,2,Earth_Relay1_Mars,1,2,0.833288047,1,0.833288047,120,838.8661507,0.357123735,0
55,100054,B4_Physical_Multiobjective,3,Earth_Relay2_Mars,1,2,0.833288047,1,0.833288047,120,725.0331408,0.413193544,0
56,100055,B1_Shortest_Delay,0,Direct_Earth_to_Mars,1,1,0.805882797,1,0.805882797,60,347.9394363,1,1
56,100055,B1_Shortest_Delay,1,Earth_Relay0_Mars,1,2,0.649447082,1,0.649447082,120,516.1914726,0.674051113,0
56,100055,B1_Shortest_Delay,2,Earth_Relay1_Mars,1,2,0.649447082,1,0.649447082,120,825.1924016,0.421646437,0
56,100055,B1_Shortest_Delay,3,Earth_Relay2_Mars,1,2,0.649447082,1,0.649447082,120,353.7033257,0.98370417,0
56,100055,B2_Contact_Aware,0,Direct_Earth_to_Mars,1,1,0.805882797,1,0.805882797,60,347.9394363,0.805882797,1
56,100055,B2_Contact_Aware,1,Earth_Relay0_Mars,1,2,0.649447082,1,0.649447082,120,516.1914726,0.649447082,0
56,100055,B2_Contact_Aware,2,Earth_Relay1_Mars,1,2,0.649447082,1,0.649447082,120,825.1924016,0.649447082,0
56,100055,B2_Contact_Aware,3,Earth_Relay2_Mars,1,2,0.649447082,1,0.649447082,120,353.7033257,0.649447082,0
56,100055,B3_Physical_Success,0,Direct_Earth_to_Mars,1,1,0.805882797,1,0.805882797,60,347.9394363,0.805882797,1
56,100055,B3_Physical_Success,1,Earth_Relay0_Mars,1,2,0.649447082,1,0.649447082,120,516.1914726,0.649447082,0
56,100055,B3_Physical_Success,2,Earth_Relay1_Mars,1,2,0.649447082,1,0.649447082,120,825.1924016,0.649447082,0
56,100055,B3_Physical_Success,3,Earth_Relay2_Mars,1,2,0.649447082,1,0.649447082,120,353.7033257,0.649447082,0
56,100055,B4_Physical_Multiobjective,0,Direct_Earth_to_Mars,1,1,0.805882797,1,0.805882797,60,347.9394363,0.805882797,1
56,100055,B4_Physical_Multiobjective,1,Earth_Relay0_Mars,1,2,0.649447082,1,0.649447082,120,516.1914726,0.218880264,0
56,100055,B4_Physical_Multiobjective,2,Earth_Relay1_Mars,1,2,0.649447082,1,0.649447082,120,825.1924016,0.136918524,0
56,100055,B4_Physical_Multiobjective,3,Earth_Relay2_Mars,1,2,0.649447082,1,0.649447082,120,353.7033257,0.319431901,0
57,100056,B1_Shortest_Delay,0,Direct_Earth_to_Mars,1,1,0.904035495,1,0.904035495,60,447.8787708,1,1
57,100056,B1_Shortest_Delay,1,Earth_Relay0_Mars,1,2,0.817280176,1,0.817280176,120,812.5631461,0.551192572,0
57,100056,B1_Shortest_Delay,2,Earth_Relay1_Mars,1,2,0.817280176,1,0.817280176,120,580.4950684,0.771546211,0
57,100056,B1_Shortest_Delay,3,Earth_Relay2_Mars,1,2,0.817280176,1,0.817280176,120,453.8966867,0.986741661,0
57,100056,B2_Contact_Aware,0,Direct_Earth_to_Mars,1,1,0.904035495,1,0.904035495,60,447.8787708,0.904035495,1
57,100056,B2_Contact_Aware,1,Earth_Relay0_Mars,1,2,0.817280176,1,0.817280176,120,812.5631461,0.817280176,0
57,100056,B2_Contact_Aware,2,Earth_Relay1_Mars,1,2,0.817280176,1,0.817280176,120,580.4950684,0.817280176,0
57,100056,B2_Contact_Aware,3,Earth_Relay2_Mars,1,2,0.817280176,1,0.817280176,120,453.8966867,0.817280176,0
57,100056,B3_Physical_Success,0,Direct_Earth_to_Mars,1,1,0.904035495,1,0.904035495,60,447.8787708,0.904035495,1
57,100056,B3_Physical_Success,1,Earth_Relay0_Mars,1,2,0.817280176,1,0.817280176,120,812.5631461,0.817280176,0
57,100056,B3_Physical_Success,2,Earth_Relay1_Mars,1,2,0.817280176,1,0.817280176,120,580.4950684,0.817280176,0
57,100056,B3_Physical_Success,3,Earth_Relay2_Mars,1,2,0.817280176,1,0.817280176,120,453.8966867,0.817280176,0
57,100056,B4_Physical_Multiobjective,0,Direct_Earth_to_Mars,1,1,0.904035495,1,0.904035495,60,447.8787708,0.904035495,1
57,100056,B4_Physical_Multiobjective,1,Earth_Relay0_Mars,1,2,0.817280176,1,0.817280176,120,812.5631461,0.225239381,0
57,100056,B4_Physical_Multiobjective,2,Earth_Relay1_Mars,1,2,0.817280176,1,0.817280176,120,580.4950684,0.315284712,0
57,100056,B4_Physical_Multiobjective,3,Earth_Relay2_Mars,1,2,0.817280176,1,0.817280176,120,453.8966867,0.403222199,0
58,100057,B1_Shortest_Delay,0,Direct_Earth_to_Mars,1,1,0.885261968,1,0.885261968,60,643.7787968,1,1
58,100057,B1_Shortest_Delay,1,Earth_Relay0_Mars,1,2,0.783688752,1,0.783688752,120,999.7871843,0.643915832,0
58,100057,B1_Shortest_Delay,2,Earth_Relay1_Mars,1,2,0.783688752,1,0.783688752,120,760.8745748,0.846103705,0
58,100057,B1_Shortest_Delay,3,Earth_Relay2_Mars,1,2,0.783688752,1,0.783688752,120,649.7497346,0.990810404,0
58,100057,B2_Contact_Aware,0,Direct_Earth_to_Mars,1,1,0.885261968,1,0.885261968,60,643.7787968,0.885261968,1
58,100057,B2_Contact_Aware,1,Earth_Relay0_Mars,1,2,0.783688752,1,0.783688752,120,999.7871843,0.783688752,0
58,100057,B2_Contact_Aware,2,Earth_Relay1_Mars,1,2,0.783688752,1,0.783688752,120,760.8745748,0.783688752,0
58,100057,B2_Contact_Aware,3,Earth_Relay2_Mars,1,2,0.783688752,1,0.783688752,120,649.7497346,0.783688752,0
58,100057,B3_Physical_Success,0,Direct_Earth_to_Mars,1,1,0.885261968,1,0.885261968,60,643.7787968,0.885261968,1
58,100057,B3_Physical_Success,1,Earth_Relay0_Mars,1,2,0.783688752,1,0.783688752,120,999.7871843,0.783688752,0
58,100057,B3_Physical_Success,2,Earth_Relay1_Mars,1,2,0.783688752,1,0.783688752,120,760.8745748,0.783688752,0
58,100057,B3_Physical_Success,3,Earth_Relay2_Mars,1,2,0.783688752,1,0.783688752,120,649.7497346,0.783688752,0
58,100057,B4_Physical_Multiobjective,0,Direct_Earth_to_Mars,1,1,0.885261968,1,0.885261968,60,643.7787968,0.885261968,1
58,100057,B4_Physical_Multiobjective,1,Earth_Relay0_Mars,1,2,0.783688752,1,0.783688752,120,999.7871843,0.252314797,0
58,100057,B4_Physical_Multiobjective,2,Earth_Relay1_Mars,1,2,0.783688752,1,0.783688752,120,760.8745748,0.331540978,0
58,100057,B4_Physical_Multiobjective,3,Earth_Relay2_Mars,1,2,0.783688752,1,0.783688752,120,649.7497346,0.388243484,0
59,100058,B1_Shortest_Delay,0,Direct_Earth_to_Mars,1,1,0.949130781,1,0.949130781,60,727.3815029,1,1
59,100058,B1_Shortest_Delay,1,Earth_Relay0_Mars,1,2,0.900849239,1,0.900849239,120,826.5823695,0.879986714,0
59,100058,B1_Shortest_Delay,2,Earth_Relay1_Mars,1,2,0.900849239,1,0.900849239,120,1137.205155,0.639622059,0
59,100058,B1_Shortest_Delay,3,Earth_Relay2_Mars,1,2,0.900849239,1,0.900849239,120,733.2775934,0.991959265,0
59,100058,B2_Contact_Aware,0,Direct_Earth_to_Mars,1,1,0.949130781,1,0.949130781,60,727.3815029,0.949130781,1
59,100058,B2_Contact_Aware,1,Earth_Relay0_Mars,1,2,0.900849239,1,0.900849239,120,826.5823695,0.900849239,0
59,100058,B2_Contact_Aware,2,Earth_Relay1_Mars,1,2,0.900849239,1,0.900849239,120,1137.205155,0.900849239,0
59,100058,B2_Contact_Aware,3,Earth_Relay2_Mars,1,2,0.900849239,1,0.900849239,120,733.2775934,0.900849239,0
59,100058,B3_Physical_Success,0,Direct_Earth_to_Mars,1,1,0.949130781,1,0.949130781,60,727.3815029,0.949130781,1
59,100058,B3_Physical_Success,1,Earth_Relay0_Mars,1,2,0.900849239,1,0.900849239,120,826.5823695,0.900849239,0
59,100058,B3_Physical_Success,2,Earth_Relay1_Mars,1,2,0.900849239,1,0.900849239,120,1137.205155,0.900849239,0
59,100058,B3_Physical_Success,3,Earth_Relay2_Mars,1,2,0.900849239,1,0.900849239,120,733.2775934,0.900849239,0
59,100058,B4_Physical_Multiobjective,0,Direct_Earth_to_Mars,1,1,0.949130781,1,0.949130781,60,727.3815029,0.949130781,1
59,100058,B4_Physical_Multiobjective,1,Earth_Relay0_Mars,1,2,0.900849239,1,0.900849239,120,826.5823695,0.396367681,0
59,100058,B4_Physical_Multiobjective,2,Earth_Relay1_Mars,1,2,0.900849239,1,0.900849239,120,1137.205155,0.288101522,0
59,100058,B4_Physical_Multiobjective,3,Earth_Relay2_Mars,1,2,0.900849239,1,0.900849239,120,733.2775934,0.446802875,0
60,100059,B1_Shortest_Delay,0,Direct_Earth_to_Mars,1,1,0.893668055,0.999986323,0.893655833,60,1299.894894,1,1
60,100059,B1_Shortest_Delay,1,Earth_Relay0_Mars,1,2,0.798642593,0.999933557,0.798589528,120,1582.99039,0.821164109,0
60,100059,B1_Shortest_Delay,2,Earth_Relay1_Mars,1,2,0.798642593,0.999997922,0.798640933,120,1494.674789,0.869684097,0
60,100059,B1_Shortest_Delay,3,Earth_Relay2_Mars,1,2,0.798642593,0.999968876,0.798617736,120,1306.5337,0.994918764,0
60,100059,B2_Contact_Aware,0,Direct_Earth_to_Mars,1,1,0.893668055,0.999986323,0.893655833,60,1299.894894,0.893668055,1
60,100059,B2_Contact_Aware,1,Earth_Relay0_Mars,1,2,0.798642593,0.999933557,0.798589528,120,1582.99039,0.798642593,0
60,100059,B2_Contact_Aware,2,Earth_Relay1_Mars,1,2,0.798642593,0.999997922,0.798640933,120,1494.674789,0.798642593,0
60,100059,B2_Contact_Aware,3,Earth_Relay2_Mars,1,2,0.798642593,0.999968876,0.798617736,120,1306.5337,0.798642593,0
60,100059,B3_Physical_Success,0,Direct_Earth_to_Mars,1,1,0.893668055,0.999986323,0.893655833,60,1299.894894,0.893655833,1
60,100059,B3_Physical_Success,1,Earth_Relay0_Mars,1,2,0.798642593,0.999933557,0.798589528,120,1582.99039,0.798589528,0
60,100059,B3_Physical_Success,2,Earth_Relay1_Mars,1,2,0.798642593,0.999997922,0.798640933,120,1494.674789,0.798640933,0
60,100059,B3_Physical_Success,3,Earth_Relay2_Mars,1,2,0.798642593,0.999968876,0.798617736,120,1306.5337,0.798617736,0
60,100059,B4_Physical_Multiobjective,0,Direct_Earth_to_Mars,1,1,0.893668055,0.999986323,0.893655833,60,1299.894894,0.893655833,1
60,100059,B4_Physical_Multiobjective,1,Earth_Relay0_Mars,1,2,0.798642593,0.999933557,0.798589528,120,1582.99039,0.327886529,0
60,100059,B4_Physical_Multiobjective,2,Earth_Relay1_Mars,1,2,0.798642593,0.999997922,0.798640933,120,1494.674789,0.347282659,0
60,100059,B4_Physical_Multiobjective,3,Earth_Relay2_Mars,1,2,0.798642593,0.999968876,0.798617736,120,1306.5337,0.397279885,0
61,100060,B1_Shortest_Delay,0,Direct_Earth_to_Mars,1,1,0.881353616,0.99985651,0.881227151,60,1307.87034,1,1
61,100060,B1_Shortest_Delay,1,Earth_Relay0_Mars,0,2,0.776784196,0,0,120,1576.483685,-1,0
61,100060,B1_Shortest_Delay,2,Earth_Relay1_Mars,1,2,0.776784196,0.999951223,0.776746307,120,1511.127596,0.865492989,0
61,100060,B1_Shortest_Delay,3,Earth_Relay2_Mars,1,2,0.776784196,0.99967808,0.776534134,120,1314.533437,0.994931207,0
61,100060,B2_Contact_Aware,0,Direct_Earth_to_Mars,1,1,0.881353616,0.99985651,0.881227151,60,1307.87034,0.881353616,1
61,100060,B2_Contact_Aware,1,Earth_Relay0_Mars,0,2,0.776784196,0,0,120,1576.483685,-1,0
61,100060,B2_Contact_Aware,2,Earth_Relay1_Mars,1,2,0.776784196,0.999951223,0.776746307,120,1511.127596,0.776784196,0
61,100060,B2_Contact_Aware,3,Earth_Relay2_Mars,1,2,0.776784196,0.99967808,0.776534134,120,1314.533437,0.776784196,0
61,100060,B3_Physical_Success,0,Direct_Earth_to_Mars,1,1,0.881353616,0.99985651,0.881227151,60,1307.87034,0.881227151,1
61,100060,B3_Physical_Success,1,Earth_Relay0_Mars,0,2,0.776784196,0,0,120,1576.483685,-1,0
61,100060,B3_Physical_Success,2,Earth_Relay1_Mars,1,2,0.776784196,0.999951223,0.776746307,120,1511.127596,0.776746307,0
61,100060,B3_Physical_Success,3,Earth_Relay2_Mars,1,2,0.776784196,0.99967808,0.776534134,120,1314.533437,0.776534134,0
61,100060,B4_Physical_Multiobjective,0,Direct_Earth_to_Mars,1,1,0.881353616,0.99985651,0.881227151,60,1307.87034,0.881227151,1
61,100060,B4_Physical_Multiobjective,1,Earth_Relay0_Mars,0,2,0.776784196,0,0,120,1576.483685,-1,0
61,100060,B4_Physical_Multiobjective,2,Earth_Relay1_Mars,1,2,0.776784196,0.999951223,0.776746307,120,1511.127596,0.336134242,0
61,100060,B4_Physical_Multiobjective,3,Earth_Relay2_Mars,1,2,0.776784196,0.99967808,0.776534134,120,1314.533437,0.386299022,0
62,100061,B1_Shortest_Delay,0,Direct_Earth_to_Mars,1,1,0.809474138,0.999996469,0.809471279,60,1262.876061,1,1
62,100061,B1_Shortest_Delay,1,Earth_Relay0_Mars,1,2,0.65524838,0.999997386,0.655246667,120,1486.746807,0.849422413,0
62,100061,B1_Shortest_Delay,2,Earth_Relay1_Mars,1,2,0.65524838,0.999994864,0.655245014,120,1497.654691,0.843235806,0
62,100061,B1_Shortest_Delay,3,Earth_Relay2_Mars,1,2,0.65524838,0.999991862,0.655243047,120,1269.521684,0.994765255,0
62,100061,B2_Contact_Aware,0,Direct_Earth_to_Mars,1,1,0.809474138,0.999996469,0.809471279,60,1262.876061,0.809474138,1
62,100061,B2_Contact_Aware,1,Earth_Relay0_Mars,1,2,0.65524838,0.999997386,0.655246667,120,1486.746807,0.65524838,0
62,100061,B2_Contact_Aware,2,Earth_Relay1_Mars,1,2,0.65524838,0.999994864,0.655245014,120,1497.654691,0.65524838,0
62,100061,B2_Contact_Aware,3,Earth_Relay2_Mars,1,2,0.65524838,0.999991862,0.655243047,120,1269.521684,0.65524838,0
62,100061,B3_Physical_Success,0,Direct_Earth_to_Mars,1,1,0.809474138,0.999996469,0.809471279,60,1262.876061,0.809471279,1
62,100061,B3_Physical_Success,1,Earth_Relay0_Mars,1,2,0.65524838,0.999997386,0.655246667,120,1486.746807,0.655246667,0
62,100061,B3_Physical_Success,2,Earth_Relay1_Mars,1,2,0.65524838,0.999994864,0.655245014,120,1497.654691,0.655245014,0
62,100061,B3_Physical_Success,3,Earth_Relay2_Mars,1,2,0.65524838,0.999991862,0.655243047,120,1269.521684,0.655243047,0
62,100061,B4_Physical_Multiobjective,0,Direct_Earth_to_Mars,1,1,0.809474138,0.999996469,0.809471279,60,1262.876061,0.809471279,1
62,100061,B4_Physical_Multiobjective,1,Earth_Relay0_Mars,1,2,0.65524838,0.999997386,0.655246667,120,1486.746807,0.278290603,0
62,100061,B4_Physical_Multiobjective,2,Earth_Relay1_Mars,1,2,0.65524838,0.999994864,0.655245014,120,1497.654691,0.276263029,0
62,100061,B4_Physical_Multiobjective,3,Earth_Relay2_Mars,1,2,0.65524838,0.999991862,0.655243047,120,1269.521684,0.325906508,0
63,100062,B1_Shortest_Delay,0,Direct_Earth_to_Mars,1,1,0.916275864,1,0.916275864,60,722.7623416,1,1
63,100062,B1_Shortest_Delay,1,Earth_Relay0_Mars,1,2,0.839561459,1,0.839561459,120,821.5504844,0.87975402,0
63,100062,B1_Shortest_Delay,2,Earth_Relay1_Mars,1,2,0.839561459,1,0.839561459,120,1134.060927,0.637322321,0
63,100062,B1_Shortest_Delay,3,Earth_Relay2_Mars,1,2,0.839561459,1,0.839561459,120,728.6523148,0.991916621,0
63,100062,B2_Contact_Aware,0,Direct_Earth_to_Mars,1,1,0.916275864,1,0.916275864,60,722.7623416,0.916275864,1
63,100062,B2_Contact_Aware,1,Earth_Relay0_Mars,1,2,0.839561459,1,0.839561459,120,821.5504844,0.839561459,0
63,100062,B2_Contact_Aware,2,Earth_Relay1_Mars,1,2,0.839561459,1,0.839561459,120,1134.060927,0.839561459,0
63,100062,B2_Contact_Aware,3,Earth_Relay2_Mars,1,2,0.839561459,1,0.839561459,120,728.6523148,0.839561459,0
63,100062,B3_Physical_Success,0,Direct_Earth_to_Mars,1,1,0.916275864,1,0.916275864,60,722.7623416,0.916275864,1
63,100062,B3_Physical_Success,1,Earth_Relay0_Mars,1,2,0.839561459,1,0.839561459,120,821.5504844,0.839561459,0
63,100062,B3_Physical_Success,2,Earth_Relay1_Mars,1,2,0.839561459,1,0.839561459,120,1134.060927,0.839561459,0
63,100062,B3_Physical_Success,3,Earth_Relay2_Mars,1,2,0.839561459,1,0.839561459,120,728.6523148,0.839561459,0
63,100062,B4_Physical_Multiobjective,0,Direct_Earth_to_Mars,1,1,0.916275864,1,0.916275864,60,722.7623416,0.916275864,1
63,100062,B4_Physical_Multiobjective,1,Earth_Relay0_Mars,1,2,0.839561459,1,0.839561459,120,821.5504844,0.369303784,0
63,100062,B4_Physical_Multiobjective,2,Earth_Relay1_Mars,1,2,0.839561459,1,0.839561459,120,1134.060927,0.267535628,0
63,100062,B4_Physical_Multiobjective,3,Earth_Relay2_Mars,1,2,0.839561459,1,0.839561459,120,728.6523148,0.416387482,0
64,100063,B1_Shortest_Delay,0,Direct_Earth_to_Mars,1,1,0.926964866,1,0.926964865,60,1044.578454,1,1
64,100063,B1_Shortest_Delay,1,Earth_Relay0_Mars,1,2,0.859263862,1,0.859263862,120,1195.657351,0.873643652,0
64,100063,B1_Shortest_Delay,2,Earth_Relay1_Mars,1,2,0.859263862,0.999999932,0.859263804,120,1382.307706,0.755677227,0
64,100063,B1_Shortest_Delay,3,Earth_Relay2_Mars,1,2,0.859263862,0.999999999,0.859263861,120,1050.954039,0.993933526,0
64,100063,B2_Contact_Aware,0,Direct_Earth_to_Mars,1,1,0.926964866,1,0.926964865,60,1044.578454,0.926964866,1
64,100063,B2_Contact_Aware,1,Earth_Relay0_Mars,1,2,0.859263862,1,0.859263862,120,1195.657351,0.859263862,0
64,100063,B2_Contact_Aware,2,Earth_Relay1_Mars,1,2,0.859263862,0.999999932,0.859263804,120,1382.307706,0.859263862,0
64,100063,B2_Contact_Aware,3,Earth_Relay2_Mars,1,2,0.859263862,0.999999999,0.859263861,120,1050.954039,0.859263862,0
64,100063,B3_Physical_Success,0,Direct_Earth_to_Mars,1,1,0.926964866,1,0.926964865,60,1044.578454,0.926964865,1
64,100063,B3_Physical_Success,1,Earth_Relay0_Mars,1,2,0.859263862,1,0.859263862,120,1195.657351,0.859263862,0
64,100063,B3_Physical_Success,2,Earth_Relay1_Mars,1,2,0.859263862,0.999999932,0.859263804,120,1382.307706,0.859263804,0
64,100063,B3_Physical_Success,3,Earth_Relay2_Mars,1,2,0.859263862,0.999999999,0.859263861,120,1050.954039,0.859263861,0
64,100063,B4_Physical_Multiobjective,0,Direct_Earth_to_Mars,1,1,0.926964866,1,0.926964865,60,1044.578454,0.926964865,1
64,100063,B4_Physical_Multiobjective,1,Earth_Relay0_Mars,1,2,0.859263862,1,0.859263862,120,1195.657351,0.375345209,0
64,100063,B4_Physical_Multiobjective,2,Earth_Relay1_Mars,1,2,0.859263862,0.999999932,0.859263804,120,1382.307706,0.324663044,0
64,100063,B4_Physical_Multiobjective,3,Earth_Relay2_Mars,1,2,0.859263862,0.999999999,0.859263861,120,1050.954039,0.42702558,0
65,100064,B1_Shortest_Delay,0,Direct_Earth_to_Mars,1,1,0.862932601,0.999999884,0.8629325,60,1200.260772,1,1
65,100064,B1_Shortest_Delay,1,Earth_Relay0_Mars,1,2,0.744652673,0.999995964,0.744649668,120,1517.342037,0.791028485,0
65,100064,B1_Shortest_Delay,2,Earth_Relay1_Mars,1,2,0.744652673,0.999999999,0.744652672,120,1371.662226,0.875041063,0
65,100064,B1_Shortest_Delay,3,Earth_Relay2_Mars,1,2,0.744652673,0.999999727,0.74465247,120,1206.746598,0.994625362,0
65,100064,B2_Contact_Aware,0,Direct_Earth_to_Mars,1,1,0.862932601,0.999999884,0.8629325,60,1200.260772,0.862932601,1
65,100064,B2_Contact_Aware,1,Earth_Relay0_Mars,1,2,0.744652673,0.999995964,0.744649668,120,1517.342037,0.744652673,0
65,100064,B2_Contact_Aware,2,Earth_Relay1_Mars,1,2,0.744652673,0.999999999,0.744652672,120,1371.662226,0.744652673,0
65,100064,B2_Contact_Aware,3,Earth_Relay2_Mars,1,2,0.744652673,0.999999727,0.74465247,120,1206.746598,0.744652673,0
65,100064,B3_Physical_Success,0,Direct_Earth_to_Mars,1,1,0.862932601,0.999999884,0.8629325,60,1200.260772,0.8629325,1
65,100064,B3_Physical_Success,1,Earth_Relay0_Mars,1,2,0.744652673,0.999995964,0.744649668,120,1517.342037,0.744649668,0
65,100064,B3_Physical_Success,2,Earth_Relay1_Mars,1,2,0.744652673,0.999999999,0.744652672,120,1371.662226,0.744652672,0
65,100064,B3_Physical_Success,3,Earth_Relay2_Mars,1,2,0.744652673,0.999999727,0.74465247,120,1206.746598,0.74465247,0
65,100064,B4_Physical_Multiobjective,0,Direct_Earth_to_Mars,1,1,0.862932601,0.999999884,0.8629325,60,1200.260772,0.8629325,1
65,100064,B4_Physical_Multiobjective,1,Earth_Relay0_Mars,1,2,0.744652673,0.999995964,0.744649668,120,1517.342037,0.294519549,0
65,100064,B4_Physical_Multiobjective,2,Earth_Relay1_Mars,1,2,0.744652673,0.999999999,0.744652672,120,1371.662226,0.325800833,0
65,100064,B4_Physical_Multiobjective,3,Earth_Relay2_Mars,1,2,0.744652673,0.999999727,0.74465247,120,1206.746598,0.370325116,0
66,100065,B1_Shortest_Delay,0,Direct_Earth_to_Mars,1,1,0.950287338,1,0.950287338,60,1087.291387,1,1
66,100065,B1_Shortest_Delay,1,Earth_Relay0_Mars,1,2,0.903046025,1,0.903046025,120,1248.906222,0.8705949,0
66,100065,B1_Shortest_Delay,2,Earth_Relay1_Mars,1,2,0.903046025,0.999999982,0.903046008,120,1404.236607,0.774293578,0
66,100065,B1_Shortest_Delay,3,Earth_Relay2_Mars,1,2,0.903046025,1,0.903046024,120,1093.728638,0.994114398,0
66,100065,B2_Contact_Aware,0,Direct_Earth_to_Mars,1,1,0.950287338,1,0.950287338,60,1087.291387,0.950287338,1
66,100065,B2_Contact_Aware,1,Earth_Relay0_Mars,1,2,0.903046025,1,0.903046025,120,1248.906222,0.903046025,0
66,100065,B2_Contact_Aware,2,Earth_Relay1_Mars,1,2,0.903046025,0.999999982,0.903046008,120,1404.236607,0.903046025,0
66,100065,B2_Contact_Aware,3,Earth_Relay2_Mars,1,2,0.903046025,1,0.903046024,120,1093.728638,0.903046025,0
66,100065,B3_Physical_Success,0,Direct_Earth_to_Mars,1,1,0.950287338,1,0.950287338,60,1087.291387,0.950287338,1
66,100065,B3_Physical_Success,1,Earth_Relay0_Mars,1,2,0.903046025,1,0.903046025,120,1248.906222,0.903046025,0
66,100065,B3_Physical_Success,2,Earth_Relay1_Mars,1,2,0.903046025,0.999999982,0.903046008,120,1404.236607,0.903046008,0
66,100065,B3_Physical_Success,3,Earth_Relay2_Mars,1,2,0.903046025,1,0.903046024,120,1093.728638,0.903046024,0
66,100065,B4_Physical_Multiobjective,0,Direct_Earth_to_Mars,1,1,0.950287338,1,0.950287338,60,1087.291387,0.950287338,1
66,100065,B4_Physical_Multiobjective,1,Earth_Relay0_Mars,1,2,0.903046025,1,0.903046025,120,1248.906222,0.393093632,0
66,100065,B4_Physical_Multiobjective,2,Earth_Relay1_Mars,1,2,0.903046025,0.999999982,0.903046008,120,1404.236607,0.349611362,0
66,100065,B4_Physical_Multiobjective,3,Earth_Relay2_Mars,1,2,0.903046025,1,0.903046024,120,1093.728638,0.448865527,0
67,100066,B1_Shortest_Delay,0,Direct_Earth_to_Mars,1,1,0.973236398,1,0.973236398,60,321.0954309,1,1
67,100066,B1_Shortest_Delay,1,Earth_Relay0_Mars,1,2,0.947189086,1,0.947189086,120,509.3061219,0.630456649,0
67,100066,B1_Shortest_Delay,2,Earth_Relay1_Mars,0,2,0.947189086,0,0,120,792.5907892,-1,0
67,100066,B1_Shortest_Delay,3,Earth_Relay2_Mars,1,2,0.947189086,1,0.947189086,120,326.9420469,0.982117271,0
67,100066,B2_Contact_Aware,0,Direct_Earth_to_Mars,1,1,0.973236398,1,0.973236398,60,321.0954309,0.973236398,1
67,100066,B2_Contact_Aware,1,Earth_Relay0_Mars,1,2,0.947189086,1,0.947189086,120,509.3061219,0.947189086,0
67,100066,B2_Contact_Aware,2,Earth_Relay1_Mars,0,2,0.947189086,0,0,120,792.5907892,-1,0
67,100066,B2_Contact_Aware,3,Earth_Relay2_Mars,1,2,0.947189086,1,0.947189086,120,326.9420469,0.947189086,0
67,100066,B3_Physical_Success,0,Direct_Earth_to_Mars,1,1,0.973236398,1,0.973236398,60,321.0954309,0.973236398,1
67,100066,B3_Physical_Success,1,Earth_Relay0_Mars,1,2,0.947189086,1,0.947189086,120,509.3061219,0.947189086,0
67,100066,B3_Physical_Success,2,Earth_Relay1_Mars,0,2,0.947189086,0,0,120,792.5907892,-1,0
67,100066,B3_Physical_Success,3,Earth_Relay2_Mars,1,2,0.947189086,1,0.947189086,120,326.9420469,0.947189086,0
67,100066,B4_Physical_Multiobjective,0,Direct_Earth_to_Mars,1,1,0.973236398,1,0.973236398,60,321.0954309,0.973236398,1
67,100066,B4_Physical_Multiobjective,1,Earth_Relay0_Mars,1,2,0.947189086,1,0.947189086,120,509.3061219,0.298580829,0
67,100066,B4_Physical_Multiobjective,2,Earth_Relay1_Mars,0,2,0.947189086,0,0,120,792.5907892,-1,0
67,100066,B4_Physical_Multiobjective,3,Earth_Relay2_Mars,1,2,0.947189086,1,0.947189086,120,326.9420469,0.46512538,0
68,100067,B1_Shortest_Delay,0,Direct_Earth_to_Mars,1,1,0.859472664,0.999996054,0.859469273,60,1214.632445,1,1
68,100067,B1_Shortest_Delay,1,Earth_Relay0_Mars,1,2,0.738693261,0.999998831,0.738692398,120,1416.660126,0.857391566,0
68,100067,B1_Shortest_Delay,2,Earth_Relay1_Mars,0,2,0.738693261,0,0,120,1471.497252,-1,0
68,100067,B1_Shortest_Delay,3,Earth_Relay2_Mars,1,2,0.738693261,0.999990882,0.738686526,120,1221.229812,0.994597768,0
68,100067,B2_Contact_Aware,0,Direct_Earth_to_Mars,1,1,0.859472664,0.999996054,0.859469273,60,1214.632445,0.859472664,1
68,100067,B2_Contact_Aware,1,Earth_Relay0_Mars,1,2,0.738693261,0.999998831,0.738692398,120,1416.660126,0.738693261,0
68,100067,B2_Contact_Aware,2,Earth_Relay1_Mars,0,2,0.738693261,0,0,120,1471.497252,-1,0
68,100067,B2_Contact_Aware,3,Earth_Relay2_Mars,1,2,0.738693261,0.999990882,0.738686526,120,1221.229812,0.738693261,0
68,100067,B3_Physical_Success,0,Direct_Earth_to_Mars,1,1,0.859472664,0.999996054,0.859469273,60,1214.632445,0.859469273,1
68,100067,B3_Physical_Success,1,Earth_Relay0_Mars,1,2,0.738693261,0.999998831,0.738692398,120,1416.660126,0.738692398,0
68,100067,B3_Physical_Success,2,Earth_Relay1_Mars,0,2,0.738693261,0,0,120,1471.497252,-1,0
68,100067,B3_Physical_Success,3,Earth_Relay2_Mars,1,2,0.738693261,0.999990882,0.738686526,120,1221.229812,0.738686526,0
68,100067,B4_Physical_Multiobjective,0,Direct_Earth_to_Mars,1,1,0.859472664,0.999996054,0.859469273,60,1214.632445,0.859469273,1
68,100067,B4_Physical_Multiobjective,1,Earth_Relay0_Mars,1,2,0.738693261,0.999998831,0.738692398,120,1416.660126,0.316674316,0
68,100067,B4_Physical_Multiobjective,2,Earth_Relay1_Mars,0,2,0.738693261,0,0,120,1471.497252,-1,0
68,100067,B4_Physical_Multiobjective,3,Earth_Relay2_Mars,1,2,0.738693261,0.999990882,0.738686526,120,1221.229812,0.367347985,0
69,100068,B1_Shortest_Delay,0,Direct_Earth_to_Mars,1,1,0.930770801,0.999999995,0.930770796,60,1128.567672,1,1
69,100068,B1_Shortest_Delay,1,Earth_Relay0_Mars,1,2,0.866334284,0.999999327,0.866333701,120,1456.155932,0.775032157,0
69,100068,B1_Shortest_Delay,2,Earth_Relay1_Mars,1,2,0.866334284,1,0.866334284,120,1289.485946,0.875207424,0
69,100068,B1_Shortest_Delay,3,Earth_Relay2_Mars,1,2,0.866334284,0.999999987,0.866334273,120,1134.961475,0.994366502,0
69,100068,B2_Contact_Aware,0,Direct_Earth_to_Mars,1,1,0.930770801,0.999999995,0.930770796,60,1128.567672,0.930770801,1
69,100068,B2_Contact_Aware,1,Earth_Relay0_Mars,1,2,0.866334284,0.999999327,0.866333701,120,1456.155932,0.866334284,0
69,100068,B2_Contact_Aware,2,Earth_Relay1_Mars,1,2,0.866334284,1,0.866334284,120,1289.485946,0.866334284,0
69,100068,B2_Contact_Aware,3,Earth_Relay2_Mars,1,2,0.866334284,0.999999987,0.866334273,120,1134.961475,0.866334284,0
69,100068,B3_Physical_Success,0,Direct_Earth_to_Mars,1,1,0.930770801,0.999999995,0.930770796,60,1128.567672,0.930770796,1
69,100068,B3_Physical_Success,1,Earth_Relay0_Mars,1,2,0.866334284,0.999999327,0.866333701,120,1456.155932,0.866333701,0
69,100068,B3_Physical_Success,2,Earth_Relay1_Mars,1,2,0.866334284,1,0.866334284,120,1289.485946,0.866334284,0
69,100068,B3_Physical_Success,3,Earth_Relay2_Mars,1,2,0.866334284,0.999999987,0.866334273,120,1134.961475,0.866334273,0
69,100068,B4_Physical_Multiobjective,0,Direct_Earth_to_Mars,1,1,0.930770801,0.999999995,0.930770796,60,1128.567672,0.930770796,1
69,100068,B4_Physical_Multiobjective,1,Earth_Relay0_Mars,1,2,0.866334284,0.999999327,0.866333701,120,1456.155932,0.335718238,0
69,100068,B4_Physical_Multiobjective,2,Earth_Relay1_Mars,1,2,0.866334284,1,0.866334284,120,1289.485946,0.379111099,0
69,100068,B4_Physical_Multiobjective,3,Earth_Relay2_Mars,1,2,0.866334284,0.999999987,0.866334273,120,1134.961475,0.43072689,0
70,100069,B1_Shortest_Delay,0,Direct_Earth_to_Mars,1,1,0.972552116,0.999999857,0.972551977,60,1191.969237,1,1
70,100069,B1_Shortest_Delay,1,Earth_Relay0_Mars,1,2,0.945857619,0.999994617,0.945852528,120,1510.516635,0.789113612,0
70,100069,B1_Shortest_Delay,2,Earth_Relay1_Mars,1,2,0.945857619,0.999999999,0.945857618,120,1362.061325,0.875121565,0
70,100069,B1_Shortest_Delay,3,Earth_Relay2_Mars,1,2,0.945857619,0.999999664,0.945857301,120,1198.444,0.994597359,0
70,100069,B2_Contact_Aware,0,Direct_Earth_to_Mars,1,1,0.972552116,0.999999857,0.972551977,60,1191.969237,0.972552116,1
70,100069,B2_Contact_Aware,1,Earth_Relay0_Mars,1,2,0.945857619,0.999994617,0.945852528,120,1510.516635,0.945857619,0
70,100069,B2_Contact_Aware,2,Earth_Relay1_Mars,1,2,0.945857619,0.999999999,0.945857618,120,1362.061325,0.945857619,0
70,100069,B2_Contact_Aware,3,Earth_Relay2_Mars,1,2,0.945857619,0.999999664,0.945857301,120,1198.444,0.945857619,0
70,100069,B3_Physical_Success,0,Direct_Earth_to_Mars,1,1,0.972552116,0.999999857,0.972551977,60,1191.969237,0.972551977,1
70,100069,B3_Physical_Success,1,Earth_Relay0_Mars,1,2,0.945857619,0.999994617,0.945852528,120,1510.516635,0.945852528,0
70,100069,B3_Physical_Success,2,Earth_Relay1_Mars,1,2,0.945857619,0.999999999,0.945857618,120,1362.061325,0.945857618,0
70,100069,B3_Physical_Success,3,Earth_Relay2_Mars,1,2,0.945857619,0.999999664,0.945857301,120,1198.444,0.945857301,0
70,100069,B4_Physical_Multiobjective,0,Direct_Earth_to_Mars,1,1,0.972552116,0.999999857,0.972551977,60,1191.969237,0.972551977,1
70,100069,B4_Physical_Multiobjective,1,Earth_Relay0_Mars,1,2,0.945857619,0.999994617,0.945852528,120,1510.516635,0.373192552,0
70,100069,B4_Physical_Multiobjective,2,Earth_Relay1_Mars,1,2,0.945857619,0.999999999,0.945857618,120,1362.061325,0.413870199,0
70,100069,B4_Physical_Multiobjective,3,Earth_Relay2_Mars,1,2,0.945857619,0.999999664,0.945857301,120,1198.444,0.470373587,0
71,100070,B1_Shortest_Delay,0,Direct_Earth_to_Mars,1,1,0.851900219,1,0.851900219,60,416.0779576,1,1
71,100070,B1_Shortest_Delay,1,Earth_Relay0_Mars,0,2,0.725733984,0,0,120,782.1274986,-1,0
71,100070,B1_Shortest_Delay,2,Earth_Relay1_Mars,1,2,0.725733984,1,0.725733984,120,557.5102625,0.746314437,0
71,100070,B1_Shortest_Delay,3,Earth_Relay2_Mars,1,2,0.725733984,1,0.725733984,120,422.1345761,0.985652399,0
71,100070,B2_Contact_Aware,0,Direct_Earth_to_Mars,1,1,0.851900219,1,0.851900219,60,416.0779576,0.851900219,1
71,100070,B2_Contact_Aware,1,Earth_Relay0_Mars,0,2,0.725733984,0,0,120,782.1274986,-1,0
71,100070,B2_Contact_Aware,2,Earth_Relay1_Mars,1,2,0.725733984,1,0.725733984,120,557.5102625,0.725733984,0
71,100070,B2_Contact_Aware,3,Earth_Relay2_Mars,1,2,0.725733984,1,0.725733984,120,422.1345761,0.725733984,0
71,100070,B3_Physical_Success,0,Direct_Earth_to_Mars,1,1,0.851900219,1,0.851900219,60,416.0779576,0.851900219,1
71,100070,B3_Physical_Success,1,Earth_Relay0_Mars,0,2,0.725733984,0,0,120,782.1274986,-1,0
71,100070,B3_Physical_Success,2,Earth_Relay1_Mars,1,2,0.725733984,1,0.725733984,120,557.5102625,0.725733984,0
71,100070,B3_Physical_Success,3,Earth_Relay2_Mars,1,2,0.725733984,1,0.725733984,120,422.1345761,0.725733984,0
71,100070,B4_Physical_Multiobjective,0,Direct_Earth_to_Mars,1,1,0.851900219,1,0.851900219,60,416.0779576,0.851900219,1
71,100070,B4_Physical_Multiobjective,1,Earth_Relay0_Mars,0,2,0.725733984,0,0,120,782.1274986,-1,0
71,100070,B4_Physical_Multiobjective,2,Earth_Relay1_Mars,1,2,0.725733984,1,0.725733984,120,557.5102625,0.270812875,0
71,100070,B4_Physical_Multiobjective,3,Earth_Relay2_Mars,1,2,0.725733984,1,0.725733984,120,422.1345761,0.357660721,0
72,100071,B1_Shortest_Delay,0,Direct_Earth_to_Mars,1,1,0.90737861,1,0.90737861,60,1053.05881,1,1
72,100071,B1_Shortest_Delay,1,Earth_Relay0_Mars,1,2,0.823335941,0.99999999,0.823335933,120,1388.21911,0.758568156,0
72,100071,B1_Shortest_Delay,2,Earth_Relay1_Mars,1,2,0.823335941,1,0.823335941,120,1204.2721,0.874435944,0
72,100071,B1_Shortest_Delay,3,Earth_Relay2_Mars,1,2,0.823335941,1,0.823335941,120,1059.363054,0.994049024,0
72,100071,B2_Contact_Aware,0,Direct_Earth_to_Mars,1,1,0.90737861,1,0.90737861,60,1053.05881,0.90737861,1
72,100071,B2_Contact_Aware,1,Earth_Relay0_Mars,1,2,0.823335941,0.99999999,0.823335933,120,1388.21911,0.823335941,0
72,100071,B2_Contact_Aware,2,Earth_Relay1_Mars,1,2,0.823335941,1,0.823335941,120,1204.2721,0.823335941,0
72,100071,B2_Contact_Aware,3,Earth_Relay2_Mars,1,2,0.823335941,1,0.823335941,120,1059.363054,0.823335941,0
72,100071,B3_Physical_Success,0,Direct_Earth_to_Mars,1,1,0.90737861,1,0.90737861,60,1053.05881,0.90737861,1
72,100071,B3_Physical_Success,1,Earth_Relay0_Mars,1,2,0.823335941,0.99999999,0.823335933,120,1388.21911,0.823335933,0
72,100071,B3_Physical_Success,2,Earth_Relay1_Mars,1,2,0.823335941,1,0.823335941,120,1204.2721,0.823335941,0
72,100071,B3_Physical_Success,3,Earth_Relay2_Mars,1,2,0.823335941,1,0.823335941,120,1059.363054,0.823335941,0
72,100071,B4_Physical_Multiobjective,0,Direct_Earth_to_Mars,1,1,0.90737861,1,0.90737861,60,1053.05881,0.90737861,1
72,100071,B4_Physical_Multiobjective,1,Earth_Relay0_Mars,1,2,0.823335941,0.99999999,0.823335933,120,1388.21911,0.31227821,0
72,100071,B4_Physical_Multiobjective,2,Earth_Relay1_Mars,1,2,0.823335941,1,0.823335941,120,1204.2721,0.35997727,0
72,100071,B4_Physical_Multiobjective,3,Earth_Relay2_Mars,1,2,0.823335941,1,0.823335941,120,1059.363054,0.409218144,0
73,100072,B1_Shortest_Delay,0,Direct_Earth_to_Mars,1,1,0.907476149,1,0.907476149,60,258.4520648,1,1
73,100072,B1_Shortest_Delay,1,Earth_Relay0_Mars,1,2,0.82351296,1,0.82351296,120,510.8233012,0.505951988,0
73,100072,B1_Shortest_Delay,2,Earth_Relay1_Mars,1,2,0.82351296,1,0.82351296,120,699.777621,0.369334567,0
73,100072,B1_Shortest_Delay,3,Earth_Relay2_Mars,1,2,0.82351296,1,0.82351296,120,264.6561454,0.976557957,0
73,100072,B2_Contact_Aware,0,Direct_Earth_to_Mars,1,1,0.907476149,1,0.907476149,60,258.4520648,0.907476149,1
73,100072,B2_Contact_Aware,1,Earth_Relay0_Mars,1,2,0.82351296,1,0.82351296,120,510.8233012,0.82351296,0
73,100072,B2_Contact_Aware,2,Earth_Relay1_Mars,1,2,0.82351296,1,0.82351296,120,699.777621,0.82351296,0
73,100072,B2_Contact_Aware,3,Earth_Relay2_Mars,1,2,0.82351296,1,0.82351296,120,264.6561454,0.82351296,0
73,100072,B3_Physical_Success,0,Direct_Earth_to_Mars,1,1,0.907476149,1,0.907476149,60,258.4520648,0.907476149,1
73,100072,B3_Physical_Success,1,Earth_Relay0_Mars,1,2,0.82351296,1,0.82351296,120,510.8233012,0.82351296,0
73,100072,B3_Physical_Success,2,Earth_Relay1_Mars,1,2,0.82351296,1,0.82351296,120,699.777621,0.82351296,0
73,100072,B3_Physical_Success,3,Earth_Relay2_Mars,1,2,0.82351296,1,0.82351296,120,264.6561454,0.82351296,0
73,100072,B4_Physical_Multiobjective,0,Direct_Earth_to_Mars,1,1,0.907476149,1,0.907476149,60,258.4520648,0.907476149,1
73,100072,B4_Physical_Multiobjective,1,Earth_Relay0_Mars,1,2,0.82351296,1,0.82351296,120,510.8233012,0.20832901,0
73,100072,B4_Physical_Multiobjective,2,Earth_Relay1_Mars,1,2,0.82351296,1,0.82351296,120,699.777621,0.152075901,0
73,100072,B4_Physical_Multiobjective,3,Earth_Relay2_Mars,1,2,0.82351296,1,0.82351296,120,264.6561454,0.402104067,0
74,100073,B1_Shortest_Delay,0,Direct_Earth_to_Mars,1,1,0.816379582,1,0.816379582,60,881.5885952,1,1
74,100073,B1_Shortest_Delay,1,Earth_Relay0_Mars,1,2,0.666475622,1,0.666475622,120,1001.602983,0.880177685,0
74,100073,B1_Shortest_Delay,2,Earth_Relay1_Mars,1,2,0.666475622,1,0.666475622,120,1243.300788,0.70907105,0
74,100073,B1_Shortest_Delay,3,Earth_Relay2_Mars,1,2,0.666475622,1,0.666475622,120,887.6937943,0.993122404,0
74,100073,B2_Contact_Aware,0,Direct_Earth_to_Mars,1,1,0.816379582,1,0.816379582,60,881.5885952,0.816379582,1
74,100073,B2_Contact_Aware,1,Earth_Relay0_Mars,1,2,0.666475622,1,0.666475622,120,1001.602983,0.666475622,0
74,100073,B2_Contact_Aware,2,Earth_Relay1_Mars,1,2,0.666475622,1,0.666475622,120,1243.300788,0.666475622,0
74,100073,B2_Contact_Aware,3,Earth_Relay2_Mars,1,2,0.666475622,1,0.666475622,120,887.6937943,0.666475622,0
74,100073,B3_Physical_Success,0,Direct_Earth_to_Mars,1,1,0.816379582,1,0.816379582,60,881.5885952,0.816379582,1
74,100073,B3_Physical_Success,1,Earth_Relay0_Mars,1,2,0.666475622,1,0.666475622,120,1001.602983,0.666475622,0
74,100073,B3_Physical_Success,2,Earth_Relay1_Mars,1,2,0.666475622,1,0.666475622,120,1243.300788,0.666475622,0
74,100073,B3_Physical_Success,3,Earth_Relay2_Mars,1,2,0.666475622,1,0.666475622,120,887.6937943,0.666475622,0
74,100073,B4_Physical_Multiobjective,0,Direct_Earth_to_Mars,1,1,0.816379582,1,0.816379582,60,881.5885952,0.816379582,1
74,100073,B4_Physical_Multiobjective,1,Earth_Relay0_Mars,1,2,0.666475622,1,0.666475622,120,1001.602983,0.293308485,0
74,100073,B4_Physical_Multiobjective,2,Earth_Relay1_Mars,1,2,0.666475622,1,0.666475622,120,1243.300788,0.236289285,0
74,100073,B4_Physical_Multiobjective,3,Earth_Relay2_Mars,1,2,0.666475622,1,0.666475622,120,887.6937943,0.330945936,0
75,100074,B1_Shortest_Delay,0,Direct_Earth_to_Mars,1,1,0.99662972,1,0.996629719,60,1048.241916,1,1
75,100074,B1_Shortest_Delay,1,Earth_Relay0_Mars,1,2,0.993270798,1,0.993270798,120,1200.178602,0.873404937,0
75,100074,B1_Shortest_Delay,2,Earth_Relay1_Mars,1,2,0.993270798,0.999999932,0.993270731,120,1384.190205,0.757296152,0
75,100074,B1_Shortest_Delay,3,Earth_Relay2_Mars,1,2,0.993270798,0.999999999,0.993270798,120,1054.622931,0.993949482,0
75,100074,B2_Contact_Aware,0,Direct_Earth_to_Mars,1,1,0.99662972,1,0.996629719,60,1048.241916,0.99662972,1
75,100074,B2_Contact_Aware,1,Earth_Relay0_Mars,1,2,0.993270798,1,0.993270798,120,1200.178602,0.993270798,0
75,100074,B2_Contact_Aware,2,Earth_Relay1_Mars,1,2,0.993270798,0.999999932,0.993270731,120,1384.190205,0.993270798,0
75,100074,B2_Contact_Aware,3,Earth_Relay2_Mars,1,2,0.993270798,0.999999999,0.993270798,120,1054.622931,0.993270798,0
75,100074,B3_Physical_Success,0,Direct_Earth_to_Mars,1,1,0.99662972,1,0.996629719,60,1048.241916,0.996629719,1
75,100074,B3_Physical_Success,1,Earth_Relay0_Mars,1,2,0.993270798,1,0.993270798,120,1200.178602,0.993270798,0
75,100074,B3_Physical_Success,2,Earth_Relay1_Mars,1,2,0.993270798,0.999999932,0.993270731,120,1384.190205,0.993270731,0
75,100074,B3_Physical_Success,3,Earth_Relay2_Mars,1,2,0.993270798,0.999999999,0.993270798,120,1054.622931,0.993270798,0
75,100074,B4_Physical_Multiobjective,0,Direct_Earth_to_Mars,1,1,0.99662972,1,0.996629719,60,1048.241916,0.996629719,1
75,100074,B4_Physical_Multiobjective,1,Earth_Relay0_Mars,1,2,0.993270798,1,0.993270798,120,1200.178602,0.433763809,0
75,100074,B4_Physical_Multiobjective,2,Earth_Relay1_Mars,1,2,0.993270798,0.999999932,0.993270731,120,1384.190205,0.376100051,0
75,100074,B4_Physical_Multiobjective,3,Earth_Relay2_Mars,1,2,0.993270798,0.999999999,0.993270798,120,1054.622931,0.493630498,0
76,100075,B1_Shortest_Delay,0,Direct_Earth_to_Mars,1,1,0.925890371,1,0.925890371,60,687.8163729,1,1
76,100075,B1_Shortest_Delay,1,Earth_Relay0_Mars,1,2,0.857272979,1,0.857272979,120,783.9991617,0.87731774,0
76,100075,B1_Shortest_Delay,2,Earth_Relay1_Mars,1,2,0.857272979,1,0.857272979,120,1110.210214,0.619537061,0
76,100075,B1_Shortest_Delay,3,Earth_Relay2_Mars,1,2,0.857272979,1,0.857272979,120,693.6607794,0.991574547,0
76,100075,B2_Contact_Aware,0,Direct_Earth_to_Mars,1,1,0.925890371,1,0.925890371,60,687.8163729,0.925890371,1
76,100075,B2_Contact_Aware,1,Earth_Relay0_Mars,1,2,0.857272979,1,0.857272979,120,783.9991617,0.857272979,0
76,100075,B2_Contact_Aware,2,Earth_Relay1_Mars,1,2,0.857272979,1,0.857272979,120,1110.210214,0.857272979,0
76,100075,B2_Contact_Aware,3,Earth_Relay2_Mars,1,2,0.857272979,1,0.857272979,120,693.6607794,0.857272979,0
76,100075,B3_Physical_Success,0,Direct_Earth_to_Mars,1,1,0.925890371,1,0.925890371,60,687.8163729,0.925890371,1
76,100075,B3_Physical_Success,1,Earth_Relay0_Mars,1,2,0.857272979,1,0.857272979,120,783.9991617,0.857272979,0
76,100075,B3_Physical_Success,2,Earth_Relay1_Mars,1,2,0.857272979,1,0.857272979,120,1110.210214,0.857272979,0
76,100075,B3_Physical_Success,3,Earth_Relay2_Mars,1,2,0.857272979,1,0.857272979,120,693.6607794,0.857272979,0
76,100075,B4_Physical_Multiobjective,0,Direct_Earth_to_Mars,1,1,0.925890371,1,0.925890371,60,687.8163729,0.925890371,1
76,100075,B4_Physical_Multiobjective,1,Earth_Relay0_Mars,1,2,0.857272979,1,0.857272979,120,783.9991617,0.376050396,0
76,100075,B4_Physical_Multiobjective,2,Earth_Relay1_Mars,1,2,0.857272979,1,0.857272979,120,1110.210214,0.265556191,0
76,100075,B4_Physical_Multiobjective,3,Earth_Relay2_Mars,1,2,0.857272979,1,0.857272979,120,693.6607794,0.425025033,0
77,100076,B1_Shortest_Delay,0,Direct_Earth_to_Mars,1,1,0.840384784,1,0.840384784,60,303.2662615,1,1
77,100076,B1_Shortest_Delay,1,Earth_Relay0_Mars,1,2,0.706246585,1,0.706246585,120,506.8282394,0.598361018,0
77,100076,B1_Shortest_Delay,2,Earth_Relay1_Mars,1,2,0.706246585,1,0.706246585,120,769.159178,0.394282835,0
77,100076,B1_Shortest_Delay,3,Earth_Relay2_Mars,1,2,0.706246585,1,0.706246585,120,309.186808,0.980851232,0
77,100076,B2_Contact_Aware,0,Direct_Earth_to_Mars,1,1,0.840384784,1,0.840384784,60,303.2662615,0.840384784,1
77,100076,B2_Contact_Aware,1,Earth_Relay0_Mars,1,2,0.706246585,1,0.706246585,120,506.8282394,0.706246585,0
77,100076,B2_Contact_Aware,2,Earth_Relay1_Mars,1,2,0.706246585,1,0.706246585,120,769.159178,0.706246585,0
77,100076,B2_Contact_Aware,3,Earth_Relay2_Mars,1,2,0.706246585,1,0.706246585,120,309.186808,0.706246585,0
77,100076,B3_Physical_Success,0,Direct_Earth_to_Mars,1,1,0.840384784,1,0.840384784,60,303.2662615,0.840384784,1
77,100076,B3_Physical_Success,1,Earth_Relay0_Mars,1,2,0.706246585,1,0.706246585,120,506.8282394,0.706246585,0
77,100076,B3_Physical_Success,2,Earth_Relay1_Mars,1,2,0.706246585,1,0.706246585,120,769.159178,0.706246585,0
77,100076,B3_Physical_Success,3,Earth_Relay2_Mars,1,2,0.706246585,1,0.706246585,120,309.186808,0.706246585,0
77,100076,B4_Physical_Multiobjective,0,Direct_Earth_to_Mars,1,1,0.840384784,1,0.840384784,60,303.2662615,0.840384784,1
77,100076,B4_Physical_Multiobjective,1,Earth_Relay0_Mars,1,2,0.706246585,1,0.706246585,120,506.8282394,0.211295213,0
77,100076,B4_Physical_Multiobjective,2,Earth_Relay1_Mars,1,2,0.706246585,1,0.706246585,120,769.159178,0.139230453,0
77,100076,B4_Physical_Multiobjective,3,Earth_Relay2_Mars,1,2,0.706246585,1,0.706246585,120,309.186808,0.346361417,0
78,100077,B1_Shortest_Delay,0,Direct_Earth_to_Mars,1,1,0.891485799,0.999999975,0.891485777,60,1154.791224,1,1
78,100077,B1_Shortest_Delay,1,Earth_Relay0_Mars,1,2,0.794746931,0.99999816,0.794745468,120,1479.032388,0.780774805,0
78,100077,B1_Shortest_Delay,2,Earth_Relay1_Mars,1,2,0.794746931,1,0.794746931,120,1319.354969,0.875269546,0
78,100077,B1_Shortest_Delay,3,Earth_Relay2_Mars,1,2,0.794746931,0.99999994,0.794746883,120,1161.217802,0.994465656,0
78,100077,B2_Contact_Aware,0,Direct_Earth_to_Mars,1,1,0.891485799,0.999999975,0.891485777,60,1154.791224,0.891485799,1
78,100077,B2_Contact_Aware,1,Earth_Relay0_Mars,1,2,0.794746931,0.99999816,0.794745468,120,1479.032388,0.794746931,0
78,100077,B2_Contact_Aware,2,Earth_Relay1_Mars,1,2,0.794746931,1,0.794746931,120,1319.354969,0.794746931,0
78,100077,B2_Contact_Aware,3,Earth_Relay2_Mars,1,2,0.794746931,0.99999994,0.794746883,120,1161.217802,0.794746931,0
78,100077,B3_Physical_Success,0,Direct_Earth_to_Mars,1,1,0.891485799,0.999999975,0.891485777,60,1154.791224,0.891485777,1
78,100077,B3_Physical_Success,1,Earth_Relay0_Mars,1,2,0.794746931,0.99999816,0.794745468,120,1479.032388,0.794745468,0
78,100077,B3_Physical_Success,2,Earth_Relay1_Mars,1,2,0.794746931,1,0.794746931,120,1319.354969,0.794746931,0
78,100077,B3_Physical_Success,3,Earth_Relay2_Mars,1,2,0.794746931,0.99999994,0.794746883,120,1161.217802,0.794746883,0
78,100077,B4_Physical_Multiobjective,0,Direct_Earth_to_Mars,1,1,0.891485799,0.999999975,0.891485777,60,1154.791224,0.891485777,1
78,100077,B4_Physical_Multiobjective,1,Earth_Relay0_Mars,1,2,0.794746931,0.99999816,0.794745468,120,1479.032388,0.310258619,0
78,100077,B4_Physical_Multiobjective,2,Earth_Relay1_Mars,1,2,0.794746931,1,0.794746931,120,1319.354969,0.347808892,0
78,100077,B4_Physical_Multiobjective,3,Earth_Relay2_Mars,1,2,0.794746931,0.99999994,0.794746883,120,1161.217802,0.39517424,0
79,100078,B1_Shortest_Delay,0,Direct_Earth_to_Mars,1,1,0.938087403,1,0.938087403,60,225.3732297,1,1
79,100078,B1_Shortest_Delay,1,Earth_Relay0_Mars,1,2,0.880007976,1,0.880007976,120,558.0839646,0.40383391,0
79,100078,B1_Shortest_Delay,2,Earth_Relay1_Mars,1,2,0.880007976,1,0.880007976,120,581.5442773,0.387542683,0
79,100078,B1_Shortest_Delay,3,Earth_Relay2_Mars,1,2,0.880007976,1,0.880007976,120,232.034057,0.971293751,0
79,100078,B2_Contact_Aware,0,Direct_Earth_to_Mars,1,1,0.938087403,1,0.938087403,60,225.3732297,0.938087403,1
79,100078,B2_Contact_Aware,1,Earth_Relay0_Mars,1,2,0.880007976,1,0.880007976,120,558.0839646,0.880007976,0
79,100078,B2_Contact_Aware,2,Earth_Relay1_Mars,1,2,0.880007976,1,0.880007976,120,581.5442773,0.880007976,0
79,100078,B2_Contact_Aware,3,Earth_Relay2_Mars,1,2,0.880007976,1,0.880007976,120,232.034057,0.880007976,0
79,100078,B3_Physical_Success,0,Direct_Earth_to_Mars,1,1,0.938087403,1,0.938087403,60,225.3732297,0.938087403,1
79,100078,B3_Physical_Success,1,Earth_Relay0_Mars,1,2,0.880007976,1,0.880007976,120,558.0839646,0.880007976,0
79,100078,B3_Physical_Success,2,Earth_Relay1_Mars,1,2,0.880007976,1,0.880007976,120,581.5442773,0.880007976,0
79,100078,B3_Physical_Success,3,Earth_Relay2_Mars,1,2,0.880007976,1,0.880007976,120,232.034057,0.880007976,0
79,100078,B4_Physical_Multiobjective,0,Direct_Earth_to_Mars,1,1,0.938087403,1,0.938087403,60,225.3732297,0.938087403,1
79,100078,B4_Physical_Multiobjective,1,Earth_Relay0_Mars,1,2,0.880007976,1,0.880007976,120,558.0839646,0.177688531,0
79,100078,B4_Physical_Multiobjective,2,Earth_Relay1_Mars,1,2,0.880007976,1,0.880007976,120,581.5442773,0.170520326,0
79,100078,B4_Physical_Multiobjective,3,Earth_Relay2_Mars,1,2,0.880007976,1,0.880007976,120,232.034057,0.427373124,0
80,100079,B1_Shortest_Delay,0,Direct_Earth_to_Mars,1,1,0.943715686,1,0.943715686,60,1016.86249,1,1
80,100079,B1_Shortest_Delay,1,Earth_Relay0_Mars,1,2,0.890599295,1,0.890599295,120,1161.716589,0.875310295,0
80,100079,B1_Shortest_Delay,2,Earth_Relay1_Mars,1,2,0.890599295,1,0.890599295,120,1368.00304,0.743318882,0
80,100079,B1_Shortest_Delay,3,Earth_Relay2_Mars,1,2,0.890599295,1,0.890599295,120,1023.19618,0.993809897,0
80,100079,B2_Contact_Aware,0,Direct_Earth_to_Mars,1,1,0.943715686,1,0.943715686,60,1016.86249,0.943715686,1
80,100079,B2_Contact_Aware,1,Earth_Relay0_Mars,1,2,0.890599295,1,0.890599295,120,1161.716589,0.890599295,0
80,100079,B2_Contact_Aware,2,Earth_Relay1_Mars,1,2,0.890599295,1,0.890599295,120,1368.00304,0.890599295,0
80,100079,B2_Contact_Aware,3,Earth_Relay2_Mars,1,2,0.890599295,1,0.890599295,120,1023.19618,0.890599295,0
80,100079,B3_Physical_Success,0,Direct_Earth_to_Mars,1,1,0.943715686,1,0.943715686,60,1016.86249,0.943715686,1
80,100079,B3_Physical_Success,1,Earth_Relay0_Mars,1,2,0.890599295,1,0.890599295,120,1161.716589,0.890599295,0
80,100079,B3_Physical_Success,2,Earth_Relay1_Mars,1,2,0.890599295,1,0.890599295,120,1368.00304,0.890599295,0
80,100079,B3_Physical_Success,3,Earth_Relay2_Mars,1,2,0.890599295,1,0.890599295,120,1023.19618,0.890599295,0
80,100079,B4_Physical_Multiobjective,0,Direct_Earth_to_Mars,1,1,0.943715686,1,0.943715686,60,1016.86249,0.943715686,1
80,100079,B4_Physical_Multiobjective,1,Earth_Relay0_Mars,1,2,0.890599295,1,0.890599295,120,1161.716589,0.389775366,0
80,100079,B4_Physical_Multiobjective,2,Earth_Relay1_Mars,1,2,0.890599295,1,0.890599295,120,1368.00304,0.330999636,0
80,100079,B4_Physical_Multiobjective,3,Earth_Relay2_Mars,1,2,0.890599295,1,0.890599295,120,1023.19618,0.442543197,0
81,100080,B1_Shortest_Delay,0,Direct_Earth_to_Mars,1,1,0.902540361,1,0.902540361,60,775.391703,1,1
81,100080,B1_Shortest_Delay,1,Earth_Relay0_Mars,1,2,0.814579103,1,0.814579103,120,879.7123736,0.881415024,0
81,100080,B1_Shortest_Delay,2,Earth_Relay1_Mars,1,2,0.814579103,1,0.814579103,120,1169.891112,0.662789635,0
81,100080,B1_Shortest_Delay,3,Earth_Relay2_Mars,1,2,0.814579103,1,0.814579103,120,781.3522391,0.992371512,0
81,100080,B2_Contact_Aware,0,Direct_Earth_to_Mars,1,1,0.902540361,1,0.902540361,60,775.391703,0.902540361,1
81,100080,B2_Contact_Aware,1,Earth_Relay0_Mars,1,2,0.814579103,1,0.814579103,120,879.7123736,0.814579103,0
81,100080,B2_Contact_Aware,2,Earth_Relay1_Mars,1,2,0.814579103,1,0.814579103,120,1169.891112,0.814579103,0
81,100080,B2_Contact_Aware,3,Earth_Relay2_Mars,1,2,0.814579103,1,0.814579103,120,781.3522391,0.814579103,0
81,100080,B3_Physical_Success,0,Direct_Earth_to_Mars,1,1,0.902540361,1,0.902540361,60,775.391703,0.902540361,1
81,100080,B3_Physical_Success,1,Earth_Relay0_Mars,1,2,0.814579103,1,0.814579103,120,879.7123736,0.814579103,0
81,100080,B3_Physical_Success,2,Earth_Relay1_Mars,1,2,0.814579103,1,0.814579103,120,1169.891112,0.814579103,0
81,100080,B3_Physical_Success,3,Earth_Relay2_Mars,1,2,0.814579103,1,0.814579103,120,781.3522391,0.814579103,0
81,100080,B4_Physical_Multiobjective,0,Direct_Earth_to_Mars,1,1,0.902540361,1,0.902540361,60,775.391703,0.902540361,1
81,100080,B4_Physical_Multiobjective,1,Earth_Relay0_Mars,1,2,0.814579103,1,0.814579103,120,879.7123736,0.35899113,0
81,100080,B4_Physical_Multiobjective,2,Earth_Relay1_Mars,1,2,0.814579103,1,0.814579103,120,1169.891112,0.269947293,0
81,100080,B4_Physical_Multiobjective,3,Earth_Relay2_Mars,1,2,0.814579103,1,0.814579103,120,781.3522391,0.404182548,0
82,100081,B1_Shortest_Delay,0,Direct_Earth_to_Mars,1,1,0.882873157,0.999993672,0.88286757,60,1303.043209,1,1
82,100081,B1_Shortest_Delay,1,Earth_Relay0_Mars,1,2,0.779465011,0.999987239,0.779455064,120,1557.205115,0.836783284,0
82,100081,B1_Shortest_Delay,2,Earth_Relay1_Mars,1,2,0.779465011,0.999997159,0.779462796,120,1515.159141,0.860004189,0
82,100081,B1_Shortest_Delay,3,Earth_Relay2_Mars,1,2,0.779465011,0.999985517,0.779453721,120,1309.714148,0.994906569,0
82,100081,B2_Contact_Aware,0,Direct_Earth_to_Mars,1,1,0.882873157,0.999993672,0.88286757,60,1303.043209,0.882873157,1
82,100081,B2_Contact_Aware,1,Earth_Relay0_Mars,1,2,0.779465011,0.999987239,0.779455064,120,1557.205115,0.779465011,0
82,100081,B2_Contact_Aware,2,Earth_Relay1_Mars,1,2,0.779465011,0.999997159,0.779462796,120,1515.159141,0.779465011,0
82,100081,B2_Contact_Aware,3,Earth_Relay2_Mars,1,2,0.779465011,0.999985517,0.779453721,120,1309.714148,0.779465011,0
82,100081,B3_Physical_Success,0,Direct_Earth_to_Mars,1,1,0.882873157,0.999993672,0.88286757,60,1303.043209,0.88286757,1
82,100081,B3_Physical_Success,1,Earth_Relay0_Mars,1,2,0.779465011,0.999987239,0.779455064,120,1557.205115,0.779455064,0
82,100081,B3_Physical_Success,2,Earth_Relay1_Mars,1,2,0.779465011,0.999997159,0.779462796,120,1515.159141,0.779462796,0
82,100081,B3_Physical_Success,3,Earth_Relay2_Mars,1,2,0.779465011,0.999985517,0.779453721,120,1309.714148,0.779453721,0
82,100081,B4_Physical_Multiobjective,0,Direct_Earth_to_Mars,1,1,0.882873157,0.999993672,0.88286757,60,1303.043209,0.88286757,1
82,100081,B4_Physical_Multiobjective,1,Earth_Relay0_Mars,1,2,0.779465011,0.999987239,0.779455064,120,1557.205115,0.326117484,0
82,100081,B4_Physical_Multiobjective,2,Earth_Relay1_Mars,1,2,0.779465011,0.999997159,0.779462796,120,1515.159141,0.335170635,0
82,100081,B4_Physical_Multiobjective,3,Earth_Relay2_Mars,1,2,0.779465011,0.999985517,0.779453721,120,1309.714148,0.387741814,0
83,100082,B1_Shortest_Delay,0,Direct_Earth_to_Mars,1,1,0.917935518,1,0.917935518,60,456.9890787,1,1
83,100082,B1_Shortest_Delay,1,Earth_Relay0_Mars,1,2,0.842605616,1,0.842605616,120,573.3321851,0.797075571,0
83,100082,B1_Shortest_Delay,2,Earth_Relay1_Mars,1,2,0.842605616,1,0.842605616,120,935.6509987,0.488418309,0
83,100082,B1_Shortest_Delay,3,Earth_Relay2_Mars,1,2,0.842605616,1,0.842605616,120,462.6362475,0.987793501,0
83,100082,B2_Contact_Aware,0,Direct_Earth_to_Mars,1,1,0.917935518,1,0.917935518,60,456.9890787,0.917935518,1
83,100082,B2_Contact_Aware,1,Earth_Relay0_Mars,1,2,0.842605616,1,0.842605616,120,573.3321851,0.842605616,0
83,100082,B2_Contact_Aware,2,Earth_Relay1_Mars,1,2,0.842605616,1,0.842605616,120,935.6509987,0.842605616,0
83,100082,B2_Contact_Aware,3,Earth_Relay2_Mars,1,2,0.842605616,1,0.842605616,120,462.6362475,0.842605616,0
83,100082,B3_Physical_Success,0,Direct_Earth_to_Mars,1,1,0.917935518,1,0.917935518,60,456.9890787,0.917935518,1
83,100082,B3_Physical_Success,1,Earth_Relay0_Mars,1,2,0.842605616,1,0.842605616,120,573.3321851,0.842605616,0
83,100082,B3_Physical_Success,2,Earth_Relay1_Mars,1,2,0.842605616,1,0.842605616,120,935.6509987,0.842605616,0
83,100082,B3_Physical_Success,3,Earth_Relay2_Mars,1,2,0.842605616,1,0.842605616,120,462.6362475,0.842605616,0
83,100082,B4_Physical_Multiobjective,0,Direct_Earth_to_Mars,1,1,0.917935518,1,0.917935518,60,456.9890787,0.917935518,1
83,100082,B4_Physical_Multiobjective,1,Earth_Relay0_Mars,1,2,0.842605616,1,0.842605616,120,573.3321851,0.335810176,0
83,100082,B4_Physical_Multiobjective,2,Earth_Relay1_Mars,1,2,0.842605616,1,0.842605616,120,935.6509987,0.205772005,0
83,100082,B4_Physical_Multiobjective,3,Earth_Relay2_Mars,1,2,0.842605616,1,0.842605616,120,462.6362475,0.416160176,0
84,100083,B1_Shortest_Delay,0,Direct_Earth_to_Mars,1,1,0.869662181,0.999885314,0.869562442,60,1294.345513,1,1
84,100083,B1_Shortest_Delay,1,Earth_Relay0_Mars,1,2,0.756312309,0.99941748,0.755871742,120,1581.830546,0.818258009,0
84,100083,B1_Shortest_Delay,2,Earth_Relay1_Mars,1,2,0.756312309,0.99998093,0.756297886,120,1486.520728,0.870721469,0
84,100083,B1_Shortest_Delay,3,Earth_Relay2_Mars,1,2,0.756312309,0.999742355,0.756117449,120,1300.973088,0.994905678,0
84,100083,B2_Contact_Aware,0,Direct_Earth_to_Mars,1,1,0.869662181,0.999885314,0.869562442,60,1294.345513,0.869662181,1
84,100083,B2_Contact_Aware,1,Earth_Relay0_Mars,1,2,0.756312309,0.99941748,0.755871742,120,1581.830546,0.756312309,0
84,100083,B2_Contact_Aware,2,Earth_Relay1_Mars,1,2,0.756312309,0.99998093,0.756297886,120,1486.520728,0.756312309,0
84,100083,B2_Contact_Aware,3,Earth_Relay2_Mars,1,2,0.756312309,0.999742355,0.756117449,120,1300.973088,0.756312309,0
84,100083,B3_Physical_Success,0,Direct_Earth_to_Mars,1,1,0.869662181,0.999885314,0.869562442,60,1294.345513,0.869562442,1
84,100083,B3_Physical_Success,1,Earth_Relay0_Mars,1,2,0.756312309,0.99941748,0.755871742,120,1581.830546,0.755871742,0
84,100083,B3_Physical_Success,2,Earth_Relay1_Mars,1,2,0.756312309,0.99998093,0.756297886,120,1486.520728,0.756297886,0
84,100083,B3_Physical_Success,3,Earth_Relay2_Mars,1,2,0.756312309,0.999742355,0.756117449,120,1300.973088,0.756117449,0
84,100083,B4_Physical_Multiobjective,0,Direct_Earth_to_Mars,1,1,0.869662181,0.999885314,0.869562442,60,1294.345513,0.869562442,1
84,100083,B4_Physical_Multiobjective,1,Earth_Relay0_Mars,1,2,0.756312309,0.99941748,0.755871742,120,1581.830546,0.309249053,0
84,100083,B4_Physical_Multiobjective,2,Earth_Relay1_Mars,1,2,0.756312309,0.99998093,0.756297886,120,1486.520728,0.329262403,0
84,100083,B4_Physical_Multiobjective,3,Earth_Relay2_Mars,1,2,0.756312309,0.999742355,0.756117449,120,1300.973088,0.376132772,0
85,100084,B1_Shortest_Delay,0,Direct_Earth_to_Mars,1,1,0.832290116,1,0.832290116,60,698.3889366,1,1
85,100084,B1_Shortest_Delay,1,Earth_Relay0_Mars,1,2,0.692706837,1,0.692706837,120,795.2592132,0.878190312,0
85,100084,B1_Shortest_Delay,2,Earth_Relay1_Mars,1,2,0.692706837,1,0.692706837,120,1117.442376,0.62498877,0
85,100084,B1_Shortest_Delay,3,Earth_Relay2_Mars,1,2,0.692706837,1,0.692706837,120,704.2469783,0.991681836,0
85,100084,B2_Contact_Aware,0,Direct_Earth_to_Mars,1,1,0.832290116,1,0.832290116,60,698.3889366,0.832290116,1
85,100084,B2_Contact_Aware,1,Earth_Relay0_Mars,1,2,0.692706837,1,0.692706837,120,795.2592132,0.692706837,0
85,100084,B2_Contact_Aware,2,Earth_Relay1_Mars,1,2,0.692706837,1,0.692706837,120,1117.442376,0.692706837,0
85,100084,B2_Contact_Aware,3,Earth_Relay2_Mars,1,2,0.692706837,1,0.692706837,120,704.2469783,0.692706837,0
85,100084,B3_Physical_Success,0,Direct_Earth_to_Mars,1,1,0.832290116,1,0.832290116,60,698.3889366,0.832290116,1
85,100084,B3_Physical_Success,1,Earth_Relay0_Mars,1,2,0.692706837,1,0.692706837,120,795.2592132,0.692706837,0
85,100084,B3_Physical_Success,2,Earth_Relay1_Mars,1,2,0.692706837,1,0.692706837,120,1117.442376,0.692706837,0
85,100084,B3_Physical_Success,3,Earth_Relay2_Mars,1,2,0.692706837,1,0.692706837,120,704.2469783,0.692706837,0
85,100084,B4_Physical_Multiobjective,0,Direct_Earth_to_Mars,1,1,0.832290116,1,0.832290116,60,698.3889366,0.832290116,1
85,100084,B4_Physical_Multiobjective,1,Earth_Relay0_Mars,1,2,0.692706837,1,0.692706837,120,795.2592132,0.304164216,0
85,100084,B4_Physical_Multiobjective,2,Earth_Relay1_Mars,1,2,0.692706837,1,0.692706837,120,1117.442376,0.216466997,0
85,100084,B4_Physical_Multiobjective,3,Earth_Relay2_Mars,1,2,0.692706837,1,0.692706837,120,704.2469783,0.343472394,0
86,100085,B1_Shortest_Delay,0,Direct_Earth_to_Mars,1,1,0.925368694,0.999984936,0.925354754,60,1264.679867,1,1
86,100085,B1_Shortest_Delay,1,Earth_Relay0_Mars,1,2,0.85630722,0.999987713,0.856296698,120,1489.522069,0.849050775,0
86,100085,B1_Shortest_Delay,2,Earth_Relay1_Mars,1,2,0.85630722,0.999978455,0.856288771,120,1498.6068,0.843903729,0
86,100085,B1_Shortest_Delay,3,Earth_Relay2_Mars,1,2,0.85630722,0.999965604,0.856277767,120,1271.327072,0.994771443,0
86,100085,B2_Contact_Aware,0,Direct_Earth_to_Mars,1,1,0.925368694,0.999984936,0.925354754,60,1264.679867,0.925368694,1
86,100085,B2_Contact_Aware,1,Earth_Relay0_Mars,1,2,0.85630722,0.999987713,0.856296698,120,1489.522069,0.85630722,0
86,100085,B2_Contact_Aware,2,Earth_Relay1_Mars,1,2,0.85630722,0.999978455,0.856288771,120,1498.6068,0.85630722,0
86,100085,B2_Contact_Aware,3,Earth_Relay2_Mars,1,2,0.85630722,0.999965604,0.856277767,120,1271.327072,0.85630722,0
86,100085,B3_Physical_Success,0,Direct_Earth_to_Mars,1,1,0.925368694,0.999984936,0.925354754,60,1264.679867,0.925354754,1
86,100085,B3_Physical_Success,1,Earth_Relay0_Mars,1,2,0.85630722,0.999987713,0.856296698,120,1489.522069,0.856296698,0
86,100085,B3_Physical_Success,2,Earth_Relay1_Mars,1,2,0.85630722,0.999978455,0.856288771,120,1498.6068,0.856288771,0
86,100085,B3_Physical_Success,3,Earth_Relay2_Mars,1,2,0.85630722,0.999965604,0.856277767,120,1271.327072,0.856277767,0
86,100085,B4_Physical_Multiobjective,0,Direct_Earth_to_Mars,1,1,0.925368694,0.999984936,0.925354754,60,1264.679867,0.925354754,1
86,100085,B4_Physical_Multiobjective,1,Earth_Relay0_Mars,1,2,0.85630722,0.999987713,0.856296698,120,1489.522069,0.363519688,0
86,100085,B4_Physical_Multiobjective,2,Earth_Relay1_Mars,1,2,0.85630722,0.999978455,0.856288771,120,1498.6068,0.361312643,0
86,100085,B4_Physical_Multiobjective,3,Earth_Relay2_Mars,1,2,0.85630722,0.999965604,0.856277767,120,1271.327072,0.425900335,0
87,100086,B1_Shortest_Delay,0,Direct_Earth_to_Mars,1,1,0.818339303,0.999994152,0.818334517,60,1291.283792,1,1
87,100086,B1_Shortest_Delay,1,Earth_Relay0_Mars,1,2,0.669679216,0.999991866,0.669673768,120,1533.361123,0.842126341,0
87,100086,B1_Shortest_Delay,2,Earth_Relay1_Mars,0,2,0.669679216,0,0,120,1511.58974,-1,0
87,100086,B1_Shortest_Delay,3,Earth_Relay2_Mars,0,2,0.669679216,0,0,120,1297.950825,-1,0
87,100086,B2_Contact_Aware,0,Direct_Earth_to_Mars,1,1,0.818339303,0.999994152,0.818334517,60,1291.283792,0.818339303,1
87,100086,B2_Contact_Aware,1,Earth_Relay0_Mars,1,2,0.669679216,0.999991866,0.669673768,120,1533.361123,0.669679216,0
87,100086,B2_Contact_Aware,2,Earth_Relay1_Mars,0,2,0.669679216,0,0,120,1511.58974,-1,0
87,100086,B2_Contact_Aware,3,Earth_Relay2_Mars,0,2,0.669679216,0,0,120,1297.950825,-1,0
87,100086,B3_Physical_Success,0,Direct_Earth_to_Mars,1,1,0.818339303,0.999994152,0.818334517,60,1291.283792,0.818334517,1
87,100086,B3_Physical_Success,1,Earth_Relay0_Mars,1,2,0.669679216,0.999991866,0.669673768,120,1533.361123,0.669673768,0
87,100086,B3_Physical_Success,2,Earth_Relay1_Mars,0,2,0.669679216,0,0,120,1511.58974,-1,0
87,100086,B3_Physical_Success,3,Earth_Relay2_Mars,0,2,0.669679216,0,0,120,1297.950825,-1,0
87,100086,B4_Physical_Multiobjective,0,Direct_Earth_to_Mars,1,1,0.818339303,0.999994152,0.818334517,60,1291.283792,0.818334517,1
87,100086,B4_Physical_Multiobjective,1,Earth_Relay0_Mars,1,2,0.669679216,0.999991866,0.669673768,120,1533.361123,0.28197496,0
87,100086,B4_Physical_Multiobjective,2,Earth_Relay1_Mars,0,2,0.669679216,0,0,120,1511.58974,-1,0
87,100086,B4_Physical_Multiobjective,3,Earth_Relay2_Mars,0,2,0.669679216,0,0,120,1297.950825,-1,0
88,100087,B1_Shortest_Delay,0,Direct_Earth_to_Mars,1,1,0.808766777,0.99998645,0.808755818,60,1260.933017,1,1
88,100087,B1_Shortest_Delay,1,Earth_Relay0_Mars,1,2,0.6541037,0.999989736,0.654096987,120,1483.775194,0.849814056,0
88,100087,B1_Shortest_Delay,2,Earth_Relay1_Mars,1,2,0.6541037,0.999979103,0.654090031,120,1496.624324,0.842518056,0
88,100087,B1_Shortest_Delay,3,Earth_Relay2_Mars,1,2,0.6541037,0.999969033,0.654083444,120,1267.576911,0.994758587,0
88,100087,B2_Contact_Aware,0,Direct_Earth_to_Mars,1,1,0.808766777,0.99998645,0.808755818,60,1260.933017,0.808766777,1
88,100087,B2_Contact_Aware,1,Earth_Relay0_Mars,1,2,0.6541037,0.999989736,0.654096987,120,1483.775194,0.6541037,0
88,100087,B2_Contact_Aware,2,Earth_Relay1_Mars,1,2,0.6541037,0.999979103,0.654090031,120,1496.624324,0.6541037,0
88,100087,B2_Contact_Aware,3,Earth_Relay2_Mars,1,2,0.6541037,0.999969033,0.654083444,120,1267.576911,0.6541037,0
88,100087,B3_Physical_Success,0,Direct_Earth_to_Mars,1,1,0.808766777,0.99998645,0.808755818,60,1260.933017,0.808755818,1
88,100087,B3_Physical_Success,1,Earth_Relay0_Mars,1,2,0.6541037,0.999989736,0.654096987,120,1483.775194,0.654096987,0
88,100087,B3_Physical_Success,2,Earth_Relay1_Mars,1,2,0.6541037,0.999979103,0.654090031,120,1496.624324,0.654090031,0
88,100087,B3_Physical_Success,3,Earth_Relay2_Mars,1,2,0.6541037,0.999969033,0.654083444,120,1267.576911,0.654083444,0
88,100087,B4_Physical_Multiobjective,0,Direct_Earth_to_Mars,1,1,0.808766777,0.99998645,0.808755818,60,1260.933017,0.808755818,1
88,100087,B4_Physical_Multiobjective,1,Earth_Relay0_Mars,1,2,0.6541037,0.999989736,0.654096987,120,1483.775194,0.277930407,0
88,100087,B4_Physical_Multiobjective,2,Earth_Relay1_Mars,1,2,0.6541037,0.999979103,0.654090031,120,1496.624324,0.275541331,0
88,100087,B4_Physical_Multiobjective,3,Earth_Relay2_Mars,1,2,0.6541037,0.999969033,0.654083444,120,1267.576911,0.325327561,0
89,100088,B1_Shortest_Delay,0,Direct_Earth_to_Mars,1,1,0.861350675,1,0.861350675,60,258.9918755,1,1
89,100088,B1_Shortest_Delay,1,Earth_Relay0_Mars,1,2,0.741924986,1,0.741924986,120,510.651776,0.507179036,0
89,100088,B1_Shortest_Delay,2,Earth_Relay1_Mars,1,2,0.741924986,1,0.741924986,120,700.7607794,0.369586716,0
89,100088,B1_Shortest_Delay,3,Earth_Relay2_Mars,1,2,0.741924986,1,0.741924986,120,265.1914067,0.976622428,0
89,100088,B2_Contact_Aware,0,Direct_Earth_to_Mars,1,1,0.861350675,1,0.861350675,60,258.9918755,0.861350675,1
89,100088,B2_Contact_Aware,1,Earth_Relay0_Mars,1,2,0.741924986,1,0.741924986,120,510.651776,0.741924986,0
89,100088,B2_Contact_Aware,2,Earth_Relay1_Mars,1,2,0.741924986,1,0.741924986,120,700.7607794,0.741924986,0
89,100088,B2_Contact_Aware,3,Earth_Relay2_Mars,1,2,0.741924986,1,0.741924986,120,265.1914067,0.741924986,0
89,100088,B3_Physical_Success,0,Direct_Earth_to_Mars,1,1,0.861350675,1,0.861350675,60,258.9918755,0.861350675,1
89,100088,B3_Physical_Success,1,Earth_Relay0_Mars,1,2,0.741924986,1,0.741924986,120,510.651776,0.741924986,0
89,100088,B3_Physical_Success,2,Earth_Relay1_Mars,1,2,0.741924986,1,0.741924986,120,700.7607794,0.741924986,0
89,100088,B3_Physical_Success,3,Earth_Relay2_Mars,1,2,0.741924986,1,0.741924986,120,265.1914067,0.741924986,0
89,100088,B4_Physical_Multiobjective,0,Direct_Earth_to_Mars,1,1,0.861350675,1,0.861350675,60,258.9918755,0.861350675,1
89,100088,B4_Physical_Multiobjective,1,Earth_Relay0_Mars,1,2,0.741924986,1,0.741924986,120,510.651776,0.1881444,0
89,100088,B4_Physical_Multiobjective,2,Earth_Relay1_Mars,1,2,0.741924986,1,0.741924986,120,700.7607794,0.13710281,0
89,100088,B4_Physical_Multiobjective,3,Earth_Relay2_Mars,1,2,0.741924986,1,0.741924986,120,265.1914067,0.36229029,0
90,100089,B1_Shortest_Delay,0,Direct_Earth_to_Mars,1,1,0.947025013,1,0.947025013,60,1025.656627,1,1
90,100089,B1_Shortest_Delay,1,Earth_Relay0_Mars,1,2,0.896856376,1,0.896856376,120,1172.435764,0.874808377,0
90,100089,B1_Shortest_Delay,2,Earth_Relay1_Mars,1,2,0.896856376,0.999999998,0.896856374,120,1372.557298,0.747259607,0
90,100089,B1_Shortest_Delay,3,Earth_Relay2_Mars,1,2,0.896856376,1,0.896856376,120,1032.003765,0.993849696,0
90,100089,B2_Contact_Aware,0,Direct_Earth_to_Mars,1,1,0.947025013,1,0.947025013,60,1025.656627,0.947025013,1
90,100089,B2_Contact_Aware,1,Earth_Relay0_Mars,1,2,0.896856376,1,0.896856376,120,1172.435764,0.896856376,0
90,100089,B2_Contact_Aware,2,Earth_Relay1_Mars,1,2,0.896856376,0.999999998,0.896856374,120,1372.557298,0.896856376,0
90,100089,B2_Contact_Aware,3,Earth_Relay2_Mars,1,2,0.896856376,1,0.896856376,120,1032.003765,0.896856376,0
90,100089,B3_Physical_Success,0,Direct_Earth_to_Mars,1,1,0.947025013,1,0.947025013,60,1025.656627,0.947025013,1
90,100089,B3_Physical_Success,1,Earth_Relay0_Mars,1,2,0.896856376,1,0.896856376,120,1172.435764,0.896856376,0
90,100089,B3_Physical_Success,2,Earth_Relay1_Mars,1,2,0.896856376,0.999999998,0.896856374,120,1372.557298,0.896856374,0
90,100089,B3_Physical_Success,3,Earth_Relay2_Mars,1,2,0.896856376,1,0.896856376,120,1032.003765,0.896856376,0
90,100089,B4_Physical_Multiobjective,0,Direct_Earth_to_Mars,1,1,0.947025013,1,0.947025013,60,1025.656627,0.947025013,1
90,100089,B4_Physical_Multiobjective,1,Earth_Relay0_Mars,1,2,0.896856376,1,0.896856376,120,1172.435764,0.392288735,0
90,100089,B4_Physical_Multiobjective,2,Earth_Relay1_Mars,1,2,0.896856376,0.999999998,0.896856374,120,1372.557298,0.335092271,0
90,100089,B4_Physical_Multiobjective,3,Earth_Relay2_Mars,1,2,0.896856376,1,0.896856376,120,1032.003765,0.445670218,0
91,100090,B1_Shortest_Delay,0,Direct_Earth_to_Mars,1,1,0.824305061,1,0.824305061,60,289.1920407,1,1
91,100090,B1_Shortest_Delay,1,Earth_Relay0_Mars,1,2,0.679478834,1,0.679478834,120,506.2721944,0.571218495,0
91,100090,B1_Shortest_Delay,2,Earth_Relay1_Mars,1,2,0.679478834,1,0.679478834,120,749.3523273,0.385922656,0
91,100090,B1_Shortest_Delay,3,Earth_Relay2_Mars,1,2,0.679478834,1,0.679478834,120,295.184333,0.979699829,0
91,100090,B2_Contact_Aware,0,Direct_Earth_to_Mars,1,1,0.824305061,1,0.824305061,60,289.1920407,0.824305061,1
91,100090,B2_Contact_Aware,1,Earth_Relay0_Mars,1,2,0.679478834,1,0.679478834,120,506.2721944,0.679478834,0
91,100090,B2_Contact_Aware,2,Earth_Relay1_Mars,1,2,0.679478834,1,0.679478834,120,749.3523273,0.679478834,0
91,100090,B2_Contact_Aware,3,Earth_Relay2_Mars,1,2,0.679478834,1,0.679478834,120,295.184333,0.679478834,0
91,100090,B3_Physical_Success,0,Direct_Earth_to_Mars,1,1,0.824305061,1,0.824305061,60,289.1920407,0.824305061,1
91,100090,B3_Physical_Success,1,Earth_Relay0_Mars,1,2,0.679478834,1,0.679478834,120,506.2721944,0.679478834,0
91,100090,B3_Physical_Success,2,Earth_Relay1_Mars,1,2,0.679478834,1,0.679478834,120,749.3523273,0.679478834,0
91,100090,B3_Physical_Success,3,Earth_Relay2_Mars,1,2,0.679478834,1,0.679478834,120,295.184333,0.679478834,0
91,100090,B4_Physical_Multiobjective,0,Direct_Earth_to_Mars,1,1,0.824305061,1,0.824305061,60,289.1920407,0.824305061,1
91,100090,B4_Physical_Multiobjective,1,Earth_Relay0_Mars,1,2,0.679478834,1,0.679478834,120,506.2721944,0.194065438,0
91,100090,B4_Physical_Multiobjective,2,Earth_Relay1_Mars,1,2,0.679478834,1,0.679478834,120,749.3523273,0.131113138,0
91,100090,B4_Physical_Multiobjective,3,Earth_Relay2_Mars,1,2,0.679478834,1,0.679478834,120,295.184333,0.332842649,0
92,100091,B1_Shortest_Delay,0,Direct_Earth_to_Mars,1,1,0.934293234,1,0.934293234,60,306.4554372,1,1
92,100091,B1_Shortest_Delay,1,Earth_Relay0_Mars,1,2,0.872903848,1,0.872903848,120,507.1344063,0.604288397,0
92,100091,B1_Shortest_Delay,2,Earth_Relay1_Mars,1,2,0.872903848,1,0.872903848,120,773.4741693,0.396206427,0
92,100091,B1_Shortest_Delay,3,Earth_Relay2_Mars,1,2,0.872903848,1,0.872903848,120,312.3614651,0.981092329,0
92,100091,B2_Contact_Aware,0,Direct_Earth_to_Mars,1,1,0.934293234,1,0.934293234,60,306.4554372,0.934293234,1
92,100091,B2_Contact_Aware,1,Earth_Relay0_Mars,1,2,0.872903848,1,0.872903848,120,507.1344063,0.872903848,0
92,100091,B2_Contact_Aware,2,Earth_Relay1_Mars,1,2,0.872903848,1,0.872903848,120,773.4741693,0.872903848,0
92,100091,B2_Contact_Aware,3,Earth_Relay2_Mars,1,2,0.872903848,1,0.872903848,120,312.3614651,0.872903848,0
92,100091,B3_Physical_Success,0,Direct_Earth_to_Mars,1,1,0.934293234,1,0.934293234,60,306.4554372,0.934293234,1
92,100091,B3_Physical_Success,1,Earth_Relay0_Mars,1,2,0.872903848,1,0.872903848,120,507.1344063,0.872903848,0
92,100091,B3_Physical_Success,2,Earth_Relay1_Mars,1,2,0.872903848,1,0.872903848,120,773.4741693,0.872903848,0
92,100091,B3_Physical_Success,3,Earth_Relay2_Mars,1,2,0.872903848,1,0.872903848,120,312.3614651,0.872903848,0
92,100091,B4_Physical_Multiobjective,0,Direct_Earth_to_Mars,1,1,0.934293234,1,0.934293234,60,306.4554372,0.934293234,1
92,100091,B4_Physical_Multiobjective,1,Earth_Relay0_Mars,1,2,0.872903848,1,0.872903848,120,507.1344063,0.263742833,0
92,100091,B4_Physical_Multiobjective,2,Earth_Relay1_Mars,1,2,0.872903848,1,0.872903848,120,773.4741693,0.172925057,0
92,100091,B4_Physical_Multiobjective,3,Earth_Relay2_Mars,1,2,0.872903848,1,0.872903848,120,312.3614651,0.428199634,0
93,100092,B1_Shortest_Delay,0,Direct_Earth_to_Mars,1,1,0.926942867,1,0.926942867,60,545.7328981,1,1
93,100092,B1_Shortest_Delay,1,Earth_Relay0_Mars,1,2,0.859223079,1,0.859223079,120,644.1648976,0.847194406,0
93,100092,B1_Shortest_Delay,2,Earth_Relay1_Mars,1,2,0.859223079,1,0.859223079,120,1008.607889,0.541075382,0
93,100092,B1_Shortest_Delay,3,Earth_Relay2_Mars,1,2,0.859223079,1,0.859223079,120,551.420495,0.989685554,0
93,100092,B2_Contact_Aware,0,Direct_Earth_to_Mars,1,1,0.926942867,1,0.926942867,60,545.7328981,0.926942867,1
93,100092,B2_Contact_Aware,1,Earth_Relay0_Mars,1,2,0.859223079,1,0.859223079,120,644.1648976,0.859223079,0
93,100092,B2_Contact_Aware,2,Earth_Relay1_Mars,1,2,0.859223079,1,0.859223079,120,1008.607889,0.859223079,0
93,100092,B2_Contact_Aware,3,Earth_Relay2_Mars,1,2,0.859223079,1,0.859223079,120,551.420495,0.859223079,0
93,100092,B3_Physical_Success,0,Direct_Earth_to_Mars,1,1,0.926942867,1,0.926942867,60,545.7328981,0.926942867,1
93,100092,B3_Physical_Success,1,Earth_Relay0_Mars,1,2,0.859223079,1,0.859223079,120,644.1648976,0.859223079,0
93,100092,B3_Physical_Success,2,Earth_Relay1_Mars,1,2,0.859223079,1,0.859223079,120,1008.607889,0.859223079,0
93,100092,B3_Physical_Success,3,Earth_Relay2_Mars,1,2,0.859223079,1,0.859223079,120,551.420495,0.859223079,0
93,100092,B4_Physical_Multiobjective,0,Direct_Earth_to_Mars,1,1,0.926942867,1,0.926942867,60,545.7328981,0.926942867,1
93,100092,B4_Physical_Multiobjective,1,Earth_Relay0_Mars,1,2,0.859223079,1,0.859223079,120,644.1648976,0.363964493,0
93,100092,B4_Physical_Multiobjective,2,Earth_Relay1_Mars,1,2,0.859223079,1,0.859223079,120,1008.607889,0.232452228,0
93,100092,B4_Physical_Multiobjective,3,Earth_Relay2_Mars,1,2,0.859223079,1,0.859223079,120,551.420495,0.425180334,0
94,100093,B1_Shortest_Delay,0,Direct_Earth_to_Mars,1,1,0.828177758,1,0.828177758,60,411.9218538,1,1
94,100093,B1_Shortest_Delay,1,Earth_Relay0_Mars,1,2,0.685878399,1,0.685878399,120,544.8600008,0.75601412,0
94,100093,B1_Shortest_Delay,2,Earth_Relay1_Mars,1,2,0.685878399,1,0.685878399,120,893.5001005,0.46102049,0
94,100093,B1_Shortest_Delay,3,Earth_Relay2_Mars,1,2,0.685878399,1,0.685878399,120,417.5855663,0.986437001,0
94,100093,B2_Contact_Aware,0,Direct_Earth_to_Mars,1,1,0.828177758,1,0.828177758,60,411.9218538,0.828177758,1
94,100093,B2_Contact_Aware,1,Earth_Relay0_Mars,1,2,0.685878399,1,0.685878399,120,544.8600008,0.685878399,0
94,100093,B2_Contact_Aware,2,Earth_Relay1_Mars,1,2,0.685878399,1,0.685878399,120,893.5001005,0.685878399,0
94,100093,B2_Contact_Aware,3,Earth_Relay2_Mars,1,2,0.685878399,1,0.685878399,120,417.5855663,0.685878399,0
94,100093,B3_Physical_Success,0,Direct_Earth_to_Mars,1,1,0.828177758,1,0.828177758,60,411.9218538,0.828177758,1
94,100093,B3_Physical_Success,1,Earth_Relay0_Mars,1,2,0.685878399,1,0.685878399,120,544.8600008,0.685878399,0
94,100093,B3_Physical_Success,2,Earth_Relay1_Mars,1,2,0.685878399,1,0.685878399,120,893.5001005,0.685878399,0
94,100093,B3_Physical_Success,3,Earth_Relay2_Mars,1,2,0.685878399,1,0.685878399,120,417.5855663,0.685878399,0
94,100093,B4_Physical_Multiobjective,0,Direct_Earth_to_Mars,1,1,0.828177758,1,0.828177758,60,411.9218538,0.828177758,1
94,100093,B4_Physical_Multiobjective,1,Earth_Relay0_Mars,1,2,0.685878399,1,0.685878399,120,544.8600008,0.259266877,0
94,100093,B4_Physical_Multiobjective,2,Earth_Relay1_Mars,1,2,0.685878399,1,0.685878399,120,893.5001005,0.158101998,0
94,100093,B4_Physical_Multiobjective,3,Earth_Relay2_Mars,1,2,0.685878399,1,0.685878399,120,417.5855663,0.338287916,0
95,100094,B1_Shortest_Delay,0,Direct_Earth_to_Mars,1,1,0.829347838,1,0.829347838,60,458.1968879,1,1
95,100094,B1_Shortest_Delay,1,Earth_Relay0_Mars,1,2,0.687817837,1,0.687817837,120,574.1743647,0.798010005,0
95,100094,B1_Shortest_Delay,2,Earth_Relay1_Mars,1,2,0.687817837,1,0.687817837,120,936.7254291,0.489147485,0
95,100094,B1_Shortest_Delay,3,Earth_Relay2_Mars,1,2,0.687817837,1,0.687817837,120,463.8440481,0.987825304,0
95,100094,B2_Contact_Aware,0,Direct_Earth_to_Mars,1,1,0.829347838,1,0.829347838,60,458.1968879,0.829347838,1
95,100094,B2_Contact_Aware,1,Earth_Relay0_Mars,1,2,0.687817837,1,0.687817837,120,574.1743647,0.687817837,0
95,100094,B2_Contact_Aware,2,Earth_Relay1_Mars,1,2,0.687817837,1,0.687817837,120,936.7254291,0.687817837,0
95,100094,B2_Contact_Aware,3,Earth_Relay2_Mars,1,2,0.687817837,1,0.687817837,120,463.8440481,0.687817837,0
95,100094,B3_Physical_Success,0,Direct_Earth_to_Mars,1,1,0.829347838,1,0.829347838,60,458.1968879,0.829347838,1
95,100094,B3_Physical_Success,1,Earth_Relay0_Mars,1,2,0.687817837,1,0.687817837,120,574.1743647,0.687817837,0
95,100094,B3_Physical_Success,2,Earth_Relay1_Mars,1,2,0.687817837,1,0.687817837,120,936.7254291,0.687817837,0
95,100094,B3_Physical_Success,3,Earth_Relay2_Mars,1,2,0.687817837,1,0.687817837,120,463.8440481,0.687817837,0
95,100094,B4_Physical_Multiobjective,0,Direct_Earth_to_Mars,1,1,0.829347838,1,0.829347838,60,458.1968879,0.829347838,1
95,100094,B4_Physical_Multiobjective,1,Earth_Relay0_Mars,1,2,0.687817837,1,0.687817837,120,574.1743647,0.274442758,0
95,100094,B4_Physical_Multiobjective,2,Earth_Relay1_Mars,1,2,0.687817837,1,0.687817837,120,936.7254291,0.168222183,0
95,100094,B4_Physical_Multiobjective,3,Earth_Relay2_Mars,1,2,0.687817837,1,0.687817837,120,463.8440481,0.339721932,0
96,100095,B1_Shortest_Delay,0,Direct_Earth_to_Mars,1,1,0.844015336,1,0.844015336,60,1033.930668,1,1
96,100095,B1_Shortest_Delay,1,Earth_Relay0_Mars,1,2,0.712361887,1,0.712361887,120,1182.563257,0.874313202,0
96,100095,B1_Shortest_Delay,2,Earth_Relay1_Mars,1,2,0.712361887,1,0.712361886,120,1376.827674,0.750951399,0
96,100095,B1_Shortest_Delay,3,Earth_Relay2_Mars,1,2,0.712361887,1,0.712361887,120,1040.290327,0.99388665,0
96,100095,B2_Contact_Aware,0,Direct_Earth_to_Mars,1,1,0.844015336,1,0.844015336,60,1033.930668,0.844015336,1
96,100095,B2_Contact_Aware,1,Earth_Relay0_Mars,1,2,0.712361887,1,0.712361887,120,1182.563257,0.712361887,0
96,100095,B2_Contact_Aware,2,Earth_Relay1_Mars,1,2,0.712361887,1,0.712361886,120,1376.827674,0.712361887,0
96,100095,B2_Contact_Aware,3,Earth_Relay2_Mars,1,2,0.712361887,1,0.712361887,120,1040.290327,0.712361887,0
96,100095,B3_Physical_Success,0,Direct_Earth_to_Mars,1,1,0.844015336,1,0.844015336,60,1033.930668,0.844015336,1
96,100095,B3_Physical_Success,1,Earth_Relay0_Mars,1,2,0.712361887,1,0.712361887,120,1182.563257,0.712361887,0
96,100095,B3_Physical_Success,2,Earth_Relay1_Mars,1,2,0.712361887,1,0.712361886,120,1376.827674,0.712361886,0
96,100095,B3_Physical_Success,3,Earth_Relay2_Mars,1,2,0.712361887,1,0.712361887,120,1040.290327,0.712361887,0
96,100095,B4_Physical_Multiobjective,0,Direct_Earth_to_Mars,1,1,0.844015336,1,0.844015336,60,1033.930668,0.844015336,1
96,100095,B4_Physical_Multiobjective,1,Earth_Relay0_Mars,1,2,0.712361887,1,0.712361887,120,1182.563257,0.311413701,0
96,100095,B4_Physical_Multiobjective,2,Earth_Relay1_Mars,1,2,0.712361887,1,0.712361886,120,1376.827674,0.267474578,0
96,100095,B4_Physical_Multiobjective,3,Earth_Relay2_Mars,1,2,0.712361887,1,0.712361887,120,1040.290327,0.354003485,0
97,100096,B1_Shortest_Delay,0,Direct_Earth_to_Mars,1,1,0.92957755,0.999999396,0.929576988,60,1221.859036,1,1
97,100096,B1_Shortest_Delay,1,Earth_Relay0_Mars,1,2,0.864114421,0.999986587,0.864102831,120,1534.672522,0.796169227,0
97,100096,B1_Shortest_Delay,2,Earth_Relay1_Mars,1,2,0.864114421,0.999999988,0.864114411,120,1396.852969,0.874722725,0
97,100096,B1_Shortest_Delay,3,Earth_Relay2_Mars,1,2,0.864114421,0.999998595,0.864113206,120,1228.374332,0.994696001,0
97,100096,B2_Contact_Aware,0,Direct_Earth_to_Mars,1,1,0.92957755,0.999999396,0.929576988,60,1221.859036,0.92957755,1
97,100096,B2_Contact_Aware,1,Earth_Relay0_Mars,1,2,0.864114421,0.999986587,0.864102831,120,1534.672522,0.864114421,0
97,100096,B2_Contact_Aware,2,Earth_Relay1_Mars,1,2,0.864114421,0.999999988,0.864114411,120,1396.852969,0.864114421,0
97,100096,B2_Contact_Aware,3,Earth_Relay2_Mars,1,2,0.864114421,0.999998595,0.864113206,120,1228.374332,0.864114421,0
97,100096,B3_Physical_Success,0,Direct_Earth_to_Mars,1,1,0.92957755,0.999999396,0.929576988,60,1221.859036,0.929576988,1
97,100096,B3_Physical_Success,1,Earth_Relay0_Mars,1,2,0.864114421,0.999986587,0.864102831,120,1534.672522,0.864102831,0
97,100096,B3_Physical_Success,2,Earth_Relay1_Mars,1,2,0.864114421,0.999999988,0.864114411,120,1396.852969,0.864114411,0
97,100096,B3_Physical_Success,3,Earth_Relay2_Mars,1,2,0.864114421,0.999998595,0.864113206,120,1228.374332,0.864113206,0
97,100096,B4_Physical_Multiobjective,0,Direct_Earth_to_Mars,1,1,0.92957755,0.999999396,0.929576988,60,1221.859036,0.929576988,1
97,100096,B4_Physical_Multiobjective,1,Earth_Relay0_Mars,1,2,0.864114421,0.999986587,0.864102831,120,1534.672522,0.343986041,0
97,100096,B4_Physical_Multiobjective,2,Earth_Relay1_Mars,1,2,0.864114421,0.999999988,0.864114411,120,1396.852969,0.377930256,0
97,100096,B4_Physical_Multiobjective,3,Earth_Relay2_Mars,1,2,0.864114421,0.999998595,0.864113206,120,1228.374332,0.429764976,0
98,100097,B1_Shortest_Delay,0,Direct_Earth_to_Mars,1,1,0.915632046,0.999969525,0.915604142,60,1271.44113,1,1
98,100097,B1_Shortest_Delay,1,Earth_Relay0_Mars,1,2,0.838382044,0.999971018,0.838357746,120,1500.085081,0.847579345,0
98,100097,B1_Shortest_Delay,2,Earth_Relay1_Mars,1,2,0.838382044,0.999961678,0.838349915,120,1502.128217,0.846426501,0
98,100097,B1_Shortest_Delay,3,Earth_Relay2_Mars,0,2,0.838382044,0,0,120,1278.094064,-1,0
98,100097,B2_Contact_Aware,0,Direct_Earth_to_Mars,1,1,0.915632046,0.999969525,0.915604142,60,1271.44113,0.915632046,1
98,100097,B2_Contact_Aware,1,Earth_Relay0_Mars,1,2,0.838382044,0.999971018,0.838357746,120,1500.085081,0.838382044,0
98,100097,B2_Contact_Aware,2,Earth_Relay1_Mars,1,2,0.838382044,0.999961678,0.838349915,120,1502.128217,0.838382044,0
98,100097,B2_Contact_Aware,3,Earth_Relay2_Mars,0,2,0.838382044,0,0,120,1278.094064,-1,0
98,100097,B3_Physical_Success,0,Direct_Earth_to_Mars,1,1,0.915632046,0.999969525,0.915604142,60,1271.44113,0.915604142,1
98,100097,B3_Physical_Success,1,Earth_Relay0_Mars,1,2,0.838382044,0.999971018,0.838357746,120,1500.085081,0.838357746,0
98,100097,B3_Physical_Success,2,Earth_Relay1_Mars,1,2,0.838382044,0.999961678,0.838349915,120,1502.128217,0.838349915,0
98,100097,B3_Physical_Success,3,Earth_Relay2_Mars,0,2,0.838382044,0,0,120,1278.094064,-1,0
98,100097,B4_Physical_Multiobjective,0,Direct_Earth_to_Mars,1,1,0.915632046,0.999969525,0.915604142,60,1271.44113,0.915604142,1
98,100097,B4_Physical_Multiobjective,1,Earth_Relay0_Mars,1,2,0.838382044,0.999971018,0.838357746,120,1500.085081,0.355287354,0
98,100097,B4_Physical_Multiobjective,2,Earth_Relay1_Mars,1,2,0.838382044,0.999961678,0.838349915,120,1502.128217,0.354800793,0
98,100097,B4_Physical_Multiobjective,3,Earth_Relay2_Mars,0,2,0.838382044,0,0,120,1278.094064,-1,0
99,100098,B1_Shortest_Delay,0,Direct_Earth_to_Mars,1,1,0.909052074,0.999999206,0.909051353,60,1234.177074,1,1
99,100098,B1_Shortest_Delay,1,Earth_Relay0_Mars,1,2,0.826375674,0.999985376,0.826363589,120,1544.193582,0.799237277,0
99,100098,B1_Shortest_Delay,2,Earth_Relay1_Mars,1,2,0.826375674,0.99999998,0.826375658,120,1411.372,0.874452004,0
99,100098,B1_Shortest_Delay,3,Earth_Relay2_Mars,1,2,0.826375674,0.999998157,0.826374151,120,1240.709675,0.994734787,0
99,100098,B2_Contact_Aware,0,Direct_Earth_to_Mars,1,1,0.909052074,0.999999206,0.909051353,60,1234.177074,0.909052074,1
99,100098,B2_Contact_Aware,1,Earth_Relay0_Mars,1,2,0.826375674,0.999985376,0.826363589,120,1544.193582,0.826375674,0
99,100098,B2_Contact_Aware,2,Earth_Relay1_Mars,1,2,0.826375674,0.99999998,0.826375658,120,1411.372,0.826375674,0
99,100098,B2_Contact_Aware,3,Earth_Relay2_Mars,1,2,0.826375674,0.999998157,0.826374151,120,1240.709675,0.826375674,0
99,100098,B3_Physical_Success,0,Direct_Earth_to_Mars,1,1,0.909052074,0.999999206,0.909051353,60,1234.177074,0.909051353,1
99,100098,B3_Physical_Success,1,Earth_Relay0_Mars,1,2,0.826375674,0.999985376,0.826363589,120,1544.193582,0.826363589,0
99,100098,B3_Physical_Success,2,Earth_Relay1_Mars,1,2,0.826375674,0.99999998,0.826375658,120,1411.372,0.826375658,0
99,100098,B3_Physical_Success,3,Earth_Relay2_Mars,1,2,0.826375674,0.999998157,0.826374151,120,1240.709675,0.826374151,0
99,100098,B4_Physical_Multiobjective,0,Direct_Earth_to_Mars,1,1,0.909052074,0.999999206,0.909051353,60,1234.177074,0.909051353,1
99,100098,B4_Physical_Multiobjective,1,Earth_Relay0_Mars,1,2,0.826375674,0.999985376,0.826363589,120,1544.193582,0.330230292,0
99,100098,B4_Physical_Multiobjective,2,Earth_Relay1_Mars,1,2,0.826375674,0.99999998,0.826375658,120,1411.372,0.361312925,0
99,100098,B4_Physical_Multiobjective,3,Earth_Relay2_Mars,1,2,0.826375674,0.999998157,0.826374151,120,1240.709675,0.411011557,0
100,100099,B1_Shortest_Delay,0,Direct_Earth_to_Mars,1,1,0.937189773,1,0.937189773,60,509.5858111,1,1
100,100099,B1_Shortest_Delay,1,Earth_Relay0_Mars,1,2,0.87832467,1,0.87832467,120,871.447123,0.584758154,0
100,100099,B1_Shortest_Delay,2,Earth_Relay1_Mars,1,2,0.87832467,1,0.87832467,120,631.8021727,0.806559131,0
100,100099,B1_Shortest_Delay,3,Earth_Relay2_Mars,1,2,0.87832467,1,0.87832467,120,515.5596395,0.988412925,0
100,100099,B2_Contact_Aware,0,Direct_Earth_to_Mars,1,1,0.937189773,1,0.937189773,60,509.5858111,0.937189773,1
100,100099,B2_Contact_Aware,1,Earth_Relay0_Mars,1,2,0.87832467,1,0.87832467,120,871.447123,0.87832467,0
100,100099,B2_Contact_Aware,2,Earth_Relay1_Mars,1,2,0.87832467,1,0.87832467,120,631.8021727,0.87832467,0
100,100099,B2_Contact_Aware,3,Earth_Relay2_Mars,1,2,0.87832467,1,0.87832467,120,515.5596395,0.87832467,0
100,100099,B3_Physical_Success,0,Direct_Earth_to_Mars,1,1,0.937189773,1,0.937189773,60,509.5858111,0.937189773,1
100,100099,B3_Physical_Success,1,Earth_Relay0_Mars,1,2,0.87832467,1,0.87832467,120,871.447123,0.87832467,0
100,100099,B3_Physical_Success,2,Earth_Relay1_Mars,1,2,0.87832467,1,0.87832467,120,631.8021727,0.87832467,0
100,100099,B3_Physical_Success,3,Earth_Relay2_Mars,1,2,0.87832467,1,0.87832467,120,515.5596395,0.87832467,0
100,100099,B4_Physical_Multiobjective,0,Direct_Earth_to_Mars,1,1,0.937189773,1,0.937189773,60,509.5858111,0.937189773,1
100,100099,B4_Physical_Multiobjective,1,Earth_Relay0_Mars,1,2,0.87832467,1,0.87832467,120,871.447123,0.256803756,0
100,100099,B4_Physical_Multiobjective,2,Earth_Relay1_Mars,1,2,0.87832467,1,0.87832467,120,631.8021727,0.354210391,0
100,100099,B4_Physical_Multiobjective,3,Earth_Relay2_Mars,1,2,0.87832467,1,0.87832467,120,515.5596395,0.434073728,0
