Trial,Seed,Scenario,B1_Route,B4_Route,B1_Reliability,B4_Reliability,Reliability_Difference,B1_Delivered_Bits,B4_Delivered_Bits,Delivered_Bits_Difference,B1_Mean_Latency_s,B4_Mean_Latency_s,Latency_Difference_s,B1_Contact_Failures,B4_Contact_Failures,Contact_Failure_Difference,B1_Optical_Failures,B4_Optical_Failures,Optical_Failure_Difference
1,1000000,Control,Direct_Earth_to_Mars,Direct_Earth_to_Mars,0.81499999999999995,0.81499999999999995,0,166912,166912,0,612.90162604064619,612.90162604064619,0,37,37,0,0,0,0
1,1000000,Direct_Background_16,Direct_Earth_to_Mars,Direct_Earth_to_Mars,0.81499999999999995,0.81499999999999995,0,166912,166912,0,612.90162604064619,612.90162604064619,0,37,37,0,0,0,0
1,1000000,Direct_Pointing_25pct_Power,Direct_Earth_to_Mars,Direct_Earth_to_Mars,0.81499999999999995,0.81499999999999995,0,166912,166912,0,612.90162604064619,612.90162604064619,0,37,37,0,0,0,0
1,1000000,Direct_Combined_25pctPower_BG16,Direct_Earth_to_Mars,Direct_Earth_to_Mars,0.81499999999999995,0.81499999999999995,0,166912,166912,0,612.90162604064619,612.90162604064619,0,37,37,0,0,0,0
2,1000001,Control,Direct_Earth_to_Mars,Direct_Earth_to_Mars,0.84999999999999998,0.84999999999999998,0,174080,174080,0,1168.3930505689273,1168.3930505689273,0,30,30,0,0,0,0
2,1000001,Direct_Background_16,Direct_Earth_to_Mars,Direct_Earth_to_Mars,0.84999999999999998,0.84999999999999998,0,174080,174080,0,1168.3930505689273,1168.3930505689273,0,30,30,0,0,0,0
2,1000001,Direct_Pointing_25pct_Power,Direct_Earth_to_Mars,Earth_Relay2_Mars,0,0.71999999999999997,0.71999999999999997,0,147456,147456,0,1234.7622571246548,1234.7622571246548,30,56,26,170,0,-170
2,1000001,Direct_Combined_25pctPower_BG16,Direct_Earth_to_Mars,Earth_Relay2_Mars,0,0.71999999999999997,0.71999999999999997,0,147456,147456,0,1234.7622571246548,1234.7622571246548,30,56,26,170,0,-170
3,1000002,Control,Direct_Earth_to_Mars,Direct_Earth_to_Mars,0.80500000000000005,0.80500000000000005,0,164864,164864,0,1260.3414863366559,1260.3414863366559,0,39,39,0,0,0,0
3,1000002,Direct_Background_16,Direct_Earth_to_Mars,Direct_Earth_to_Mars,0.80500000000000005,0.80500000000000005,0,164864,164864,0,1260.3414863366559,1260.3414863366559,0,39,39,0,0,0,0
3,1000002,Direct_Pointing_25pct_Power,Direct_Earth_to_Mars,Earth_Relay2_Mars,0,0.63500000000000001,0.63500000000000001,0,130048,130048,0,1326.8274305394471,1326.8274305394471,39,73,34,161,0,-161
3,1000002,Direct_Combined_25pctPower_BG16,Direct_Earth_to_Mars,Earth_Relay2_Mars,0,0.63500000000000001,0.63500000000000001,0,130048,130048,0,1326.8274305394471,1326.8274305394471,39,73,34,161,0,-161
4,1000003,Control,Direct_Earth_to_Mars,Direct_Earth_to_Mars,0.93000000000000005,0.93000000000000005,0,190464,190464,0,396.29421414935337,396.29421414935337,0,14,14,0,0,0,0
4,1000003,Direct_Background_16,Direct_Earth_to_Mars,Direct_Earth_to_Mars,0.93000000000000005,0.93000000000000005,0,190464,190464,0,396.29421414935337,396.29421414935337,0,14,14,0,0,0,0
4,1000003,Direct_Pointing_25pct_Power,Direct_Earth_to_Mars,Direct_Earth_to_Mars,0.93000000000000005,0.93000000000000005,0,190464,190464,0,396.29421414935337,396.29421414935337,0,14,14,0,0,0,0
4,1000003,Direct_Combined_25pctPower_BG16,Direct_Earth_to_Mars,Direct_Earth_to_Mars,0.93000000000000005,0.93000000000000005,0,190464,190464,0,396.29421414935337,396.29421414935337,0,14,14,0,0,0,0
5,1000004,Control,Direct_Earth_to_Mars,Direct_Earth_to_Mars,0.87,0.87,0,178176,178176,0,452.35711634783956,452.35711634783956,0,26,26,0,0,0,0
5,1000004,Direct_Background_16,Direct_Earth_to_Mars,Direct_Earth_to_Mars,0.87,0.87,0,178176,178176,0,452.35711634783956,452.35711634783956,0,26,26,0,0,0,0
5,1000004,Direct_Pointing_25pct_Power,Direct_Earth_to_Mars,Direct_Earth_to_Mars,0.87,0.87,0,178176,178176,0,452.35711634783956,452.35711634783956,0,26,26,0,0,0,0
5,1000004,Direct_Combined_25pctPower_BG16,Direct_Earth_to_Mars,Direct_Earth_to_Mars,0.87,0.87,0,178176,178176,0,452.35711634783956,452.35711634783956,0,26,26,0,0,0,0
6,1000005,Control,Direct_Earth_to_Mars,Direct_Earth_to_Mars,0.92000000000000004,0.92000000000000004,0,188416,188416,0,1366.3916878846667,1366.3916878846667,0,16,16,0,0,0,0
6,1000005,Direct_Background_16,Direct_Earth_to_Mars,Direct_Earth_to_Mars,0.90000000000000002,0.90000000000000002,0,184320,184320,0,1366.3916878846667,1366.3916878846667,0,16,16,0,4,4,0
6,1000005,Direct_Pointing_25pct_Power,Direct_Earth_to_Mars,Earth_Relay2_Mars,0,0.88500000000000001,0.88500000000000001,0,181248,181248,0,1433.0471630182017,1433.0471630182017,16,23,7,184,0,-184
6,1000005,Direct_Combined_25pctPower_BG16,Direct_Earth_to_Mars,Earth_Relay2_Mars,0,0.88500000000000001,0.88500000000000001,0,181248,181248,0,1433.0471630182017,1433.0471630182017,16,23,7,184,0,-184
7,1000006,Control,Direct_Earth_to_Mars,Direct_Earth_to_Mars,0.90500000000000003,0.90500000000000003,0,185344,185344,0,1326.3182275210045,1326.3182275210045,0,19,19,0,0,0,0
7,1000006,Direct_Background_16,Direct_Earth_to_Mars,Direct_Earth_to_Mars,0.82499999999999996,0.82499999999999996,0,168960,168960,0,1326.3182275210049,1326.3182275210049,0,19,19,0,16,16,0
7,1000006,Direct_Pointing_25pct_Power,Direct_Earth_to_Mars,Earth_Relay2_Mars,0,0.82499999999999996,0.82499999999999996,0,168960,168960,0,1392.9668621231119,1392.9668621231119,19,35,16,181,0,-181
7,1000006,Direct_Combined_25pctPower_BG16,Direct_Earth_to_Mars,Earth_Relay2_Mars,0,0.82499999999999996,0.82499999999999996,0,168960,168960,0,1392.9668621231119,1392.9668621231119,19,35,16,181,0,-181
8,1000007,Control,Direct_Earth_to_Mars,Direct_Earth_to_Mars,0.83499999999999996,0.83499999999999996,0,171008,171008,0,1272.768661069879,1272.768661069879,0,33,33,0,0,0,0
8,1000007,Direct_Background_16,Direct_Earth_to_Mars,Direct_Earth_to_Mars,0.82999999999999996,0.82999999999999996,0,169984,169984,0,1272.768661069879,1272.768661069879,0,33,33,0,1,1,0
8,1000007,Direct_Pointing_25pct_Power,Direct_Earth_to_Mars,Earth_Relay2_Mars,0,0.69999999999999996,0.69999999999999996,0,143360,143360,0,1339.2714398287044,1339.2714398287044,33,60,27,167,0,-167
8,1000007,Direct_Combined_25pctPower_BG16,Direct_Earth_to_Mars,Earth_Relay2_Mars,0,0.69999999999999996,0.69999999999999996,0,143360,143360,0,1339.2714398287044,1339.2714398287044,33,60,27,167,0,-167
9,1000008,Control,Direct_Earth_to_Mars,Direct_Earth_to_Mars,0.81999999999999995,0.81999999999999995,0,167936,167936,0,285.05831860278693,285.05831860278693,0,36,36,0,0,0,0
9,1000008,Direct_Background_16,Direct_Earth_to_Mars,Direct_Earth_to_Mars,0.81999999999999995,0.81999999999999995,0,167936,167936,0,285.05831860278693,285.05831860278693,0,36,36,0,0,0,0
9,1000008,Direct_Pointing_25pct_Power,Direct_Earth_to_Mars,Direct_Earth_to_Mars,0.81999999999999995,0.81999999999999995,0,167936,167936,0,285.05831860278693,285.05831860278693,0,36,36,0,0,0,0
9,1000008,Direct_Combined_25pctPower_BG16,Direct_Earth_to_Mars,Direct_Earth_to_Mars,0.81999999999999995,0.81999999999999995,0,167936,167936,0,285.05831860278693,285.05831860278693,0,36,36,0,0,0,0
10,1000009,Control,Direct_Earth_to_Mars,Direct_Earth_to_Mars,0.83999999999999997,0.83999999999999997,0,172032,172032,0,1359.3629427262126,1359.3629427262126,0,32,32,0,0,0,0
10,1000009,Direct_Background_16,Direct_Earth_to_Mars,Direct_Earth_to_Mars,0.63500000000000001,0.63500000000000001,0,130048,130048,0,1359.3629427262147,1359.3629427262147,0,32,32,0,41,41,0
10,1000009,Direct_Pointing_25pct_Power,Direct_Earth_to_Mars,Earth_Relay2_Mars,0,0.66000000000000003,0.66000000000000003,0,135168,135168,0,1426.0006184806889,1426.0006184806889,32,68,36,168,0,-168
10,1000009,Direct_Combined_25pctPower_BG16,Direct_Earth_to_Mars,Earth_Relay2_Mars,0,0.66000000000000003,0.66000000000000003,0,135168,135168,0,1426.0006184806889,1426.0006184806889,32,68,36,168,0,-168
11,1000010,Control,Direct_Earth_to_Mars,Direct_Earth_to_Mars,0.78000000000000003,0.78000000000000003,0,159744,159744,0,1356.4029514732554,1356.4029514732554,0,44,44,0,0,0,0
11,1000010,Direct_Background_16,Direct_Earth_to_Mars,Direct_Earth_to_Mars,0.76500000000000001,0.76500000000000001,0,156672,156672,0,1356.4029514732556,1356.4029514732556,0,44,44,0,3,3,0
11,1000010,Direct_Pointing_25pct_Power,Direct_Earth_to_Mars,Earth_Relay2_Mars,0,0.60499999999999998,0.60499999999999998,0,123904,123904,0,1423.0345519098312,1423.0345519098312,44,79,35,156,0,-156
11,1000010,Direct_Combined_25pctPower_BG16,Direct_Earth_to_Mars,Earth_Relay2_Mars,0,0.60499999999999998,0.60499999999999998,0,123904,123904,0,1423.0345519098312,1423.0345519098312,44,79,35,156,0,-156
12,1000011,Control,Direct_Earth_to_Mars,Direct_Earth_to_Mars,1,1,0,204800,204800,0,423.58082824846917,423.58082824846917,0,0,0,0,0,0,0
12,1000011,Direct_Background_16,Direct_Earth_to_Mars,Direct_Earth_to_Mars,1,1,0,204800,204800,0,423.58082824846917,423.58082824846917,0,0,0,0,0,0,0
12,1000011,Direct_Pointing_25pct_Power,Direct_Earth_to_Mars,Direct_Earth_to_Mars,1,1,0,204800,204800,0,423.58082824846917,423.58082824846917,0,0,0,0,0,0,0
12,1000011,Direct_Combined_25pctPower_BG16,Direct_Earth_to_Mars,Direct_Earth_to_Mars,1,1,0,204800,204800,0,423.58082824846917,423.58082824846917,0,0,0,0,0,0,0
13,1000012,Control,Direct_Earth_to_Mars,Direct_Earth_to_Mars,0.85999999999999999,0.85999999999999999,0,176128,176128,0,1327.1111839588552,1327.1111839588552,0,28,28,0,0,0,0
13,1000012,Direct_Background_16,Direct_Earth_to_Mars,Direct_Earth_to_Mars,0.83499999999999996,0.83499999999999996,0,171008,171008,0,1327.1111839588552,1327.1111839588552,0,28,28,0,5,5,0
13,1000012,Direct_Pointing_25pct_Power,Direct_Earth_to_Mars,Earth_Relay2_Mars,0,0.77500000000000002,0.77500000000000002,0,158720,158720,0,1393.7604984341031,1393.7604984341031,28,45,17,172,0,-172
13,1000012,Direct_Combined_25pctPower_BG16,Direct_Earth_to_Mars,Earth_Relay2_Mars,0,0.77500000000000002,0.77500000000000002,0,158720,158720,0,1393.7604984341031,1393.7604984341031,28,45,17,172,0,-172
14,1000013,Control,Direct_Earth_to_Mars,Direct_Earth_to_Mars,0.96999999999999997,0.96999999999999997,0,198656,198656,0,325.03096089651223,325.03096089651223,0,6,6,0,0,0,0
14,1000013,Direct_Background_16,Direct_Earth_to_Mars,Direct_Earth_to_Mars,0.96999999999999997,0.96999999999999997,0,198656,198656,0,325.03096089651223,325.03096089651223,0,6,6,0,0,0,0
14,1000013,Direct_Pointing_25pct_Power,Direct_Earth_to_Mars,Direct_Earth_to_Mars,0.96999999999999997,0.96999999999999997,0,198656,198656,0,325.03096089651223,325.03096089651223,0,6,6,0,0,0,0
14,1000013,Direct_Combined_25pctPower_BG16,Direct_Earth_to_Mars,Direct_Earth_to_Mars,0.96999999999999997,0.96999999999999997,0,198656,198656,0,325.03096089651223,325.03096089651223,0,6,6,0,0,0,0
15,1000014,Control,Direct_Earth_to_Mars,Direct_Earth_to_Mars,0.89000000000000001,0.89000000000000001,0,182272,182272,0,1209.1518032453332,1209.1518032453332,0,22,22,0,0,0,0
15,1000014,Direct_Background_16,Direct_Earth_to_Mars,Direct_Earth_to_Mars,0.89000000000000001,0.89000000000000001,0,182272,182272,0,1209.1518032453332,1209.1518032453332,0,22,22,0,0,0,0
15,1000014,Direct_Pointing_25pct_Power,Direct_Earth_to_Mars,Earth_Relay2_Mars,0,0.80500000000000005,0.80500000000000005,0,164864,164864,0,1275.5712644463731,1275.5712644463731,22,39,17,178,0,-178
15,1000014,Direct_Combined_25pctPower_BG16,Direct_Earth_to_Mars,Earth_Relay2_Mars,0,0.80500000000000005,0.80500000000000005,0,164864,164864,0,1275.5712644463731,1275.5712644463731,22,39,17,178,0,-178
16,1000015,Control,Direct_Earth_to_Mars,Direct_Earth_to_Mars,0.88,0.88,0,180224,180224,0,866.79895388660009,866.79895388660009,0,24,24,0,0,0,0
16,1000015,Direct_Background_16,Direct_Earth_to_Mars,Direct_Earth_to_Mars,0.88,0.88,0,180224,180224,0,866.79895388660009,866.79895388660009,0,24,24,0,0,0,0
16,1000015,Direct_Pointing_25pct_Power,Direct_Earth_to_Mars,Direct_Earth_to_Mars,0.85999999999999999,0.85999999999999999,0,176128,176128,0,866.79895388659986,866.79895388659986,0,24,24,0,4,4,0
16,1000015,Direct_Combined_25pctPower_BG16,Direct_Earth_to_Mars,Earth_Relay2_Mars,0,0.80500000000000005,0.80500000000000005,0,164864,164864,0,932.86277904425845,932.86277904425845,24,39,15,176,0,-176
17,1000016,Control,Direct_Earth_to_Mars,Direct_Earth_to_Mars,0.95999999999999996,0.95999999999999996,0,196608,196608,0,473.11565832830223,473.11565832830223,0,8,8,0,0,0,0
17,1000016,Direct_Background_16,Direct_Earth_to_Mars,Direct_Earth_to_Mars,0.95999999999999996,0.95999999999999996,0,196608,196608,0,473.11565832830223,473.11565832830223,0,8,8,0,0,0,0
17,1000016,Direct_Pointing_25pct_Power,Direct_Earth_to_Mars,Direct_Earth_to_Mars,0.95999999999999996,0.95999999999999996,0,196608,196608,0,473.11565832830223,473.11565832830223,0,8,8,0,0,0,0
17,1000016,Direct_Combined_25pctPower_BG16,Direct_Earth_to_Mars,Direct_Earth_to_Mars,0.95999999999999996,0.95999999999999996,0,196608,196608,0,473.11565832830223,473.11565832830223,0,8,8,0,0,0,0
18,1000017,Control,Direct_Earth_to_Mars,Direct_Earth_to_Mars,0.92000000000000004,0.92000000000000004,0,188416,188416,0,515.86527828345925,515.86527828345925,0,16,16,0,0,0,0
18,1000017,Direct_Background_16,Direct_Earth_to_Mars,Direct_Earth_to_Mars,0.92000000000000004,0.92000000000000004,0,188416,188416,0,515.86527828345925,515.86527828345925,0,16,16,0,0,0,0
18,1000017,Direct_Pointing_25pct_Power,Direct_Earth_to_Mars,Direct_Earth_to_Mars,0.92000000000000004,0.92000000000000004,0,188416,188416,0,515.86527828345925,515.86527828345925,0,16,16,0,0,0,0
18,1000017,Direct_Combined_25pctPower_BG16,Direct_Earth_to_Mars,Direct_Earth_to_Mars,0.92000000000000004,0.92000000000000004,0,188416,188416,0,515.86527828345925,515.86527828345925,0,16,16,0,0,0,0
19,1000018,Control,Direct_Earth_to_Mars,Direct_Earth_to_Mars,0.85999999999999999,0.85999999999999999,0,176128,176128,0,345.76605440347379,345.76605440347379,0,28,28,0,0,0,0
19,1000018,Direct_Background_16,Direct_Earth_to_Mars,Direct_Earth_to_Mars,0.85999999999999999,0.85999999999999999,0,176128,176128,0,345.76605440347379,345.76605440347379,0,28,28,0,0,0,0
19,1000018,Direct_Pointing_25pct_Power,Direct_Earth_to_Mars,Direct_Earth_to_Mars,0.85999999999999999,0.85999999999999999,0,176128,176128,0,345.76605440347379,345.76605440347379,0,28,28,0,0,0,0
19,1000018,Direct_Combined_25pctPower_BG16,Direct_Earth_to_Mars,Direct_Earth_to_Mars,0.85999999999999999,0.85999999999999999,0,176128,176128,0,345.76605440347379,345.76605440347379,0,28,28,0,0,0,0
20,1000019,Control,Direct_Earth_to_Mars,Direct_Earth_to_Mars,0.85499999999999998,0.85499999999999998,0,175104,175104,0,1058.0171027494366,1058.0171027494366,0,29,29,0,0,0,0
20,1000019,Direct_Background_16,Direct_Earth_to_Mars,Direct_Earth_to_Mars,0.85499999999999998,0.85499999999999998,0,175104,175104,0,1058.0171027494366,1058.0171027494366,0,29,29,0,0,0,0
20,1000019,Direct_Pointing_25pct_Power,Direct_Earth_to_Mars,Earth_Relay2_Mars,0,0.72499999999999998,0.72499999999999998,0,148480,148480,0,1124.3215240873578,1124.3215240873578,29,55,26,171,0,-171
20,1000019,Direct_Combined_25pctPower_BG16,Direct_Earth_to_Mars,Earth_Relay2_Mars,0,0.72499999999999998,0.72499999999999998,0,148480,148480,0,1124.3215240873578,1124.3215240873578,29,55,26,171,0,-171
21,1000020,Control,Direct_Earth_to_Mars,Direct_Earth_to_Mars,0.87,0.87,0,178176,178176,0,540.48155017155318,540.48155017155318,0,26,26,0,0,0,0
21,1000020,Direct_Background_16,Direct_Earth_to_Mars,Direct_Earth_to_Mars,0.87,0.87,0,178176,178176,0,540.48155017155318,540.48155017155318,0,26,26,0,0,0,0
21,1000020,Direct_Pointing_25pct_Power,Direct_Earth_to_Mars,Direct_Earth_to_Mars,0.87,0.87,0,178176,178176,0,540.48155017155318,540.48155017155318,0,26,26,0,0,0,0
21,1000020,Direct_Combined_25pctPower_BG16,Direct_Earth_to_Mars,Direct_Earth_to_Mars,0.87,0.87,0,178176,178176,0,540.48155017155318,540.48155017155318,0,26,26,0,0,0,0
22,1000021,Control,Direct_Earth_to_Mars,Direct_Earth_to_Mars,0.82499999999999996,0.82499999999999996,0,168960,168960,0,728.56670840273625,728.56670840273625,0,35,35,0,0,0,0
22,1000021,Direct_Background_16,Direct_Earth_to_Mars,Direct_Earth_to_Mars,0.82499999999999996,0.82499999999999996,0,168960,168960,0,728.56670840273625,728.56670840273625,0,35,35,0,0,0,0
22,1000021,Direct_Pointing_25pct_Power,Direct_Earth_to_Mars,Direct_Earth_to_Mars,0.82499999999999996,0.82499999999999996,0,168960,168960,0,728.56670840273625,728.56670840273625,0,35,35,0,0,0,0
22,1000021,Direct_Combined_25pctPower_BG16,Direct_Earth_to_Mars,Direct_Earth_to_Mars,0.44,0.44,0,90112,90112,0,728.56670840273546,728.56670840273546,0,35,35,0,77,77,0
23,1000022,Control,Direct_Earth_to_Mars,Direct_Earth_to_Mars,0.85499999999999998,0.85499999999999998,0,175104,175104,0,881.38762389961551,881.38762389961551,0,29,29,0,0,0,0
23,1000022,Direct_Background_16,Direct_Earth_to_Mars,Direct_Earth_to_Mars,0.85499999999999998,0.85499999999999998,0,175104,175104,0,881.38762389961551,881.38762389961551,0,29,29,0,0,0,0
23,1000022,Direct_Pointing_25pct_Power,Direct_Earth_to_Mars,Direct_Earth_to_Mars,0.79500000000000004,0.79500000000000004,0,162816,162816,0,881.38762389961539,881.38762389961539,0,29,29,0,12,12,0
23,1000022,Direct_Combined_25pctPower_BG16,Direct_Earth_to_Mars,Earth_Relay2_Mars,0,0.73499999999999999,0.73499999999999999,0,150528,150528,0,947.4629932002855,947.4629932002855,29,53,24,171,0,-171
24,1000023,Control,Direct_Earth_to_Mars,Direct_Earth_to_Mars,0.88500000000000001,0.88500000000000001,0,181248,181248,0,626.64862796650743,626.64862796650743,0,23,23,0,0,0,0
24,1000023,Direct_Background_16,Direct_Earth_to_Mars,Direct_Earth_to_Mars,0.88500000000000001,0.88500000000000001,0,181248,181248,0,626.64862796650743,626.64862796650743,0,23,23,0,0,0,0
24,1000023,Direct_Pointing_25pct_Power,Direct_Earth_to_Mars,Direct_Earth_to_Mars,0.88500000000000001,0.88500000000000001,0,181248,181248,0,626.64862796650743,626.64862796650743,0,23,23,0,0,0,0
24,1000023,Direct_Combined_25pctPower_BG16,Direct_Earth_to_Mars,Direct_Earth_to_Mars,0.88500000000000001,0.88500000000000001,0,181248,181248,0,626.64862796650743,626.64862796650743,0,23,23,0,0,0,0
25,1000024,Control,Direct_Earth_to_Mars,Direct_Earth_to_Mars,0.88,0.88,0,180224,180224,0,1354.8699115430061,1354.8699115430061,0,24,24,0,0,0,0
25,1000024,Direct_Background_16,Direct_Earth_to_Mars,Direct_Earth_to_Mars,0.77000000000000002,0.77000000000000002,0,157696,157696,0,1354.8699115430061,1354.8699115430061,0,24,24,0,22,22,0
25,1000024,Direct_Pointing_25pct_Power,Direct_Earth_to_Mars,Earth_Relay2_Mars,0,0.80000000000000004,0.80000000000000004,0,163840,163840,0,1421.5387778024303,1421.5387778024303,24,40,16,176,0,-176
25,1000024,Direct_Combined_25pctPower_BG16,Direct_Earth_to_Mars,Earth_Relay2_Mars,0,0.80000000000000004,0.80000000000000004,0,163840,163840,0,1421.5387778024303,1421.5387778024303,24,40,16,176,0,-176
26,1000025,Control,Direct_Earth_to_Mars,Direct_Earth_to_Mars,0.98999999999999999,0.98999999999999999,0,202752,202752,0,1026.7949080054459,1026.7949080054459,0,2,2,0,0,0,0
26,1000025,Direct_Background_16,Direct_Earth_to_Mars,Direct_Earth_to_Mars,0.98999999999999999,0.98999999999999999,0,202752,202752,0,1026.7949080054459,1026.7949080054459,0,2,2,0,0,0,0
26,1000025,Direct_Pointing_25pct_Power,Direct_Earth_to_Mars,Earth_Relay2_Mars,0,0.97999999999999998,0.97999999999999998,0,200704,200704,0,1093.0495170366175,1093.0495170366175,2,4,2,198,0,-198
26,1000025,Direct_Combined_25pctPower_BG16,Direct_Earth_to_Mars,Earth_Relay2_Mars,0,0.97999999999999998,0.97999999999999998,0,200704,200704,0,1093.0495170366175,1093.0495170366175,2,4,2,198,0,-198
27,1000026,Control,Direct_Earth_to_Mars,Direct_Earth_to_Mars,0.92000000000000004,0.92000000000000004,0,188416,188416,0,360.83000953161491,360.83000953161491,0,16,16,0,0,0,0
27,1000026,Direct_Background_16,Direct_Earth_to_Mars,Direct_Earth_to_Mars,0.92000000000000004,0.92000000000000004,0,188416,188416,0,360.83000953161491,360.83000953161491,0,16,16,0,0,0,0
27,1000026,Direct_Pointing_25pct_Power,Direct_Earth_to_Mars,Direct_Earth_to_Mars,0.92000000000000004,0.92000000000000004,0,188416,188416,0,360.83000953161491,360.83000953161491,0,16,16,0,0,0,0
27,1000026,Direct_Combined_25pctPower_BG16,Direct_Earth_to_Mars,Direct_Earth_to_Mars,0.92000000000000004,0.92000000000000004,0,188416,188416,0,360.83000953161491,360.83000953161491,0,16,16,0,0,0,0
28,1000027,Control,Direct_Earth_to_Mars,Direct_Earth_to_Mars,0.85499999999999998,0.85499999999999998,0,175104,175104,0,325.23646866025018,325.23646866025018,0,29,29,0,0,0,0
28,1000027,Direct_Background_16,Direct_Earth_to_Mars,Direct_Earth_to_Mars,0.85499999999999998,0.85499999999999998,0,175104,175104,0,325.23646866025018,325.23646866025018,0,29,29,0,0,0,0
28,1000027,Direct_Pointing_25pct_Power,Direct_Earth_to_Mars,Direct_Earth_to_Mars,0.85499999999999998,0.85499999999999998,0,175104,175104,0,325.23646866025018,325.23646866025018,0,29,29,0,0,0,0
28,1000027,Direct_Combined_25pctPower_BG16,Direct_Earth_to_Mars,Direct_Earth_to_Mars,0.85499999999999998,0.85499999999999998,0,175104,175104,0,325.23646866025018,325.23646866025018,0,29,29,0,0,0,0
29,1000028,Control,Direct_Earth_to_Mars,Direct_Earth_to_Mars,0.96499999999999997,0.96499999999999997,0,197632,197632,0,1118.0787952350804,1118.0787952350804,0,7,7,0,0,0,0
29,1000028,Direct_Background_16,Direct_Earth_to_Mars,Direct_Earth_to_Mars,0.96499999999999997,0.96499999999999997,0,197632,197632,0,1118.0787952350804,1118.0787952350804,0,7,7,0,0,0,0
29,1000028,Direct_Pointing_25pct_Power,Direct_Earth_to_Mars,Earth_Relay2_Mars,0,0.94499999999999995,0.94499999999999995,0,193536,193536,0,1184.4742710285566,1184.4742710285566,7,11,4,193,0,-193
29,1000028,Direct_Combined_25pctPower_BG16,Direct_Earth_to_Mars,Earth_Relay2_Mars,0,0.94499999999999995,0.94499999999999995,0,193536,193536,0,1184.4742710285566,1184.4742710285566,7,11,4,193,0,-193
30,1000029,Control,Direct_Earth_to_Mars,Direct_Earth_to_Mars,0.93000000000000005,0.93000000000000005,0,190464,190464,0,1359.4881396286003,1359.4881396286003,0,14,14,0,0,0,0
30,1000029,Direct_Background_16,Direct_Earth_to_Mars,Direct_Earth_to_Mars,0.92000000000000004,0.92000000000000004,0,188416,188416,0,1359.4881396286003,1359.4881396286003,0,14,14,0,2,2,0
30,1000029,Direct_Pointing_25pct_Power,Direct_Earth_to_Mars,Earth_Relay2_Mars,0,0.83999999999999997,0.83999999999999997,0,172032,172032,0,1426.1586890914539,1426.1586890914539,14,32,18,186,0,-186
30,1000029,Direct_Combined_25pctPower_BG16,Direct_Earth_to_Mars,Earth_Relay2_Mars,0,0.83999999999999997,0.83999999999999997,0,172032,172032,0,1426.1586890914539,1426.1586890914539,14,32,18,186,0,-186
31,1000030,Control,Direct_Earth_to_Mars,Direct_Earth_to_Mars,0.88,0.88,0,180224,180224,0,1297.1085033873742,1297.1085033873742,0,24,24,0,0,0,0
31,1000030,Direct_Background_16,Direct_Earth_to_Mars,Direct_Earth_to_Mars,0.83499999999999996,0.83499999999999996,0,171008,171008,0,1297.1085033873744,1297.1085033873744,0,24,24,0,9,9,0
31,1000030,Direct_Pointing_25pct_Power,Direct_Earth_to_Mars,Earth_Relay2_Mars,0,0.75,0.75,0,153600,153600,0,1363.6452951421968,1363.6452951421968,24,50,26,176,0,-176
31,1000030,Direct_Combined_25pctPower_BG16,Direct_Earth_to_Mars,Earth_Relay2_Mars,0,0.75,0.75,0,153600,153600,0,1363.6452951421968,1363.6452951421968,24,50,26,176,0,-176
32,1000031,Control,Direct_Earth_to_Mars,Direct_Earth_to_Mars,0.995,0.995,0,203776,203776,0,1204.9139505130815,1204.9139505130815,0,1,1,0,0,0,0
32,1000031,Direct_Background_16,Direct_Earth_to_Mars,Direct_Earth_to_Mars,0.995,0.995,0,203776,203776,0,1204.9139505130815,1204.9139505130815,0,1,1,0,0,0,0
32,1000031,Direct_Pointing_25pct_Power,Direct_Earth_to_Mars,Earth_Relay1_Mars,0,0.98999999999999999,0.98999999999999999,0,202752,202752,0,1428.0838750851954,1428.0838750851954,1,2,1,199,0,-199
32,1000031,Direct_Combined_25pctPower_BG16,Direct_Earth_to_Mars,Earth_Relay1_Mars,0,0.98999999999999999,0.98999999999999999,0,202752,202752,0,1428.0838750851954,1428.0838750851954,1,2,1,199,0,-199
33,1000032,Control,Direct_Earth_to_Mars,Direct_Earth_to_Mars,0.93500000000000005,0.93500000000000005,0,191488,191488,0,1076.0826688393133,1076.0826688393133,0,13,13,0,0,0,0
33,1000032,Direct_Background_16,Direct_Earth_to_Mars,Direct_Earth_to_Mars,0.93500000000000005,0.93500000000000005,0,191488,191488,0,1076.0826688393133,1076.0826688393133,0,13,13,0,0,0,0
33,1000032,Direct_Pointing_25pct_Power,Direct_Earth_to_Mars,Earth_Relay2_Mars,0,0.83999999999999997,0.83999999999999997,0,172032,172032,0,1142.3455464758929,1142.3455464758929,13,32,19,187,0,-187
33,1000032,Direct_Combined_25pctPower_BG16,Direct_Earth_to_Mars,Earth_Relay2_Mars,0,0.83999999999999997,0.83999999999999997,0,172032,172032,0,1142.3455464758929,1142.3455464758929,13,32,19,187,0,-187
34,1000033,Control,Direct_Earth_to_Mars,Direct_Earth_to_Mars,0.89000000000000001,0.89000000000000001,0,182272,182272,0,464.5651372357043,464.5651372357043,0,22,22,0,0,0,0
34,1000033,Direct_Background_16,Direct_Earth_to_Mars,Direct_Earth_to_Mars,0.89000000000000001,0.89000000000000001,0,182272,182272,0,464.5651372357043,464.5651372357043,0,22,22,0,0,0,0
34,1000033,Direct_Pointing_25pct_Power,Direct_Earth_to_Mars,Direct_Earth_to_Mars,0.89000000000000001,0.89000000000000001,0,182272,182272,0,464.5651372357043,464.5651372357043,0,22,22,0,0,0,0
34,1000033,Direct_Combined_25pctPower_BG16,Direct_Earth_to_Mars,Direct_Earth_to_Mars,0.89000000000000001,0.89000000000000001,0,182272,182272,0,464.5651372357043,464.5651372357043,0,22,22,0,0,0,0
35,1000034,Control,Direct_Earth_to_Mars,Direct_Earth_to_Mars,0.83999999999999997,0.83999999999999997,0,172032,172032,0,571.56635857458366,571.56635857458366,0,32,32,0,0,0,0
35,1000034,Direct_Background_16,Direct_Earth_to_Mars,Direct_Earth_to_Mars,0.83999999999999997,0.83999999999999997,0,172032,172032,0,571.56635857458366,571.56635857458366,0,32,32,0,0,0,0
35,1000034,Direct_Pointing_25pct_Power,Direct_Earth_to_Mars,Direct_Earth_to_Mars,0.83999999999999997,0.83999999999999997,0,172032,172032,0,571.56635857458366,571.56635857458366,0,32,32,0,0,0,0
35,1000034,Direct_Combined_25pctPower_BG16,Direct_Earth_to_Mars,Direct_Earth_to_Mars,0.83999999999999997,0.83999999999999997,0,172032,172032,0,571.56635857458366,571.56635857458366,0,32,32,0,0,0,0
36,1000035,Control,Direct_Earth_to_Mars,Direct_Earth_to_Mars,0.81999999999999995,0.81999999999999995,0,167936,167936,0,342.82662648559915,342.82662648559915,0,36,36,0,0,0,0
36,1000035,Direct_Background_16,Direct_Earth_to_Mars,Direct_Earth_to_Mars,0.81999999999999995,0.81999999999999995,0,167936,167936,0,342.82662648559915,342.82662648559915,0,36,36,0,0,0,0
36,1000035,Direct_Pointing_25pct_Power,Direct_Earth_to_Mars,Direct_Earth_to_Mars,0.81999999999999995,0.81999999999999995,0,167936,167936,0,342.82662648559915,342.82662648559915,0,36,36,0,0,0,0
36,1000035,Direct_Combined_25pctPower_BG16,Direct_Earth_to_Mars,Direct_Earth_to_Mars,0.81999999999999995,0.81999999999999995,0,167936,167936,0,342.82662648559915,342.82662648559915,0,36,36,0,0,0,0
37,1000036,Control,Direct_Earth_to_Mars,Direct_Earth_to_Mars,0.84999999999999998,0.84999999999999998,0,174080,174080,0,1281.8492968248677,1281.8492968248677,0,30,30,0,0,0,0
37,1000036,Direct_Background_16,Direct_Earth_to_Mars,Direct_Earth_to_Mars,0.81000000000000005,0.81000000000000005,0,165888,165888,0,1281.8492968248681,1281.8492968248681,0,30,30,0,8,8,0
37,1000036,Direct_Pointing_25pct_Power,Direct_Earth_to_Mars,Earth_Relay2_Mars,0,0.72499999999999998,0.72499999999999998,0,148480,148480,0,1348.4544749736472,1348.4544749736472,30,55,25,170,0,-170
37,1000036,Direct_Combined_25pctPower_BG16,Direct_Earth_to_Mars,Earth_Relay2_Mars,0,0.72499999999999998,0.72499999999999998,0,148480,148480,0,1348.4544749736472,1348.4544749736472,30,55,25,170,0,-170
38,1000037,Control,Direct_Earth_to_Mars,Direct_Earth_to_Mars,0.95499999999999996,0.95499999999999996,0,195584,195584,0,338.4096487150365,338.4096487150365,0,9,9,0,0,0,0
38,1000037,Direct_Background_16,Direct_Earth_to_Mars,Direct_Earth_to_Mars,0.95499999999999996,0.95499999999999996,0,195584,195584,0,338.4096487150365,338.4096487150365,0,9,9,0,0,0,0
38,1000037,Direct_Pointing_25pct_Power,Direct_Earth_to_Mars,Direct_Earth_to_Mars,0.95499999999999996,0.95499999999999996,0,195584,195584,0,338.4096487150365,338.4096487150365,0,9,9,0,0,0,0
38,1000037,Direct_Combined_25pctPower_BG16,Direct_Earth_to_Mars,Direct_Earth_to_Mars,0.95499999999999996,0.95499999999999996,0,195584,195584,0,338.4096487150365,338.4096487150365,0,9,9,0,0,0,0
39,1000038,Control,Direct_Earth_to_Mars,Direct_Earth_to_Mars,0.79500000000000004,0.79500000000000004,0,162816,162816,0,1360.7572148454224,1360.7572148454224,0,41,41,0,0,0,0
39,1000038,Direct_Background_16,Direct_Earth_to_Mars,Direct_Earth_to_Mars,0.5,0.5,0,102400,102400,0,1360.7572148454235,1360.7572148454235,0,41,41,0,59,59,0
39,1000038,Direct_Pointing_25pct_Power,Direct_Earth_to_Mars,Earth_Relay2_Mars,0,0.67000000000000004,0.67000000000000004,0,137216,137216,0,1427.3979192362378,1427.3979192362378,41,66,25,159,0,-159
39,1000038,Direct_Combined_25pctPower_BG16,Direct_Earth_to_Mars,Earth_Relay2_Mars,0,0.67000000000000004,0.67000000000000004,0,137216,137216,0,1427.3979192362378,1427.3979192362378,41,66,25,159,0,-159
40,1000039,Control,Direct_Earth_to_Mars,Direct_Earth_to_Mars,0.91000000000000003,0.91000000000000003,0,186368,186368,0,533.26895790465767,533.26895790465767,0,18,18,0,0,0,0
40,1000039,Direct_Background_16,Direct_Earth_to_Mars,Direct_Earth_to_Mars,0.91000000000000003,0.91000000000000003,0,186368,186368,0,533.26895790465767,533.26895790465767,0,18,18,0,0,0,0
40,1000039,Direct_Pointing_25pct_Power,Direct_Earth_to_Mars,Direct_Earth_to_Mars,0.91000000000000003,0.91000000000000003,0,186368,186368,0,533.26895790465767,533.26895790465767,0,18,18,0,0,0,0
40,1000039,Direct_Combined_25pctPower_BG16,Direct_Earth_to_Mars,Direct_Earth_to_Mars,0.91000000000000003,0.91000000000000003,0,186368,186368,0,533.26895790465767,533.26895790465767,0,18,18,0,0,0,0
41,1000040,Control,Direct_Earth_to_Mars,Direct_Earth_to_Mars,0.83999999999999997,0.83999999999999997,0,172032,172032,0,615.55108319732255,615.55108319732255,0,32,32,0,0,0,0
41,1000040,Direct_Background_16,Direct_Earth_to_Mars,Direct_Earth_to_Mars,0.83999999999999997,0.83999999999999997,0,172032,172032,0,615.55108319732255,615.55108319732255,0,32,32,0,0,0,0
41,1000040,Direct_Pointing_25pct_Power,Direct_Earth_to_Mars,Direct_Earth_to_Mars,0.83999999999999997,0.83999999999999997,0,172032,172032,0,615.55108319732255,615.55108319732255,0,32,32,0,0,0,0
41,1000040,Direct_Combined_25pctPower_BG16,Direct_Earth_to_Mars,Direct_Earth_to_Mars,0.83999999999999997,0.83999999999999997,0,172032,172032,0,615.55108319732255,615.55108319732255,0,32,32,0,0,0,0
42,1000041,Control,Direct_Earth_to_Mars,Direct_Earth_to_Mars,0.96999999999999997,0.96999999999999997,0,198656,198656,0,1354.3757673128,1354.3757673128,0,6,6,0,0,0,0
42,1000041,Direct_Background_16,Direct_Earth_to_Mars,Direct_Earth_to_Mars,0.94499999999999995,0.94499999999999995,0,193536,193536,0,1354.3757673128,1354.3757673128,0,6,6,0,5,5,0
42,1000041,Direct_Pointing_25pct_Power,Direct_Earth_to_Mars,Earth_Relay2_Mars,0,0.95999999999999996,0.95999999999999996,0,196608,196608,0,1421.0034107570011,1421.0034107570011,6,8,2,194,0,-194
42,1000041,Direct_Combined_25pctPower_BG16,Direct_Earth_to_Mars,Earth_Relay2_Mars,0,0.95999999999999996,0.95999999999999996,0,196608,196608,0,1421.0034107570011,1421.0034107570011,6,8,2,194,0,-194
43,1000042,Control,Direct_Earth_to_Mars,Direct_Earth_to_Mars,0.77000000000000002,0.77000000000000002,0,157696,157696,0,614.69491189245286,614.69491189245286,0,46,46,0,0,0,0
43,1000042,Direct_Background_16,Direct_Earth_to_Mars,Direct_Earth_to_Mars,0.77000000000000002,0.77000000000000002,0,157696,157696,0,614.69491189245286,614.69491189245286,0,46,46,0,0,0,0
43,1000042,Direct_Pointing_25pct_Power,Direct_Earth_to_Mars,Direct_Earth_to_Mars,0.77000000000000002,0.77000000000000002,0,157696,157696,0,614.69491189245286,614.69491189245286,0,46,46,0,0,0,0
43,1000042,Direct_Combined_25pctPower_BG16,Direct_Earth_to_Mars,Direct_Earth_to_Mars,0.77000000000000002,0.77000000000000002,0,157696,157696,0,614.69491189245286,614.69491189245286,0,46,46,0,0,0,0
44,1000043,Control,Direct_Earth_to_Mars,Direct_Earth_to_Mars,0.94999999999999996,0.94999999999999996,0,194560,194560,0,1323.4729679042373,1323.4729679042373,0,10,10,0,0,0,0
44,1000043,Direct_Background_16,Direct_Earth_to_Mars,Direct_Earth_to_Mars,0.88500000000000001,0.88500000000000001,0,181248,181248,0,1323.4729679042373,1323.4729679042373,0,10,10,0,13,13,0
44,1000043,Direct_Pointing_25pct_Power,Direct_Earth_to_Mars,Earth_Relay2_Mars,0,0.85999999999999999,0.85999999999999999,0,176128,176128,0,1390.1191270427096,1390.1191270427096,10,28,18,190,0,-190
44,1000043,Direct_Combined_25pctPower_BG16,Direct_Earth_to_Mars,Earth_Relay2_Mars,0,0.85999999999999999,0.85999999999999999,0,176128,176128,0,1390.1191270427096,1390.1191270427096,10,28,18,190,0,-190
45,1000044,Control,Direct_Earth_to_Mars,Direct_Earth_to_Mars,0.83499999999999996,0.83499999999999996,0,171008,171008,0,482.75549275710375,482.75549275710375,0,33,33,0,0,0,0
45,1000044,Direct_Background_16,Direct_Earth_to_Mars,Direct_Earth_to_Mars,0.83499999999999996,0.83499999999999996,0,171008,171008,0,482.75549275710375,482.75549275710375,0,33,33,0,0,0,0
45,1000044,Direct_Pointing_25pct_Power,Direct_Earth_to_Mars,Direct_Earth_to_Mars,0.83499999999999996,0.83499999999999996,0,171008,171008,0,482.75549275710375,482.75549275710375,0,33,33,0,0,0,0
45,1000044,Direct_Combined_25pctPower_BG16,Direct_Earth_to_Mars,Direct_Earth_to_Mars,0.83499999999999996,0.83499999999999996,0,171008,171008,0,482.75549275710375,482.75549275710375,0,33,33,0,0,0,0
46,1000045,Control,Direct_Earth_to_Mars,Direct_Earth_to_Mars,0.83499999999999996,0.83499999999999996,0,171008,171008,0,742.91282555120426,742.91282555120426,0,33,33,0,0,0,0
46,1000045,Direct_Background_16,Direct_Earth_to_Mars,Direct_Earth_to_Mars,0.83499999999999996,0.83499999999999996,0,171008,171008,0,742.91282555120426,742.91282555120426,0,33,33,0,0,0,0
46,1000045,Direct_Pointing_25pct_Power,Direct_Earth_to_Mars,Direct_Earth_to_Mars,0.83499999999999996,0.83499999999999996,0,171008,171008,0,742.91282555120426,742.91282555120426,0,33,33,0,0,0,0
46,1000045,Direct_Combined_25pctPower_BG16,Direct_Earth_to_Mars,Direct_Earth_to_Mars,0.63,0.63,0,129024,129024,0,742.91282555120426,742.91282555120426,0,33,33,0,41,41,0
47,1000046,Control,Direct_Earth_to_Mars,Direct_Earth_to_Mars,0.875,0.875,0,179200,179200,0,304.8395158645003,304.8395158645003,0,25,25,0,0,0,0
47,1000046,Direct_Background_16,Direct_Earth_to_Mars,Direct_Earth_to_Mars,0.875,0.875,0,179200,179200,0,304.8395158645003,304.8395158645003,0,25,25,0,0,0,0
47,1000046,Direct_Pointing_25pct_Power,Direct_Earth_to_Mars,Direct_Earth_to_Mars,0.875,0.875,0,179200,179200,0,304.8395158645003,304.8395158645003,0,25,25,0,0,0,0
47,1000046,Direct_Combined_25pctPower_BG16,Direct_Earth_to_Mars,Direct_Earth_to_Mars,0.875,0.875,0,179200,179200,0,304.8395158645003,304.8395158645003,0,25,25,0,0,0,0
48,1000047,Control,Direct_Earth_to_Mars,Direct_Earth_to_Mars,0.93999999999999995,0.93999999999999995,0,192512,192512,0,1223.8798859360097,1223.8798859360097,0,12,12,0,0,0,0
48,1000047,Direct_Background_16,Direct_Earth_to_Mars,Direct_Earth_to_Mars,0.93999999999999995,0.93999999999999995,0,192512,192512,0,1223.8798859360097,1223.8798859360097,0,12,12,0,0,0,0
48,1000047,Direct_Pointing_25pct_Power,Direct_Earth_to_Mars,Earth_Relay2_Mars,0,0.89500000000000002,0.89500000000000002,0,183296,183296,0,1290.4181276002762,1290.4181276002762,12,21,9,188,0,-188
48,1000047,Direct_Combined_25pctPower_BG16,Direct_Earth_to_Mars,Earth_Relay2_Mars,0,0.89500000000000002,0.89500000000000002,0,183296,183296,0,1290.4181276002762,1290.4181276002762,12,21,9,188,0,-188
49,1000048,Control,Direct_Earth_to_Mars,Direct_Earth_to_Mars,0.89500000000000002,0.89500000000000002,0,183296,183296,0,605.23892535906646,605.23892535906646,0,21,21,0,0,0,0
49,1000048,Direct_Background_16,Direct_Earth_to_Mars,Direct_Earth_to_Mars,0.89500000000000002,0.89500000000000002,0,183296,183296,0,605.23892535906646,605.23892535906646,0,21,21,0,0,0,0
49,1000048,Direct_Pointing_25pct_Power,Direct_Earth_to_Mars,Direct_Earth_to_Mars,0.89500000000000002,0.89500000000000002,0,183296,183296,0,605.23892535906646,605.23892535906646,0,21,21,0,0,0,0
49,1000048,Direct_Combined_25pctPower_BG16,Direct_Earth_to_Mars,Direct_Earth_to_Mars,0.89500000000000002,0.89500000000000002,0,183296,183296,0,605.23892535906646,605.23892535906646,0,21,21,0,0,0,0
50,1000049,Control,Direct_Earth_to_Mars,Direct_Earth_to_Mars,0.88500000000000001,0.88500000000000001,0,181248,181248,0,356.59406904618487,356.59406904618487,0,23,23,0,0,0,0
50,1000049,Direct_Background_16,Direct_Earth_to_Mars,Direct_Earth_to_Mars,0.88500000000000001,0.88500000000000001,0,181248,181248,0,356.59406904618487,356.59406904618487,0,23,23,0,0,0,0
50,1000049,Direct_Pointing_25pct_Power,Direct_Earth_to_Mars,Direct_Earth_to_Mars,0.88500000000000001,0.88500000000000001,0,181248,181248,0,356.59406904618487,356.59406904618487,0,23,23,0,0,0,0
50,1000049,Direct_Combined_25pctPower_BG16,Direct_Earth_to_Mars,Direct_Earth_to_Mars,0.88500000000000001,0.88500000000000001,0,181248,181248,0,356.59406904618487,356.59406904618487,0,23,23,0,0,0,0
51,1000050,Control,Direct_Earth_to_Mars,Direct_Earth_to_Mars,0.80000000000000004,0.80000000000000004,0,163840,163840,0,575.15256972354803,575.15256972354803,0,40,40,0,0,0,0
51,1000050,Direct_Background_16,Direct_Earth_to_Mars,Direct_Earth_to_Mars,0.80000000000000004,0.80000000000000004,0,163840,163840,0,575.15256972354803,575.15256972354803,0,40,40,0,0,0,0
51,1000050,Direct_Pointing_25pct_Power,Direct_Earth_to_Mars,Direct_Earth_to_Mars,0.80000000000000004,0.80000000000000004,0,163840,163840,0,575.15256972354803,575.15256972354803,0,40,40,0,0,0,0
51,1000050,Direct_Combined_25pctPower_BG16,Direct_Earth_to_Mars,Direct_Earth_to_Mars,0.80000000000000004,0.80000000000000004,0,163840,163840,0,575.15256972354803,575.15256972354803,0,40,40,0,0,0,0
52,1000051,Control,Direct_Earth_to_Mars,Direct_Earth_to_Mars,0.91000000000000003,0.91000000000000003,0,186368,186368,0,694.06321960725779,694.06321960725779,0,18,18,0,0,0,0
52,1000051,Direct_Background_16,Direct_Earth_to_Mars,Direct_Earth_to_Mars,0.91000000000000003,0.91000000000000003,0,186368,186368,0,694.06321960725779,694.06321960725779,0,18,18,0,0,0,0
52,1000051,Direct_Pointing_25pct_Power,Direct_Earth_to_Mars,Direct_Earth_to_Mars,0.91000000000000003,0.91000000000000003,0,186368,186368,0,694.06321960725779,694.06321960725779,0,18,18,0,0,0,0
52,1000051,Direct_Combined_25pctPower_BG16,Direct_Earth_to_Mars,Direct_Earth_to_Mars,0.88500000000000001,0.88500000000000001,0,181248,181248,0,694.06321960725779,694.06321960725779,0,18,18,0,5,5,0
53,1000052,Control,Direct_Earth_to_Mars,Direct_Earth_to_Mars,0.88500000000000001,0.88500000000000001,0,181248,181248,0,1107.073137143268,1107.073137143268,0,23,23,0,0,0,0
53,1000052,Direct_Background_16,Direct_Earth_to_Mars,Direct_Earth_to_Mars,0.88500000000000001,0.88500000000000001,0,181248,181248,0,1107.073137143268,1107.073137143268,0,23,23,0,0,0,0
53,1000052,Direct_Pointing_25pct_Power,Direct_Earth_to_Mars,Earth_Relay2_Mars,0,0.78500000000000003,0.78500000000000003,0,160768,160768,0,1173.3705830140309,1173.3705830140309,23,43,20,177,0,-177
53,1000052,Direct_Combined_25pctPower_BG16,Direct_Earth_to_Mars,Earth_Relay2_Mars,0,0.78500000000000003,0.78500000000000003,0,160768,160768,0,1173.3705830140309,1173.3705830140309,23,43,20,177,0,-177
54,1000053,Control,Direct_Earth_to_Mars,Direct_Earth_to_Mars,0.80500000000000005,0.80500000000000005,0,164864,164864,0,454.98570800503745,454.98570800503745,0,39,39,0,0,0,0
54,1000053,Direct_Background_16,Direct_Earth_to_Mars,Direct_Earth_to_Mars,0.80500000000000005,0.80500000000000005,0,164864,164864,0,454.98570800503745,454.98570800503745,0,39,39,0,0,0,0
54,1000053,Direct_Pointing_25pct_Power,Direct_Earth_to_Mars,Direct_Earth_to_Mars,0.80500000000000005,0.80500000000000005,0,164864,164864,0,454.98570800503745,454.98570800503745,0,39,39,0,0,0,0
54,1000053,Direct_Combined_25pctPower_BG16,Direct_Earth_to_Mars,Direct_Earth_to_Mars,0.80500000000000005,0.80500000000000005,0,164864,164864,0,454.98570800503745,454.98570800503745,0,39,39,0,0,0,0
55,1000054,Control,Direct_Earth_to_Mars,Direct_Earth_to_Mars,0.89000000000000001,0.89000000000000001,0,182272,182272,0,1034.8406676566892,1034.8406676566892,0,22,22,0,0,0,0
55,1000054,Direct_Background_16,Direct_Earth_to_Mars,Direct_Earth_to_Mars,0.89000000000000001,0.89000000000000001,0,182272,182272,0,1034.8406676566892,1034.8406676566892,0,22,22,0,0,0,0
55,1000054,Direct_Pointing_25pct_Power,Direct_Earth_to_Mars,Earth_Relay2_Mars,0,0.79000000000000004,0.79000000000000004,0,161792,161792,0,1101.0593571270203,1101.0593571270203,22,42,20,178,0,-178
55,1000054,Direct_Combined_25pctPower_BG16,Direct_Earth_to_Mars,Earth_Relay2_Mars,0,0.79000000000000004,0.79000000000000004,0,161792,161792,0,1101.0593571270203,1101.0593571270203,22,42,20,178,0,-178
56,1000055,Control,Direct_Earth_to_Mars,Direct_Earth_to_Mars,0.92000000000000004,0.92000000000000004,0,188416,188416,0,1226.7238519286104,1226.7238519286104,0,16,16,0,0,0,0
56,1000055,Direct_Background_16,Direct_Earth_to_Mars,Direct_Earth_to_Mars,0.92000000000000004,0.92000000000000004,0,188416,188416,0,1226.7238519286104,1226.7238519286104,0,16,16,0,0,0,0
56,1000055,Direct_Pointing_25pct_Power,Direct_Earth_to_Mars,Earth_Relay2_Mars,0,0.85999999999999999,0.85999999999999999,0,176128,176128,0,1293.1656717816934,1293.1656717816934,16,28,12,184,0,-184
56,1000055,Direct_Combined_25pctPower_BG16,Direct_Earth_to_Mars,Earth_Relay2_Mars,0,0.85999999999999999,0.85999999999999999,0,176128,176128,0,1293.1656717816934,1293.1656717816934,16,28,12,184,0,-184
57,1000056,Control,Direct_Earth_to_Mars,Direct_Earth_to_Mars,0.91000000000000003,0.91000000000000003,0,186368,186368,0,1201.1178244990874,1201.1178244990874,0,18,18,0,0,0,0
57,1000056,Direct_Background_16,Direct_Earth_to_Mars,Direct_Earth_to_Mars,0.91000000000000003,0.91000000000000003,0,186368,186368,0,1201.1178244990874,1201.1178244990874,0,18,18,0,0,0,0
57,1000056,Direct_Pointing_25pct_Power,Direct_Earth_to_Mars,Earth_Relay2_Mars,0,0.83499999999999996,0.83499999999999996,0,171008,171008,0,1267.6274207947113,1267.6274207947113,18,33,15,182,0,-182
57,1000056,Direct_Combined_25pctPower_BG16,Direct_Earth_to_Mars,Earth_Relay2_Mars,0,0.83499999999999996,0.83499999999999996,0,171008,171008,0,1267.6274207947113,1267.6274207947113,18,33,15,182,0,-182
58,1000057,Control,Direct_Earth_to_Mars,Direct_Earth_to_Mars,0.81000000000000005,0.81000000000000005,0,165888,165888,0,1322.4560202355785,1322.4560202355785,0,38,38,0,0,0,0
58,1000057,Direct_Background_16,Direct_Earth_to_Mars,Direct_Earth_to_Mars,0.79000000000000004,0.79000000000000004,0,161792,161792,0,1322.4560202355785,1322.4560202355785,0,38,38,0,4,4,0
58,1000057,Direct_Pointing_25pct_Power,Direct_Earth_to_Mars,Earth_Relay2_Mars,0,0.66500000000000004,0.66500000000000004,0,136192,136192,0,1389.0302597827203,1389.0302597827203,38,67,29,162,0,-162
58,1000057,Direct_Combined_25pctPower_BG16,Direct_Earth_to_Mars,Earth_Relay2_Mars,0,0.66500000000000004,0.66500000000000004,0,136192,136192,0,1389.0302597827203,1389.0302597827203,38,67,29,162,0,-162
59,1000058,Control,Direct_Earth_to_Mars,Direct_Earth_to_Mars,0.92000000000000004,0.92000000000000004,0,188416,188416,0,375.20042355610997,375.20042355610997,0,16,16,0,0,0,0
59,1000058,Direct_Background_16,Direct_Earth_to_Mars,Direct_Earth_to_Mars,0.92000000000000004,0.92000000000000004,0,188416,188416,0,375.20042355610997,375.20042355610997,0,16,16,0,0,0,0
59,1000058,Direct_Pointing_25pct_Power,Direct_Earth_to_Mars,Direct_Earth_to_Mars,0.92000000000000004,0.92000000000000004,0,188416,188416,0,375.20042355610997,375.20042355610997,0,16,16,0,0,0,0
59,1000058,Direct_Combined_25pctPower_BG16,Direct_Earth_to_Mars,Direct_Earth_to_Mars,0.92000000000000004,0.92000000000000004,0,188416,188416,0,375.20042355610997,375.20042355610997,0,16,16,0,0,0,0
60,1000059,Control,Direct_Earth_to_Mars,Direct_Earth_to_Mars,0.85499999999999998,0.85499999999999998,0,175104,175104,0,328.08338580398402,328.08338580398402,0,29,29,0,0,0,0
60,1000059,Direct_Background_16,Direct_Earth_to_Mars,Direct_Earth_to_Mars,0.85499999999999998,0.85499999999999998,0,175104,175104,0,328.08338580398402,328.08338580398402,0,29,29,0,0,0,0
60,1000059,Direct_Pointing_25pct_Power,Direct_Earth_to_Mars,Direct_Earth_to_Mars,0.85499999999999998,0.85499999999999998,0,175104,175104,0,328.08338580398402,328.08338580398402,0,29,29,0,0,0,0
60,1000059,Direct_Combined_25pctPower_BG16,Direct_Earth_to_Mars,Direct_Earth_to_Mars,0.85499999999999998,0.85499999999999998,0,175104,175104,0,328.08338580398402,328.08338580398402,0,29,29,0,0,0,0
61,1000060,Control,Direct_Earth_to_Mars,Direct_Earth_to_Mars,0.98499999999999999,0.98499999999999999,0,201728,201728,0,536.31280440431033,536.31280440431033,0,3,3,0,0,0,0
61,1000060,Direct_Background_16,Direct_Earth_to_Mars,Direct_Earth_to_Mars,0.98499999999999999,0.98499999999999999,0,201728,201728,0,536.31280440431033,536.31280440431033,0,3,3,0,0,0,0
61,1000060,Direct_Pointing_25pct_Power,Direct_Earth_to_Mars,Direct_Earth_to_Mars,0.98499999999999999,0.98499999999999999,0,201728,201728,0,536.31280440431033,536.31280440431033,0,3,3,0,0,0,0
61,1000060,Direct_Combined_25pctPower_BG16,Direct_Earth_to_Mars,Direct_Earth_to_Mars,0.98499999999999999,0.98499999999999999,0,201728,201728,0,536.31280440431033,536.31280440431033,0,3,3,0,0,0,0
62,1000061,Control,Direct_Earth_to_Mars,Direct_Earth_to_Mars,0.94499999999999995,0.94499999999999995,0,193536,193536,0,610.82290928106192,610.82290928106192,0,11,11,0,0,0,0
62,1000061,Direct_Background_16,Direct_Earth_to_Mars,Direct_Earth_to_Mars,0.94499999999999995,0.94499999999999995,0,193536,193536,0,610.82290928106192,610.82290928106192,0,11,11,0,0,0,0
62,1000061,Direct_Pointing_25pct_Power,Direct_Earth_to_Mars,Direct_Earth_to_Mars,0.94499999999999995,0.94499999999999995,0,193536,193536,0,610.82290928106192,610.82290928106192,0,11,11,0,0,0,0
62,1000061,Direct_Combined_25pctPower_BG16,Direct_Earth_to_Mars,Direct_Earth_to_Mars,0.94499999999999995,0.94499999999999995,0,193536,193536,0,610.82290928106192,610.82290928106192,0,11,11,0,0,0,0
63,1000062,Control,Direct_Earth_to_Mars,Direct_Earth_to_Mars,0.88,0.88,0,180224,180224,0,288.08332076984522,288.08332076984522,0,24,24,0,0,0,0
63,1000062,Direct_Background_16,Direct_Earth_to_Mars,Direct_Earth_to_Mars,0.88,0.88,0,180224,180224,0,288.08332076984522,288.08332076984522,0,24,24,0,0,0,0
63,1000062,Direct_Pointing_25pct_Power,Direct_Earth_to_Mars,Direct_Earth_to_Mars,0.88,0.88,0,180224,180224,0,288.08332076984522,288.08332076984522,0,24,24,0,0,0,0
63,1000062,Direct_Combined_25pctPower_BG16,Direct_Earth_to_Mars,Direct_Earth_to_Mars,0.88,0.88,0,180224,180224,0,288.08332076984522,288.08332076984522,0,24,24,0,0,0,0
64,1000063,Control,Direct_Earth_to_Mars,Direct_Earth_to_Mars,0.95999999999999996,0.95999999999999996,0,196608,196608,0,1249.2701190870366,1249.2701190870366,0,8,8,0,0,0,0
64,1000063,Direct_Background_16,Direct_Earth_to_Mars,Direct_Earth_to_Mars,0.95999999999999996,0.95999999999999996,0,196608,196608,0,1249.2701190870366,1249.2701190870366,0,8,8,0,0,0,0
64,1000063,Direct_Pointing_25pct_Power,Direct_Earth_to_Mars,Earth_Relay2_Mars,0,0.90500000000000003,0.90500000000000003,0,185344,185344,0,1315.7413182704204,1315.7413182704204,8,19,11,192,0,-192
64,1000063,Direct_Combined_25pctPower_BG16,Direct_Earth_to_Mars,Earth_Relay2_Mars,0,0.90500000000000003,0.90500000000000003,0,185344,185344,0,1315.7413182704204,1315.7413182704204,8,19,11,192,0,-192
65,1000064,Control,Direct_Earth_to_Mars,Direct_Earth_to_Mars,0.83999999999999997,0.83999999999999997,0,172032,172032,0,1367.8992883327239,1367.8992883327239,0,32,32,0,0,0,0
65,1000064,Direct_Background_16,Direct_Earth_to_Mars,Direct_Earth_to_Mars,0.82499999999999996,0.82499999999999996,0,168960,168960,0,1367.8992883327237,1367.8992883327237,0,32,32,0,3,3,0
65,1000064,Direct_Pointing_25pct_Power,Direct_Earth_to_Mars,Earth_Relay2_Mars,0,0.745,0.745,0,152576,152576,0,1434.5629838380262,1434.5629838380262,32,51,19,168,0,-168
65,1000064,Direct_Combined_25pctPower_BG16,Direct_Earth_to_Mars,Earth_Relay2_Mars,0,0.745,0.745,0,152576,152576,0,1434.5629838380262,1434.5629838380262,32,51,19,168,0,-168
66,1000065,Control,Direct_Earth_to_Mars,Direct_Earth_to_Mars,0.85999999999999999,0.85999999999999999,0,176128,176128,0,850.09930945898259,850.09930945898259,0,28,28,0,0,0,0
66,1000065,Direct_Background_16,Direct_Earth_to_Mars,Direct_Earth_to_Mars,0.85999999999999999,0.85999999999999999,0,176128,176128,0,850.09930945898259,850.09930945898259,0,28,28,0,0,0,0
66,1000065,Direct_Pointing_25pct_Power,Direct_Earth_to_Mars,Direct_Earth_to_Mars,0.78000000000000003,0.78000000000000003,0,159744,159744,0,850.09930945898293,850.09930945898293,0,28,28,0,16,16,0
66,1000065,Direct_Combined_25pctPower_BG16,Direct_Earth_to_Mars,Earth_Relay0_Mars,0,0.69999999999999996,0.69999999999999996,0,143360,143360,0,1016.2639788796851,1016.2639788796851,28,60,32,172,0,-172
67,1000066,Control,Direct_Earth_to_Mars,Direct_Earth_to_Mars,0.90500000000000003,0.90500000000000003,0,185344,185344,0,1212.1467645298023,1212.1467645298023,0,19,19,0,0,0,0
67,1000066,Direct_Background_16,Direct_Earth_to_Mars,Direct_Earth_to_Mars,0.90500000000000003,0.90500000000000003,0,185344,185344,0,1212.1467645298023,1212.1467645298023,0,19,19,0,0,0,0
67,1000066,Direct_Pointing_25pct_Power,Direct_Earth_to_Mars,Earth_Relay2_Mars,0,0.81000000000000005,0.81000000000000005,0,165888,165888,0,1278.6703921189469,1278.6703921189469,19,38,19,181,0,-181
67,1000066,Direct_Combined_25pctPower_BG16,Direct_Earth_to_Mars,Earth_Relay2_Mars,0,0.81000000000000005,0.81000000000000005,0,165888,165888,0,1278.6703921189469,1278.6703921189469,19,38,19,181,0,-181
68,1000067,Control,Direct_Earth_to_Mars,Direct_Earth_to_Mars,0.78500000000000003,0.78500000000000003,0,160768,160768,0,1110.0764902873511,1110.0764902873511,0,43,43,0,0,0,0
68,1000067,Direct_Background_16,Direct_Earth_to_Mars,Direct_Earth_to_Mars,0.78500000000000003,0.78500000000000003,0,160768,160768,0,1110.0764902873511,1110.0764902873511,0,43,43,0,0,0,0
68,1000067,Direct_Pointing_25pct_Power,Direct_Earth_to_Mars,Earth_Relay2_Mars,0,0.68999999999999995,0.68999999999999995,0,141312,141312,0,1176.4602244688917,1176.4602244688917,43,62,19,157,0,-157
68,1000067,Direct_Combined_25pctPower_BG16,Direct_Earth_to_Mars,Earth_Relay2_Mars,0,0.68999999999999995,0.68999999999999995,0,141312,141312,0,1176.4602244688917,1176.4602244688917,43,62,19,157,0,-157
69,1000068,Control,Direct_Earth_to_Mars,Direct_Earth_to_Mars,0.77500000000000002,0.77500000000000002,0,158720,158720,0,686.10407802613895,686.10407802613895,0,45,45,0,0,0,0
69,1000068,Direct_Background_16,Direct_Earth_to_Mars,Direct_Earth_to_Mars,0.77500000000000002,0.77500000000000002,0,158720,158720,0,686.10407802613895,686.10407802613895,0,45,45,0,0,0,0
69,1000068,Direct_Pointing_25pct_Power,Direct_Earth_to_Mars,Direct_Earth_to_Mars,0.77500000000000002,0.77500000000000002,0,158720,158720,0,686.10407802613895,686.10407802613895,0,45,45,0,0,0,0
69,1000068,Direct_Combined_25pctPower_BG16,Direct_Earth_to_Mars,Direct_Earth_to_Mars,0.77000000000000002,0.77000000000000002,0,157696,157696,0,686.10407802613895,686.10407802613895,0,45,45,0,1,1,0
70,1000069,Control,Direct_Earth_to_Mars,Direct_Earth_to_Mars,0.84499999999999997,0.84499999999999997,0,173056,173056,0,1245.5444323177423,1245.5444323177423,0,31,31,0,0,0,0
70,1000069,Direct_Background_16,Direct_Earth_to_Mars,Direct_Earth_to_Mars,0.83999999999999997,0.83999999999999997,0,172032,172032,0,1245.5444323177423,1245.5444323177423,0,31,31,0,1,1,0
70,1000069,Direct_Pointing_25pct_Power,Direct_Earth_to_Mars,Earth_Relay2_Mars,0,0.70499999999999996,0.70499999999999996,0,144384,144384,0,1312.0107189403129,1312.0107189403129,31,59,28,169,0,-169
70,1000069,Direct_Combined_25pctPower_BG16,Direct_Earth_to_Mars,Earth_Relay2_Mars,0,0.70499999999999996,0.70499999999999996,0,144384,144384,0,1312.0107189403129,1312.0107189403129,31,59,28,169,0,-169
71,1000070,Control,Direct_Earth_to_Mars,Direct_Earth_to_Mars,0.89000000000000001,0.89000000000000001,0,182272,182272,0,466.73376352069454,466.73376352069454,0,22,22,0,0,0,0
71,1000070,Direct_Background_16,Direct_Earth_to_Mars,Direct_Earth_to_Mars,0.89000000000000001,0.89000000000000001,0,182272,182272,0,466.73376352069454,466.73376352069454,0,22,22,0,0,0,0
71,1000070,Direct_Pointing_25pct_Power,Direct_Earth_to_Mars,Direct_Earth_to_Mars,0.89000000000000001,0.89000000000000001,0,182272,182272,0,466.73376352069454,466.73376352069454,0,22,22,0,0,0,0
71,1000070,Direct_Combined_25pctPower_BG16,Direct_Earth_to_Mars,Direct_Earth_to_Mars,0.89000000000000001,0.89000000000000001,0,182272,182272,0,466.73376352069454,466.73376352069454,0,22,22,0,0,0,0
72,1000071,Control,Direct_Earth_to_Mars,Direct_Earth_to_Mars,0.93000000000000005,0.93000000000000005,0,190464,190464,0,1061.499450700185,1061.499450700185,0,14,14,0,0,0,0
72,1000071,Direct_Background_16,Direct_Earth_to_Mars,Direct_Earth_to_Mars,0.93000000000000005,0.93000000000000005,0,190464,190464,0,1061.499450700185,1061.499450700185,0,14,14,0,0,0,0
72,1000071,Direct_Pointing_25pct_Power,Direct_Earth_to_Mars,Earth_Relay2_Mars,0,0.86499999999999999,0.86499999999999999,0,177152,177152,0,1127.746462145393,1127.746462145393,14,27,13,186,0,-186
72,1000071,Direct_Combined_25pctPower_BG16,Direct_Earth_to_Mars,Earth_Relay2_Mars,0,0.86499999999999999,0.86499999999999999,0,177152,177152,0,1127.746462145393,1127.746462145393,14,27,13,186,0,-186
73,1000072,Control,Direct_Earth_to_Mars,Direct_Earth_to_Mars,0.81000000000000005,0.81000000000000005,0,165888,165888,0,543.41523258503537,543.41523258503537,0,38,38,0,0,0,0
73,1000072,Direct_Background_16,Direct_Earth_to_Mars,Direct_Earth_to_Mars,0.81000000000000005,0.81000000000000005,0,165888,165888,0,543.41523258503537,543.41523258503537,0,38,38,0,0,0,0
73,1000072,Direct_Pointing_25pct_Power,Direct_Earth_to_Mars,Direct_Earth_to_Mars,0.81000000000000005,0.81000000000000005,0,165888,165888,0,543.41523258503537,543.41523258503537,0,38,38,0,0,0,0
73,1000072,Direct_Combined_25pctPower_BG16,Direct_Earth_to_Mars,Direct_Earth_to_Mars,0.81000000000000005,0.81000000000000005,0,165888,165888,0,543.41523258503537,543.41523258503537,0,38,38,0,0,0,0
74,1000073,Control,Direct_Earth_to_Mars,Direct_Earth_to_Mars,0.93999999999999995,0.93999999999999995,0,192512,192512,0,290.27586684729619,290.27586684729619,0,12,12,0,0,0,0
74,1000073,Direct_Background_16,Direct_Earth_to_Mars,Direct_Earth_to_Mars,0.93999999999999995,0.93999999999999995,0,192512,192512,0,290.27586684729619,290.27586684729619,0,12,12,0,0,0,0
74,1000073,Direct_Pointing_25pct_Power,Direct_Earth_to_Mars,Direct_Earth_to_Mars,0.93999999999999995,0.93999999999999995,0,192512,192512,0,290.27586684729619,290.27586684729619,0,12,12,0,0,0,0
74,1000073,Direct_Combined_25pctPower_BG16,Direct_Earth_to_Mars,Direct_Earth_to_Mars,0.93999999999999995,0.93999999999999995,0,192512,192512,0,290.27586684729619,290.27586684729619,0,12,12,0,0,0,0
75,1000074,Control,Direct_Earth_to_Mars,Direct_Earth_to_Mars,0.96999999999999997,0.96999999999999997,0,198656,198656,0,1356.3582015650682,1356.3582015650682,0,6,6,0,0,0,0
75,1000074,Direct_Background_16,Direct_Earth_to_Mars,Direct_Earth_to_Mars,0.87,0.87,0,178176,178176,0,1356.3582015650675,1356.3582015650675,0,6,6,0,20,20,0
75,1000074,Direct_Pointing_25pct_Power,Direct_Earth_to_Mars,Earth_Relay2_Mars,0,0.92500000000000004,0.92500000000000004,0,189440,189440,0,1422.9897130939642,1422.9897130939642,6,15,9,194,0,-194
75,1000074,Direct_Combined_25pctPower_BG16,Direct_Earth_to_Mars,Earth_Relay2_Mars,0,0.92500000000000004,0.92500000000000004,0,189440,189440,0,1422.9897130939642,1422.9897130939642,6,15,9,194,0,-194
76,1000075,Control,Direct_Earth_to_Mars,Direct_Earth_to_Mars,0.81999999999999995,0.81999999999999995,0,167936,167936,0,707.53619532489404,707.53619532489404,0,36,36,0,0,0,0
76,1000075,Direct_Background_16,Direct_Earth_to_Mars,Direct_Earth_to_Mars,0.81999999999999995,0.81999999999999995,0,167936,167936,0,707.53619532489404,707.53619532489404,0,36,36,0,0,0,0
76,1000075,Direct_Pointing_25pct_Power,Direct_Earth_to_Mars,Direct_Earth_to_Mars,0.81999999999999995,0.81999999999999995,0,167936,167936,0,707.53619532489404,707.53619532489404,0,36,36,0,0,0,0
76,1000075,Direct_Combined_25pctPower_BG16,Direct_Earth_to_Mars,Direct_Earth_to_Mars,0.76500000000000001,0.76500000000000001,0,156672,156672,0,707.53619532489404,707.53619532489404,0,36,36,0,11,11,0
77,1000076,Control,Direct_Earth_to_Mars,Direct_Earth_to_Mars,1,1,0,204800,204800,0,1329.1108404350887,1329.1108404350887,0,0,0,0,0,0,0
77,1000076,Direct_Background_16,Direct_Earth_to_Mars,Direct_Earth_to_Mars,0.95499999999999996,0.95499999999999996,0,195584,195584,0,1329.1108404350889,1329.1108404350889,0,0,0,0,9,9,0
77,1000076,Direct_Pointing_25pct_Power,Direct_Earth_to_Mars,Earth_Relay2_Mars,0,0.995,0.995,0,203776,203776,0,1395.7618489325021,1395.7618489325021,0,1,1,200,0,-200
77,1000076,Direct_Combined_25pctPower_BG16,Direct_Earth_to_Mars,Earth_Relay2_Mars,0,0.995,0.995,0,203776,203776,0,1395.7618489325021,1395.7618489325021,0,1,1,200,0,-200
78,1000077,Control,Direct_Earth_to_Mars,Direct_Earth_to_Mars,0.97499999999999998,0.97499999999999998,0,199680,199680,0,284.87383939373098,284.87383939373098,0,5,5,0,0,0,0
78,1000077,Direct_Background_16,Direct_Earth_to_Mars,Direct_Earth_to_Mars,0.97499999999999998,0.97499999999999998,0,199680,199680,0,284.87383939373098,284.87383939373098,0,5,5,0,0,0,0
78,1000077,Direct_Pointing_25pct_Power,Direct_Earth_to_Mars,Direct_Earth_to_Mars,0.97499999999999998,0.97499999999999998,0,199680,199680,0,284.87383939373098,284.87383939373098,0,5,5,0,0,0,0
78,1000077,Direct_Combined_25pctPower_BG16,Direct_Earth_to_Mars,Direct_Earth_to_Mars,0.97499999999999998,0.97499999999999998,0,199680,199680,0,284.87383939373098,284.87383939373098,0,5,5,0,0,0,0
79,1000078,Control,Direct_Earth_to_Mars,Direct_Earth_to_Mars,0.89500000000000002,0.89500000000000002,0,183296,183296,0,597.12027157326509,597.12027157326509,0,21,21,0,0,0,0
79,1000078,Direct_Background_16,Direct_Earth_to_Mars,Direct_Earth_to_Mars,0.89500000000000002,0.89500000000000002,0,183296,183296,0,597.12027157326509,597.12027157326509,0,21,21,0,0,0,0
79,1000078,Direct_Pointing_25pct_Power,Direct_Earth_to_Mars,Direct_Earth_to_Mars,0.89500000000000002,0.89500000000000002,0,183296,183296,0,597.12027157326509,597.12027157326509,0,21,21,0,0,0,0
79,1000078,Direct_Combined_25pctPower_BG16,Direct_Earth_to_Mars,Direct_Earth_to_Mars,0.89500000000000002,0.89500000000000002,0,183296,183296,0,597.12027157326509,597.12027157326509,0,21,21,0,0,0,0
80,1000079,Control,Direct_Earth_to_Mars,Direct_Earth_to_Mars,0.92000000000000004,0.92000000000000004,0,188416,188416,0,372.68136660851525,372.68136660851525,0,16,16,0,0,0,0
80,1000079,Direct_Background_16,Direct_Earth_to_Mars,Direct_Earth_to_Mars,0.92000000000000004,0.92000000000000004,0,188416,188416,0,372.68136660851525,372.68136660851525,0,16,16,0,0,0,0
80,1000079,Direct_Pointing_25pct_Power,Direct_Earth_to_Mars,Direct_Earth_to_Mars,0.92000000000000004,0.92000000000000004,0,188416,188416,0,372.68136660851525,372.68136660851525,0,16,16,0,0,0,0
80,1000079,Direct_Combined_25pctPower_BG16,Direct_Earth_to_Mars,Direct_Earth_to_Mars,0.92000000000000004,0.92000000000000004,0,188416,188416,0,372.68136660851525,372.68136660851525,0,16,16,0,0,0,0
81,1000080,Control,Direct_Earth_to_Mars,Direct_Earth_to_Mars,0.93000000000000005,0.93000000000000005,0,190464,190464,0,529.83889610493384,529.83889610493384,0,14,14,0,0,0,0
81,1000080,Direct_Background_16,Direct_Earth_to_Mars,Direct_Earth_to_Mars,0.93000000000000005,0.93000000000000005,0,190464,190464,0,529.83889610493384,529.83889610493384,0,14,14,0,0,0,0
81,1000080,Direct_Pointing_25pct_Power,Direct_Earth_to_Mars,Direct_Earth_to_Mars,0.93000000000000005,0.93000000000000005,0,190464,190464,0,529.83889610493384,529.83889610493384,0,14,14,0,0,0,0
81,1000080,Direct_Combined_25pctPower_BG16,Direct_Earth_to_Mars,Direct_Earth_to_Mars,0.93000000000000005,0.93000000000000005,0,190464,190464,0,529.83889610493384,529.83889610493384,0,14,14,0,0,0,0
82,1000081,Control,Direct_Earth_to_Mars,Direct_Earth_to_Mars,0.81499999999999995,0.81499999999999995,0,166912,166912,0,1367.8383193116085,1367.8383193116085,0,37,37,0,0,0,0
82,1000081,Direct_Background_16,Direct_Earth_to_Mars,Direct_Earth_to_Mars,0.78000000000000003,0.78000000000000003,0,159744,159744,0,1367.8383193116081,1367.8383193116081,0,37,37,0,7,7,0
82,1000081,Direct_Pointing_25pct_Power,Direct_Earth_to_Mars,Earth_Relay2_Mars,0,0.68000000000000005,0.68000000000000005,0,139264,139264,0,1434.5009959384545,1434.5009959384545,37,64,27,163,0,-163
82,1000081,Direct_Combined_25pctPower_BG16,Direct_Earth_to_Mars,Earth_Relay2_Mars,0,0.68000000000000005,0.68000000000000005,0,139264,139264,0,1434.5009959384545,1434.5009959384545,37,64,27,163,0,-163
83,1000082,Control,Direct_Earth_to_Mars,Direct_Earth_to_Mars,0.97499999999999998,0.97499999999999998,0,199680,199680,0,1357.6551080209008,1357.6551080209008,0,5,5,0,0,0,0
83,1000082,Direct_Background_16,Direct_Earth_to_Mars,Direct_Earth_to_Mars,0.91000000000000003,0.91000000000000003,0,186368,186368,0,1357.655108020901,1357.655108020901,0,5,5,0,13,13,0
83,1000082,Direct_Pointing_25pct_Power,Direct_Earth_to_Mars,Earth_Relay2_Mars,0,0.95499999999999996,0.95499999999999996,0,195584,195584,0,1424.3251034409568,1424.3251034409568,5,9,4,195,0,-195
83,1000082,Direct_Combined_25pctPower_BG16,Direct_Earth_to_Mars,Earth_Relay2_Mars,0,0.95499999999999996,0.95499999999999996,0,195584,195584,0,1424.3251034409568,1424.3251034409568,5,9,4,195,0,-195
84,1000083,Control,Direct_Earth_to_Mars,Direct_Earth_to_Mars,0.96499999999999997,0.96499999999999997,0,197632,197632,0,754.62073264697233,754.62073264697233,0,7,7,0,0,0,0
84,1000083,Direct_Background_16,Direct_Earth_to_Mars,Direct_Earth_to_Mars,0.96499999999999997,0.96499999999999997,0,197632,197632,0,754.62073264697233,754.62073264697233,0,7,7,0,0,0,0
84,1000083,Direct_Pointing_25pct_Power,Direct_Earth_to_Mars,Direct_Earth_to_Mars,0.96499999999999997,0.96499999999999997,0,197632,197632,0,754.62073264697233,754.62073264697233,0,7,7,0,0,0,0
84,1000083,Direct_Combined_25pctPower_BG16,Direct_Earth_to_Mars,Earth_Relay2_Mars,0,0.92000000000000004,0.92000000000000004,0,188416,188416,0,820.47390801703705,820.47390801703705,7,16,9,193,0,-193
85,1000084,Control,Direct_Earth_to_Mars,Direct_Earth_to_Mars,0.85999999999999999,0.85999999999999999,0,176128,176128,0,1353.5749355955415,1353.5749355955415,0,28,28,0,0,0,0
85,1000084,Direct_Background_16,Direct_Earth_to_Mars,Direct_Earth_to_Mars,0.79000000000000004,0.79000000000000004,0,161792,161792,0,1353.5749355955422,1353.5749355955422,0,28,28,0,14,14,0
85,1000084,Direct_Pointing_25pct_Power,Direct_Earth_to_Mars,Earth_Relay2_Mars,0,0.73999999999999999,0.73999999999999999,0,151552,151552,0,1420.2010516221544,1420.2010516221544,28,52,24,172,0,-172
85,1000084,Direct_Combined_25pctPower_BG16,Direct_Earth_to_Mars,Earth_Relay2_Mars,0,0.73999999999999999,0.73999999999999999,0,151552,151552,0,1420.2010516221544,1420.2010516221544,28,52,24,172,0,-172
86,1000085,Control,Direct_Earth_to_Mars,Direct_Earth_to_Mars,0.85999999999999999,0.85999999999999999,0,176128,176128,0,1007.1002703053817,1007.1002703053817,0,28,28,0,0,0,0
86,1000085,Direct_Background_16,Direct_Earth_to_Mars,Direct_Earth_to_Mars,0.85999999999999999,0.85999999999999999,0,176128,176128,0,1007.1002703053817,1007.1002703053817,0,28,28,0,0,0,0
86,1000085,Direct_Pointing_25pct_Power,Direct_Earth_to_Mars,Earth_Relay0_Mars,0,0.73499999999999999,0.73499999999999999,0,150528,150528,0,1198.2956671663662,1198.2956671663662,28,53,25,172,0,-172
86,1000085,Direct_Combined_25pctPower_BG16,Direct_Earth_to_Mars,Earth_Relay0_Mars,0,0.73499999999999999,0.73499999999999999,0,150528,150528,0,1198.2956671663662,1198.2956671663662,28,53,25,172,0,-172
87,1000086,Control,Direct_Earth_to_Mars,Direct_Earth_to_Mars,0.875,0.875,0,179200,179200,0,1126.5857525087192,1126.5857525087192,0,25,25,0,0,0,0
87,1000086,Direct_Background_16,Direct_Earth_to_Mars,Direct_Earth_to_Mars,0.875,0.875,0,179200,179200,0,1126.5857525087192,1126.5857525087192,0,25,25,0,0,0,0
87,1000086,Direct_Pointing_25pct_Power,Direct_Earth_to_Mars,Earth_Relay2_Mars,0,0.81000000000000005,0.81000000000000005,0,165888,165888,0,1192.9935728352673,1192.9935728352673,25,38,13,175,0,-175
87,1000086,Direct_Combined_25pctPower_BG16,Direct_Earth_to_Mars,Earth_Relay2_Mars,0,0.81000000000000005,0.81000000000000005,0,165888,165888,0,1192.9935728352673,1192.9935728352673,25,38,13,175,0,-175
88,1000087,Control,Direct_Earth_to_Mars,Direct_Earth_to_Mars,0.93999999999999995,0.93999999999999995,0,192512,192512,0,367.22058134566072,367.22058134566072,0,12,12,0,0,0,0
88,1000087,Direct_Background_16,Direct_Earth_to_Mars,Direct_Earth_to_Mars,0.93999999999999995,0.93999999999999995,0,192512,192512,0,367.22058134566072,367.22058134566072,0,12,12,0,0,0,0
88,1000087,Direct_Pointing_25pct_Power,Direct_Earth_to_Mars,Direct_Earth_to_Mars,0.93999999999999995,0.93999999999999995,0,192512,192512,0,367.22058134566072,367.22058134566072,0,12,12,0,0,0,0
88,1000087,Direct_Combined_25pctPower_BG16,Direct_Earth_to_Mars,Direct_Earth_to_Mars,0.93999999999999995,0.93999999999999995,0,192512,192512,0,367.22058134566072,367.22058134566072,0,12,12,0,0,0,0
89,1000088,Control,Direct_Earth_to_Mars,Direct_Earth_to_Mars,0.85999999999999999,0.85999999999999999,0,176128,176128,0,1017.7911295373611,1017.7911295373611,0,28,28,0,0,0,0
89,1000088,Direct_Background_16,Direct_Earth_to_Mars,Direct_Earth_to_Mars,0.85999999999999999,0.85999999999999999,0,176128,176128,0,1017.7911295373611,1017.7911295373611,0,28,28,0,0,0,0
89,1000088,Direct_Pointing_25pct_Power,Direct_Earth_to_Mars,Earth_Relay1_Mars,0,0.76500000000000001,0.76500000000000001,0,156672,156672,0,1218.0241865075468,1218.0241865075468,28,47,19,172,0,-172
89,1000088,Direct_Combined_25pctPower_BG16,Direct_Earth_to_Mars,Earth_Relay1_Mars,0,0.76500000000000001,0.76500000000000001,0,156672,156672,0,1218.0241865075468,1218.0241865075468,28,47,19,172,0,-172
90,1000089,Control,Direct_Earth_to_Mars,Direct_Earth_to_Mars,0.91000000000000003,0.91000000000000003,0,186368,186368,0,586.63284347577849,586.63284347577849,0,18,18,0,0,0,0
90,1000089,Direct_Background_16,Direct_Earth_to_Mars,Direct_Earth_to_Mars,0.91000000000000003,0.91000000000000003,0,186368,186368,0,586.63284347577849,586.63284347577849,0,18,18,0,0,0,0
90,1000089,Direct_Pointing_25pct_Power,Direct_Earth_to_Mars,Direct_Earth_to_Mars,0.91000000000000003,0.91000000000000003,0,186368,186368,0,586.63284347577849,586.63284347577849,0,18,18,0,0,0,0
90,1000089,Direct_Combined_25pctPower_BG16,Direct_Earth_to_Mars,Direct_Earth_to_Mars,0.91000000000000003,0.91000000000000003,0,186368,186368,0,586.63284347577849,586.63284347577849,0,18,18,0,0,0,0
91,1000090,Control,Direct_Earth_to_Mars,Direct_Earth_to_Mars,0.81000000000000005,0.81000000000000005,0,165888,165888,0,1365.1655166538903,1365.1655166538903,0,38,38,0,0,0,0
91,1000090,Direct_Background_16,Direct_Earth_to_Mars,Direct_Earth_to_Mars,0.69999999999999996,0.69999999999999996,0,143360,143360,0,1365.1655166538915,1365.1655166538915,0,38,38,0,22,22,0
91,1000090,Direct_Pointing_25pct_Power,Direct_Earth_to_Mars,Earth_Relay2_Mars,0,0.67500000000000004,0.67500000000000004,0,138240,138240,0,1431.8359202687257,1431.8359202687257,38,65,27,162,0,-162
91,1000090,Direct_Combined_25pctPower_BG16,Direct_Earth_to_Mars,Earth_Relay2_Mars,0,0.67500000000000004,0.67500000000000004,0,138240,138240,0,1431.8359202687257,1431.8359202687257,38,65,27,162,0,-162
92,1000091,Control,Direct_Earth_to_Mars,Direct_Earth_to_Mars,0.93000000000000005,0.93000000000000005,0,190464,190464,0,1260.6515571308844,1260.6515571308844,0,14,14,0,0,0,0
92,1000091,Direct_Background_16,Direct_Earth_to_Mars,Direct_Earth_to_Mars,0.93000000000000005,0.93000000000000005,0,190464,190464,0,1260.6515571308844,1260.6515571308844,0,14,14,0,0,0,0
92,1000091,Direct_Pointing_25pct_Power,Direct_Earth_to_Mars,Earth_Relay2_Mars,0,0.84999999999999998,0.84999999999999998,0,174080,174080,0,1327.2333575555817,1327.2333575555817,14,30,16,186,0,-186
92,1000091,Direct_Combined_25pctPower_BG16,Direct_Earth_to_Mars,Earth_Relay2_Mars,0,0.84999999999999998,0.84999999999999998,0,174080,174080,0,1327.2333575555817,1327.2333575555817,14,30,16,186,0,-186
93,1000092,Control,Direct_Earth_to_Mars,Direct_Earth_to_Mars,0.79500000000000004,0.79500000000000004,0,162816,162816,0,356.46331067351798,356.46331067351798,0,41,41,0,0,0,0
93,1000092,Direct_Background_16,Direct_Earth_to_Mars,Direct_Earth_to_Mars,0.79500000000000004,0.79500000000000004,0,162816,162816,0,356.46331067351798,356.46331067351798,0,41,41,0,0,0,0
93,1000092,Direct_Pointing_25pct_Power,Direct_Earth_to_Mars,Direct_Earth_to_Mars,0.79500000000000004,0.79500000000000004,0,162816,162816,0,356.46331067351798,356.46331067351798,0,41,41,0,0,0,0
93,1000092,Direct_Combined_25pctPower_BG16,Direct_Earth_to_Mars,Direct_Earth_to_Mars,0.79500000000000004,0.79500000000000004,0,162816,162816,0,356.46331067351798,356.46331067351798,0,41,41,0,0,0,0
94,1000093,Control,Direct_Earth_to_Mars,Direct_Earth_to_Mars,0.82499999999999996,0.82499999999999996,0,168960,168960,0,738.80493354423743,738.80493354423743,0,35,35,0,0,0,0
94,1000093,Direct_Background_16,Direct_Earth_to_Mars,Direct_Earth_to_Mars,0.82499999999999996,0.82499999999999996,0,168960,168960,0,738.80493354423743,738.80493354423743,0,35,35,0,0,0,0
94,1000093,Direct_Pointing_25pct_Power,Direct_Earth_to_Mars,Direct_Earth_to_Mars,0.82499999999999996,0.82499999999999996,0,168960,168960,0,738.80493354423743,738.80493354423743,0,35,35,0,0,0,0
94,1000093,Direct_Combined_25pctPower_BG16,Direct_Earth_to_Mars,Direct_Earth_to_Mars,0.41499999999999998,0.41499999999999998,0,84992,84992,0,738.8049335442405,738.8049335442405,0,35,35,0,82,82,0
95,1000094,Control,Direct_Earth_to_Mars,Direct_Earth_to_Mars,0.94499999999999995,0.94499999999999995,0,193536,193536,0,541.00465057346912,541.00465057346912,0,11,11,0,0,0,0
95,1000094,Direct_Background_16,Direct_Earth_to_Mars,Direct_Earth_to_Mars,0.94499999999999995,0.94499999999999995,0,193536,193536,0,541.00465057346912,541.00465057346912,0,11,11,0,0,0,0
95,1000094,Direct_Pointing_25pct_Power,Direct_Earth_to_Mars,Direct_Earth_to_Mars,0.94499999999999995,0.94499999999999995,0,193536,193536,0,541.00465057346912,541.00465057346912,0,11,11,0,0,0,0
95,1000094,Direct_Combined_25pctPower_BG16,Direct_Earth_to_Mars,Direct_Earth_to_Mars,0.94499999999999995,0.94499999999999995,0,193536,193536,0,541.00465057346912,541.00465057346912,0,11,11,0,0,0,0
96,1000095,Control,Direct_Earth_to_Mars,Direct_Earth_to_Mars,0.82499999999999996,0.82499999999999996,0,168960,168960,0,1314.2279136803204,1314.2279136803204,0,35,35,0,0,0,0
96,1000095,Direct_Background_16,Direct_Earth_to_Mars,Direct_Earth_to_Mars,0.81999999999999995,0.81999999999999995,0,167936,167936,0,1314.2279136803204,1314.2279136803204,0,35,35,0,1,1,0
96,1000095,Direct_Pointing_25pct_Power,Direct_Earth_to_Mars,Earth_Relay0_Mars,0,0,0,0,0,0,0,0,0,35,64,29,165,0,-165
96,1000095,Direct_Combined_25pctPower_BG16,Direct_Earth_to_Mars,Earth_Relay0_Mars,0,0,0,0,0,0,0,0,0,35,64,29,165,0,-165
97,1000096,Control,Direct_Earth_to_Mars,Direct_Earth_to_Mars,0.95999999999999996,0.95999999999999996,0,196608,196608,0,1153.3409711160139,1153.3409711160139,0,8,8,0,0,0,0
97,1000096,Direct_Background_16,Direct_Earth_to_Mars,Direct_Earth_to_Mars,0.95999999999999996,0.95999999999999996,0,196608,196608,0,1153.3409711160139,1153.3409711160139,0,8,8,0,0,0,0
97,1000096,Direct_Pointing_25pct_Power,Direct_Earth_to_Mars,Earth_Relay2_Mars,0,0.91500000000000004,0.91500000000000004,0,187392,187392,0,1219.7866697061897,1219.7866697061897,8,17,9,192,0,-192
97,1000096,Direct_Combined_25pctPower_BG16,Direct_Earth_to_Mars,Earth_Relay2_Mars,0,0.91500000000000004,0.91500000000000004,0,187392,187392,0,1219.7866697061897,1219.7866697061897,8,17,9,192,0,-192
98,1000097,Control,Direct_Earth_to_Mars,Direct_Earth_to_Mars,0.93500000000000005,0.93500000000000005,0,191488,191488,0,346.62368887595403,346.62368887595403,0,13,13,0,0,0,0
98,1000097,Direct_Background_16,Direct_Earth_to_Mars,Direct_Earth_to_Mars,0.93500000000000005,0.93500000000000005,0,191488,191488,0,346.62368887595403,346.62368887595403,0,13,13,0,0,0,0
98,1000097,Direct_Pointing_25pct_Power,Direct_Earth_to_Mars,Direct_Earth_to_Mars,0.93500000000000005,0.93500000000000005,0,191488,191488,0,346.62368887595403,346.62368887595403,0,13,13,0,0,0,0
98,1000097,Direct_Combined_25pctPower_BG16,Direct_Earth_to_Mars,Direct_Earth_to_Mars,0.93500000000000005,0.93500000000000005,0,191488,191488,0,346.62368887595403,346.62368887595403,0,13,13,0,0,0,0
99,1000098,Control,Direct_Earth_to_Mars,Direct_Earth_to_Mars,0.92000000000000004,0.92000000000000004,0,188416,188416,0,387.06679293512758,387.06679293512758,0,16,16,0,0,0,0
99,1000098,Direct_Background_16,Direct_Earth_to_Mars,Direct_Earth_to_Mars,0.92000000000000004,0.92000000000000004,0,188416,188416,0,387.06679293512758,387.06679293512758,0,16,16,0,0,0,0
99,1000098,Direct_Pointing_25pct_Power,Direct_Earth_to_Mars,Direct_Earth_to_Mars,0.92000000000000004,0.92000000000000004,0,188416,188416,0,387.06679293512758,387.06679293512758,0,16,16,0,0,0,0
99,1000098,Direct_Combined_25pctPower_BG16,Direct_Earth_to_Mars,Direct_Earth_to_Mars,0.92000000000000004,0.92000000000000004,0,188416,188416,0,387.06679293512758,387.06679293512758,0,16,16,0,0,0,0
100,1000099,Control,Direct_Earth_to_Mars,Direct_Earth_to_Mars,0.80000000000000004,0.80000000000000004,0,163840,163840,0,900.84543909206479,900.84543909206479,0,40,40,0,0,0,0
100,1000099,Direct_Background_16,Direct_Earth_to_Mars,Direct_Earth_to_Mars,0.80000000000000004,0.80000000000000004,0,163840,163840,0,900.84543909206479,900.84543909206479,0,40,40,0,0,0,0
100,1000099,Direct_Pointing_25pct_Power,Direct_Earth_to_Mars,Direct_Earth_to_Mars,0.67000000000000004,0.67000000000000004,0,137216,137216,0,900.84543909206593,900.84543909206593,0,40,40,0,26,26,0
100,1000099,Direct_Combined_25pctPower_BG16,Direct_Earth_to_Mars,Earth_Relay2_Mars,0,0.67500000000000004,0.67500000000000004,0,138240,138240,0,966.89511779486213,966.89511779486213,40,65,25,160,0,-160
101,1000100,Control,Direct_Earth_to_Mars,Direct_Earth_to_Mars,0.96499999999999997,0.96499999999999997,0,197632,197632,0,1294.947105534955,1294.947105534955,0,7,7,0,0,0,0
101,1000100,Direct_Background_16,Direct_Earth_to_Mars,Direct_Earth_to_Mars,0.95499999999999996,0.95499999999999996,0,195584,195584,0,1294.947105534955,1294.947105534955,0,7,7,0,2,2,0
101,1000100,Direct_Pointing_25pct_Power,Direct_Earth_to_Mars,Earth_Relay2_Mars,0,0.92500000000000004,0.92500000000000004,0,189440,189440,0,1361.480812056421,1361.480812056421,7,15,8,193,0,-193
101,1000100,Direct_Combined_25pctPower_BG16,Direct_Earth_to_Mars,Earth_Relay2_Mars,0,0.92500000000000004,0.92500000000000004,0,189440,189440,0,1361.480812056421,1361.480812056421,7,15,8,193,0,-193
102,1000101,Control,Direct_Earth_to_Mars,Direct_Earth_to_Mars,0.88,0.88,0,180224,180224,0,736.03618416838799,736.03618416838799,0,24,24,0,0,0,0
102,1000101,Direct_Background_16,Direct_Earth_to_Mars,Direct_Earth_to_Mars,0.88,0.88,0,180224,180224,0,736.03618416838799,736.03618416838799,0,24,24,0,0,0,0
102,1000101,Direct_Pointing_25pct_Power,Direct_Earth_to_Mars,Direct_Earth_to_Mars,0.88,0.88,0,180224,180224,0,736.03618416838799,736.03618416838799,0,24,24,0,0,0,0
102,1000101,Direct_Combined_25pctPower_BG16,Direct_Earth_to_Mars,Direct_Earth_to_Mars,0.66000000000000003,0.66000000000000003,0,135168,135168,0,736.03618416838674,736.03618416838674,0,24,24,0,44,44,0
103,1000102,Control,Direct_Earth_to_Mars,Direct_Earth_to_Mars,0.93500000000000005,0.93500000000000005,0,191488,191488,0,308.53994999459781,308.53994999459781,0,13,13,0,0,0,0
103,1000102,Direct_Background_16,Direct_Earth_to_Mars,Direct_Earth_to_Mars,0.93500000000000005,0.93500000000000005,0,191488,191488,0,308.53994999459781,308.53994999459781,0,13,13,0,0,0,0
103,1000102,Direct_Pointing_25pct_Power,Direct_Earth_to_Mars,Direct_Earth_to_Mars,0.93500000000000005,0.93500000000000005,0,191488,191488,0,308.53994999459781,308.53994999459781,0,13,13,0,0,0,0
103,1000102,Direct_Combined_25pctPower_BG16,Direct_Earth_to_Mars,Direct_Earth_to_Mars,0.93500000000000005,0.93500000000000005,0,191488,191488,0,308.53994999459781,308.53994999459781,0,13,13,0,0,0,0
104,1000103,Control,Direct_Earth_to_Mars,Direct_Earth_to_Mars,0.90000000000000002,0.90000000000000002,0,184320,184320,0,1352.5881278508825,1352.5881278508825,0,20,20,0,0,0,0
104,1000103,Direct_Background_16,Direct_Earth_to_Mars,Direct_Earth_to_Mars,0.72499999999999998,0.72499999999999998,0,148480,148480,0,1352.5881278508843,1352.5881278508843,0,20,20,0,35,35,0
104,1000103,Direct_Pointing_25pct_Power,Direct_Earth_to_Mars,Earth_Relay2_Mars,0,0.81499999999999995,0.81499999999999995,0,166912,166912,0,1419.2558744165228,1419.2558744165228,20,37,17,180,0,-180
104,1000103,Direct_Combined_25pctPower_BG16,Direct_Earth_to_Mars,Earth_Relay2_Mars,0,0.81499999999999995,0.81499999999999995,0,166912,166912,0,1419.2558744165228,1419.2558744165228,20,37,17,180,0,-180
105,1000104,Control,Direct_Earth_to_Mars,Direct_Earth_to_Mars,0.98999999999999999,0.98999999999999999,0,202752,202752,0,866.16191813140142,866.16191813140142,0,2,2,0,0,0,0
105,1000104,Direct_Background_16,Direct_Earth_to_Mars,Direct_Earth_to_Mars,0.98999999999999999,0.98999999999999999,0,202752,202752,0,866.16191813140142,866.16191813140142,0,2,2,0,0,0,0
105,1000104,Direct_Pointing_25pct_Power,Direct_Earth_to_Mars,Direct_Earth_to_Mars,0.97499999999999998,0.97499999999999998,0,199680,199680,0,866.16191813140142,866.16191813140142,0,2,2,0,3,3,0
105,1000104,Direct_Combined_25pctPower_BG16,Direct_Earth_to_Mars,Earth_Relay2_Mars,0,0.94999999999999996,0.94999999999999996,0,194560,194560,0,932.22524895552044,932.22524895552044,2,10,8,198,0,-198
106,1000105,Control,Direct_Earth_to_Mars,Direct_Earth_to_Mars,0.93500000000000005,0.93500000000000005,0,191488,191488,0,427.64672444849708,427.64672444849708,0,13,13,0,0,0,0
106,1000105,Direct_Background_16,Direct_Earth_to_Mars,Direct_Earth_to_Mars,0.93500000000000005,0.93500000000000005,0,191488,191488,0,427.64672444849708,427.64672444849708,0,13,13,0,0,0,0
106,1000105,Direct_Pointing_25pct_Power,Direct_Earth_to_Mars,Direct_Earth_to_Mars,0.93500000000000005,0.93500000000000005,0,191488,191488,0,427.64672444849708,427.64672444849708,0,13,13,0,0,0,0
106,1000105,Direct_Combined_25pctPower_BG16,Direct_Earth_to_Mars,Direct_Earth_to_Mars,0.93500000000000005,0.93500000000000005,0,191488,191488,0,427.64672444849708,427.64672444849708,0,13,13,0,0,0,0
107,1000106,Control,Direct_Earth_to_Mars,Direct_Earth_to_Mars,0.79000000000000004,0.79000000000000004,0,161792,161792,0,1331.4531615516394,1331.4531615516394,0,42,42,0,0,0,0
107,1000106,Direct_Background_16,Direct_Earth_to_Mars,Direct_Earth_to_Mars,0.69999999999999996,0.69999999999999996,0,143360,143360,0,1331.4531615516385,1331.4531615516385,0,42,42,0,18,18,0
107,1000106,Direct_Pointing_25pct_Power,Direct_Earth_to_Mars,Earth_Relay2_Mars,0,0.64500000000000002,0.64500000000000002,0,132096,132096,0,1398.1061151006459,1398.1061151006459,42,71,29,158,0,-158
107,1000106,Direct_Combined_25pctPower_BG16,Direct_Earth_to_Mars,Earth_Relay2_Mars,0,0.64500000000000002,0.64500000000000002,0,132096,132096,0,1398.1061151006459,1398.1061151006459,42,71,29,158,0,-158
108,1000107,Control,Direct_Earth_to_Mars,Direct_Earth_to_Mars,0.95499999999999996,0.95499999999999996,0,195584,195584,0,1001.8727888075418,1001.8727888075418,0,9,9,0,0,0,0
108,1000107,Direct_Background_16,Direct_Earth_to_Mars,Direct_Earth_to_Mars,0.95499999999999996,0.95499999999999996,0,195584,195584,0,1001.8727888075418,1001.8727888075418,0,9,9,0,0,0,0
108,1000107,Direct_Pointing_25pct_Power,Direct_Earth_to_Mars,Earth_Relay2_Mars,0,0.88500000000000001,0.88500000000000001,0,181248,181248,0,1068.0577247758727,1068.0577247758727,9,23,14,191,0,-191
108,1000107,Direct_Combined_25pctPower_BG16,Direct_Earth_to_Mars,Earth_Relay2_Mars,0,0.88500000000000001,0.88500000000000001,0,181248,181248,0,1068.0577247758727,1068.0577247758727,9,23,14,191,0,-191
109,1000108,Control,Direct_Earth_to_Mars,Direct_Earth_to_Mars,0.83999999999999997,0.83999999999999997,0,172032,172032,0,332.40385538470531,332.40385538470531,0,32,32,0,0,0,0
109,1000108,Direct_Background_16,Direct_Earth_to_Mars,Direct_Earth_to_Mars,0.83999999999999997,0.83999999999999997,0,172032,172032,0,332.40385538470531,332.40385538470531,0,32,32,0,0,0,0
109,1000108,Direct_Pointing_25pct_Power,Direct_Earth_to_Mars,Direct_Earth_to_Mars,0.83999999999999997,0.83999999999999997,0,172032,172032,0,332.40385538470531,332.40385538470531,0,32,32,0,0,0,0
109,1000108,Direct_Combined_25pctPower_BG16,Direct_Earth_to_Mars,Direct_Earth_to_Mars,0.83999999999999997,0.83999999999999997,0,172032,172032,0,332.40385538470531,332.40385538470531,0,32,32,0,0,0,0
110,1000109,Control,Direct_Earth_to_Mars,Direct_Earth_to_Mars,0.79000000000000004,0.79000000000000004,0,161792,161792,0,480.2208967045201,480.2208967045201,0,42,42,0,0,0,0
110,1000109,Direct_Background_16,Direct_Earth_to_Mars,Direct_Earth_to_Mars,0.79000000000000004,0.79000000000000004,0,161792,161792,0,480.2208967045201,480.2208967045201,0,42,42,0,0,0,0
110,1000109,Direct_Pointing_25pct_Power,Direct_Earth_to_Mars,Direct_Earth_to_Mars,0.79000000000000004,0.79000000000000004,0,161792,161792,0,480.2208967045201,480.2208967045201,0,42,42,0,0,0,0
110,1000109,Direct_Combined_25pctPower_BG16,Direct_Earth_to_Mars,Direct_Earth_to_Mars,0.79000000000000004,0.79000000000000004,0,161792,161792,0,480.2208967045201,480.2208967045201,0,42,42,0,0,0,0
111,1000110,Control,Direct_Earth_to_Mars,Direct_Earth_to_Mars,0.83999999999999997,0.83999999999999997,0,172032,172032,0,1080.1832672046924,1080.1832672046924,0,32,32,0,0,0,0
111,1000110,Direct_Background_16,Direct_Earth_to_Mars,Direct_Earth_to_Mars,0.83999999999999997,0.83999999999999997,0,172032,172032,0,1080.1832672046924,1080.1832672046924,0,32,32,0,0,0,0
111,1000110,Direct_Pointing_25pct_Power,Direct_Earth_to_Mars,Earth_Relay2_Mars,0,0.66500000000000004,0.66500000000000004,0,136192,136192,0,1146.5220618385963,1146.5220618385963,32,67,35,168,0,-168
111,1000110,Direct_Combined_25pctPower_BG16,Direct_Earth_to_Mars,Earth_Relay2_Mars,0,0.66500000000000004,0.66500000000000004,0,136192,136192,0,1146.5220618385963,1146.5220618385963,32,67,35,168,0,-168
112,1000111,Control,Direct_Earth_to_Mars,Direct_Earth_to_Mars,0.82999999999999996,0.82999999999999996,0,169984,169984,0,829.17338634052078,829.17338634052078,0,34,34,0,0,0,0
112,1000111,Direct_Background_16,Direct_Earth_to_Mars,Direct_Earth_to_Mars,0.82999999999999996,0.82999999999999996,0,169984,169984,0,829.17338634052078,829.17338634052078,0,34,34,0,0,0,0
112,1000111,Direct_Pointing_25pct_Power,Direct_Earth_to_Mars,Direct_Earth_to_Mars,0.81999999999999995,0.81999999999999995,0,167936,167936,0,829.17338634052078,829.17338634052078,0,34,34,0,2,2,0
112,1000111,Direct_Combined_25pctPower_BG16,Direct_Earth_to_Mars,Earth_Relay2_Mars,0,0.70999999999999996,0.70999999999999996,0,145408,145408,0,895.2095038965308,895.2095038965308,34,58,24,166,0,-166
113,1000112,Control,Direct_Earth_to_Mars,Direct_Earth_to_Mars,1,1,0,204800,204800,0,1118.9144024784243,1118.9144024784243,0,0,0,0,0,0,0
113,1000112,Direct_Background_16,Direct_Earth_to_Mars,Direct_Earth_to_Mars,1,1,0,204800,204800,0,1118.9144024784243,1118.9144024784243,0,0,0,0,0,0,0
113,1000112,Direct_Pointing_25pct_Power,Direct_Earth_to_Mars,Earth_Relay2_Mars,0,1,1,0,204800,204800,0,1185.3110971401118,1185.3110971401118,0,0,0,200,0,-200
113,1000112,Direct_Combined_25pctPower_BG16,Direct_Earth_to_Mars,Earth_Relay2_Mars,0,1,1,0,204800,204800,0,1185.3110971401118,1185.3110971401118,0,0,0,200,0,-200
114,1000113,Control,Direct_Earth_to_Mars,Direct_Earth_to_Mars,0.97999999999999998,0.97999999999999998,0,200704,200704,0,528.33420323961752,528.33420323961752,0,4,4,0,0,0,0
114,1000113,Direct_Background_16,Direct_Earth_to_Mars,Direct_Earth_to_Mars,0.97999999999999998,0.97999999999999998,0,200704,200704,0,528.33420323961752,528.33420323961752,0,4,4,0,0,0,0
114,1000113,Direct_Pointing_25pct_Power,Direct_Earth_to_Mars,Direct_Earth_to_Mars,0.97999999999999998,0.97999999999999998,0,200704,200704,0,528.33420323961752,528.33420323961752,0,4,4,0,0,0,0
114,1000113,Direct_Combined_25pctPower_BG16,Direct_Earth_to_Mars,Direct_Earth_to_Mars,0.97999999999999998,0.97999999999999998,0,200704,200704,0,528.33420323961752,528.33420323961752,0,4,4,0,0,0,0
115,1000114,Control,Direct_Earth_to_Mars,Direct_Earth_to_Mars,0.93999999999999995,0.93999999999999995,0,192512,192512,0,1053.8801338204375,1053.8801338204375,0,12,12,0,0,0,0
115,1000114,Direct_Background_16,Direct_Earth_to_Mars,Direct_Earth_to_Mars,0.93999999999999995,0.93999999999999995,0,192512,192512,0,1053.8801338204375,1053.8801338204375,0,12,12,0,0,0,0
115,1000114,Direct_Pointing_25pct_Power,Direct_Earth_to_Mars,Earth_Relay2_Mars,0,0.875,0.875,0,179200,179200,0,1120.118959619829,1120.118959619829,12,25,13,188,0,-188
115,1000114,Direct_Combined_25pctPower_BG16,Direct_Earth_to_Mars,Earth_Relay2_Mars,0,0.875,0.875,0,179200,179200,0,1120.118959619829,1120.118959619829,12,25,13,188,0,-188
116,1000115,Control,Direct_Earth_to_Mars,Direct_Earth_to_Mars,0.88,0.88,0,180224,180224,0,1145.8047810294759,1145.8047810294759,0,24,24,0,0,0,0
116,1000115,Direct_Background_16,Direct_Earth_to_Mars,Direct_Earth_to_Mars,0.88,0.88,0,180224,180224,0,1145.8047810294759,1145.8047810294759,0,24,24,0,0,0,0
116,1000115,Direct_Pointing_25pct_Power,Direct_Earth_to_Mars,Earth_Relay2_Mars,0,0.80500000000000005,0.80500000000000005,0,164864,164864,0,1212.2399578768816,1212.2399578768816,24,39,15,176,0,-176
116,1000115,Direct_Combined_25pctPower_BG16,Direct_Earth_to_Mars,Earth_Relay2_Mars,0,0.80500000000000005,0.80500000000000005,0,164864,164864,0,1212.2399578768816,1212.2399578768816,24,39,15,176,0,-176
117,1000116,Control,Direct_Earth_to_Mars,Direct_Earth_to_Mars,0.97499999999999998,0.97499999999999998,0,199680,199680,0,1366.1211033951556,1366.1211033951556,0,5,5,0,0,0,0
117,1000116,Direct_Background_16,Direct_Earth_to_Mars,Direct_Earth_to_Mars,0.92500000000000004,0.92500000000000004,0,189440,189440,0,1366.1211033951552,1366.1211033951552,0,5,5,0,10,10,0
117,1000116,Direct_Pointing_25pct_Power,Direct_Earth_to_Mars,Earth_Relay2_Mars,0,0.94999999999999996,0.94999999999999996,0,194560,194560,0,1432.7908463723654,1432.7908463723654,5,10,5,195,0,-195
117,1000116,Direct_Combined_25pctPower_BG16,Direct_Earth_to_Mars,Earth_Relay2_Mars,0,0.94999999999999996,0.94999999999999996,0,194560,194560,0,1432.7908463723654,1432.7908463723654,5,10,5,195,0,-195
118,1000117,Control,Direct_Earth_to_Mars,Direct_Earth_to_Mars,0.88,0.88,0,180224,180224,0,1178.601894205503,1178.601894205503,0,24,24,0,0,0,0
118,1000117,Direct_Background_16,Direct_Earth_to_Mars,Direct_Earth_to_Mars,0.88,0.88,0,180224,180224,0,1178.601894205503,1178.601894205503,0,24,24,0,0,0,0
118,1000117,Direct_Pointing_25pct_Power,Direct_Earth_to_Mars,Earth_Relay2_Mars,0,0.77500000000000002,0.77500000000000002,0,158720,158720,0,1245.0819932004067,1245.0819932004067,24,45,21,176,0,-176
118,1000117,Direct_Combined_25pctPower_BG16,Direct_Earth_to_Mars,Earth_Relay2_Mars,0,0.77500000000000002,0.77500000000000002,0,158720,158720,0,1245.0819932004067,1245.0819932004067,24,45,21,176,0,-176
119,1000118,Control,Direct_Earth_to_Mars,Direct_Earth_to_Mars,0.91500000000000004,0.91500000000000004,0,187392,187392,0,1265.1846974037162,1265.1846974037162,0,17,17,0,0,0,0
119,1000118,Direct_Background_16,Direct_Earth_to_Mars,Direct_Earth_to_Mars,0.91500000000000004,0.91500000000000004,0,187392,187392,0,1265.1846974037162,1265.1846974037162,0,17,17,0,0,0,0
119,1000118,Direct_Pointing_25pct_Power,Direct_Earth_to_Mars,Earth_Relay2_Mars,0,0.82499999999999996,0.82499999999999996,0,168960,168960,0,1331.7716127839815,1331.7716127839815,17,35,18,183,0,-183
119,1000118,Direct_Combined_25pctPower_BG16,Direct_Earth_to_Mars,Earth_Relay2_Mars,0,0.82499999999999996,0.82499999999999996,0,168960,168960,0,1331.7716127839815,1331.7716127839815,17,35,18,183,0,-183
120,1000119,Control,Direct_Earth_to_Mars,Direct_Earth_to_Mars,0.94499999999999995,0.94499999999999995,0,193536,193536,0,1231.4706757940667,1231.4706757940667,0,11,11,0,0,0,0
120,1000119,Direct_Background_16,Direct_Earth_to_Mars,Direct_Earth_to_Mars,0.94499999999999995,0.94499999999999995,0,193536,193536,0,1231.4706757940667,1231.4706757940667,0,11,11,0,0,0,0
120,1000119,Direct_Pointing_25pct_Power,Direct_Earth_to_Mars,Earth_Relay2_Mars,0,0.90000000000000002,0.90000000000000002,0,184320,184320,0,1298.0181947108069,1298.0181947108069,11,20,9,189,0,-189
120,1000119,Direct_Combined_25pctPower_BG16,Direct_Earth_to_Mars,Earth_Relay2_Mars,0,0.90000000000000002,0.90000000000000002,0,184320,184320,0,1298.0181947108069,1298.0181947108069,11,20,9,189,0,-189
121,1000120,Control,Direct_Earth_to_Mars,Direct_Earth_to_Mars,0.79000000000000004,0.79000000000000004,0,161792,161792,0,287.36449043187639,287.36449043187639,0,42,42,0,0,0,0
121,1000120,Direct_Background_16,Direct_Earth_to_Mars,Direct_Earth_to_Mars,0.79000000000000004,0.79000000000000004,0,161792,161792,0,287.36449043187639,287.36449043187639,0,42,42,0,0,0,0
121,1000120,Direct_Pointing_25pct_Power,Direct_Earth_to_Mars,Direct_Earth_to_Mars,0.79000000000000004,0.79000000000000004,0,161792,161792,0,287.36449043187639,287.36449043187639,0,42,42,0,0,0,0
121,1000120,Direct_Combined_25pctPower_BG16,Direct_Earth_to_Mars,Direct_Earth_to_Mars,0.79000000000000004,0.79000000000000004,0,161792,161792,0,287.36449043187639,287.36449043187639,0,42,42,0,0,0,0
122,1000121,Control,Direct_Earth_to_Mars,Direct_Earth_to_Mars,0.93000000000000005,0.93000000000000005,0,190464,190464,0,1286.8714973294996,1286.8714973294996,0,14,14,0,0,0,0
122,1000121,Direct_Background_16,Direct_Earth_to_Mars,Direct_Earth_to_Mars,0.93000000000000005,0.93000000000000005,0,190464,190464,0,1286.8714973294996,1286.8714973294996,0,14,14,0,0,0,0
122,1000121,Direct_Pointing_25pct_Power,Direct_Earth_to_Mars,Earth_Relay2_Mars,0,0.84999999999999998,0.84999999999999998,0,174080,174080,0,1353.482000360463,1353.482000360463,14,30,16,186,0,-186
122,1000121,Direct_Combined_25pctPower_BG16,Direct_Earth_to_Mars,Earth_Relay2_Mars,0,0.84999999999999998,0.84999999999999998,0,174080,174080,0,1353.482000360463,1353.482000360463,14,30,16,186,0,-186
123,1000122,Control,Direct_Earth_to_Mars,Direct_Earth_to_Mars,0.97499999999999998,0.97499999999999998,0,199680,199680,0,944.00609810303808,944.00609810303808,0,5,5,0,0,0,0
123,1000122,Direct_Background_16,Direct_Earth_to_Mars,Direct_Earth_to_Mars,0.97499999999999998,0.97499999999999998,0,199680,199680,0,944.00609810303808,944.00609810303808,0,5,5,0,0,0,0
123,1000122,Direct_Pointing_25pct_Power,Direct_Earth_to_Mars,Earth_Relay2_Mars,0,0.94999999999999996,0.94999999999999996,0,194560,194560,0,1010.1145951480114,1010.1145951480114,5,10,5,195,0,-195
123,1000122,Direct_Combined_25pctPower_BG16,Direct_Earth_to_Mars,Earth_Relay2_Mars,0,0.94999999999999996,0.94999999999999996,0,194560,194560,0,1010.1145951480114,1010.1145951480114,5,10,5,195,0,-195
124,1000123,Control,Direct_Earth_to_Mars,Direct_Earth_to_Mars,0.94499999999999995,0.94499999999999995,0,193536,193536,0,1011.3054604650613,1011.3054604650613,0,11,11,0,0,0,0
124,1000123,Direct_Background_16,Direct_Earth_to_Mars,Direct_Earth_to_Mars,0.94499999999999995,0.94499999999999995,0,193536,193536,0,1011.3054604650613,1011.3054604650613,0,11,11,0,0,0,0
124,1000123,Direct_Pointing_25pct_Power,Direct_Earth_to_Mars,Earth_Relay2_Mars,0,0.87,0.87,0,178176,178176,0,1077.4999056677896,1077.4999056677896,11,26,15,189,0,-189
124,1000123,Direct_Combined_25pctPower_BG16,Direct_Earth_to_Mars,Earth_Relay2_Mars,0,0.87,0.87,0,178176,178176,0,1077.4999056677896,1077.4999056677896,11,26,15,189,0,-189
125,1000124,Control,Direct_Earth_to_Mars,Direct_Earth_to_Mars,0.96999999999999997,0.96999999999999997,0,198656,198656,0,544.48389915521329,544.48389915521329,0,6,6,0,0,0,0
125,1000124,Direct_Background_16,Direct_Earth_to_Mars,Direct_Earth_to_Mars,0.96999999999999997,0.96999999999999997,0,198656,198656,0,544.48389915521329,544.48389915521329,0,6,6,0,0,0,0
125,1000124,Direct_Pointing_25pct_Power,Direct_Earth_to_Mars,Direct_Earth_to_Mars,0.96999999999999997,0.96999999999999997,0,198656,198656,0,544.48389915521329,544.48389915521329,0,6,6,0,0,0,0
125,1000124,Direct_Combined_25pctPower_BG16,Direct_Earth_to_Mars,Direct_Earth_to_Mars,0.96999999999999997,0.96999999999999997,0,198656,198656,0,544.48389915521329,544.48389915521329,0,6,6,0,0,0,0
126,1000125,Control,Direct_Earth_to_Mars,Direct_Earth_to_Mars,0.88,0.88,0,180224,180224,0,621.57084221878802,621.57084221878802,0,24,24,0,0,0,0
126,1000125,Direct_Background_16,Direct_Earth_to_Mars,Direct_Earth_to_Mars,0.88,0.88,0,180224,180224,0,621.57084221878802,621.57084221878802,0,24,24,0,0,0,0
126,1000125,Direct_Pointing_25pct_Power,Direct_Earth_to_Mars,Direct_Earth_to_Mars,0.88,0.88,0,180224,180224,0,621.57084221878802,621.57084221878802,0,24,24,0,0,0,0
126,1000125,Direct_Combined_25pctPower_BG16,Direct_Earth_to_Mars,Direct_Earth_to_Mars,0.88,0.88,0,180224,180224,0,621.57084221878802,621.57084221878802,0,24,24,0,0,0,0
127,1000126,Control,Direct_Earth_to_Mars,Direct_Earth_to_Mars,0.96999999999999997,0.96999999999999997,0,198656,198656,0,309.47901489773363,309.47901489773363,0,6,6,0,0,0,0
127,1000126,Direct_Background_16,Direct_Earth_to_Mars,Direct_Earth_to_Mars,0.96999999999999997,0.96999999999999997,0,198656,198656,0,309.47901489773363,309.47901489773363,0,6,6,0,0,0,0
127,1000126,Direct_Pointing_25pct_Power,Direct_Earth_to_Mars,Direct_Earth_to_Mars,0.96999999999999997,0.96999999999999997,0,198656,198656,0,309.47901489773363,309.47901489773363,0,6,6,0,0,0,0
127,1000126,Direct_Combined_25pctPower_BG16,Direct_Earth_to_Mars,Direct_Earth_to_Mars,0.96999999999999997,0.96999999999999997,0,198656,198656,0,309.47901489773363,309.47901489773363,0,6,6,0,0,0,0
128,1000127,Control,Direct_Earth_to_Mars,Direct_Earth_to_Mars,0.83999999999999997,0.83999999999999997,0,172032,172032,0,1362.6631157080988,1362.6631157080988,0,32,32,0,0,0,0
128,1000127,Direct_Background_16,Direct_Earth_to_Mars,Direct_Earth_to_Mars,0.745,0.745,0,152576,152576,0,1362.6631157080985,1362.6631157080985,0,32,32,0,19,19,0
128,1000127,Direct_Pointing_25pct_Power,Direct_Earth_to_Mars,Earth_Relay2_Mars,0,0.71499999999999997,0.71499999999999997,0,146432,146432,0,1429.3340814799587,1429.3340814799587,32,57,25,168,0,-168
128,1000127,Direct_Combined_25pctPower_BG16,Direct_Earth_to_Mars,Earth_Relay2_Mars,0,0.71499999999999997,0.71499999999999997,0,146432,146432,0,1429.3340814799587,1429.3340814799587,32,57,25,168,0,-168
129,1000128,Control,Direct_Earth_to_Mars,Direct_Earth_to_Mars,0.95499999999999996,0.95499999999999996,0,195584,195584,0,868.43742035135233,868.43742035135233,0,9,9,0,0,0,0
129,1000128,Direct_Background_16,Direct_Earth_to_Mars,Direct_Earth_to_Mars,0.95499999999999996,0.95499999999999996,0,195584,195584,0,868.43742035135233,868.43742035135233,0,9,9,0,0,0,0
129,1000128,Direct_Pointing_25pct_Power,Direct_Earth_to_Mars,Direct_Earth_to_Mars,0.73999999999999999,0.73999999999999999,0,151552,151552,0,868.4374203513546,868.4374203513546,0,9,9,0,43,43,0
129,1000128,Direct_Combined_25pctPower_BG16,Direct_Earth_to_Mars,Earth_Relay0_Mars,0,0.85499999999999998,0.85499999999999998,0,175104,175104,0,1037.0632808486412,1037.0632808486412,9,29,20,191,0,-191
130,1000129,Control,Direct_Earth_to_Mars,Direct_Earth_to_Mars,0.76000000000000001,0.76000000000000001,0,155648,155648,0,774.32082020942471,774.32082020942471,0,48,48,0,0,0,0
130,1000129,Direct_Background_16,Direct_Earth_to_Mars,Direct_Earth_to_Mars,0.76000000000000001,0.76000000000000001,0,155648,155648,0,774.32082020942471,774.32082020942471,0,48,48,0,0,0,0
130,1000129,Direct_Pointing_25pct_Power,Direct_Earth_to_Mars,Direct_Earth_to_Mars,0.76000000000000001,0.76000000000000001,0,155648,155648,0,774.32082020942471,774.32082020942471,0,48,48,0,0,0,0
130,1000129,Direct_Combined_25pctPower_BG16,Direct_Earth_to_Mars,Earth_Relay2_Mars,0.26500000000000001,0.58499999999999996,0.31999999999999995,54272,119808,65536,774.32082020942471,840.19967444852603,65.878854239101315,48,83,35,99,0,-99
131,1000130,Control,Direct_Earth_to_Mars,Direct_Earth_to_Mars,0.88500000000000001,0.88500000000000001,0,181248,181248,0,1150.9177024892035,1150.9177024892035,0,23,23,0,0,0,0
131,1000130,Direct_Background_16,Direct_Earth_to_Mars,Direct_Earth_to_Mars,0.88500000000000001,0.88500000000000001,0,181248,181248,0,1150.9177024892035,1150.9177024892035,0,23,23,0,0,0,0
131,1000130,Direct_Pointing_25pct_Power,Direct_Earth_to_Mars,Earth_Relay2_Mars,0,0.79500000000000004,0.79500000000000004,0,162816,162816,0,1217.3600305858995,1217.3600305858995,23,41,18,177,0,-177
131,1000130,Direct_Combined_25pctPower_BG16,Direct_Earth_to_Mars,Earth_Relay2_Mars,0,0.79500000000000004,0.79500000000000004,0,162816,162816,0,1217.3600305858995,1217.3600305858995,23,41,18,177,0,-177
132,1000131,Control,Direct_Earth_to_Mars,Direct_Earth_to_Mars,0.97999999999999998,0.97999999999999998,0,200704,200704,0,1324.2225397427117,1324.2225397427117,0,4,4,0,0,0,0
132,1000131,Direct_Background_16,Direct_Earth_to_Mars,Direct_Earth_to_Mars,0.95499999999999996,0.95499999999999996,0,195584,195584,0,1324.2225397427117,1324.2225397427117,0,4,4,0,5,5,0
132,1000131,Direct_Pointing_25pct_Power,Direct_Earth_to_Mars,Earth_Relay2_Mars,0,0.96499999999999997,0.96499999999999997,0,197632,197632,0,1390.7994974227606,1390.7994974227606,4,7,3,196,0,-196
132,1000131,Direct_Combined_25pctPower_BG16,Direct_Earth_to_Mars,Earth_Relay2_Mars,0,0.96499999999999997,0.96499999999999997,0,197632,197632,0,1390.7994974227606,1390.7994974227606,4,7,3,196,0,-196
133,1000132,Control,Direct_Earth_to_Mars,Direct_Earth_to_Mars,0.81999999999999995,0.81999999999999995,0,167936,167936,0,1255.0059619371966,1255.0059619371966,0,36,36,0,0,0,0
133,1000132,Direct_Background_16,Direct_Earth_to_Mars,Direct_Earth_to_Mars,0.81499999999999995,0.81499999999999995,0,166912,166912,0,1255.0059619371966,1255.0059619371966,0,36,36,0,1,1,0
133,1000132,Direct_Pointing_25pct_Power,Direct_Earth_to_Mars,Earth_Relay2_Mars,0,0.71499999999999997,0.71499999999999997,0,146432,146432,0,1321.5813095538788,1321.5813095538788,36,57,21,164,0,-164
133,1000132,Direct_Combined_25pctPower_BG16,Direct_Earth_to_Mars,Earth_Relay2_Mars,0,0.71499999999999997,0.71499999999999997,0,146432,146432,0,1321.5813095538788,1321.5813095538788,36,57,21,164,0,-164
134,1000133,Control,Direct_Earth_to_Mars,Direct_Earth_to_Mars,0.92500000000000004,0.92500000000000004,0,189440,189440,0,521.8595818142893,521.8595818142893,0,15,15,0,0,0,0
134,1000133,Direct_Background_16,Direct_Earth_to_Mars,Direct_Earth_to_Mars,0.92500000000000004,0.92500000000000004,0,189440,189440,0,521.8595818142893,521.8595818142893,0,15,15,0,0,0,0
134,1000133,Direct_Pointing_25pct_Power,Direct_Earth_to_Mars,Direct_Earth_to_Mars,0.92500000000000004,0.92500000000000004,0,189440,189440,0,521.8595818142893,521.8595818142893,0,15,15,0,0,0,0
134,1000133,Direct_Combined_25pctPower_BG16,Direct_Earth_to_Mars,Direct_Earth_to_Mars,0.92500000000000004,0.92500000000000004,0,189440,189440,0,521.8595818142893,521.8595818142893,0,15,15,0,0,0,0
135,1000134,Control,Direct_Earth_to_Mars,Direct_Earth_to_Mars,0.89000000000000001,0.89000000000000001,0,182272,182272,0,1059.3441286817463,1059.3441286817463,0,22,22,0,0,0,0
135,1000134,Direct_Background_16,Direct_Earth_to_Mars,Direct_Earth_to_Mars,0.89000000000000001,0.89000000000000001,0,182272,182272,0,1059.3441286817463,1059.3441286817463,0,22,22,0,0,0,0
135,1000134,Direct_Pointing_25pct_Power,Direct_Earth_to_Mars,Earth_Relay2_Mars,0,0.81000000000000005,0.81000000000000005,0,165888,165888,0,1125.588817310575,1125.588817310575,22,38,16,178,0,-178
135,1000134,Direct_Combined_25pctPower_BG16,Direct_Earth_to_Mars,Earth_Relay2_Mars,0,0.81000000000000005,0.81000000000000005,0,165888,165888,0,1125.588817310575,1125.588817310575,22,38,16,178,0,-178
136,1000135,Control,Direct_Earth_to_Mars,Direct_Earth_to_Mars,0.995,0.995,0,203776,203776,0,1360.6351620327932,1360.6351620327932,0,1,1,0,0,0,0
136,1000135,Direct_Background_16,Direct_Earth_to_Mars,Direct_Earth_to_Mars,0.97499999999999998,0.97499999999999998,0,199680,199680,0,1360.6351620327932,1360.6351620327932,0,1,1,0,4,4,0
136,1000135,Direct_Pointing_25pct_Power,Direct_Earth_to_Mars,Earth_Relay2_Mars,0,0.995,0.995,0,203776,203776,0,1427.2755959083115,1427.2755959083115,1,1,0,199,0,-199
136,1000135,Direct_Combined_25pctPower_BG16,Direct_Earth_to_Mars,Earth_Relay2_Mars,0,0.995,0.995,0,203776,203776,0,1427.2755959083115,1427.2755959083115,1,1,0,199,0,-199
137,1000136,Control,Direct_Earth_to_Mars,Direct_Earth_to_Mars,0.97499999999999998,0.97499999999999998,0,199680,199680,0,289.68427706461131,289.68427706461131,0,5,5,0,0,0,0
137,1000136,Direct_Background_16,Direct_Earth_to_Mars,Direct_Earth_to_Mars,0.97499999999999998,0.97499999999999998,0,199680,199680,0,289.68427706461131,289.68427706461131,0,5,5,0,0,0,0
137,1000136,Direct_Pointing_25pct_Power,Direct_Earth_to_Mars,Direct_Earth_to_Mars,0.97499999999999998,0.97499999999999998,0,199680,199680,0,289.68427706461131,289.68427706461131,0,5,5,0,0,0,0
137,1000136,Direct_Combined_25pctPower_BG16,Direct_Earth_to_Mars,Direct_Earth_to_Mars,0.97499999999999998,0.97499999999999998,0,199680,199680,0,289.68427706461131,289.68427706461131,0,5,5,0,0,0,0
138,1000137,Control,Direct_Earth_to_Mars,Direct_Earth_to_Mars,0.85499999999999998,0.85499999999999998,0,175104,175104,0,899.85962568429829,899.85962568429829,0,29,29,0,0,0,0
138,1000137,Direct_Background_16,Direct_Earth_to_Mars,Direct_Earth_to_Mars,0.85499999999999998,0.85499999999999998,0,175104,175104,0,899.85962568429829,899.85962568429829,0,29,29,0,0,0,0
138,1000137,Direct_Pointing_25pct_Power,Direct_Earth_to_Mars,Direct_Earth_to_Mars,0.44,0.44,0,90112,90112,0,899.85962568429557,899.85962568429557,0,29,29,0,83,83,0
138,1000137,Direct_Combined_25pctPower_BG16,Direct_Earth_to_Mars,Earth_Relay2_Mars,0,0.78500000000000003,0.78500000000000003,0,160768,160768,0,965.9502035516316,965.9502035516316,29,43,14,171,0,-171
139,1000138,Control,Direct_Earth_to_Mars,Direct_Earth_to_Mars,0.89500000000000002,0.89500000000000002,0,183296,183296,0,1353.4735049352671,1353.4735049352671,0,21,21,0,0,0,0
139,1000138,Direct_Background_16,Direct_Earth_to_Mars,Direct_Earth_to_Mars,0.83499999999999996,0.83499999999999996,0,171008,171008,0,1353.4735049352664,1353.4735049352664,0,21,21,0,12,12,0
139,1000138,Direct_Pointing_25pct_Power,Direct_Earth_to_Mars,Earth_Relay0_Mars,0,0,0,0,0,0,0,0,0,21,54,33,179,0,-179
139,1000138,Direct_Combined_25pctPower_BG16,Direct_Earth_to_Mars,Earth_Relay0_Mars,0,0,0,0,0,0,0,0,0,21,54,33,179,0,-179
140,1000139,Control,Direct_Earth_to_Mars,Direct_Earth_to_Mars,0.92500000000000004,0.92500000000000004,0,189440,189440,0,640.49098880562838,640.49098880562838,0,15,15,0,0,0,0
140,1000139,Direct_Background_16,Direct_Earth_to_Mars,Direct_Earth_to_Mars,0.92500000000000004,0.92500000000000004,0,189440,189440,0,640.49098880562838,640.49098880562838,0,15,15,0,0,0,0
140,1000139,Direct_Pointing_25pct_Power,Direct_Earth_to_Mars,Direct_Earth_to_Mars,0.92500000000000004,0.92500000000000004,0,189440,189440,0,640.49098880562838,640.49098880562838,0,15,15,0,0,0,0
140,1000139,Direct_Combined_25pctPower_BG16,Direct_Earth_to_Mars,Direct_Earth_to_Mars,0.91500000000000004,0.91500000000000004,0,187392,187392,0,640.49098880562838,640.49098880562838,0,15,15,0,2,2,0
141,1000140,Control,Direct_Earth_to_Mars,Direct_Earth_to_Mars,0.92500000000000004,0.92500000000000004,0,189440,189440,0,1307.858130076085,1307.858130076085,0,15,15,0,0,0,0
141,1000140,Direct_Background_16,Direct_Earth_to_Mars,Direct_Earth_to_Mars,0.92000000000000004,0.92000000000000004,0,188416,188416,0,1307.858130076085,1307.858130076085,0,15,15,0,1,1,0
141,1000140,Direct_Pointing_25pct_Power,Direct_Earth_to_Mars,Earth_Relay2_Mars,0,0.875,0.875,0,179200,179200,0,1374.4898439081439,1374.4898439081439,15,25,10,185,0,-185
141,1000140,Direct_Combined_25pctPower_BG16,Direct_Earth_to_Mars,Earth_Relay2_Mars,0,0.875,0.875,0,179200,179200,0,1374.4898439081439,1374.4898439081439,15,25,10,185,0,-185
142,1000141,Control,Direct_Earth_to_Mars,Direct_Earth_to_Mars,0.92500000000000004,0.92500000000000004,0,189440,189440,0,1114.381609524921,1114.381609524921,0,15,15,0,0,0,0
142,1000141,Direct_Background_16,Direct_Earth_to_Mars,Direct_Earth_to_Mars,0.92500000000000004,0.92500000000000004,0,189440,189440,0,1114.381609524921,1114.381609524921,0,15,15,0,0,0,0
142,1000141,Direct_Pointing_25pct_Power,Direct_Earth_to_Mars,Earth_Relay2_Mars,0,0.87,0.87,0,178176,178176,0,1180.7716759941452,1180.7716759941452,15,26,11,185,0,-185
142,1000141,Direct_Combined_25pctPower_BG16,Direct_Earth_to_Mars,Earth_Relay2_Mars,0,0.87,0.87,0,178176,178176,0,1180.7716759941452,1180.7716759941452,15,26,11,185,0,-185
143,1000142,Control,Direct_Earth_to_Mars,Direct_Earth_to_Mars,0.94499999999999995,0.94499999999999995,0,193536,193536,0,335.01151171549822,335.01151171549822,0,11,11,0,0,0,0
143,1000142,Direct_Background_16,Direct_Earth_to_Mars,Direct_Earth_to_Mars,0.94499999999999995,0.94499999999999995,0,193536,193536,0,335.01151171549822,335.01151171549822,0,11,11,0,0,0,0
143,1000142,Direct_Pointing_25pct_Power,Direct_Earth_to_Mars,Direct_Earth_to_Mars,0.94499999999999995,0.94499999999999995,0,193536,193536,0,335.01151171549822,335.01151171549822,0,11,11,0,0,0,0
143,1000142,Direct_Combined_25pctPower_BG16,Direct_Earth_to_Mars,Direct_Earth_to_Mars,0.94499999999999995,0.94499999999999995,0,193536,193536,0,335.01151171549822,335.01151171549822,0,11,11,0,0,0,0
144,1000143,Control,Direct_Earth_to_Mars,Direct_Earth_to_Mars,1,1,0,204800,204800,0,895.58763775204307,895.58763775204307,0,0,0,0,0,0,0
144,1000143,Direct_Background_16,Direct_Earth_to_Mars,Direct_Earth_to_Mars,1,1,0,204800,204800,0,895.58763775204307,895.58763775204307,0,0,0,0,0,0,0
144,1000143,Direct_Pointing_25pct_Power,Direct_Earth_to_Mars,Direct_Earth_to_Mars,0.90000000000000002,0.90000000000000002,0,184320,184320,0,895.5876377520442,895.5876377520442,0,0,0,0,20,20,0
144,1000143,Direct_Combined_25pctPower_BG16,Direct_Earth_to_Mars,Earth_Relay2_Mars,0,0.98499999999999999,0.98499999999999999,0,201728,201728,0,961.63014124761742,961.63014124761742,0,3,3,200,0,-200
145,1000144,Control,Direct_Earth_to_Mars,Direct_Earth_to_Mars,0.85499999999999998,0.85499999999999998,0,175104,175104,0,885.47630356618981,885.47630356618981,0,29,29,0,0,0,0
145,1000144,Direct_Background_16,Direct_Earth_to_Mars,Direct_Earth_to_Mars,0.85499999999999998,0.85499999999999998,0,175104,175104,0,885.47630356618981,885.47630356618981,0,29,29,0,0,0,0
145,1000144,Direct_Pointing_25pct_Power,Direct_Earth_to_Mars,Direct_Earth_to_Mars,0.58499999999999996,0.58499999999999996,0,119808,119808,0,885.47630356619015,885.47630356619015,0,29,29,0,54,54,0
145,1000144,Direct_Combined_25pctPower_BG16,Direct_Earth_to_Mars,Earth_Relay2_Mars,0,0.76000000000000001,0.76000000000000001,0,155648,155648,0,951.50500879605784,951.50500879605784,29,48,19,171,0,-171
146,1000145,Control,Direct_Earth_to_Mars,Direct_Earth_to_Mars,0.95499999999999996,0.95499999999999996,0,195584,195584,0,416.15098606112616,416.15098606112616,0,9,9,0,0,0,0
146,1000145,Direct_Background_16,Direct_Earth_to_Mars,Direct_Earth_to_Mars,0.95499999999999996,0.95499999999999996,0,195584,195584,0,416.15098606112616,416.15098606112616,0,9,9,0,0,0,0
146,1000145,Direct_Pointing_25pct_Power,Direct_Earth_to_Mars,Direct_Earth_to_Mars,0.95499999999999996,0.95499999999999996,0,195584,195584,0,416.15098606112616,416.15098606112616,0,9,9,0,0,0,0
146,1000145,Direct_Combined_25pctPower_BG16,Direct_Earth_to_Mars,Direct_Earth_to_Mars,0.95499999999999996,0.95499999999999996,0,195584,195584,0,416.15098606112616,416.15098606112616,0,9,9,0,0,0,0
147,1000146,Control,Direct_Earth_to_Mars,Direct_Earth_to_Mars,0.83999999999999997,0.83999999999999997,0,172032,172032,0,467.45798948902404,467.45798948902404,0,32,32,0,0,0,0
147,1000146,Direct_Background_16,Direct_Earth_to_Mars,Direct_Earth_to_Mars,0.83999999999999997,0.83999999999999997,0,172032,172032,0,467.45798948902404,467.45798948902404,0,32,32,0,0,0,0
147,1000146,Direct_Pointing_25pct_Power,Direct_Earth_to_Mars,Direct_Earth_to_Mars,0.83999999999999997,0.83999999999999997,0,172032,172032,0,467.45798948902404,467.45798948902404,0,32,32,0,0,0,0
147,1000146,Direct_Combined_25pctPower_BG16,Direct_Earth_to_Mars,Direct_Earth_to_Mars,0.83999999999999997,0.83999999999999997,0,172032,172032,0,467.45798948902404,467.45798948902404,0,32,32,0,0,0,0
148,1000147,Control,Direct_Earth_to_Mars,Direct_Earth_to_Mars,0.93999999999999995,0.93999999999999995,0,192512,192512,0,839.1163612800035,839.1163612800035,0,12,12,0,0,0,0
148,1000147,Direct_Background_16,Direct_Earth_to_Mars,Direct_Earth_to_Mars,0.93999999999999995,0.93999999999999995,0,192512,192512,0,839.1163612800035,839.1163612800035,0,12,12,0,0,0,0
148,1000147,Direct_Pointing_25pct_Power,Direct_Earth_to_Mars,Direct_Earth_to_Mars,0.92500000000000004,0.92500000000000004,0,189440,189440,0,839.1163612800035,839.1163612800035,0,12,12,0,3,3,0
148,1000147,Direct_Combined_25pctPower_BG16,Direct_Earth_to_Mars,Earth_Relay2_Mars,0,0.86499999999999999,0.86499999999999999,0,177152,177152,0,905.08195554424071,905.08195554424071,12,27,15,188,0,-188
149,1000148,Control,Direct_Earth_to_Mars,Direct_Earth_to_Mars,1,1,0,204800,204800,0,752.64096937063471,752.64096937063471,0,0,0,0,0,0,0
149,1000148,Direct_Background_16,Direct_Earth_to_Mars,Direct_Earth_to_Mars,1,1,0,204800,204800,0,752.64096937063471,752.64096937063471,0,0,0,0,0,0,0
149,1000148,Direct_Pointing_25pct_Power,Direct_Earth_to_Mars,Direct_Earth_to_Mars,1,1,0,204800,204800,0,752.64096937063471,752.64096937063471,0,0,0,0,0,0,0
149,1000148,Direct_Combined_25pctPower_BG16,Direct_Earth_to_Mars,Earth_Relay2_Mars,0.38500000000000001,1,0.61499999999999999,78848,204800,125952,752.64096937063175,818.4915899496234,65.850620578991652,0,0,0,123,0,-123
150,1000149,Control,Direct_Earth_to_Mars,Direct_Earth_to_Mars,0.89000000000000001,0.89000000000000001,0,182272,182272,0,1362.5006184504002,1362.5006184504002,0,22,22,0,0,0,0
150,1000149,Direct_Background_16,Direct_Earth_to_Mars,Direct_Earth_to_Mars,0.88,0.88,0,180224,180224,0,1362.5006184504002,1362.5006184504002,0,22,22,0,2,2,0
150,1000149,Direct_Pointing_25pct_Power,Direct_Earth_to_Mars,Earth_Relay2_Mars,0,0.78000000000000003,0.78000000000000003,0,159744,159744,0,1429.1453278109905,1429.1453278109905,22,44,22,178,0,-178
150,1000149,Direct_Combined_25pctPower_BG16,Direct_Earth_to_Mars,Earth_Relay2_Mars,0,0.78000000000000003,0.78000000000000003,0,159744,159744,0,1429.1453278109905,1429.1453278109905,22,44,22,178,0,-178
151,1000150,Control,Direct_Earth_to_Mars,Direct_Earth_to_Mars,0.95999999999999996,0.95999999999999996,0,196608,196608,0,299.5468591012978,299.5468591012978,0,8,8,0,0,0,0
151,1000150,Direct_Background_16,Direct_Earth_to_Mars,Direct_Earth_to_Mars,0.95999999999999996,0.95999999999999996,0,196608,196608,0,299.5468591012978,299.5468591012978,0,8,8,0,0,0,0
151,1000150,Direct_Pointing_25pct_Power,Direct_Earth_to_Mars,Direct_Earth_to_Mars,0.95999999999999996,0.95999999999999996,0,196608,196608,0,299.5468591012978,299.5468591012978,0,8,8,0,0,0,0
151,1000150,Direct_Combined_25pctPower_BG16,Direct_Earth_to_Mars,Direct_Earth_to_Mars,0.95999999999999996,0.95999999999999996,0,196608,196608,0,299.5468591012978,299.5468591012978,0,8,8,0,0,0,0
152,1000151,Control,Direct_Earth_to_Mars,Direct_Earth_to_Mars,0.82499999999999996,0.82499999999999996,0,168960,168960,0,1364.1060969979133,1364.1060969979133,0,35,35,0,0,0,0
152,1000151,Direct_Background_16,Direct_Earth_to_Mars,Direct_Earth_to_Mars,0.72999999999999998,0.72999999999999998,0,149504,149504,0,1364.1060969979128,1364.1060969979128,0,35,35,0,19,19,0
152,1000151,Direct_Pointing_25pct_Power,Direct_Earth_to_Mars,Earth_Relay2_Mars,0,0.67000000000000004,0.67000000000000004,0,137216,137216,0,1430.7768857748094,1430.7768857748094,35,66,31,165,0,-165
152,1000151,Direct_Combined_25pctPower_BG16,Direct_Earth_to_Mars,Earth_Relay2_Mars,0,0.67000000000000004,0.67000000000000004,0,137216,137216,0,1430.7768857748094,1430.7768857748094,35,66,31,165,0,-165
153,1000152,Control,Direct_Earth_to_Mars,Direct_Earth_to_Mars,0.83499999999999996,0.83499999999999996,0,171008,171008,0,750.26637015781228,750.26637015781228,0,33,33,0,0,0,0
153,1000152,Direct_Background_16,Direct_Earth_to_Mars,Direct_Earth_to_Mars,0.83499999999999996,0.83499999999999996,0,171008,171008,0,750.26637015781228,750.26637015781228,0,33,33,0,0,0,0
153,1000152,Direct_Pointing_25pct_Power,Direct_Earth_to_Mars,Direct_Earth_to_Mars,0.83499999999999996,0.83499999999999996,0,171008,171008,0,750.26637015781228,750.26637015781228,0,33,33,0,0,0,0
153,1000152,Direct_Combined_25pctPower_BG16,Direct_Earth_to_Mars,Direct_Earth_to_Mars,0.505,0.505,0,103424,103424,0,750.26637015781182,750.26637015781182,0,33,33,0,66,66,0
154,1000153,Control,Direct_Earth_to_Mars,Direct_Earth_to_Mars,0.93000000000000005,0.93000000000000005,0,190464,190464,0,1156.7059088622836,1156.7059088622836,0,14,14,0,0,0,0
154,1000153,Direct_Background_16,Direct_Earth_to_Mars,Direct_Earth_to_Mars,0.93000000000000005,0.93000000000000005,0,190464,190464,0,1156.7059088622836,1156.7059088622836,0,14,14,0,0,0,0
154,1000153,Direct_Pointing_25pct_Power,Direct_Earth_to_Mars,Earth_Relay2_Mars,0,0.84499999999999997,0.84499999999999997,0,173056,173056,0,1223.0610914171866,1223.0610914171866,14,31,17,186,0,-186
154,1000153,Direct_Combined_25pctPower_BG16,Direct_Earth_to_Mars,Earth_Relay2_Mars,0,0.84499999999999997,0.84499999999999997,0,173056,173056,0,1223.0610914171866,1223.0610914171866,14,31,17,186,0,-186
155,1000154,Control,Direct_Earth_to_Mars,Direct_Earth_to_Mars,0.95499999999999996,0.95499999999999996,0,195584,195584,0,1011.125105614104,1011.125105614104,0,9,9,0,0,0,0
155,1000154,Direct_Background_16,Direct_Earth_to_Mars,Direct_Earth_to_Mars,0.95499999999999996,0.95499999999999996,0,195584,195584,0,1011.125105614104,1011.125105614104,0,9,9,0,0,0,0
155,1000154,Direct_Pointing_25pct_Power,Direct_Earth_to_Mars,Earth_Relay2_Mars,0,0.89500000000000002,0.89500000000000002,0,183296,183296,0,1077.354157784597,1077.354157784597,9,21,12,191,0,-191
155,1000154,Direct_Combined_25pctPower_BG16,Direct_Earth_to_Mars,Earth_Relay2_Mars,0,0.89500000000000002,0.89500000000000002,0,183296,183296,0,1077.354157784597,1077.354157784597,9,21,12,191,0,-191
156,1000155,Control,Direct_Earth_to_Mars,Direct_Earth_to_Mars,0.85499999999999998,0.85499999999999998,0,175104,175104,0,829.68210814579243,829.68210814579243,0,29,29,0,0,0,0
156,1000155,Direct_Background_16,Direct_Earth_to_Mars,Direct_Earth_to_Mars,0.85499999999999998,0.85499999999999998,0,175104,175104,0,829.68210814579243,829.68210814579243,0,29,29,0,0,0,0
156,1000155,Direct_Pointing_25pct_Power,Direct_Earth_to_Mars,Direct_Earth_to_Mars,0.82499999999999996,0.82499999999999996,0,168960,168960,0,829.68210814579254,829.68210814579254,0,29,29,0,6,6,0
156,1000155,Direct_Combined_25pctPower_BG16,Direct_Earth_to_Mars,Earth_Relay2_Mars,0,0.75,0.75,0,153600,153600,0,895.63492663467696,895.63492663467696,29,50,21,171,0,-171
157,1000156,Control,Direct_Earth_to_Mars,Direct_Earth_to_Mars,0.95999999999999996,0.95999999999999996,0,196608,196608,0,1361.7621915015568,1361.7621915015568,0,8,8,0,0,0,0
157,1000156,Direct_Background_16,Direct_Earth_to_Mars,Direct_Earth_to_Mars,0.84499999999999997,0.84499999999999997,0,173056,173056,0,1361.7621915015561,1361.7621915015561,0,8,8,0,23,23,0
157,1000156,Direct_Pointing_25pct_Power,Direct_Earth_to_Mars,Earth_Relay2_Mars,0,0.93999999999999995,0.93999999999999995,0,192512,192512,0,1428.4331298915135,1428.4331298915135,8,12,4,192,0,-192
157,1000156,Direct_Combined_25pctPower_BG16,Direct_Earth_to_Mars,Earth_Relay2_Mars,0,0.93999999999999995,0.93999999999999995,0,192512,192512,0,1428.4331298915135,1428.4331298915135,8,12,4,192,0,-192
158,1000157,Control,Direct_Earth_to_Mars,Direct_Earth_to_Mars,0.88500000000000001,0.88500000000000001,0,181248,181248,0,364.82621355794214,364.82621355794214,0,23,23,0,0,0,0
158,1000157,Direct_Background_16,Direct_Earth_to_Mars,Direct_Earth_to_Mars,0.88500000000000001,0.88500000000000001,0,181248,181248,0,364.82621355794214,364.82621355794214,0,23,23,0,0,0,0
158,1000157,Direct_Pointing_25pct_Power,Direct_Earth_to_Mars,Direct_Earth_to_Mars,0.88500000000000001,0.88500000000000001,0,181248,181248,0,364.82621355794214,364.82621355794214,0,23,23,0,0,0,0
158,1000157,Direct_Combined_25pctPower_BG16,Direct_Earth_to_Mars,Direct_Earth_to_Mars,0.88500000000000001,0.88500000000000001,0,181248,181248,0,364.82621355794214,364.82621355794214,0,23,23,0,0,0,0
159,1000158,Control,Direct_Earth_to_Mars,Direct_Earth_to_Mars,0.78500000000000003,0.78500000000000003,0,160768,160768,0,285.58457777070521,285.58457777070521,0,43,43,0,0,0,0
159,1000158,Direct_Background_16,Direct_Earth_to_Mars,Direct_Earth_to_Mars,0.78500000000000003,0.78500000000000003,0,160768,160768,0,285.58457777070521,285.58457777070521,0,43,43,0,0,0,0
159,1000158,Direct_Pointing_25pct_Power,Direct_Earth_to_Mars,Direct_Earth_to_Mars,0.78500000000000003,0.78500000000000003,0,160768,160768,0,285.58457777070521,285.58457777070521,0,43,43,0,0,0,0
159,1000158,Direct_Combined_25pctPower_BG16,Direct_Earth_to_Mars,Direct_Earth_to_Mars,0.78500000000000003,0.78500000000000003,0,160768,160768,0,285.58457777070521,285.58457777070521,0,43,43,0,0,0,0
160,1000159,Control,Direct_Earth_to_Mars,Direct_Earth_to_Mars,0.90000000000000002,0.90000000000000002,0,184320,184320,0,832.65465169392496,832.65465169392496,0,20,20,0,0,0,0
160,1000159,Direct_Background_16,Direct_Earth_to_Mars,Direct_Earth_to_Mars,0.90000000000000002,0.90000000000000002,0,184320,184320,0,832.65465169392496,832.65465169392496,0,20,20,0,0,0,0
160,1000159,Direct_Pointing_25pct_Power,Direct_Earth_to_Mars,Direct_Earth_to_Mars,0.89000000000000001,0.89000000000000001,0,182272,182272,0,832.65465169392508,832.65465169392508,0,20,20,0,2,2,0
160,1000159,Direct_Combined_25pctPower_BG16,Direct_Earth_to_Mars,Earth_Relay2_Mars,0,0.81999999999999995,0.81999999999999995,0,167936,167936,0,898.61149189873424,898.61149189873424,20,36,16,180,0,-180
161,1000160,Control,Direct_Earth_to_Mars,Direct_Earth_to_Mars,0.83499999999999996,0.83499999999999996,0,171008,171008,0,1043.3520679946919,1043.3520679946919,0,33,33,0,0,0,0
161,1000160,Direct_Background_16,Direct_Earth_to_Mars,Direct_Earth_to_Mars,0.83499999999999996,0.83499999999999996,0,171008,171008,0,1043.3520679946919,1043.3520679946919,0,33,33,0,0,0,0
161,1000160,Direct_Pointing_25pct_Power,Direct_Earth_to_Mars,Earth_Relay2_Mars,0,0.70499999999999996,0.70499999999999996,0,144384,144384,0,1109.6332865366828,1109.6332865366828,33,59,26,167,0,-167
161,1000160,Direct_Combined_25pctPower_BG16,Direct_Earth_to_Mars,Earth_Relay2_Mars,0,0.70499999999999996,0.70499999999999996,0,144384,144384,0,1109.6332865366828,1109.6332865366828,33,59,26,167,0,-167
162,1000161,Control,Direct_Earth_to_Mars,Direct_Earth_to_Mars,0.89000000000000001,0.89000000000000001,0,182272,182272,0,1357.0436617211983,1357.0436617211983,0,22,22,0,0,0,0
162,1000161,Direct_Background_16,Direct_Earth_to_Mars,Direct_Earth_to_Mars,0.80000000000000004,0.80000000000000004,0,163840,163840,0,1357.0436617211985,1357.0436617211985,0,22,22,0,18,18,0
162,1000161,Direct_Pointing_25pct_Power,Direct_Earth_to_Mars,Earth_Relay2_Mars,0,0.78000000000000003,0.78000000000000003,0,159744,159744,0,1423.7134356990578,1423.7134356990578,22,44,22,178,0,-178
162,1000161,Direct_Combined_25pctPower_BG16,Direct_Earth_to_Mars,Earth_Relay2_Mars,0,0.78000000000000003,0.78000000000000003,0,159744,159744,0,1423.7134356990578,1423.7134356990578,22,44,22,178,0,-178
163,1000162,Control,Direct_Earth_to_Mars,Direct_Earth_to_Mars,0.96499999999999997,0.96499999999999997,0,197632,197632,0,991.01602587589889,991.01602587589889,0,7,7,0,0,0,0
163,1000162,Direct_Background_16,Direct_Earth_to_Mars,Direct_Earth_to_Mars,0.96499999999999997,0.96499999999999997,0,197632,197632,0,991.01602587589889,991.01602587589889,0,7,7,0,0,0,0
163,1000162,Direct_Pointing_25pct_Power,Direct_Earth_to_Mars,Earth_Relay2_Mars,0,0.91000000000000003,0.91000000000000003,0,186368,186368,0,1057.1901687364827,1057.1901687364827,7,18,11,193,0,-193
163,1000162,Direct_Combined_25pctPower_BG16,Direct_Earth_to_Mars,Earth_Relay2_Mars,0,0.91000000000000003,0.91000000000000003,0,186368,186368,0,1057.1901687364827,1057.1901687364827,7,18,11,193,0,-193
164,1000163,Control,Direct_Earth_to_Mars,Direct_Earth_to_Mars,0.97499999999999998,0.97499999999999998,0,199680,199680,0,1367.8026276859187,1367.8026276859187,0,5,5,0,0,0,0
164,1000163,Direct_Background_16,Direct_Earth_to_Mars,Direct_Earth_to_Mars,0.88500000000000001,0.88500000000000001,0,181248,181248,0,1367.8026276859182,1367.8026276859182,0,5,5,0,18,18,0
164,1000163,Direct_Pointing_25pct_Power,Direct_Earth_to_Mars,Earth_Relay2_Mars,0,0.92000000000000004,0.92000000000000004,0,188416,188416,0,1434.4649194083449,1434.4649194083449,5,16,11,195,0,-195
164,1000163,Direct_Combined_25pctPower_BG16,Direct_Earth_to_Mars,Earth_Relay2_Mars,0,0.92000000000000004,0.92000000000000004,0,188416,188416,0,1434.4649194083449,1434.4649194083449,5,16,11,195,0,-195
165,1000164,Control,Direct_Earth_to_Mars,Direct_Earth_to_Mars,0.84999999999999998,0.84999999999999998,0,174080,174080,0,1346.7910121057294,1346.7910121057294,0,30,30,0,0,0,0
165,1000164,Direct_Background_16,Direct_Earth_to_Mars,Direct_Earth_to_Mars,0.78000000000000003,0.78000000000000003,0,159744,159744,0,1346.7910121057289,1346.7910121057289,0,30,30,0,14,14,0
165,1000164,Direct_Pointing_25pct_Power,Direct_Earth_to_Mars,Earth_Relay2_Mars,0,0.73499999999999999,0.73499999999999999,0,150528,150528,0,1413.4553534924612,1413.4553534924612,30,53,23,170,0,-170
165,1000164,Direct_Combined_25pctPower_BG16,Direct_Earth_to_Mars,Earth_Relay2_Mars,0,0.73499999999999999,0.73499999999999999,0,150528,150528,0,1413.4553534924612,1413.4553534924612,30,53,23,170,0,-170
166,1000165,Control,Direct_Earth_to_Mars,Direct_Earth_to_Mars,0.93000000000000005,0.93000000000000005,0,190464,190464,0,457.9094420173152,457.9094420173152,0,14,14,0,0,0,0
166,1000165,Direct_Background_16,Direct_Earth_to_Mars,Direct_Earth_to_Mars,0.93000000000000005,0.93000000000000005,0,190464,190464,0,457.9094420173152,457.9094420173152,0,14,14,0,0,0,0
166,1000165,Direct_Pointing_25pct_Power,Direct_Earth_to_Mars,Direct_Earth_to_Mars,0.93000000000000005,0.93000000000000005,0,190464,190464,0,457.9094420173152,457.9094420173152,0,14,14,0,0,0,0
166,1000165,Direct_Combined_25pctPower_BG16,Direct_Earth_to_Mars,Direct_Earth_to_Mars,0.93000000000000005,0.93000000000000005,0,190464,190464,0,457.9094420173152,457.9094420173152,0,14,14,0,0,0,0
167,1000166,Control,Direct_Earth_to_Mars,Direct_Earth_to_Mars,0.81000000000000005,0.81000000000000005,0,165888,165888,0,321.58445556427614,321.58445556427614,0,38,38,0,0,0,0
167,1000166,Direct_Background_16,Direct_Earth_to_Mars,Direct_Earth_to_Mars,0.81000000000000005,0.81000000000000005,0,165888,165888,0,321.58445556427614,321.58445556427614,0,38,38,0,0,0,0
167,1000166,Direct_Pointing_25pct_Power,Direct_Earth_to_Mars,Direct_Earth_to_Mars,0.81000000000000005,0.81000000000000005,0,165888,165888,0,321.58445556427614,321.58445556427614,0,38,38,0,0,0,0
167,1000166,Direct_Combined_25pctPower_BG16,Direct_Earth_to_Mars,Direct_Earth_to_Mars,0.81000000000000005,0.81000000000000005,0,165888,165888,0,321.58445556427614,321.58445556427614,0,38,38,0,0,0,0
168,1000167,Control,Direct_Earth_to_Mars,Direct_Earth_to_Mars,0.98499999999999999,0.98499999999999999,0,201728,201728,0,1355.781387795548,1355.781387795548,0,3,3,0,0,0,0
168,1000167,Direct_Background_16,Direct_Earth_to_Mars,Direct_Earth_to_Mars,0.97499999999999998,0.97499999999999998,0,199680,199680,0,1355.7813877955482,1355.7813877955482,0,3,3,0,2,2,0
168,1000167,Direct_Pointing_25pct_Power,Direct_Earth_to_Mars,Earth_Relay2_Mars,0,0.97499999999999998,0.97499999999999998,0,199680,199680,0,1422.4117599774299,1422.4117599774299,3,5,2,197,0,-197
168,1000167,Direct_Combined_25pctPower_BG16,Direct_Earth_to_Mars,Earth_Relay2_Mars,0,0.97499999999999998,0.97499999999999998,0,199680,199680,0,1422.4117599774299,1422.4117599774299,3,5,2,197,0,-197
169,1000168,Control,Direct_Earth_to_Mars,Direct_Earth_to_Mars,0.91000000000000003,0.91000000000000003,0,186368,186368,0,1350.1203695240529,1350.1203695240529,0,18,18,0,0,0,0
169,1000168,Direct_Background_16,Direct_Earth_to_Mars,Direct_Earth_to_Mars,0.89000000000000001,0.89000000000000001,0,182272,182272,0,1350.1203695240526,1350.1203695240526,0,18,18,0,4,4,0
169,1000168,Direct_Pointing_25pct_Power,Direct_Earth_to_Mars,Earth_Relay2_Mars,0,0.82499999999999996,0.82499999999999996,0,168960,168960,0,1416.7867522811928,1416.7867522811928,18,35,17,182,0,-182
169,1000168,Direct_Combined_25pctPower_BG16,Direct_Earth_to_Mars,Earth_Relay2_Mars,0,0.82499999999999996,0.82499999999999996,0,168960,168960,0,1416.7867522811928,1416.7867522811928,18,35,17,182,0,-182
170,1000169,Control,Direct_Earth_to_Mars,Direct_Earth_to_Mars,0.98499999999999999,0.98499999999999999,0,201728,201728,0,1326.3189764262938,1326.3189764262938,0,3,3,0,0,0,0
170,1000169,Direct_Background_16,Direct_Earth_to_Mars,Direct_Earth_to_Mars,0.84999999999999998,0.84999999999999998,0,174080,174080,0,1326.3189764262938,1326.3189764262938,0,3,3,0,27,27,0
170,1000169,Direct_Pointing_25pct_Power,Direct_Earth_to_Mars,Earth_Relay2_Mars,0,0.96999999999999997,0.96999999999999997,0,198656,198656,0,1392.9676116726212,1392.9676116726212,3,6,3,197,0,-197
170,1000169,Direct_Combined_25pctPower_BG16,Direct_Earth_to_Mars,Earth_Relay2_Mars,0,0.96999999999999997,0.96999999999999997,0,198656,198656,0,1392.9676116726212,1392.9676116726212,3,6,3,197,0,-197
171,1000170,Control,Direct_Earth_to_Mars,Direct_Earth_to_Mars,0.88,0.88,0,180224,180224,0,310.76523916375254,310.76523916375254,0,24,24,0,0,0,0
171,1000170,Direct_Background_16,Direct_Earth_to_Mars,Direct_Earth_to_Mars,0.88,0.88,0,180224,180224,0,310.76523916375254,310.76523916375254,0,24,24,0,0,0,0
171,1000170,Direct_Pointing_25pct_Power,Direct_Earth_to_Mars,Direct_Earth_to_Mars,0.88,0.88,0,180224,180224,0,310.76523916375254,310.76523916375254,0,24,24,0,0,0,0
171,1000170,Direct_Combined_25pctPower_BG16,Direct_Earth_to_Mars,Direct_Earth_to_Mars,0.88,0.88,0,180224,180224,0,310.76523916375254,310.76523916375254,0,24,24,0,0,0,0
172,1000171,Control,Direct_Earth_to_Mars,Direct_Earth_to_Mars,0.875,0.875,0,179200,179200,0,1364.1884733588665,1364.1884733588665,0,25,25,0,0,0,0
172,1000171,Direct_Background_16,Direct_Earth_to_Mars,Direct_Earth_to_Mars,0.82999999999999996,0.82999999999999996,0,169984,169984,0,1364.1884733588665,1364.1884733588665,0,25,25,0,9,9,0
172,1000171,Direct_Pointing_25pct_Power,Direct_Earth_to_Mars,Earth_Relay2_Mars,0,0.73499999999999999,0.73499999999999999,0,150528,150528,0,1430.8592414881944,1430.8592414881944,25,53,28,175,0,-175
172,1000171,Direct_Combined_25pctPower_BG16,Direct_Earth_to_Mars,Earth_Relay2_Mars,0,0.73499999999999999,0.73499999999999999,0,150528,150528,0,1430.8592414881944,1430.8592414881944,25,53,28,175,0,-175
173,1000172,Control,Direct_Earth_to_Mars,Direct_Earth_to_Mars,0.96999999999999997,0.96999999999999997,0,198656,198656,0,781.81633188528974,781.81633188528974,0,6,6,0,0,0,0
173,1000172,Direct_Background_16,Direct_Earth_to_Mars,Direct_Earth_to_Mars,0.96999999999999997,0.96999999999999997,0,198656,198656,0,781.81633188528974,781.81633188528974,0,6,6,0,0,0,0
173,1000172,Direct_Pointing_25pct_Power,Direct_Earth_to_Mars,Direct_Earth_to_Mars,0.96999999999999997,0.96999999999999997,0,198656,198656,0,781.81633188528974,781.81633188528974,0,6,6,0,0,0,0
173,1000172,Direct_Combined_25pctPower_BG16,Direct_Earth_to_Mars,Earth_Relay2_Mars,0.080000000000000002,0.94499999999999995,0.86499999999999999,16384,193536,177152,781.81633188529111,847.70506474845206,65.888732863160953,6,11,5,178,0,-178
174,1000173,Control,Direct_Earth_to_Mars,Direct_Earth_to_Mars,0.98999999999999999,0.98999999999999999,0,202752,202752,0,1365.16017856341,1365.16017856341,0,2,2,0,0,0,0
174,1000173,Direct_Background_16,Direct_Earth_to_Mars,Direct_Earth_to_Mars,0.87,0.87,0,178176,178176,0,1365.1601785634105,1365.1601785634105,0,2,2,0,24,24,0
174,1000173,Direct_Pointing_25pct_Power,Direct_Earth_to_Mars,Earth_Relay1_Mars,0,0,0,0,0,0,0,0,0,2,4,2,198,0,-198
174,1000173,Direct_Combined_25pctPower_BG16,Direct_Earth_to_Mars,Earth_Relay1_Mars,0,0,0,0,0,0,0,0,0,2,4,2,198,0,-198
175,1000174,Control,Direct_Earth_to_Mars,Direct_Earth_to_Mars,0.98499999999999999,0.98499999999999999,0,201728,201728,0,627.00948781475029,627.00948781475029,0,3,3,0,0,0,0
175,1000174,Direct_Background_16,Direct_Earth_to_Mars,Direct_Earth_to_Mars,0.98499999999999999,0.98499999999999999,0,201728,201728,0,627.00948781475029,627.00948781475029,0,3,3,0,0,0,0
175,1000174,Direct_Pointing_25pct_Power,Direct_Earth_to_Mars,Direct_Earth_to_Mars,0.98499999999999999,0.98499999999999999,0,201728,201728,0,627.00948781475029,627.00948781475029,0,3,3,0,0,0,0
175,1000174,Direct_Combined_25pctPower_BG16,Direct_Earth_to_Mars,Direct_Earth_to_Mars,0.98499999999999999,0.98499999999999999,0,201728,201728,0,627.00948781475029,627.00948781475029,0,3,3,0,0,0,0
176,1000175,Control,Direct_Earth_to_Mars,Direct_Earth_to_Mars,0.81499999999999995,0.81499999999999995,0,166912,166912,0,1337.3816515068534,1337.3816515068534,0,37,37,0,0,0,0
176,1000175,Direct_Background_16,Direct_Earth_to_Mars,Direct_Earth_to_Mars,0.76500000000000001,0.76500000000000001,0,156672,156672,0,1337.3816515068538,1337.3816515068538,0,37,37,0,10,10,0
176,1000175,Direct_Pointing_25pct_Power,Direct_Earth_to_Mars,Earth_Relay2_Mars,0,0.70999999999999996,0.70999999999999996,0,145408,145408,0,1403.9795055580028,1403.9795055580028,37,58,21,163,0,-163
176,1000175,Direct_Combined_25pctPower_BG16,Direct_Earth_to_Mars,Earth_Relay2_Mars,0,0.70999999999999996,0.70999999999999996,0,145408,145408,0,1403.9795055580028,1403.9795055580028,37,58,21,163,0,-163
177,1000176,Control,Direct_Earth_to_Mars,Direct_Earth_to_Mars,0.91000000000000003,0.91000000000000003,0,186368,186368,0,924.29958029896625,924.29958029896625,0,18,18,0,0,0,0
177,1000176,Direct_Background_16,Direct_Earth_to_Mars,Direct_Earth_to_Mars,0.91000000000000003,0.91000000000000003,0,186368,186368,0,924.29958029896625,924.29958029896625,0,18,18,0,0,0,0
177,1000176,Direct_Pointing_25pct_Power,Direct_Earth_to_Mars,Earth_Relay2_Mars,0.315,0.81999999999999995,0.50499999999999989,64512,167936,103424,924.29958029896613,990.3812487116777,66.081668412711565,18,36,18,119,0,-119
177,1000176,Direct_Combined_25pctPower_BG16,Direct_Earth_to_Mars,Earth_Relay2_Mars,0,0.81999999999999995,0.81999999999999995,0,167936,167936,0,990.3812487116777,990.3812487116777,18,36,18,182,0,-182
178,1000177,Control,Direct_Earth_to_Mars,Direct_Earth_to_Mars,0.81499999999999995,0.81499999999999995,0,166912,166912,0,933.84046613715748,933.84046613715748,0,37,37,0,0,0,0
178,1000177,Direct_Background_16,Direct_Earth_to_Mars,Direct_Earth_to_Mars,0.81499999999999995,0.81499999999999995,0,166912,166912,0,933.84046613715748,933.84046613715748,0,37,37,0,0,0,0
178,1000177,Direct_Pointing_25pct_Power,Direct_Earth_to_Mars,Earth_Relay1_Mars,0.22,0.68999999999999995,0.46999999999999997,45056,141312,96256,933.84046613715395,1125.5239261281417,191.68345999098779,37,62,25,119,0,-119
178,1000177,Direct_Combined_25pctPower_BG16,Direct_Earth_to_Mars,Earth_Relay1_Mars,0,0.68999999999999995,0.68999999999999995,0,141312,141312,0,1125.5239261281417,1125.5239261281417,37,62,25,163,0,-163
179,1000178,Control,Direct_Earth_to_Mars,Direct_Earth_to_Mars,0.90000000000000002,0.90000000000000002,0,184320,184320,0,1264.4393470144053,1264.4393470144053,0,20,20,0,0,0,0
179,1000178,Direct_Background_16,Direct_Earth_to_Mars,Direct_Earth_to_Mars,0.90000000000000002,0.90000000000000002,0,184320,184320,0,1264.4393470144053,1264.4393470144053,0,20,20,0,0,0,0
179,1000178,Direct_Pointing_25pct_Power,Direct_Earth_to_Mars,Earth_Relay2_Mars,0,0.82499999999999996,0.82499999999999996,0,168960,168960,0,1330.9308076027369,1330.9308076027369,20,35,15,180,0,-180
179,1000178,Direct_Combined_25pctPower_BG16,Direct_Earth_to_Mars,Earth_Relay2_Mars,0,0.82499999999999996,0.82499999999999996,0,168960,168960,0,1330.9308076027369,1330.9308076027369,20,35,15,180,0,-180
180,1000179,Control,Direct_Earth_to_Mars,Direct_Earth_to_Mars,0.82999999999999996,0.82999999999999996,0,169984,169984,0,595.25920727831635,595.25920727831635,0,34,34,0,0,0,0
180,1000179,Direct_Background_16,Direct_Earth_to_Mars,Direct_Earth_to_Mars,0.82999999999999996,0.82999999999999996,0,169984,169984,0,595.25920727831635,595.25920727831635,0,34,34,0,0,0,0
180,1000179,Direct_Pointing_25pct_Power,Direct_Earth_to_Mars,Direct_Earth_to_Mars,0.82999999999999996,0.82999999999999996,0,169984,169984,0,595.25920727831635,595.25920727831635,0,34,34,0,0,0,0
180,1000179,Direct_Combined_25pctPower_BG16,Direct_Earth_to_Mars,Direct_Earth_to_Mars,0.82999999999999996,0.82999999999999996,0,169984,169984,0,595.25920727831635,595.25920727831635,0,34,34,0,0,0,0
181,1000180,Control,Direct_Earth_to_Mars,Direct_Earth_to_Mars,0.995,0.995,0,203776,203776,0,412.29103446766266,412.29103446766266,0,1,1,0,0,0,0
181,1000180,Direct_Background_16,Direct_Earth_to_Mars,Direct_Earth_to_Mars,0.995,0.995,0,203776,203776,0,412.29103446766266,412.29103446766266,0,1,1,0,0,0,0
181,1000180,Direct_Pointing_25pct_Power,Direct_Earth_to_Mars,Direct_Earth_to_Mars,0.995,0.995,0,203776,203776,0,412.29103446766266,412.29103446766266,0,1,1,0,0,0,0
181,1000180,Direct_Combined_25pctPower_BG16,Direct_Earth_to_Mars,Direct_Earth_to_Mars,0.995,0.995,0,203776,203776,0,412.29103446766266,412.29103446766266,0,1,1,0,0,0,0
182,1000181,Control,Direct_Earth_to_Mars,Direct_Earth_to_Mars,0.85499999999999998,0.85499999999999998,0,175104,175104,0,819.13408745911511,819.13408745911511,0,29,29,0,0,0,0
182,1000181,Direct_Background_16,Direct_Earth_to_Mars,Direct_Earth_to_Mars,0.85499999999999998,0.85499999999999998,0,175104,175104,0,819.13408745911511,819.13408745911511,0,29,29,0,0,0,0
182,1000181,Direct_Pointing_25pct_Power,Direct_Earth_to_Mars,Direct_Earth_to_Mars,0.84499999999999997,0.84499999999999997,0,173056,173056,0,819.13408745911499,819.13408745911499,0,29,29,0,2,2,0
182,1000181,Direct_Combined_25pctPower_BG16,Direct_Earth_to_Mars,Earth_Relay2_Mars,0,0.67500000000000004,0.67500000000000004,0,138240,138240,0,885.07266616725235,885.07266616725235,29,65,36,171,0,-171
183,1000182,Control,Direct_Earth_to_Mars,Direct_Earth_to_Mars,0.96499999999999997,0.96499999999999997,0,197632,197632,0,1278.9040713521749,1278.9040713521749,0,7,7,0,0,0,0
183,1000182,Direct_Background_16,Direct_Earth_to_Mars,Direct_Earth_to_Mars,0.95499999999999996,0.95499999999999996,0,195584,195584,0,1278.9040713521749,1278.9040713521749,0,7,7,0,2,2,0
183,1000182,Direct_Pointing_25pct_Power,Direct_Earth_to_Mars,Earth_Relay2_Mars,0,0.94999999999999996,0.94999999999999996,0,194560,194560,0,1345.5060866517235,1345.5060866517235,7,10,3,193,0,-193
183,1000182,Direct_Combined_25pctPower_BG16,Direct_Earth_to_Mars,Earth_Relay2_Mars,0,0.94999999999999996,0.94999999999999996,0,194560,194560,0,1345.5060866517235,1345.5060866517235,7,10,3,193,0,-193
184,1000183,Control,Direct_Earth_to_Mars,Direct_Earth_to_Mars,0.92000000000000004,0.92000000000000004,0,188416,188416,0,1363.3077958539668,1363.3077958539668,0,16,16,0,0,0,0
184,1000183,Direct_Background_16,Direct_Earth_to_Mars,Direct_Earth_to_Mars,0.81000000000000005,0.81000000000000005,0,165888,165888,0,1363.307795853967,1363.307795853967,0,16,16,0,22,22,0
184,1000183,Direct_Pointing_25pct_Power,Direct_Earth_to_Mars,Earth_Relay2_Mars,0,0.82999999999999996,0.82999999999999996,0,169984,169984,0,1429.9787215289268,1429.9787215289268,16,34,18,184,0,-184
184,1000183,Direct_Combined_25pctPower_BG16,Direct_Earth_to_Mars,Earth_Relay2_Mars,0,0.82999999999999996,0.82999999999999996,0,169984,169984,0,1429.9787215289268,1429.9787215289268,16,34,18,184,0,-184
185,1000184,Control,Direct_Earth_to_Mars,Direct_Earth_to_Mars,0.82499999999999996,0.82499999999999996,0,168960,168960,0,377.36046968529274,377.36046968529274,0,35,35,0,0,0,0
185,1000184,Direct_Background_16,Direct_Earth_to_Mars,Direct_Earth_to_Mars,0.82499999999999996,0.82499999999999996,0,168960,168960,0,377.36046968529274,377.36046968529274,0,35,35,0,0,0,0
185,1000184,Direct_Pointing_25pct_Power,Direct_Earth_to_Mars,Direct_Earth_to_Mars,0.82499999999999996,0.82499999999999996,0,168960,168960,0,377.36046968529274,377.36046968529274,0,35,35,0,0,0,0
185,1000184,Direct_Combined_25pctPower_BG16,Direct_Earth_to_Mars,Direct_Earth_to_Mars,0.82499999999999996,0.82499999999999996,0,168960,168960,0,377.36046968529274,377.36046968529274,0,35,35,0,0,0,0
186,1000185,Control,Direct_Earth_to_Mars,Direct_Earth_to_Mars,0.81000000000000005,0.81000000000000005,0,165888,165888,0,1201.066336379243,1201.066336379243,0,38,38,0,0,0,0
186,1000185,Direct_Background_16,Direct_Earth_to_Mars,Direct_Earth_to_Mars,0.81000000000000005,0.81000000000000005,0,165888,165888,0,1201.066336379243,1201.066336379243,0,38,38,0,0,0,0
186,1000185,Direct_Pointing_25pct_Power,Direct_Earth_to_Mars,Earth_Relay2_Mars,0,0.68000000000000005,0.68000000000000005,0,139264,139264,0,1267.5758665154272,1267.5758665154272,38,64,26,162,0,-162
186,1000185,Direct_Combined_25pctPower_BG16,Direct_Earth_to_Mars,Earth_Relay2_Mars,0,0.68000000000000005,0.68000000000000005,0,139264,139264,0,1267.5758665154272,1267.5758665154272,38,64,26,162,0,-162
187,1000186,Control,Direct_Earth_to_Mars,Direct_Earth_to_Mars,0.80500000000000005,0.80500000000000005,0,164864,164864,0,800.54080980271112,800.54080980271112,0,39,39,0,0,0,0
187,1000186,Direct_Background_16,Direct_Earth_to_Mars,Direct_Earth_to_Mars,0.80500000000000005,0.80500000000000005,0,164864,164864,0,800.54080980271112,800.54080980271112,0,39,39,0,0,0,0
187,1000186,Direct_Pointing_25pct_Power,Direct_Earth_to_Mars,Direct_Earth_to_Mars,0.80500000000000005,0.80500000000000005,0,164864,164864,0,800.54080980271112,800.54080980271112,0,39,39,0,0,0,0
187,1000186,Direct_Combined_25pctPower_BG16,Direct_Earth_to_Mars,Earth_Relay2_Mars,0,0.73499999999999999,0.73499999999999999,0,150528,150528,0,866.4544323398303,866.4544323398303,39,53,14,161,0,-161
188,1000187,Control,Direct_Earth_to_Mars,Direct_Earth_to_Mars,0.87,0.87,0,178176,178176,0,1198.5891705805263,1198.5891705805263,0,26,26,0,0,0,0
188,1000187,Direct_Background_16,Direct_Earth_to_Mars,Direct_Earth_to_Mars,0.87,0.87,0,178176,178176,0,1198.5891705805263,1198.5891705805263,0,26,26,0,0,0,0
188,1000187,Direct_Pointing_25pct_Power,Direct_Earth_to_Mars,Earth_Relay2_Mars,0,0.71999999999999997,0.71999999999999997,0,147456,147456,0,1265.0955105831408,1265.0955105831408,26,56,30,174,0,-174
188,1000187,Direct_Combined_25pctPower_BG16,Direct_Earth_to_Mars,Earth_Relay2_Mars,0,0.71999999999999997,0.71999999999999997,0,147456,147456,0,1265.0955105831408,1265.0955105831408,26,56,30,174,0,-174
189,1000188,Control,Direct_Earth_to_Mars,Direct_Earth_to_Mars,0.87,0.87,0,178176,178176,0,595.73407715736971,595.73407715736971,0,26,26,0,0,0,0
189,1000188,Direct_Background_16,Direct_Earth_to_Mars,Direct_Earth_to_Mars,0.87,0.87,0,178176,178176,0,595.73407715736971,595.73407715736971,0,26,26,0,0,0,0
189,1000188,Direct_Pointing_25pct_Power,Direct_Earth_to_Mars,Direct_Earth_to_Mars,0.87,0.87,0,178176,178176,0,595.73407715736971,595.73407715736971,0,26,26,0,0,0,0
189,1000188,Direct_Combined_25pctPower_BG16,Direct_Earth_to_Mars,Direct_Earth_to_Mars,0.87,0.87,0,178176,178176,0,595.73407715736971,595.73407715736971,0,26,26,0,0,0,0
190,1000189,Control,Direct_Earth_to_Mars,Direct_Earth_to_Mars,0.89000000000000001,0.89000000000000001,0,182272,182272,0,1011.5749244335483,1011.5749244335483,0,22,22,0,0,0,0
190,1000189,Direct_Background_16,Direct_Earth_to_Mars,Direct_Earth_to_Mars,0.89000000000000001,0.89000000000000001,0,182272,182272,0,1011.5749244335483,1011.5749244335483,0,22,22,0,0,0,0
190,1000189,Direct_Pointing_25pct_Power,Direct_Earth_to_Mars,Earth_Relay2_Mars,0,0.78000000000000003,0.78000000000000003,0,159744,159744,0,1077.7696430613291,1077.7696430613291,22,44,22,178,0,-178
190,1000189,Direct_Combined_25pctPower_BG16,Direct_Earth_to_Mars,Earth_Relay2_Mars,0,0.78000000000000003,0.78000000000000003,0,159744,159744,0,1077.7696430613291,1077.7696430613291,22,44,22,178,0,-178
191,1000190,Control,Direct_Earth_to_Mars,Direct_Earth_to_Mars,0.92500000000000004,0.92500000000000004,0,189440,189440,0,997.32908361831073,997.32908361831073,0,15,15,0,0,0,0
191,1000190,Direct_Background_16,Direct_Earth_to_Mars,Direct_Earth_to_Mars,0.92500000000000004,0.92500000000000004,0,189440,189440,0,997.32908361831073,997.32908361831073,0,15,15,0,0,0,0
191,1000190,Direct_Pointing_25pct_Power,Direct_Earth_to_Mars,Earth_Relay2_Mars,0,0.85999999999999999,0.85999999999999999,0,176128,176128,0,1063.5094825470376,1063.5094825470376,15,28,13,185,0,-185
191,1000190,Direct_Combined_25pctPower_BG16,Direct_Earth_to_Mars,Earth_Relay2_Mars,0,0.85999999999999999,0.85999999999999999,0,176128,176128,0,1063.5094825470376,1063.5094825470376,15,28,13,185,0,-185
192,1000191,Control,Direct_Earth_to_Mars,Direct_Earth_to_Mars,0.79000000000000004,0.79000000000000004,0,161792,161792,0,407.21222406398891,407.21222406398891,0,42,42,0,0,0,0
192,1000191,Direct_Background_16,Direct_Earth_to_Mars,Direct_Earth_to_Mars,0.79000000000000004,0.79000000000000004,0,161792,161792,0,407.21222406398891,407.21222406398891,0,42,42,0,0,0,0
192,1000191,Direct_Pointing_25pct_Power,Direct_Earth_to_Mars,Direct_Earth_to_Mars,0.79000000000000004,0.79000000000000004,0,161792,161792,0,407.21222406398891,407.21222406398891,0,42,42,0,0,0,0
192,1000191,Direct_Combined_25pctPower_BG16,Direct_Earth_to_Mars,Direct_Earth_to_Mars,0.79000000000000004,0.79000000000000004,0,161792,161792,0,407.21222406398891,407.21222406398891,0,42,42,0,0,0,0
193,1000192,Control,Direct_Earth_to_Mars,Direct_Earth_to_Mars,0.92000000000000004,0.92000000000000004,0,188416,188416,0,524.91164140623107,524.91164140623107,0,16,16,0,0,0,0
193,1000192,Direct_Background_16,Direct_Earth_to_Mars,Direct_Earth_to_Mars,0.92000000000000004,0.92000000000000004,0,188416,188416,0,524.91164140623107,524.91164140623107,0,16,16,0,0,0,0
193,1000192,Direct_Pointing_25pct_Power,Direct_Earth_to_Mars,Direct_Earth_to_Mars,0.92000000000000004,0.92000000000000004,0,188416,188416,0,524.91164140623107,524.91164140623107,0,16,16,0,0,0,0
193,1000192,Direct_Combined_25pctPower_BG16,Direct_Earth_to_Mars,Direct_Earth_to_Mars,0.92000000000000004,0.92000000000000004,0,188416,188416,0,524.91164140623107,524.91164140623107,0,16,16,0,0,0,0
194,1000193,Control,Direct_Earth_to_Mars,Direct_Earth_to_Mars,0.80500000000000005,0.80500000000000005,0,164864,164864,0,1232.2317562027042,1232.2317562027042,0,39,39,0,0,0,0
194,1000193,Direct_Background_16,Direct_Earth_to_Mars,Direct_Earth_to_Mars,0.80000000000000004,0.80000000000000004,0,163840,163840,0,1232.2317562027042,1232.2317562027042,0,39,39,0,1,1,0
194,1000193,Direct_Pointing_25pct_Power,Direct_Earth_to_Mars,Earth_Relay2_Mars,0,0.68999999999999995,0.68999999999999995,0,141312,141312,0,1298.7801974252532,1298.7801974252532,39,62,23,161,0,-161
194,1000193,Direct_Combined_25pctPower_BG16,Direct_Earth_to_Mars,Earth_Relay2_Mars,0,0.68999999999999995,0.68999999999999995,0,141312,141312,0,1298.7801974252532,1298.7801974252532,39,62,23,161,0,-161
195,1000194,Control,Direct_Earth_to_Mars,Direct_Earth_to_Mars,0.88500000000000001,0.88500000000000001,0,181248,181248,0,1044.1611236520982,1044.1611236520982,0,23,23,0,0,0,0
195,1000194,Direct_Background_16,Direct_Earth_to_Mars,Direct_Earth_to_Mars,0.88500000000000001,0.88500000000000001,0,181248,181248,0,1044.1611236520982,1044.1611236520982,0,23,23,0,0,0,0
195,1000194,Direct_Pointing_25pct_Power,Direct_Earth_to_Mars,Earth_Relay2_Mars,0,0.78000000000000003,0.78000000000000003,0,159744,159744,0,1110.4436314501691,1110.4436314501691,23,44,21,177,0,-177
195,1000194,Direct_Combined_25pctPower_BG16,Direct_Earth_to_Mars,Earth_Relay2_Mars,0,0.78000000000000003,0.78000000000000003,0,159744,159744,0,1110.4436314501691,1110.4436314501691,23,44,21,177,0,-177
196,1000195,Control,Direct_Earth_to_Mars,Direct_Earth_to_Mars,0.95499999999999996,0.95499999999999996,0,195584,195584,0,1006.8518635637282,1006.8518635637282,0,9,9,0,0,0,0
196,1000195,Direct_Background_16,Direct_Earth_to_Mars,Direct_Earth_to_Mars,0.95499999999999996,0.95499999999999996,0,195584,195584,0,1006.8518635637282,1006.8518635637282,0,9,9,0,0,0,0
196,1000195,Direct_Pointing_25pct_Power,Direct_Earth_to_Mars,Earth_Relay2_Mars,0,0.92000000000000004,0.92000000000000004,0,188416,188416,0,1073.0418039228248,1073.0418039228248,9,16,7,191,0,-191
196,1000195,Direct_Combined_25pctPower_BG16,Direct_Earth_to_Mars,Earth_Relay2_Mars,0,0.92000000000000004,0.92000000000000004,0,188416,188416,0,1073.0418039228248,1073.0418039228248,9,16,7,191,0,-191
197,1000196,Control,Direct_Earth_to_Mars,Direct_Earth_to_Mars,0.91000000000000003,0.91000000000000003,0,186368,186368,0,1242.2486301879753,1242.2486301879753,0,18,18,0,0,0,0
197,1000196,Direct_Background_16,Direct_Earth_to_Mars,Direct_Earth_to_Mars,0.91000000000000003,0.91000000000000003,0,186368,186368,0,1242.2486301879753,1242.2486301879753,0,18,18,0,0,0,0
197,1000196,Direct_Pointing_25pct_Power,Direct_Earth_to_Mars,Earth_Relay2_Mars,0,0.80500000000000005,0.80500000000000005,0,164864,164864,0,1308.710590827008,1308.710590827008,18,39,21,182,0,-182
197,1000196,Direct_Combined_25pctPower_BG16,Direct_Earth_to_Mars,Earth_Relay2_Mars,0,0.80500000000000005,0.80500000000000005,0,164864,164864,0,1308.710590827008,1308.710590827008,18,39,21,182,0,-182
198,1000197,Control,Direct_Earth_to_Mars,Direct_Earth_to_Mars,0.80500000000000005,0.80500000000000005,0,164864,164864,0,930.53907908529595,930.53907908529595,0,39,39,0,0,0,0
198,1000197,Direct_Background_16,Direct_Earth_to_Mars,Direct_Earth_to_Mars,0.80500000000000005,0.80500000000000005,0,164864,164864,0,930.53907908529595,930.53907908529595,0,39,39,0,0,0,0
198,1000197,Direct_Pointing_25pct_Power,Direct_Earth_to_Mars,Direct_Earth_to_Mars,0.47999999999999998,0.47999999999999998,0,98304,98304,0,930.53907908529766,930.53907908529766,0,39,39,0,65,65,0
198,1000197,Direct_Combined_25pctPower_BG16,Direct_Earth_to_Mars,Earth_Relay2_Mars,0,0.66000000000000003,0.66000000000000003,0,135168,135168,0,996.62924844305894,996.62924844305894,39,68,29,161,0,-161
199,1000198,Control,Direct_Earth_to_Mars,Direct_Earth_to_Mars,0.95999999999999996,0.95999999999999996,0,196608,196608,0,694.81419465086844,694.81419465086844,0,8,8,0,0,0,0
199,1000198,Direct_Background_16,Direct_Earth_to_Mars,Direct_Earth_to_Mars,0.95999999999999996,0.95999999999999996,0,196608,196608,0,694.81419465086844,694.81419465086844,0,8,8,0,0,0,0
199,1000198,Direct_Pointing_25pct_Power,Direct_Earth_to_Mars,Direct_Earth_to_Mars,0.95999999999999996,0.95999999999999996,0,196608,196608,0,694.81419465086844,694.81419465086844,0,8,8,0,0,0,0
199,1000198,Direct_Combined_25pctPower_BG16,Direct_Earth_to_Mars,Direct_Earth_to_Mars,0.93500000000000005,0.93500000000000005,0,191488,191488,0,694.81419465086856,694.81419465086856,0,8,8,0,5,5,0
200,1000199,Control,Direct_Earth_to_Mars,Direct_Earth_to_Mars,0.98999999999999999,0.98999999999999999,0,202752,202752,0,1293.391775352495,1293.391775352495,0,2,2,0,0,0,0
200,1000199,Direct_Background_16,Direct_Earth_to_Mars,Direct_Earth_to_Mars,0.98499999999999999,0.98499999999999999,0,201728,201728,0,1293.391775352495,1293.391775352495,0,2,2,0,1,1,0
200,1000199,Direct_Pointing_25pct_Power,Direct_Earth_to_Mars,Earth_Relay2_Mars,0,0.98499999999999999,0.98499999999999999,0,201728,201728,0,1359.9232704089075,1359.9232704089075,2,3,1,198,0,-198
200,1000199,Direct_Combined_25pctPower_BG16,Direct_Earth_to_Mars,Earth_Relay2_Mars,0,0.98499999999999999,0.98499999999999999,0,201728,201728,0,1359.9232704089075,1359.9232704089075,2,3,1,198,0,-198
201,1000200,Control,Direct_Earth_to_Mars,Direct_Earth_to_Mars,0.94999999999999996,0.94999999999999996,0,194560,194560,0,1006.7670866669293,1006.7670866669293,0,10,10,0,0,0,0
201,1000200,Direct_Background_16,Direct_Earth_to_Mars,Direct_Earth_to_Mars,0.94999999999999996,0.94999999999999996,0,194560,194560,0,1006.7670866669293,1006.7670866669293,0,10,10,0,0,0,0
201,1000200,Direct_Pointing_25pct_Power,Direct_Earth_to_Mars,Earth_Relay2_Mars,0,0.85999999999999999,0.85999999999999999,0,176128,176128,0,1072.988971204478,1072.988971204478,10,28,18,190,0,-190
201,1000200,Direct_Combined_25pctPower_BG16,Direct_Earth_to_Mars,Earth_Relay2_Mars,0,0.85999999999999999,0.85999999999999999,0,176128,176128,0,1072.988971204478,1072.988971204478,10,28,18,190,0,-190
202,1000201,Control,Direct_Earth_to_Mars,Direct_Earth_to_Mars,0.86499999999999999,0.86499999999999999,0,177152,177152,0,1193.2360827399152,1193.2360827399152,0,27,27,0,0,0,0
202,1000201,Direct_Background_16,Direct_Earth_to_Mars,Direct_Earth_to_Mars,0.85999999999999999,0.85999999999999999,0,176128,176128,0,1193.2360827399152,1193.2360827399152,0,27,27,0,1,1,0
202,1000201,Direct_Pointing_25pct_Power,Direct_Earth_to_Mars,Earth_Relay2_Mars,0,0.78500000000000003,0.78500000000000003,0,160768,160768,0,1259.7354816685554,1259.7354816685554,27,43,16,173,0,-173
202,1000201,Direct_Combined_25pctPower_BG16,Direct_Earth_to_Mars,Earth_Relay2_Mars,0,0.78500000000000003,0.78500000000000003,0,160768,160768,0,1259.7354816685554,1259.7354816685554,27,43,16,173,0,-173
203,1000202,Control,Direct_Earth_to_Mars,Direct_Earth_to_Mars,0.95999999999999996,0.95999999999999996,0,196608,196608,0,734.67166128945337,734.67166128945337,0,8,8,0,0,0,0
203,1000202,Direct_Background_16,Direct_Earth_to_Mars,Direct_Earth_to_Mars,0.95999999999999996,0.95999999999999996,0,196608,196608,0,734.67166128945337,734.67166128945337,0,8,8,0,0,0,0
203,1000202,Direct_Pointing_25pct_Power,Direct_Earth_to_Mars,Direct_Earth_to_Mars,0.95999999999999996,0.95999999999999996,0,196608,196608,0,734.67166128945337,734.67166128945337,0,8,8,0,0,0,0
203,1000202,Direct_Combined_25pctPower_BG16,Direct_Earth_to_Mars,Earth_Relay2_Mars,0.23999999999999999,0.93000000000000005,0.69000000000000006,49152,190464,141312,734.67166128945246,800.49934669985407,65.827685410401614,8,14,6,144,0,-144
204,1000203,Control,Direct_Earth_to_Mars,Direct_Earth_to_Mars,0.81499999999999995,0.81499999999999995,0,166912,166912,0,1327.1557530038119,1327.1557530038119,0,37,37,0,0,0,0
204,1000203,Direct_Background_16,Direct_Earth_to_Mars,Direct_Earth_to_Mars,0.80500000000000005,0.80500000000000005,0,164864,164864,0,1327.1557530038119,1327.1557530038119,0,37,37,0,2,2,0
204,1000203,Direct_Pointing_25pct_Power,Direct_Earth_to_Mars,Earth_Relay2_Mars,0,0.65500000000000003,0.65500000000000003,0,134144,134144,0,1393.8051055579376,1393.8051055579376,37,69,32,163,0,-163
204,1000203,Direct_Combined_25pctPower_BG16,Direct_Earth_to_Mars,Earth_Relay2_Mars,0,0.65500000000000003,0.65500000000000003,0,134144,134144,0,1393.8051055579376,1393.8051055579376,37,69,32,163,0,-163
205,1000204,Control,Direct_Earth_to_Mars,Direct_Earth_to_Mars,0.89500000000000002,0.89500000000000002,0,183296,183296,0,510.20245063539193,510.20245063539193,0,21,21,0,0,0,0
205,1000204,Direct_Background_16,Direct_Earth_to_Mars,Direct_Earth_to_Mars,0.89500000000000002,0.89500000000000002,0,183296,183296,0,510.20245063539193,510.20245063539193,0,21,21,0,0,0,0
205,1000204,Direct_Pointing_25pct_Power,Direct_Earth_to_Mars,Direct_Earth_to_Mars,0.89500000000000002,0.89500000000000002,0,183296,183296,0,510.20245063539193,510.20245063539193,0,21,21,0,0,0,0
205,1000204,Direct_Combined_25pctPower_BG16,Direct_Earth_to_Mars,Direct_Earth_to_Mars,0.89500000000000002,0.89500000000000002,0,183296,183296,0,510.20245063539193,510.20245063539193,0,21,21,0,0,0,0
206,1000205,Control,Direct_Earth_to_Mars,Direct_Earth_to_Mars,0.83999999999999997,0.83999999999999997,0,172032,172032,0,1281.6009737812567,1281.6009737812567,0,32,32,0,0,0,0
206,1000205,Direct_Background_16,Direct_Earth_to_Mars,Direct_Earth_to_Mars,0.83999999999999997,0.83999999999999997,0,172032,172032,0,1281.6009737812567,1281.6009737812567,0,32,32,0,0,0,0
206,1000205,Direct_Pointing_25pct_Power,Direct_Earth_to_Mars,Earth_Relay2_Mars,0,0.63500000000000001,0.63500000000000001,0,130048,130048,0,1348.2058863840737,1348.2058863840737,32,73,41,168,0,-168
206,1000205,Direct_Combined_25pctPower_BG16,Direct_Earth_to_Mars,Earth_Relay2_Mars,0,0.63500000000000001,0.63500000000000001,0,130048,130048,0,1348.2058863840737,1348.2058863840737,32,73,41,168,0,-168
207,1000206,Control,Direct_Earth_to_Mars,Direct_Earth_to_Mars,0.94499999999999995,0.94499999999999995,0,193536,193536,0,983.64765075119851,983.64765075119851,0,11,11,0,0,0,0
207,1000206,Direct_Background_16,Direct_Earth_to_Mars,Direct_Earth_to_Mars,0.94499999999999995,0.94499999999999995,0,193536,193536,0,983.64765075119851,983.64765075119851,0,11,11,0,0,0,0
207,1000206,Direct_Pointing_25pct_Power,Direct_Earth_to_Mars,Earth_Relay2_Mars,0,0.84999999999999998,0.84999999999999998,0,174080,174080,0,1049.8098713490174,1049.8098713490174,11,30,19,189,0,-189
207,1000206,Direct_Combined_25pctPower_BG16,Direct_Earth_to_Mars,Earth_Relay2_Mars,0,0.84999999999999998,0.84999999999999998,0,174080,174080,0,1049.8098713490174,1049.8098713490174,11,30,19,189,0,-189
208,1000207,Control,Direct_Earth_to_Mars,Direct_Earth_to_Mars,0.81999999999999995,0.81999999999999995,0,167936,167936,0,1016.5991116581689,1016.5991116581689,0,36,36,0,0,0,0
208,1000207,Direct_Background_16,Direct_Earth_to_Mars,Direct_Earth_to_Mars,0.81999999999999995,0.81999999999999995,0,167936,167936,0,1016.5991116581689,1016.5991116581689,0,36,36,0,0,0,0
208,1000207,Direct_Pointing_25pct_Power,Direct_Earth_to_Mars,Earth_Relay2_Mars,0,0.69499999999999995,0.69499999999999995,0,142336,142336,0,1082.8371308749877,1082.8371308749877,36,61,25,164,0,-164
208,1000207,Direct_Combined_25pctPower_BG16,Direct_Earth_to_Mars,Earth_Relay2_Mars,0,0.69499999999999995,0.69499999999999995,0,142336,142336,0,1082.8371308749877,1082.8371308749877,36,61,25,164,0,-164
209,1000208,Control,Direct_Earth_to_Mars,Direct_Earth_to_Mars,0.90000000000000002,0.90000000000000002,0,184320,184320,0,1180.9106472427684,1180.9106472427684,0,20,20,0,0,0,0
209,1000208,Direct_Background_16,Direct_Earth_to_Mars,Direct_Earth_to_Mars,0.90000000000000002,0.90000000000000002,0,184320,184320,0,1180.9106472427684,1180.9106472427684,0,20,20,0,0,0,0
209,1000208,Direct_Pointing_25pct_Power,Direct_Earth_to_Mars,Earth_Relay2_Mars,0,0.79000000000000004,0.79000000000000004,0,161792,161792,0,1247.3938222649938,1247.3938222649938,20,42,22,180,0,-180
209,1000208,Direct_Combined_25pctPower_BG16,Direct_Earth_to_Mars,Earth_Relay2_Mars,0,0.79000000000000004,0.79000000000000004,0,161792,161792,0,1247.3938222649938,1247.3938222649938,20,42,22,180,0,-180
210,1000209,Control,Direct_Earth_to_Mars,Direct_Earth_to_Mars,0.96499999999999997,0.96499999999999997,0,197632,197632,0,1252.9228964405852,1252.9228964405852,0,7,7,0,0,0,0
210,1000209,Direct_Background_16,Direct_Earth_to_Mars,Direct_Earth_to_Mars,0.95999999999999996,0.95999999999999996,0,196608,196608,0,1252.9228964405854,1252.9228964405854,0,7,7,0,1,1,0
210,1000209,Direct_Pointing_25pct_Power,Direct_Earth_to_Mars,Earth_Relay2_Mars,0,0.95499999999999996,0.95499999999999996,0,195584,195584,0,1319.4958405734219,1319.4958405734219,7,9,2,193,0,-193
210,1000209,Direct_Combined_25pctPower_BG16,Direct_Earth_to_Mars,Earth_Relay2_Mars,0,0.95499999999999996,0.95499999999999996,0,195584,195584,0,1319.4958405734219,1319.4958405734219,7,9,2,193,0,-193
211,1000210,Control,Direct_Earth_to_Mars,Direct_Earth_to_Mars,0.95499999999999996,0.95499999999999996,0,195584,195584,0,1342.2213204463483,1342.2213204463483,0,9,9,0,0,0,0
211,1000210,Direct_Background_16,Direct_Earth_to_Mars,Direct_Earth_to_Mars,0.91000000000000003,0.91000000000000003,0,186368,186368,0,1342.2213204463483,1342.2213204463483,0,9,9,0,9,9,0
211,1000210,Direct_Pointing_25pct_Power,Direct_Earth_to_Mars,Earth_Relay2_Mars,0,0.90000000000000002,0.90000000000000002,0,184320,184320,0,1408.827231650904,1408.827231650904,9,20,11,191,0,-191
211,1000210,Direct_Combined_25pctPower_BG16,Direct_Earth_to_Mars,Earth_Relay2_Mars,0,0.90000000000000002,0.90000000000000002,0,184320,184320,0,1408.827231650904,1408.827231650904,9,20,11,191,0,-191
212,1000211,Control,Direct_Earth_to_Mars,Direct_Earth_to_Mars,0.85499999999999998,0.85499999999999998,0,175104,175104,0,1346.5855658889132,1346.5855658889132,0,29,29,0,0,0,0
212,1000211,Direct_Background_16,Direct_Earth_to_Mars,Direct_Earth_to_Mars,0.78000000000000003,0.78000000000000003,0,159744,159744,0,1346.5855658889138,1346.5855658889138,0,29,29,0,15,15,0
212,1000211,Direct_Pointing_25pct_Power,Direct_Earth_to_Mars,Earth_Relay2_Mars,0,0.70499999999999996,0.70499999999999996,0,144384,144384,0,1413.1989841129682,1413.1989841129682,29,59,30,171,0,-171
212,1000211,Direct_Combined_25pctPower_BG16,Direct_Earth_to_Mars,Earth_Relay2_Mars,0,0.70499999999999996,0.70499999999999996,0,144384,144384,0,1413.1989841129682,1413.1989841129682,29,59,30,171,0,-171
213,1000212,Control,Direct_Earth_to_Mars,Direct_Earth_to_Mars,0.93999999999999995,0.93999999999999995,0,192512,192512,0,554.53289940377999,554.53289940377999,0,12,12,0,0,0,0
213,1000212,Direct_Background_16,Direct_Earth_to_Mars,Direct_Earth_to_Mars,0.93999999999999995,0.93999999999999995,0,192512,192512,0,554.53289940377999,554.53289940377999,0,12,12,0,0,0,0
213,1000212,Direct_Pointing_25pct_Power,Direct_Earth_to_Mars,Direct_Earth_to_Mars,0.93999999999999995,0.93999999999999995,0,192512,192512,0,554.53289940377999,554.53289940377999,0,12,12,0,0,0,0
213,1000212,Direct_Combined_25pctPower_BG16,Direct_Earth_to_Mars,Direct_Earth_to_Mars,0.93999999999999995,0.93999999999999995,0,192512,192512,0,554.53289940377999,554.53289940377999,0,12,12,0,0,0,0
214,1000213,Control,Direct_Earth_to_Mars,Direct_Earth_to_Mars,0.89500000000000002,0.89500000000000002,0,183296,183296,0,1367.9088827994342,1367.9088827994342,0,21,21,0,0,0,0
214,1000213,Direct_Background_16,Direct_Earth_to_Mars,Direct_Earth_to_Mars,0.64500000000000002,0.64500000000000002,0,132096,132096,0,1367.9088827994312,1367.9088827994312,0,21,21,0,50,50,0
214,1000213,Direct_Pointing_25pct_Power,Direct_Earth_to_Mars,Earth_Relay2_Mars,0,0.82999999999999996,0.82999999999999996,0,169984,169984,0,1434.5730389660537,1434.5730389660537,21,34,13,179,0,-179
214,1000213,Direct_Combined_25pctPower_BG16,Direct_Earth_to_Mars,Earth_Relay2_Mars,0,0.82999999999999996,0.82999999999999996,0,169984,169984,0,1434.5730389660537,1434.5730389660537,21,34,13,179,0,-179
215,1000214,Control,Direct_Earth_to_Mars,Direct_Earth_to_Mars,0.91000000000000003,0.91000000000000003,0,186368,186368,0,1366.8149690042478,1366.8149690042478,0,18,18,0,0,0,0
215,1000214,Direct_Background_16,Direct_Earth_to_Mars,Direct_Earth_to_Mars,0.82999999999999996,0.82999999999999996,0,169984,169984,0,1366.8149690042478,1366.8149690042478,0,18,18,0,16,16,0
215,1000214,Direct_Pointing_25pct_Power,Direct_Earth_to_Mars,Earth_Relay2_Mars,0,0.81499999999999995,0.81499999999999995,0,166912,166912,0,1433.4719993156052,1433.4719993156052,18,37,19,182,0,-182
215,1000214,Direct_Combined_25pctPower_BG16,Direct_Earth_to_Mars,Earth_Relay2_Mars,0,0.81499999999999995,0.81499999999999995,0,166912,166912,0,1433.4719993156052,1433.4719993156052,18,37,19,182,0,-182
216,1000215,Control,Direct_Earth_to_Mars,Direct_Earth_to_Mars,0.84499999999999997,0.84499999999999997,0,173056,173056,0,348.76167337060917,348.76167337060917,0,31,31,0,0,0,0
216,1000215,Direct_Background_16,Direct_Earth_to_Mars,Direct_Earth_to_Mars,0.84499999999999997,0.84499999999999997,0,173056,173056,0,348.76167337060917,348.76167337060917,0,31,31,0,0,0,0
216,1000215,Direct_Pointing_25pct_Power,Direct_Earth_to_Mars,Direct_Earth_to_Mars,0.84499999999999997,0.84499999999999997,0,173056,173056,0,348.76167337060917,348.76167337060917,0,31,31,0,0,0,0
216,1000215,Direct_Combined_25pctPower_BG16,Direct_Earth_to_Mars,Direct_Earth_to_Mars,0.84499999999999997,0.84499999999999997,0,173056,173056,0,348.76167337060917,348.76167337060917,0,31,31,0,0,0,0
217,1000216,Control,Direct_Earth_to_Mars,Direct_Earth_to_Mars,0.875,0.875,0,179200,179200,0,1356.9183862864095,1356.9183862864095,0,25,25,0,0,0,0
217,1000216,Direct_Background_16,Direct_Earth_to_Mars,Direct_Earth_to_Mars,0.80500000000000005,0.80500000000000005,0,164864,164864,0,1356.918386286409,1356.918386286409,0,25,25,0,14,14,0
217,1000216,Direct_Pointing_25pct_Power,Direct_Earth_to_Mars,Earth_Relay2_Mars,0,0.75,0.75,0,153600,153600,0,1423.5510163886865,1423.5510163886865,25,50,25,175,0,-175
217,1000216,Direct_Combined_25pctPower_BG16,Direct_Earth_to_Mars,Earth_Relay2_Mars,0,0.75,0.75,0,153600,153600,0,1423.5510163886865,1423.5510163886865,25,50,25,175,0,-175
218,1000217,Control,Direct_Earth_to_Mars,Direct_Earth_to_Mars,0.85999999999999999,0.85999999999999999,0,176128,176128,0,795.02163669365382,795.02163669365382,0,28,28,0,0,0,0
218,1000217,Direct_Background_16,Direct_Earth_to_Mars,Direct_Earth_to_Mars,0.85999999999999999,0.85999999999999999,0,176128,176128,0,795.02163669365382,795.02163669365382,0,28,28,0,0,0,0
218,1000217,Direct_Pointing_25pct_Power,Direct_Earth_to_Mars,Direct_Earth_to_Mars,0.85999999999999999,0.85999999999999999,0,176128,176128,0,795.02163669365382,795.02163669365382,0,28,28,0,0,0,0
218,1000217,Direct_Combined_25pctPower_BG16,Direct_Earth_to_Mars,Earth_Relay0_Mars,0,0.745,0.745,0,152576,152576,0,954.93775003607072,954.93775003607072,28,51,23,172,0,-172
219,1000218,Control,Direct_Earth_to_Mars,Direct_Earth_to_Mars,0.88,0.88,0,180224,180224,0,315.71134695249248,315.71134695249248,0,24,24,0,0,0,0
219,1000218,Direct_Background_16,Direct_Earth_to_Mars,Direct_Earth_to_Mars,0.88,0.88,0,180224,180224,0,315.71134695249248,315.71134695249248,0,24,24,0,0,0,0
219,1000218,Direct_Pointing_25pct_Power,Direct_Earth_to_Mars,Direct_Earth_to_Mars,0.88,0.88,0,180224,180224,0,315.71134695249248,315.71134695249248,0,24,24,0,0,0,0
219,1000218,Direct_Combined_25pctPower_BG16,Direct_Earth_to_Mars,Direct_Earth_to_Mars,0.88,0.88,0,180224,180224,0,315.71134695249248,315.71134695249248,0,24,24,0,0,0,0
220,1000219,Control,Direct_Earth_to_Mars,Direct_Earth_to_Mars,0.89500000000000002,0.89500000000000002,0,183296,183296,0,949.83574929606334,949.83574929606334,0,21,21,0,0,0,0
220,1000219,Direct_Background_16,Direct_Earth_to_Mars,Direct_Earth_to_Mars,0.89500000000000002,0.89500000000000002,0,183296,183296,0,949.83574929606334,949.83574929606334,0,21,21,0,0,0,0
220,1000219,Direct_Pointing_25pct_Power,Direct_Earth_to_Mars,Earth_Relay0_Mars,0,0.84499999999999997,0.84499999999999997,0,173056,173056,0,1131.2742318159242,1131.2742318159242,21,31,10,179,0,-179
220,1000219,Direct_Combined_25pctPower_BG16,Direct_Earth_to_Mars,Earth_Relay0_Mars,0,0.84499999999999997,0.84499999999999997,0,173056,173056,0,1131.2742318159242,1131.2742318159242,21,31,10,179,0,-179
221,1000220,Control,Direct_Earth_to_Mars,Direct_Earth_to_Mars,0.94499999999999995,0.94499999999999995,0,193536,193536,0,1362.1182545280085,1362.1182545280085,0,11,11,0,0,0,0
221,1000220,Direct_Background_16,Direct_Earth_to_Mars,Direct_Earth_to_Mars,0.87,0.87,0,178176,178176,0,1362.1182545280092,1362.1182545280092,0,11,11,0,15,15,0
221,1000220,Direct_Pointing_25pct_Power,Direct_Earth_to_Mars,Earth_Relay1_Mars,0,0,0,0,0,0,0,0,0,11,24,13,189,0,-189
221,1000220,Direct_Combined_25pctPower_BG16,Direct_Earth_to_Mars,Earth_Relay1_Mars,0,0,0,0,0,0,0,0,0,11,24,13,189,0,-189
222,1000221,Control,Direct_Earth_to_Mars,Direct_Earth_to_Mars,0.93999999999999995,0.93999999999999995,0,192512,192512,0,753.07997927450913,753.07997927450913,0,12,12,0,0,0,0
222,1000221,Direct_Background_16,Direct_Earth_to_Mars,Direct_Earth_to_Mars,0.93999999999999995,0.93999999999999995,0,192512,192512,0,753.07997927450913,753.07997927450913,0,12,12,0,0,0,0
222,1000221,Direct_Pointing_25pct_Power,Direct_Earth_to_Mars,Direct_Earth_to_Mars,0.93999999999999995,0.93999999999999995,0,192512,192512,0,753.07997927450913,753.07997927450913,0,12,12,0,0,0,0
222,1000221,Direct_Combined_25pctPower_BG16,Direct_Earth_to_Mars,Direct_Earth_to_Mars,0.44500000000000001,0.44500000000000001,0,91136,91136,0,753.07997927450913,753.07997927450913,0,12,12,0,99,99,0
223,1000222,Control,Direct_Earth_to_Mars,Direct_Earth_to_Mars,0.88,0.88,0,180224,180224,0,1103.950772602713,1103.950772602713,0,24,24,0,0,0,0
223,1000222,Direct_Background_16,Direct_Earth_to_Mars,Direct_Earth_to_Mars,0.88,0.88,0,180224,180224,0,1103.950772602713,1103.950772602713,0,24,24,0,0,0,0
223,1000222,Direct_Pointing_25pct_Power,Direct_Earth_to_Mars,Earth_Relay2_Mars,0,0.79500000000000004,0.79500000000000004,0,162816,162816,0,1170.244683808115,1170.244683808115,24,41,17,176,0,-176
223,1000222,Direct_Combined_25pctPower_BG16,Direct_Earth_to_Mars,Earth_Relay2_Mars,0,0.79500000000000004,0.79500000000000004,0,162816,162816,0,1170.244683808115,1170.244683808115,24,41,17,176,0,-176
224,1000223,Control,Direct_Earth_to_Mars,Direct_Earth_to_Mars,0.92500000000000004,0.92500000000000004,0,189440,189440,0,1036.4099039166194,1036.4099039166194,0,15,15,0,0,0,0
224,1000223,Direct_Background_16,Direct_Earth_to_Mars,Direct_Earth_to_Mars,0.92500000000000004,0.92500000000000004,0,189440,189440,0,1036.4099039166194,1036.4099039166194,0,15,15,0,0,0,0
224,1000223,Direct_Pointing_25pct_Power,Direct_Earth_to_Mars,Earth_Relay2_Mars,0,0.85999999999999999,0.85999999999999999,0,176128,176128,0,1102.6800171307791,1102.6800171307791,15,28,13,185,0,-185
224,1000223,Direct_Combined_25pctPower_BG16,Direct_Earth_to_Mars,Earth_Relay2_Mars,0,0.85999999999999999,0.85999999999999999,0,176128,176128,0,1102.6800171307791,1102.6800171307791,15,28,13,185,0,-185
225,1000224,Control,Direct_Earth_to_Mars,Direct_Earth_to_Mars,0.92500000000000004,0.92500000000000004,0,189440,189440,0,1305.9129464329819,1305.9129464329819,0,15,15,0,0,0,0
225,1000224,Direct_Background_16,Direct_Earth_to_Mars,Direct_Earth_to_Mars,0.92000000000000004,0.92000000000000004,0,188416,188416,0,1305.9129464329819,1305.9129464329819,0,15,15,0,1,1,0
225,1000224,Direct_Pointing_25pct_Power,Direct_Earth_to_Mars,Earth_Relay2_Mars,0,0.83999999999999997,0.83999999999999997,0,172032,172032,0,1372.462461459575,1372.462461459575,15,32,17,185,0,-185
225,1000224,Direct_Combined_25pctPower_BG16,Direct_Earth_to_Mars,Earth_Relay2_Mars,0,0.83999999999999997,0.83999999999999997,0,172032,172032,0,1372.462461459575,1372.462461459575,15,32,17,185,0,-185
226,1000225,Control,Direct_Earth_to_Mars,Direct_Earth_to_Mars,0.90500000000000003,0.90500000000000003,0,185344,185344,0,1080.0945546678633,1080.0945546678633,0,19,19,0,0,0,0
226,1000225,Direct_Background_16,Direct_Earth_to_Mars,Direct_Earth_to_Mars,0.90500000000000003,0.90500000000000003,0,185344,185344,0,1080.0945546678633,1080.0945546678633,0,19,19,0,0,0,0
226,1000225,Direct_Pointing_25pct_Power,Direct_Earth_to_Mars,Earth_Relay2_Mars,0,0.78000000000000003,0.78000000000000003,0,159744,159744,0,1146.4332134724643,1146.4332134724643,19,44,25,181,0,-181
226,1000225,Direct_Combined_25pctPower_BG16,Direct_Earth_to_Mars,Earth_Relay2_Mars,0,0.78000000000000003,0.78000000000000003,0,159744,159744,0,1146.4332134724643,1146.4332134724643,19,44,25,181,0,-181
227,1000226,Control,Direct_Earth_to_Mars,Direct_Earth_to_Mars,0.88500000000000001,0.88500000000000001,0,181248,181248,0,335.6554081384545,335.6554081384545,0,23,23,0,0,0,0
227,1000226,Direct_Background_16,Direct_Earth_to_Mars,Direct_Earth_to_Mars,0.88500000000000001,0.88500000000000001,0,181248,181248,0,335.6554081384545,335.6554081384545,0,23,23,0,0,0,0
227,1000226,Direct_Pointing_25pct_Power,Direct_Earth_to_Mars,Direct_Earth_to_Mars,0.88500000000000001,0.88500000000000001,0,181248,181248,0,335.6554081384545,335.6554081384545,0,23,23,0,0,0,0
227,1000226,Direct_Combined_25pctPower_BG16,Direct_Earth_to_Mars,Direct_Earth_to_Mars,0.88500000000000001,0.88500000000000001,0,181248,181248,0,335.6554081384545,335.6554081384545,0,23,23,0,0,0,0
228,1000227,Control,Direct_Earth_to_Mars,Direct_Earth_to_Mars,0.92500000000000004,0.92500000000000004,0,189440,189440,0,753.67670187651231,753.67670187651231,0,15,15,0,0,0,0
228,1000227,Direct_Background_16,Direct_Earth_to_Mars,Direct_Earth_to_Mars,0.92500000000000004,0.92500000000000004,0,189440,189440,0,753.67670187651231,753.67670187651231,0,15,15,0,0,0,0
228,1000227,Direct_Pointing_25pct_Power,Direct_Earth_to_Mars,Direct_Earth_to_Mars,0.92500000000000004,0.92500000000000004,0,189440,189440,0,753.67670187651231,753.67670187651231,0,15,15,0,0,0,0
228,1000227,Direct_Combined_25pctPower_BG16,Direct_Earth_to_Mars,Earth_Relay2_Mars,0.38,0.82499999999999996,0.44499999999999995,77824,168960,91136,753.67670187651515,819.6677803528172,65.99107847630205,15,35,20,109,0,-109
229,1000228,Control,Direct_Earth_to_Mars,Direct_Earth_to_Mars,0.89000000000000001,0.89000000000000001,0,182272,182272,0,560.75608830455644,560.75608830455644,0,22,22,0,0,0,0
229,1000228,Direct_Background_16,Direct_Earth_to_Mars,Direct_Earth_to_Mars,0.89000000000000001,0.89000000000000001,0,182272,182272,0,560.75608830455644,560.75608830455644,0,22,22,0,0,0,0
229,1000228,Direct_Pointing_25pct_Power,Direct_Earth_to_Mars,Direct_Earth_to_Mars,0.89000000000000001,0.89000000000000001,0,182272,182272,0,560.75608830455644,560.75608830455644,0,22,22,0,0,0,0
229,1000228,Direct_Combined_25pctPower_BG16,Direct_Earth_to_Mars,Direct_Earth_to_Mars,0.89000000000000001,0.89000000000000001,0,182272,182272,0,560.75608830455644,560.75608830455644,0,22,22,0,0,0,0
230,1000229,Control,Direct_Earth_to_Mars,Direct_Earth_to_Mars,0.84999999999999998,0.84999999999999998,0,174080,174080,0,1364.3769634022606,1364.3769634022606,0,30,30,0,0,0,0
230,1000229,Direct_Background_16,Direct_Earth_to_Mars,Direct_Earth_to_Mars,0.79000000000000004,0.79000000000000004,0,161792,161792,0,1364.3769634022606,1364.3769634022606,0,30,30,0,12,12,0
230,1000229,Direct_Pointing_25pct_Power,Direct_Earth_to_Mars,Earth_Relay2_Mars,0,0.71999999999999997,0.71999999999999997,0,147456,147456,0,1431.02639563507,1431.02639563507,30,56,26,170,0,-170
230,1000229,Direct_Combined_25pctPower_BG16,Direct_Earth_to_Mars,Earth_Relay2_Mars,0,0.71999999999999997,0.71999999999999997,0,147456,147456,0,1431.02639563507,1431.02639563507,30,56,26,170,0,-170
231,1000230,Control,Direct_Earth_to_Mars,Direct_Earth_to_Mars,0.995,0.995,0,203776,203776,0,1032.3536791034189,1032.3536791034189,0,1,1,0,0,0,0
231,1000230,Direct_Background_16,Direct_Earth_to_Mars,Direct_Earth_to_Mars,0.995,0.995,0,203776,203776,0,1032.3536791034189,1032.3536791034189,0,1,1,0,0,0,0
231,1000230,Direct_Pointing_25pct_Power,Direct_Earth_to_Mars,Earth_Relay2_Mars,0,0.97999999999999998,0.97999999999999998,0,200704,200704,0,1098.6172687821756,1098.6172687821756,1,4,3,199,0,-199
231,1000230,Direct_Combined_25pctPower_BG16,Direct_Earth_to_Mars,Earth_Relay2_Mars,0,0.97999999999999998,0.97999999999999998,0,200704,200704,0,1098.6172687821756,1098.6172687821756,1,4,3,199,0,-199
232,1000231,Control,Direct_Earth_to_Mars,Direct_Earth_to_Mars,0.95499999999999996,0.95499999999999996,0,195584,195584,0,1157.0979796592458,1157.0979796592458,0,9,9,0,0,0,0
232,1000231,Direct_Background_16,Direct_Earth_to_Mars,Direct_Earth_to_Mars,0.95499999999999996,0.95499999999999996,0,195584,195584,0,1157.0979796592458,1157.0979796592458,0,9,9,0,0,0,0
232,1000231,Direct_Pointing_25pct_Power,Direct_Earth_to_Mars,Earth_Relay2_Mars,0,0.91000000000000003,0.91000000000000003,0,186368,186368,0,1223.4536299895638,1223.4536299895638,9,18,9,191,0,-191
232,1000231,Direct_Combined_25pctPower_BG16,Direct_Earth_to_Mars,Earth_Relay2_Mars,0,0.91000000000000003,0.91000000000000003,0,186368,186368,0,1223.4536299895638,1223.4536299895638,9,18,9,191,0,-191
233,1000232,Control,Direct_Earth_to_Mars,Direct_Earth_to_Mars,0.86499999999999999,0.86499999999999999,0,177152,177152,0,1267.0853293762505,1267.0853293762505,0,27,27,0,0,0,0
233,1000232,Direct_Background_16,Direct_Earth_to_Mars,Direct_Earth_to_Mars,0.85999999999999999,0.85999999999999999,0,176128,176128,0,1267.0853293762505,1267.0853293762505,0,27,27,0,1,1,0
233,1000232,Direct_Pointing_25pct_Power,Direct_Earth_to_Mars,Earth_Relay2_Mars,0,0.72999999999999998,0.72999999999999998,0,149504,149504,0,1333.5803697275021,1333.5803697275021,27,54,27,173,0,-173
233,1000232,Direct_Combined_25pctPower_BG16,Direct_Earth_to_Mars,Earth_Relay2_Mars,0,0.72999999999999998,0.72999999999999998,0,149504,149504,0,1333.5803697275021,1333.5803697275021,27,54,27,173,0,-173
234,1000233,Control,Direct_Earth_to_Mars,Direct_Earth_to_Mars,0.88500000000000001,0.88500000000000001,0,181248,181248,0,667.21503290698558,667.21503290698558,0,23,23,0,0,0,0
234,1000233,Direct_Background_16,Direct_Earth_to_Mars,Direct_Earth_to_Mars,0.88500000000000001,0.88500000000000001,0,181248,181248,0,667.21503290698558,667.21503290698558,0,23,23,0,0,0,0
234,1000233,Direct_Pointing_25pct_Power,Direct_Earth_to_Mars,Direct_Earth_to_Mars,0.88500000000000001,0.88500000000000001,0,181248,181248,0,667.21503290698558,667.21503290698558,0,23,23,0,0,0,0
234,1000233,Direct_Combined_25pctPower_BG16,Direct_Earth_to_Mars,Direct_Earth_to_Mars,0.88500000000000001,0.88500000000000001,0,181248,181248,0,667.21503290698558,667.21503290698558,0,23,23,0,0,0,0
235,1000234,Control,Direct_Earth_to_Mars,Direct_Earth_to_Mars,0.82499999999999996,0.82499999999999996,0,168960,168960,0,296.10306069473893,296.10306069473893,0,35,35,0,0,0,0
235,1000234,Direct_Background_16,Direct_Earth_to_Mars,Direct_Earth_to_Mars,0.82499999999999996,0.82499999999999996,0,168960,168960,0,296.10306069473893,296.10306069473893,0,35,35,0,0,0,0
235,1000234,Direct_Pointing_25pct_Power,Direct_Earth_to_Mars,Direct_Earth_to_Mars,0.82499999999999996,0.82499999999999996,0,168960,168960,0,296.10306069473893,296.10306069473893,0,35,35,0,0,0,0
235,1000234,Direct_Combined_25pctPower_BG16,Direct_Earth_to_Mars,Direct_Earth_to_Mars,0.82499999999999996,0.82499999999999996,0,168960,168960,0,296.10306069473893,296.10306069473893,0,35,35,0,0,0,0
236,1000235,Control,Direct_Earth_to_Mars,Direct_Earth_to_Mars,0.94999999999999996,0.94999999999999996,0,194560,194560,0,286.06428101978031,286.06428101978031,0,10,10,0,0,0,0
236,1000235,Direct_Background_16,Direct_Earth_to_Mars,Direct_Earth_to_Mars,0.94999999999999996,0.94999999999999996,0,194560,194560,0,286.06428101978031,286.06428101978031,0,10,10,0,0,0,0
236,1000235,Direct_Pointing_25pct_Power,Direct_Earth_to_Mars,Direct_Earth_to_Mars,0.94999999999999996,0.94999999999999996,0,194560,194560,0,286.06428101978031,286.06428101978031,0,10,10,0,0,0,0
236,1000235,Direct_Combined_25pctPower_BG16,Direct_Earth_to_Mars,Direct_Earth_to_Mars,0.94999999999999996,0.94999999999999996,0,194560,194560,0,286.06428101978031,286.06428101978031,0,10,10,0,0,0,0
237,1000236,Control,Direct_Earth_to_Mars,Direct_Earth_to_Mars,0.81000000000000005,0.81000000000000005,0,165888,165888,0,372.27764654707465,372.27764654707465,0,38,38,0,0,0,0
237,1000236,Direct_Background_16,Direct_Earth_to_Mars,Direct_Earth_to_Mars,0.81000000000000005,0.81000000000000005,0,165888,165888,0,372.27764654707465,372.27764654707465,0,38,38,0,0,0,0
237,1000236,Direct_Pointing_25pct_Power,Direct_Earth_to_Mars,Direct_Earth_to_Mars,0.81000000000000005,0.81000000000000005,0,165888,165888,0,372.27764654707465,372.27764654707465,0,38,38,0,0,0,0
237,1000236,Direct_Combined_25pctPower_BG16,Direct_Earth_to_Mars,Direct_Earth_to_Mars,0.81000000000000005,0.81000000000000005,0,165888,165888,0,372.27764654707465,372.27764654707465,0,38,38,0,0,0,0
238,1000237,Control,Direct_Earth_to_Mars,Direct_Earth_to_Mars,0.93500000000000005,0.93500000000000005,0,191488,191488,0,457.5057725069592,457.5057725069592,0,13,13,0,0,0,0
238,1000237,Direct_Background_16,Direct_Earth_to_Mars,Direct_Earth_to_Mars,0.93500000000000005,0.93500000000000005,0,191488,191488,0,457.5057725069592,457.5057725069592,0,13,13,0,0,0,0
238,1000237,Direct_Pointing_25pct_Power,Direct_Earth_to_Mars,Direct_Earth_to_Mars,0.93500000000000005,0.93500000000000005,0,191488,191488,0,457.5057725069592,457.5057725069592,0,13,13,0,0,0,0
238,1000237,Direct_Combined_25pctPower_BG16,Direct_Earth_to_Mars,Direct_Earth_to_Mars,0.93500000000000005,0.93500000000000005,0,191488,191488,0,457.5057725069592,457.5057725069592,0,13,13,0,0,0,0
239,1000238,Control,Direct_Earth_to_Mars,Direct_Earth_to_Mars,0.875,0.875,0,179200,179200,0,1268.6796110978153,1268.6796110978153,0,25,25,0,0,0,0
239,1000238,Direct_Background_16,Direct_Earth_to_Mars,Direct_Earth_to_Mars,0.875,0.875,0,179200,179200,0,1268.6796110978153,1268.6796110978153,0,25,25,0,0,0,0
239,1000238,Direct_Pointing_25pct_Power,Direct_Earth_to_Mars,Earth_Relay2_Mars,0,0.73499999999999999,0.73499999999999999,0,150528,150528,0,1335.1768153128191,1335.1768153128191,25,53,28,175,0,-175
239,1000238,Direct_Combined_25pctPower_BG16,Direct_Earth_to_Mars,Earth_Relay2_Mars,0,0.73499999999999999,0.73499999999999999,0,150528,150528,0,1335.1768153128191,1335.1768153128191,25,53,28,175,0,-175
240,1000239,Control,Direct_Earth_to_Mars,Direct_Earth_to_Mars,0.98499999999999999,0.98499999999999999,0,201728,201728,0,1258.0553613796733,1258.0553613796733,0,3,3,0,0,0,0
240,1000239,Direct_Background_16,Direct_Earth_to_Mars,Direct_Earth_to_Mars,0.98499999999999999,0.98499999999999999,0,201728,201728,0,1258.0553613796733,1258.0553613796733,0,3,3,0,0,0,0
240,1000239,Direct_Pointing_25pct_Power,Direct_Earth_to_Mars,Earth_Relay2_Mars,0,0.95999999999999996,0.95999999999999996,0,196608,196608,0,1324.6342056170381,1324.6342056170381,3,8,5,197,0,-197
240,1000239,Direct_Combined_25pctPower_BG16,Direct_Earth_to_Mars,Earth_Relay2_Mars,0,0.95999999999999996,0.95999999999999996,0,196608,196608,0,1324.6342056170381,1324.6342056170381,3,8,5,197,0,-197
241,1000240,Control,Direct_Earth_to_Mars,Direct_Earth_to_Mars,0.83499999999999996,0.83499999999999996,0,171008,171008,0,307.10818465773849,307.10818465773849,0,33,33,0,0,0,0
241,1000240,Direct_Background_16,Direct_Earth_to_Mars,Direct_Earth_to_Mars,0.83499999999999996,0.83499999999999996,0,171008,171008,0,307.10818465773849,307.10818465773849,0,33,33,0,0,0,0
241,1000240,Direct_Pointing_25pct_Power,Direct_Earth_to_Mars,Direct_Earth_to_Mars,0.83499999999999996,0.83499999999999996,0,171008,171008,0,307.10818465773849,307.10818465773849,0,33,33,0,0,0,0
241,1000240,Direct_Combined_25pctPower_BG16,Direct_Earth_to_Mars,Direct_Earth_to_Mars,0.83499999999999996,0.83499999999999996,0,171008,171008,0,307.10818465773849,307.10818465773849,0,33,33,0,0,0,0
242,1000241,Control,Direct_Earth_to_Mars,Direct_Earth_to_Mars,0.98499999999999999,0.98499999999999999,0,201728,201728,0,725.70853042776821,725.70853042776821,0,3,3,0,0,0,0
242,1000241,Direct_Background_16,Direct_Earth_to_Mars,Direct_Earth_to_Mars,0.98499999999999999,0.98499999999999999,0,201728,201728,0,725.70853042776821,725.70853042776821,0,3,3,0,0,0,0
242,1000241,Direct_Pointing_25pct_Power,Direct_Earth_to_Mars,Direct_Earth_to_Mars,0.98499999999999999,0.98499999999999999,0,201728,201728,0,725.70853042776821,725.70853042776821,0,3,3,0,0,0,0
242,1000241,Direct_Combined_25pctPower_BG16,Direct_Earth_to_Mars,Earth_Relay2_Mars,0.28000000000000003,0.97499999999999998,0.69499999999999995,57344,199680,142336,725.70853042776446,791.68723682872007,65.978706400955616,3,5,2,141,0,-141
243,1000242,Control,Direct_Earth_to_Mars,Direct_Earth_to_Mars,0.85499999999999998,0.85499999999999998,0,175104,175104,0,833.30086583913237,833.30086583913237,0,29,29,0,0,0,0
243,1000242,Direct_Background_16,Direct_Earth_to_Mars,Direct_Earth_to_Mars,0.85499999999999998,0.85499999999999998,0,175104,175104,0,833.30086583913237,833.30086583913237,0,29,29,0,0,0,0
243,1000242,Direct_Pointing_25pct_Power,Direct_Earth_to_Mars,Direct_Earth_to_Mars,0.81999999999999995,0.81999999999999995,0,167936,167936,0,833.30086583913294,833.30086583913294,0,29,29,0,7,7,0
243,1000242,Direct_Combined_25pctPower_BG16,Direct_Earth_to_Mars,Earth_Relay2_Mars,0,0.75,0.75,0,153600,153600,0,899.33986894714724,899.33986894714724,29,50,21,171,0,-171
244,1000243,Control,Direct_Earth_to_Mars,Direct_Earth_to_Mars,0.88,0.88,0,180224,180224,0,1333.3375652554014,1333.3375652554014,0,24,24,0,0,0,0
244,1000243,Direct_Background_16,Direct_Earth_to_Mars,Direct_Earth_to_Mars,0.81999999999999995,0.81999999999999995,0,167936,167936,0,1333.3375652554007,1333.3375652554007,0,24,24,0,12,12,0
244,1000243,Direct_Pointing_25pct_Power,Direct_Earth_to_Mars,Earth_Relay2_Mars,0,0.77500000000000002,0.77500000000000002,0,158720,158720,0,1399.9920507368586,1399.9920507368586,24,45,21,176,0,-176
244,1000243,Direct_Combined_25pctPower_BG16,Direct_Earth_to_Mars,Earth_Relay2_Mars,0,0.77500000000000002,0.77500000000000002,0,158720,158720,0,1399.9920507368586,1399.9920507368586,24,45,21,176,0,-176
245,1000244,Control,Direct_Earth_to_Mars,Direct_Earth_to_Mars,1,1,0,204800,204800,0,894.51542243924041,894.51542243924041,0,0,0,0,0,0,0
245,1000244,Direct_Background_16,Direct_Earth_to_Mars,Direct_Earth_to_Mars,1,1,0,204800,204800,0,894.51542243924041,894.51542243924041,0,0,0,0,0,0,0
245,1000244,Direct_Pointing_25pct_Power,Direct_Earth_to_Mars,Earth_Relay2_Mars,0.40000000000000002,1,0.59999999999999998,81920,204800,122880,894.51542243924121,960.60153438763984,66.086111948398639,0,0,0,120,0,-120
245,1000244,Direct_Combined_25pctPower_BG16,Direct_Earth_to_Mars,Earth_Relay2_Mars,0,1,1,0,204800,204800,0,960.60153438763984,960.60153438763984,0,0,0,200,0,-200
246,1000245,Control,Direct_Earth_to_Mars,Direct_Earth_to_Mars,0.90000000000000002,0.90000000000000002,0,184320,184320,0,474.78093573374849,474.78093573374849,0,20,20,0,0,0,0
246,1000245,Direct_Background_16,Direct_Earth_to_Mars,Direct_Earth_to_Mars,0.90000000000000002,0.90000000000000002,0,184320,184320,0,474.78093573374849,474.78093573374849,0,20,20,0,0,0,0
246,1000245,Direct_Pointing_25pct_Power,Direct_Earth_to_Mars,Direct_Earth_to_Mars,0.90000000000000002,0.90000000000000002,0,184320,184320,0,474.78093573374849,474.78093573374849,0,20,20,0,0,0,0
246,1000245,Direct_Combined_25pctPower_BG16,Direct_Earth_to_Mars,Direct_Earth_to_Mars,0.90000000000000002,0.90000000000000002,0,184320,184320,0,474.78093573374849,474.78093573374849,0,20,20,0,0,0,0
247,1000246,Control,Direct_Earth_to_Mars,Direct_Earth_to_Mars,0.82999999999999996,0.82999999999999996,0,169984,169984,0,744.50302897086749,744.50302897086749,0,34,34,0,0,0,0
247,1000246,Direct_Background_16,Direct_Earth_to_Mars,Direct_Earth_to_Mars,0.82999999999999996,0.82999999999999996,0,169984,169984,0,744.50302897086749,744.50302897086749,0,34,34,0,0,0,0
247,1000246,Direct_Pointing_25pct_Power,Direct_Earth_to_Mars,Direct_Earth_to_Mars,0.82999999999999996,0.82999999999999996,0,169984,169984,0,744.50302897086749,744.50302897086749,0,34,34,0,0,0,0
247,1000246,Direct_Combined_25pctPower_BG16,Direct_Earth_to_Mars,Direct_Earth_to_Mars,0.51500000000000001,0.51500000000000001,0,105472,105472,0,744.50302897086817,744.50302897086817,0,34,34,0,63,63,0
248,1000247,Control,Direct_Earth_to_Mars,Direct_Earth_to_Mars,0.95999999999999996,0.95999999999999996,0,196608,196608,0,1352.4542066789525,1352.4542066789525,0,8,8,0,0,0,0
248,1000247,Direct_Background_16,Direct_Earth_to_Mars,Direct_Earth_to_Mars,0.90000000000000002,0.90000000000000002,0,184320,184320,0,1352.454206678952,1352.454206678952,0,8,8,0,12,12,0
248,1000247,Direct_Pointing_25pct_Power,Direct_Earth_to_Mars,Earth_Relay2_Mars,0,0.93000000000000005,0.93000000000000005,0,190464,190464,0,1419.1218830111886,1419.1218830111886,8,14,6,192,0,-192
248,1000247,Direct_Combined_25pctPower_BG16,Direct_Earth_to_Mars,Earth_Relay2_Mars,0,0.93000000000000005,0.93000000000000005,0,190464,190464,0,1419.1218830111886,1419.1218830111886,8,14,6,192,0,-192
249,1000248,Control,Direct_Earth_to_Mars,Direct_Earth_to_Mars,0.89500000000000002,0.89500000000000002,0,183296,183296,0,414.75831637987801,414.75831637987801,0,21,21,0,0,0,0
249,1000248,Direct_Background_16,Direct_Earth_to_Mars,Direct_Earth_to_Mars,0.89500000000000002,0.89500000000000002,0,183296,183296,0,414.75831637987801,414.75831637987801,0,21,21,0,0,0,0
249,1000248,Direct_Pointing_25pct_Power,Direct_Earth_to_Mars,Direct_Earth_to_Mars,0.89500000000000002,0.89500000000000002,0,183296,183296,0,414.75831637987801,414.75831637987801,0,21,21,0,0,0,0
249,1000248,Direct_Combined_25pctPower_BG16,Direct_Earth_to_Mars,Direct_Earth_to_Mars,0.89500000000000002,0.89500000000000002,0,183296,183296,0,414.75831637987801,414.75831637987801,0,21,21,0,0,0,0
250,1000249,Control,Direct_Earth_to_Mars,Direct_Earth_to_Mars,0.97999999999999998,0.97999999999999998,0,200704,200704,0,844.21647379872195,844.21647379872195,0,4,4,0,0,0,0
250,1000249,Direct_Background_16,Direct_Earth_to_Mars,Direct_Earth_to_Mars,0.97999999999999998,0.97999999999999998,0,200704,200704,0,844.21647379872195,844.21647379872195,0,4,4,0,0,0,0
250,1000249,Direct_Pointing_25pct_Power,Direct_Earth_to_Mars,Direct_Earth_to_Mars,0.96499999999999997,0.96499999999999997,0,197632,197632,0,844.21647379872172,844.21647379872172,0,4,4,0,3,3,0
250,1000249,Direct_Combined_25pctPower_BG16,Direct_Earth_to_Mars,Earth_Relay2_Mars,0,0.94999999999999996,0.94999999999999996,0,194560,194560,0,910.26329592786203,910.26329592786203,4,10,6,196,0,-196
251,1000250,Control,Direct_Earth_to_Mars,Direct_Earth_to_Mars,0.93500000000000005,0.93500000000000005,0,191488,191488,0,985.02601744322669,985.02601744322669,0,13,13,0,0,0,0
251,1000250,Direct_Background_16,Direct_Earth_to_Mars,Direct_Earth_to_Mars,0.93500000000000005,0.93500000000000005,0,191488,191488,0,985.02601744322669,985.02601744322669,0,13,13,0,0,0,0
251,1000250,Direct_Pointing_25pct_Power,Direct_Earth_to_Mars,Earth_Relay2_Mars,0,0.89000000000000001,0.89000000000000001,0,182272,182272,0,1051.2117961400925,1051.2117961400925,13,22,9,187,0,-187
251,1000250,Direct_Combined_25pctPower_BG16,Direct_Earth_to_Mars,Earth_Relay2_Mars,0,0.89000000000000001,0.89000000000000001,0,182272,182272,0,1051.2117961400925,1051.2117961400925,13,22,9,187,0,-187
252,1000251,Control,Direct_Earth_to_Mars,Direct_Earth_to_Mars,1,1,0,204800,204800,0,1030.0608578991012,1030.0608578991012,0,0,0,0,0,0,0
252,1000251,Direct_Background_16,Direct_Earth_to_Mars,Direct_Earth_to_Mars,1,1,0,204800,204800,0,1030.0608578991012,1030.0608578991012,0,0,0,0,0,0,0
252,1000251,Direct_Pointing_25pct_Power,Direct_Earth_to_Mars,Earth_Relay2_Mars,0,0.98999999999999999,0.98999999999999999,0,202752,202752,0,1096.3207489642973,1096.3207489642973,0,2,2,200,0,-200
252,1000251,Direct_Combined_25pctPower_BG16,Direct_Earth_to_Mars,Earth_Relay2_Mars,0,0.98999999999999999,0.98999999999999999,0,202752,202752,0,1096.3207489642973,1096.3207489642973,0,2,2,200,0,-200
253,1000252,Control,Direct_Earth_to_Mars,Direct_Earth_to_Mars,0.91500000000000004,0.91500000000000004,0,187392,187392,0,773.0422541356686,773.0422541356686,0,17,17,0,0,0,0
253,1000252,Direct_Background_16,Direct_Earth_to_Mars,Direct_Earth_to_Mars,0.91500000000000004,0.91500000000000004,0,187392,187392,0,773.0422541356686,773.0422541356686,0,17,17,0,0,0,0
253,1000252,Direct_Pointing_25pct_Power,Direct_Earth_to_Mars,Direct_Earth_to_Mars,0.91000000000000003,0.91000000000000003,0,186368,186368,0,773.0422541356686,773.0422541356686,0,17,17,0,1,1,0
253,1000252,Direct_Combined_25pctPower_BG16,Direct_Earth_to_Mars,Earth_Relay2_Mars,0.14999999999999999,0.78500000000000003,0.63500000000000001,30720,160768,130048,773.04225413566758,838.91942878845941,65.877174652791837,17,43,26,153,0,-153
254,1000253,Control,Direct_Earth_to_Mars,Direct_Earth_to_Mars,0.87,0.87,0,178176,178176,0,498.09861244673078,498.09861244673078,0,26,26,0,0,0,0
254,1000253,Direct_Background_16,Direct_Earth_to_Mars,Direct_Earth_to_Mars,0.87,0.87,0,178176,178176,0,498.09861244673078,498.09861244673078,0,26,26,0,0,0,0
254,1000253,Direct_Pointing_25pct_Power,Direct_Earth_to_Mars,Direct_Earth_to_Mars,0.87,0.87,0,178176,178176,0,498.09861244673078,498.09861244673078,0,26,26,0,0,0,0
254,1000253,Direct_Combined_25pctPower_BG16,Direct_Earth_to_Mars,Direct_Earth_to_Mars,0.87,0.87,0,178176,178176,0,498.09861244673078,498.09861244673078,0,26,26,0,0,0,0
255,1000254,Control,Direct_Earth_to_Mars,Direct_Earth_to_Mars,0.94999999999999996,0.94999999999999996,0,194560,194560,0,1356.5347935270386,1356.5347935270386,0,10,10,0,0,0,0
255,1000254,Direct_Background_16,Direct_Earth_to_Mars,Direct_Earth_to_Mars,0.81999999999999995,0.81999999999999995,0,167936,167936,0,1356.5347935270383,1356.5347935270383,0,10,10,0,26,26,0
255,1000254,Direct_Pointing_25pct_Power,Direct_Earth_to_Mars,Earth_Relay2_Mars,0,0.90500000000000003,0.90500000000000003,0,185344,185344,0,1423.2043710780779,1423.2043710780779,10,19,9,190,0,-190
255,1000254,Direct_Combined_25pctPower_BG16,Direct_Earth_to_Mars,Earth_Relay2_Mars,0,0.90500000000000003,0.90500000000000003,0,185344,185344,0,1423.2043710780779,1423.2043710780779,10,19,9,190,0,-190
256,1000255,Control,Direct_Earth_to_Mars,Direct_Earth_to_Mars,0.78500000000000003,0.78500000000000003,0,160768,160768,0,382.5437207534689,382.5437207534689,0,43,43,0,0,0,0
256,1000255,Direct_Background_16,Direct_Earth_to_Mars,Direct_Earth_to_Mars,0.78500000000000003,0.78500000000000003,0,160768,160768,0,382.5437207534689,382.5437207534689,0,43,43,0,0,0,0
256,1000255,Direct_Pointing_25pct_Power,Direct_Earth_to_Mars,Direct_Earth_to_Mars,0.78500000000000003,0.78500000000000003,0,160768,160768,0,382.5437207534689,382.5437207534689,0,43,43,0,0,0,0
256,1000255,Direct_Combined_25pctPower_BG16,Direct_Earth_to_Mars,Direct_Earth_to_Mars,0.78500000000000003,0.78500000000000003,0,160768,160768,0,382.5437207534689,382.5437207534689,0,43,43,0,0,0,0
257,1000256,Control,Direct_Earth_to_Mars,Direct_Earth_to_Mars,0.85499999999999998,0.85499999999999998,0,175104,175104,0,728.64351390740103,728.64351390740103,0,29,29,0,0,0,0
257,1000256,Direct_Background_16,Direct_Earth_to_Mars,Direct_Earth_to_Mars,0.85499999999999998,0.85499999999999998,0,175104,175104,0,728.64351390740103,728.64351390740103,0,29,29,0,0,0,0
257,1000256,Direct_Pointing_25pct_Power,Direct_Earth_to_Mars,Direct_Earth_to_Mars,0.85499999999999998,0.85499999999999998,0,175104,175104,0,728.64351390740103,728.64351390740103,0,29,29,0,0,0,0
257,1000256,Direct_Combined_25pctPower_BG16,Direct_Earth_to_Mars,Direct_Earth_to_Mars,0.68000000000000005,0.68000000000000005,0,139264,139264,0,728.6435139074008,728.6435139074008,0,29,29,0,35,35,0
258,1000257,Control,Direct_Earth_to_Mars,Direct_Earth_to_Mars,0.87,0.87,0,178176,178176,0,1024.6570592387316,1024.6570592387316,0,26,26,0,0,0,0
258,1000257,Direct_Background_16,Direct_Earth_to_Mars,Direct_Earth_to_Mars,0.87,0.87,0,178176,178176,0,1024.6570592387316,1024.6570592387316,0,26,26,0,0,0,0
258,1000257,Direct_Pointing_25pct_Power,Direct_Earth_to_Mars,Earth_Relay2_Mars,0,0.745,0.745,0,152576,152576,0,1090.9082021598181,1090.9082021598181,26,51,25,174,0,-174
258,1000257,Direct_Combined_25pctPower_BG16,Direct_Earth_to_Mars,Earth_Relay2_Mars,0,0.745,0.745,0,152576,152576,0,1090.9082021598181,1090.9082021598181,26,51,25,174,0,-174
259,1000258,Control,Direct_Earth_to_Mars,Direct_Earth_to_Mars,0.98499999999999999,0.98499999999999999,0,201728,201728,0,943.69963909478986,943.69963909478986,0,3,3,0,0,0,0
259,1000258,Direct_Background_16,Direct_Earth_to_Mars,Direct_Earth_to_Mars,0.98499999999999999,0.98499999999999999,0,201728,201728,0,943.69963909478986,943.69963909478986,0,3,3,0,0,0,0
259,1000258,Direct_Pointing_25pct_Power,Direct_Earth_to_Mars,Earth_Relay2_Mars,0,0.97999999999999998,0.97999999999999998,0,200704,200704,0,1009.8287474636527,1009.8287474636527,3,4,1,197,0,-197
259,1000258,Direct_Combined_25pctPower_BG16,Direct_Earth_to_Mars,Earth_Relay2_Mars,0,0.97999999999999998,0.97999999999999998,0,200704,200704,0,1009.8287474636527,1009.8287474636527,3,4,1,197,0,-197
260,1000259,Control,Direct_Earth_to_Mars,Direct_Earth_to_Mars,0.995,0.995,0,203776,203776,0,1324.1383929266817,1324.1383929266817,0,1,1,0,0,0,0
260,1000259,Direct_Background_16,Direct_Earth_to_Mars,Direct_Earth_to_Mars,0.97999999999999998,0.97999999999999998,0,200704,200704,0,1324.1383929266817,1324.1383929266817,0,1,1,0,3,3,0
260,1000259,Direct_Pointing_25pct_Power,Direct_Earth_to_Mars,Earth_Relay2_Mars,0,0.97999999999999998,0.97999999999999998,0,200704,200704,0,1390.7851359100671,1390.7851359100671,1,4,3,199,0,-199
260,1000259,Direct_Combined_25pctPower_BG16,Direct_Earth_to_Mars,Earth_Relay2_Mars,0,0.97999999999999998,0.97999999999999998,0,200704,200704,0,1390.7851359100671,1390.7851359100671,1,4,3,199,0,-199
261,1000260,Control,Direct_Earth_to_Mars,Direct_Earth_to_Mars,0.79000000000000004,0.79000000000000004,0,161792,161792,0,992.08739827899501,992.08739827899501,0,42,42,0,0,0,0
261,1000260,Direct_Background_16,Direct_Earth_to_Mars,Direct_Earth_to_Mars,0.79000000000000004,0.79000000000000004,0,161792,161792,0,992.08739827899501,992.08739827899501,0,42,42,0,0,0,0
261,1000260,Direct_Pointing_25pct_Power,Direct_Earth_to_Mars,Earth_Relay2_Mars,0,0.65000000000000002,0.65000000000000002,0,133120,133120,0,1058.2849638467733,1058.2849638467733,42,70,28,158,0,-158
261,1000260,Direct_Combined_25pctPower_BG16,Direct_Earth_to_Mars,Earth_Relay2_Mars,0,0.65000000000000002,0.65000000000000002,0,133120,133120,0,1058.2849638467733,1058.2849638467733,42,70,28,158,0,-158
262,1000261,Control,Direct_Earth_to_Mars,Direct_Earth_to_Mars,0.81999999999999995,0.81999999999999995,0,167936,167936,0,1120.05690242734,1120.05690242734,0,36,36,0,0,0,0
262,1000261,Direct_Background_16,Direct_Earth_to_Mars,Direct_Earth_to_Mars,0.81999999999999995,0.81999999999999995,0,167936,167936,0,1120.05690242734,1120.05690242734,0,36,36,0,0,0,0
262,1000261,Direct_Pointing_25pct_Power,Direct_Earth_to_Mars,Earth_Relay2_Mars,0,0.70499999999999996,0.70499999999999996,0,144384,144384,0,1186.4552613934977,1186.4552613934977,36,59,23,164,0,-164
262,1000261,Direct_Combined_25pctPower_BG16,Direct_Earth_to_Mars,Earth_Relay2_Mars,0,0.70499999999999996,0.70499999999999996,0,144384,144384,0,1186.4552613934977,1186.4552613934977,36,59,23,164,0,-164
263,1000262,Control,Direct_Earth_to_Mars,Direct_Earth_to_Mars,0.81499999999999995,0.81499999999999995,0,166912,166912,0,1360.2449460612049,1360.2449460612049,0,37,37,0,0,0,0
263,1000262,Direct_Background_16,Direct_Earth_to_Mars,Direct_Earth_to_Mars,0.72499999999999998,0.72499999999999998,0,148480,148480,0,1360.2449460612061,1360.2449460612061,0,37,37,0,18,18,0
263,1000262,Direct_Pointing_25pct_Power,Direct_Earth_to_Mars,Earth_Relay2_Mars,0,0.69499999999999995,0.69499999999999995,0,142336,142336,0,1426.8845224044628,1426.8845224044628,37,61,24,163,0,-163
263,1000262,Direct_Combined_25pctPower_BG16,Direct_Earth_to_Mars,Earth_Relay2_Mars,0,0.69499999999999995,0.69499999999999995,0,142336,142336,0,1426.8845224044628,1426.8845224044628,37,61,24,163,0,-163
264,1000263,Control,Direct_Earth_to_Mars,Direct_Earth_to_Mars,0.84999999999999998,0.84999999999999998,0,174080,174080,0,337.77836864771405,337.77836864771405,0,30,30,0,0,0,0
264,1000263,Direct_Background_16,Direct_Earth_to_Mars,Direct_Earth_to_Mars,0.84999999999999998,0.84999999999999998,0,174080,174080,0,337.77836864771405,337.77836864771405,0,30,30,0,0,0,0
264,1000263,Direct_Pointing_25pct_Power,Direct_Earth_to_Mars,Direct_Earth_to_Mars,0.84999999999999998,0.84999999999999998,0,174080,174080,0,337.77836864771405,337.77836864771405,0,30,30,0,0,0,0
264,1000263,Direct_Combined_25pctPower_BG16,Direct_Earth_to_Mars,Direct_Earth_to_Mars,0.84999999999999998,0.84999999999999998,0,174080,174080,0,337.77836864771405,337.77836864771405,0,30,30,0,0,0,0
265,1000264,Control,Direct_Earth_to_Mars,Direct_Earth_to_Mars,0.96999999999999997,0.96999999999999997,0,198656,198656,0,830.13591300101461,830.13591300101461,0,6,6,0,0,0,0
265,1000264,Direct_Background_16,Direct_Earth_to_Mars,Direct_Earth_to_Mars,0.96999999999999997,0.96999999999999997,0,198656,198656,0,830.13591300101461,830.13591300101461,0,6,6,0,0,0,0
265,1000264,Direct_Pointing_25pct_Power,Direct_Earth_to_Mars,Direct_Earth_to_Mars,0.96499999999999997,0.96499999999999997,0,197632,197632,0,830.1359130010145,830.1359130010145,0,6,6,0,1,1,0
265,1000264,Direct_Combined_25pctPower_BG16,Direct_Earth_to_Mars,Earth_Relay1_Mars,0,0.92500000000000004,0.92500000000000004,0,189440,189440,0,1013.1555890888653,1013.1555890888653,6,15,9,194,0,-194
266,1000265,Control,Direct_Earth_to_Mars,Direct_Earth_to_Mars,0.82499999999999996,0.82499999999999996,0,168960,168960,0,556.69160551978109,556.69160551978109,0,35,35,0,0,0,0
266,1000265,Direct_Background_16,Direct_Earth_to_Mars,Direct_Earth_to_Mars,0.82499999999999996,0.82499999999999996,0,168960,168960,0,556.69160551978109,556.69160551978109,0,35,35,0,0,0,0
266,1000265,Direct_Pointing_25pct_Power,Direct_Earth_to_Mars,Direct_Earth_to_Mars,0.82499999999999996,0.82499999999999996,0,168960,168960,0,556.69160551978109,556.69160551978109,0,35,35,0,0,0,0
266,1000265,Direct_Combined_25pctPower_BG16,Direct_Earth_to_Mars,Direct_Earth_to_Mars,0.82499999999999996,0.82499999999999996,0,168960,168960,0,556.69160551978109,556.69160551978109,0,35,35,0,0,0,0
267,1000266,Control,Direct_Earth_to_Mars,Direct_Earth_to_Mars,0.81000000000000005,0.81000000000000005,0,165888,165888,0,713.93522059819543,713.93522059819543,0,38,38,0,0,0,0
267,1000266,Direct_Background_16,Direct_Earth_to_Mars,Direct_Earth_to_Mars,0.81000000000000005,0.81000000000000005,0,165888,165888,0,713.93522059819543,713.93522059819543,0,38,38,0,0,0,0
267,1000266,Direct_Pointing_25pct_Power,Direct_Earth_to_Mars,Direct_Earth_to_Mars,0.81000000000000005,0.81000000000000005,0,165888,165888,0,713.93522059819543,713.93522059819543,0,38,38,0,0,0,0
267,1000266,Direct_Combined_25pctPower_BG16,Direct_Earth_to_Mars,Direct_Earth_to_Mars,0.77500000000000002,0.77500000000000002,0,158720,158720,0,713.93522059819531,713.93522059819531,0,38,38,0,7,7,0
268,1000267,Control,Direct_Earth_to_Mars,Direct_Earth_to_Mars,0.96499999999999997,0.96499999999999997,0,197632,197632,0,648.40721528798474,648.40721528798474,0,7,7,0,0,0,0
268,1000267,Direct_Background_16,Direct_Earth_to_Mars,Direct_Earth_to_Mars,0.96499999999999997,0.96499999999999997,0,197632,197632,0,648.40721528798474,648.40721528798474,0,7,7,0,0,0,0
268,1000267,Direct_Pointing_25pct_Power,Direct_Earth_to_Mars,Direct_Earth_to_Mars,0.96499999999999997,0.96499999999999997,0,197632,197632,0,648.40721528798474,648.40721528798474,0,7,7,0,0,0,0
268,1000267,Direct_Combined_25pctPower_BG16,Direct_Earth_to_Mars,Direct_Earth_to_Mars,0.96499999999999997,0.96499999999999997,0,197632,197632,0,648.40721528798474,648.40721528798474,0,7,7,0,0,0,0
269,1000268,Control,Direct_Earth_to_Mars,Direct_Earth_to_Mars,0.97499999999999998,0.97499999999999998,0,199680,199680,0,1347.9416099067309,1347.9416099067309,0,5,5,0,0,0,0
269,1000268,Direct_Background_16,Direct_Earth_to_Mars,Direct_Earth_to_Mars,0.66500000000000004,0.66500000000000004,0,136192,136192,0,1347.9416099067309,1347.9416099067309,0,5,5,0,62,62,0
269,1000268,Direct_Pointing_25pct_Power,Direct_Earth_to_Mars,Earth_Relay2_Mars,0,0.92500000000000004,0.92500000000000004,0,189440,189440,0,1414.60668002889,1414.60668002889,5,15,10,195,0,-195
269,1000268,Direct_Combined_25pctPower_BG16,Direct_Earth_to_Mars,Earth_Relay2_Mars,0,0.92500000000000004,0.92500000000000004,0,189440,189440,0,1414.60668002889,1414.60668002889,5,15,10,195,0,-195
270,1000269,Control,Direct_Earth_to_Mars,Direct_Earth_to_Mars,0.96499999999999997,0.96499999999999997,0,197632,197632,0,1334.3057508443289,1334.3057508443289,0,7,7,0,0,0,0
270,1000269,Direct_Background_16,Direct_Earth_to_Mars,Direct_Earth_to_Mars,0.94499999999999995,0.94499999999999995,0,193536,193536,0,1334.3057508443289,1334.3057508443289,0,7,7,0,4,4,0
270,1000269,Direct_Pointing_25pct_Power,Direct_Earth_to_Mars,Earth_Relay2_Mars,0,0.91000000000000003,0.91000000000000003,0,186368,186368,0,1400.9610113271631,1400.9610113271631,7,18,11,193,0,-193
270,1000269,Direct_Combined_25pctPower_BG16,Direct_Earth_to_Mars,Earth_Relay2_Mars,0,0.91000000000000003,0.91000000000000003,0,186368,186368,0,1400.9610113271631,1400.9610113271631,7,18,11,193,0,-193
271,1000270,Control,Direct_Earth_to_Mars,Direct_Earth_to_Mars,0.92500000000000004,0.92500000000000004,0,189440,189440,0,1015.8923366055241,1015.8923366055241,0,15,15,0,0,0,0
271,1000270,Direct_Background_16,Direct_Earth_to_Mars,Direct_Earth_to_Mars,0.92500000000000004,0.92500000000000004,0,189440,189440,0,1015.8923366055241,1015.8923366055241,0,15,15,0,0,0,0
271,1000270,Direct_Pointing_25pct_Power,Direct_Earth_to_Mars,Earth_Relay2_Mars,0,0.85499999999999998,0.85499999999999998,0,175104,175104,0,1082.1292003510546,1082.1292003510546,15,29,14,185,0,-185
271,1000270,Direct_Combined_25pctPower_BG16,Direct_Earth_to_Mars,Earth_Relay2_Mars,0,0.85499999999999998,0.85499999999999998,0,175104,175104,0,1082.1292003510546,1082.1292003510546,15,29,14,185,0,-185
272,1000271,Control,Direct_Earth_to_Mars,Direct_Earth_to_Mars,0.97499999999999998,0.97499999999999998,0,199680,199680,0,745.65572343093095,745.65572343093095,0,5,5,0,0,0,0
272,1000271,Direct_Background_16,Direct_Earth_to_Mars,Direct_Earth_to_Mars,0.97499999999999998,0.97499999999999998,0,199680,199680,0,745.65572343093095,745.65572343093095,0,5,5,0,0,0,0
272,1000271,Direct_Pointing_25pct_Power,Direct_Earth_to_Mars,Direct_Earth_to_Mars,0.97499999999999998,0.97499999999999998,0,199680,199680,0,745.65572343093095,745.65572343093095,0,5,5,0,0,0,0
272,1000271,Direct_Combined_25pctPower_BG16,Direct_Earth_to_Mars,Direct_Earth_to_Mars,0.79000000000000004,0.79000000000000004,0,161792,161792,0,745.65572343092947,745.65572343092947,0,5,5,0,37,37,0
273,1000272,Control,Direct_Earth_to_Mars,Direct_Earth_to_Mars,0.83999999999999997,0.83999999999999997,0,172032,172032,0,1271.2838877775337,1271.2838877775337,0,32,32,0,0,0,0
273,1000272,Direct_Background_16,Direct_Earth_to_Mars,Direct_Earth_to_Mars,0.81999999999999995,0.81999999999999995,0,167936,167936,0,1271.2838877775337,1271.2838877775337,0,32,32,0,4,4,0
273,1000272,Direct_Pointing_25pct_Power,Direct_Earth_to_Mars,Earth_Relay2_Mars,0,0.71999999999999997,0.71999999999999997,0,147456,147456,0,1337.8775885337748,1337.8775885337748,32,56,24,168,0,-168
273,1000272,Direct_Combined_25pctPower_BG16,Direct_Earth_to_Mars,Earth_Relay2_Mars,0,0.71999999999999997,0.71999999999999997,0,147456,147456,0,1337.8775885337748,1337.8775885337748,32,56,24,168,0,-168
274,1000273,Control,Direct_Earth_to_Mars,Direct_Earth_to_Mars,0.88,0.88,0,180224,180224,0,508.34256734203842,508.34256734203842,0,24,24,0,0,0,0
274,1000273,Direct_Background_16,Direct_Earth_to_Mars,Direct_Earth_to_Mars,0.88,0.88,0,180224,180224,0,508.34256734203842,508.34256734203842,0,24,24,0,0,0,0
274,1000273,Direct_Pointing_25pct_Power,Direct_Earth_to_Mars,Direct_Earth_to_Mars,0.88,0.88,0,180224,180224,0,508.34256734203842,508.34256734203842,0,24,24,0,0,0,0
274,1000273,Direct_Combined_25pctPower_BG16,Direct_Earth_to_Mars,Direct_Earth_to_Mars,0.88,0.88,0,180224,180224,0,508.34256734203842,508.34256734203842,0,24,24,0,0,0,0
275,1000274,Control,Direct_Earth_to_Mars,Direct_Earth_to_Mars,0.85999999999999999,0.85999999999999999,0,176128,176128,0,552.27674033560118,552.27674033560118,0,28,28,0,0,0,0
275,1000274,Direct_Background_16,Direct_Earth_to_Mars,Direct_Earth_to_Mars,0.85999999999999999,0.85999999999999999,0,176128,176128,0,552.27674033560118,552.27674033560118,0,28,28,0,0,0,0
275,1000274,Direct_Pointing_25pct_Power,Direct_Earth_to_Mars,Direct_Earth_to_Mars,0.85999999999999999,0.85999999999999999,0,176128,176128,0,552.27674033560118,552.27674033560118,0,28,28,0,0,0,0
275,1000274,Direct_Combined_25pctPower_BG16,Direct_Earth_to_Mars,Direct_Earth_to_Mars,0.85999999999999999,0.85999999999999999,0,176128,176128,0,552.27674033560118,552.27674033560118,0,28,28,0,0,0,0
276,1000275,Control,Direct_Earth_to_Mars,Direct_Earth_to_Mars,0.88,0.88,0,180224,180224,0,1315.6220350810827,1315.6220350810827,0,24,24,0,0,0,0
276,1000275,Direct_Background_16,Direct_Earth_to_Mars,Direct_Earth_to_Mars,0.86499999999999999,0.86499999999999999,0,177152,177152,0,1315.6220350810825,1315.6220350810825,0,24,24,0,3,3,0
276,1000275,Direct_Pointing_25pct_Power,Direct_Earth_to_Mars,Earth_Relay2_Mars,0,0.79500000000000004,0.79500000000000004,0,162816,162816,0,1382.2610988754914,1382.2610988754914,24,41,17,176,0,-176
276,1000275,Direct_Combined_25pctPower_BG16,Direct_Earth_to_Mars,Earth_Relay2_Mars,0,0.79500000000000004,0.79500000000000004,0,162816,162816,0,1382.2610988754914,1382.2610988754914,24,41,17,176,0,-176
277,1000276,Control,Direct_Earth_to_Mars,Direct_Earth_to_Mars,0.95499999999999996,0.95499999999999996,0,195584,195584,0,769.71829511862506,769.71829511862506,0,9,9,0,0,0,0
277,1000276,Direct_Background_16,Direct_Earth_to_Mars,Direct_Earth_to_Mars,0.95499999999999996,0.95499999999999996,0,195584,195584,0,769.71829511862506,769.71829511862506,0,9,9,0,0,0,0
277,1000276,Direct_Pointing_25pct_Power,Direct_Earth_to_Mars,Direct_Earth_to_Mars,0.95499999999999996,0.95499999999999996,0,195584,195584,0,769.71829511862506,769.71829511862506,0,9,9,0,0,0,0
277,1000276,Direct_Combined_25pctPower_BG16,Direct_Earth_to_Mars,Earth_Relay2_Mars,0,0.90000000000000002,0.90000000000000002,0,184320,184320,0,835.71760837857937,835.71760837857937,9,20,11,191,0,-191
278,1000277,Control,Direct_Earth_to_Mars,Direct_Earth_to_Mars,0.79500000000000004,0.79500000000000004,0,162816,162816,0,561.2781964449731,561.2781964449731,0,41,41,0,0,0,0
278,1000277,Direct_Background_16,Direct_Earth_to_Mars,Direct_Earth_to_Mars,0.79500000000000004,0.79500000000000004,0,162816,162816,0,561.2781964449731,561.2781964449731,0,41,41,0,0,0,0
278,1000277,Direct_Pointing_25pct_Power,Direct_Earth_to_Mars,Direct_Earth_to_Mars,0.79500000000000004,0.79500000000000004,0,162816,162816,0,561.2781964449731,561.2781964449731,0,41,41,0,0,0,0
278,1000277,Direct_Combined_25pctPower_BG16,Direct_Earth_to_Mars,Direct_Earth_to_Mars,0.79500000000000004,0.79500000000000004,0,162816,162816,0,561.2781964449731,561.2781964449731,0,41,41,0,0,0,0
279,1000278,Control,Direct_Earth_to_Mars,Direct_Earth_to_Mars,0.89000000000000001,0.89000000000000001,0,182272,182272,0,1092.4450470158483,1092.4450470158483,0,22,22,0,0,0,0
279,1000278,Direct_Background_16,Direct_Earth_to_Mars,Direct_Earth_to_Mars,0.89000000000000001,0.89000000000000001,0,182272,182272,0,1092.4450470158483,1092.4450470158483,0,22,22,0,0,0,0
279,1000278,Direct_Pointing_25pct_Power,Direct_Earth_to_Mars,Earth_Relay2_Mars,0,0.77500000000000002,0.77500000000000002,0,158720,158720,0,1158.802477390971,1158.802477390971,22,45,23,178,0,-178
279,1000278,Direct_Combined_25pctPower_BG16,Direct_Earth_to_Mars,Earth_Relay2_Mars,0,0.77500000000000002,0.77500000000000002,0,158720,158720,0,1158.802477390971,1158.802477390971,22,45,23,178,0,-178
280,1000279,Control,Direct_Earth_to_Mars,Direct_Earth_to_Mars,0.92000000000000004,0.92000000000000004,0,188416,188416,0,1271.7513670317442,1271.7513670317442,0,16,16,0,0,0,0
280,1000279,Direct_Background_16,Direct_Earth_to_Mars,Direct_Earth_to_Mars,0.91000000000000003,0.91000000000000003,0,186368,186368,0,1271.7513670317442,1271.7513670317442,0,16,16,0,2,2,0
280,1000279,Direct_Pointing_25pct_Power,Direct_Earth_to_Mars,Earth_Relay2_Mars,0,0.80000000000000004,0.80000000000000004,0,163840,163840,0,1338.2527555611746,1338.2527555611746,16,40,24,184,0,-184
280,1000279,Direct_Combined_25pctPower_BG16,Direct_Earth_to_Mars,Earth_Relay2_Mars,0,0.80000000000000004,0.80000000000000004,0,163840,163840,0,1338.2527555611746,1338.2527555611746,16,40,24,184,0,-184
281,1000280,Control,Direct_Earth_to_Mars,Direct_Earth_to_Mars,0.95999999999999996,0.95999999999999996,0,196608,196608,0,1078.9897059340747,1078.9897059340747,0,8,8,0,0,0,0
281,1000280,Direct_Background_16,Direct_Earth_to_Mars,Direct_Earth_to_Mars,0.95999999999999996,0.95999999999999996,0,196608,196608,0,1078.9897059340747,1078.9897059340747,0,8,8,0,0,0,0
281,1000280,Direct_Pointing_25pct_Power,Direct_Earth_to_Mars,Earth_Relay2_Mars,0,0.92500000000000004,0.92500000000000004,0,189440,189440,0,1145.255777286307,1145.255777286307,8,15,7,192,0,-192
281,1000280,Direct_Combined_25pctPower_BG16,Direct_Earth_to_Mars,Earth_Relay2_Mars,0,0.92500000000000004,0.92500000000000004,0,189440,189440,0,1145.255777286307,1145.255777286307,8,15,7,192,0,-192
282,1000281,Control,Direct_Earth_to_Mars,Direct_Earth_to_Mars,0.97499999999999998,0.97499999999999998,0,199680,199680,0,563.33766138356145,563.33766138356145,0,5,5,0,0,0,0
282,1000281,Direct_Background_16,Direct_Earth_to_Mars,Direct_Earth_to_Mars,0.97499999999999998,0.97499999999999998,0,199680,199680,0,563.33766138356145,563.33766138356145,0,5,5,0,0,0,0
282,1000281,Direct_Pointing_25pct_Power,Direct_Earth_to_Mars,Direct_Earth_to_Mars,0.97499999999999998,0.97499999999999998,0,199680,199680,0,563.33766138356145,563.33766138356145,0,5,5,0,0,0,0
282,1000281,Direct_Combined_25pctPower_BG16,Direct_Earth_to_Mars,Direct_Earth_to_Mars,0.97499999999999998,0.97499999999999998,0,199680,199680,0,563.33766138356145,563.33766138356145,0,5,5,0,0,0,0
283,1000282,Control,Direct_Earth_to_Mars,Direct_Earth_to_Mars,1,1,0,204800,204800,0,284.84259290792437,284.84259290792437,0,0,0,0,0,0,0
283,1000282,Direct_Background_16,Direct_Earth_to_Mars,Direct_Earth_to_Mars,1,1,0,204800,204800,0,284.84259290792437,284.84259290792437,0,0,0,0,0,0,0
283,1000282,Direct_Pointing_25pct_Power,Direct_Earth_to_Mars,Direct_Earth_to_Mars,1,1,0,204800,204800,0,284.84259290792437,284.84259290792437,0,0,0,0,0,0,0
283,1000282,Direct_Combined_25pctPower_BG16,Direct_Earth_to_Mars,Direct_Earth_to_Mars,1,1,0,204800,204800,0,284.84259290792437,284.84259290792437,0,0,0,0,0,0,0
284,1000283,Control,Direct_Earth_to_Mars,Direct_Earth_to_Mars,0.82999999999999996,0.82999999999999996,0,169984,169984,0,1013.0205662581052,1013.0205662581052,0,34,34,0,0,0,0
284,1000283,Direct_Background_16,Direct_Earth_to_Mars,Direct_Earth_to_Mars,0.82999999999999996,0.82999999999999996,0,169984,169984,0,1013.0205662581052,1013.0205662581052,0,34,34,0,0,0,0
284,1000283,Direct_Pointing_25pct_Power,Direct_Earth_to_Mars,Earth_Relay2_Mars,0,0.70999999999999996,0.70999999999999996,0,145408,145408,0,1079.252728022286,1079.252728022286,34,58,24,166,0,-166
284,1000283,Direct_Combined_25pctPower_BG16,Direct_Earth_to_Mars,Earth_Relay2_Mars,0,0.70999999999999996,0.70999999999999996,0,145408,145408,0,1079.252728022286,1079.252728022286,34,58,24,166,0,-166
285,1000284,Control,Direct_Earth_to_Mars,Direct_Earth_to_Mars,0.81499999999999995,0.81499999999999995,0,166912,166912,0,359.85249436920469,359.85249436920469,0,37,37,0,0,0,0
285,1000284,Direct_Background_16,Direct_Earth_to_Mars,Direct_Earth_to_Mars,0.81499999999999995,0.81499999999999995,0,166912,166912,0,359.85249436920469,359.85249436920469,0,37,37,0,0,0,0
285,1000284,Direct_Pointing_25pct_Power,Direct_Earth_to_Mars,Direct_Earth_to_Mars,0.81499999999999995,0.81499999999999995,0,166912,166912,0,359.85249436920469,359.85249436920469,0,37,37,0,0,0,0
285,1000284,Direct_Combined_25pctPower_BG16,Direct_Earth_to_Mars,Direct_Earth_to_Mars,0.81499999999999995,0.81499999999999995,0,166912,166912,0,359.85249436920469,359.85249436920469,0,37,37,0,0,0,0
286,1000285,Control,Direct_Earth_to_Mars,Direct_Earth_to_Mars,0.83999999999999997,0.83999999999999997,0,172032,172032,0,1350.4051404179418,1350.4051404179418,0,32,32,0,0,0,0
286,1000285,Direct_Background_16,Direct_Earth_to_Mars,Direct_Earth_to_Mars,0.68999999999999995,0.68999999999999995,0,141312,141312,0,1350.4051404179404,1350.4051404179404,0,32,32,0,30,30,0
286,1000285,Direct_Pointing_25pct_Power,Direct_Earth_to_Mars,Earth_Relay2_Mars,0,0.69499999999999995,0.69499999999999995,0,142336,142336,0,1417.0716876489382,1417.0716876489382,32,61,29,168,0,-168
286,1000285,Direct_Combined_25pctPower_BG16,Direct_Earth_to_Mars,Earth_Relay2_Mars,0,0.69499999999999995,0.69499999999999995,0,142336,142336,0,1417.0716876489382,1417.0716876489382,32,61,29,168,0,-168
287,1000286,Control,Direct_Earth_to_Mars,Direct_Earth_to_Mars,0.90500000000000003,0.90500000000000003,0,185344,185344,0,678.52069365227283,678.52069365227283,0,19,19,0,0,0,0
287,1000286,Direct_Background_16,Direct_Earth_to_Mars,Direct_Earth_to_Mars,0.90500000000000003,0.90500000000000003,0,185344,185344,0,678.52069365227283,678.52069365227283,0,19,19,0,0,0,0
287,1000286,Direct_Pointing_25pct_Power,Direct_Earth_to_Mars,Direct_Earth_to_Mars,0.90500000000000003,0.90500000000000003,0,185344,185344,0,678.52069365227283,678.52069365227283,0,19,19,0,0,0,0
287,1000286,Direct_Combined_25pctPower_BG16,Direct_Earth_to_Mars,Direct_Earth_to_Mars,0.90000000000000002,0.90000000000000002,0,184320,184320,0,678.52069365227283,678.52069365227283,0,19,19,0,1,1,0
288,1000287,Control,Direct_Earth_to_Mars,Direct_Earth_to_Mars,0.78500000000000003,0.78500000000000003,0,160768,160768,0,1065.7539976121136,1065.7539976121136,0,43,43,0,0,0,0
288,1000287,Direct_Background_16,Direct_Earth_to_Mars,Direct_Earth_to_Mars,0.78500000000000003,0.78500000000000003,0,160768,160768,0,1065.7539976121136,1065.7539976121136,0,43,43,0,0,0,0
288,1000287,Direct_Pointing_25pct_Power,Direct_Earth_to_Mars,Earth_Relay2_Mars,0,0.65500000000000003,0.65500000000000003,0,134144,134144,0,1132.0705143600928,1132.0705143600928,43,69,26,157,0,-157
288,1000287,Direct_Combined_25pctPower_BG16,Direct_Earth_to_Mars,Earth_Relay2_Mars,0,0.65500000000000003,0.65500000000000003,0,134144,134144,0,1132.0705143600928,1132.0705143600928,43,69,26,157,0,-157
289,1000288,Control,Direct_Earth_to_Mars,Direct_Earth_to_Mars,0.90500000000000003,0.90500000000000003,0,185344,185344,0,430.15067689303982,430.15067689303982,0,19,19,0,0,0,0
289,1000288,Direct_Background_16,Direct_Earth_to_Mars,Direct_Earth_to_Mars,0.90500000000000003,0.90500000000000003,0,185344,185344,0,430.15067689303982,430.15067689303982,0,19,19,0,0,0,0
289,1000288,Direct_Pointing_25pct_Power,Direct_Earth_to_Mars,Direct_Earth_to_Mars,0.90500000000000003,0.90500000000000003,0,185344,185344,0,430.15067689303982,430.15067689303982,0,19,19,0,0,0,0
289,1000288,Direct_Combined_25pctPower_BG16,Direct_Earth_to_Mars,Direct_Earth_to_Mars,0.90500000000000003,0.90500000000000003,0,185344,185344,0,430.15067689303982,430.15067689303982,0,19,19,0,0,0,0
290,1000289,Control,Direct_Earth_to_Mars,Direct_Earth_to_Mars,0.98499999999999999,0.98499999999999999,0,201728,201728,0,1366.3147187624056,1366.3147187624056,0,3,3,0,0,0,0
290,1000289,Direct_Background_16,Direct_Earth_to_Mars,Direct_Earth_to_Mars,0.73499999999999999,0.73499999999999999,0,150528,150528,0,1366.3147187624033,1366.3147187624033,0,3,3,0,50,50,0
290,1000289,Direct_Pointing_25pct_Power,Direct_Earth_to_Mars,Earth_Relay2_Mars,0,0.97999999999999998,0.97999999999999998,0,200704,200704,0,1432.9842715564948,1432.9842715564948,3,4,1,197,0,-197
290,1000289,Direct_Combined_25pctPower_BG16,Direct_Earth_to_Mars,Earth_Relay2_Mars,0,0.97999999999999998,0.97999999999999998,0,200704,200704,0,1432.9842715564948,1432.9842715564948,3,4,1,197,0,-197
291,1000290,Control,Direct_Earth_to_Mars,Direct_Earth_to_Mars,0.78500000000000003,0.78500000000000003,0,160768,160768,0,1346.5731976199399,1346.5731976199399,0,43,43,0,0,0,0
291,1000290,Direct_Background_16,Direct_Earth_to_Mars,Direct_Earth_to_Mars,0.68500000000000005,0.68500000000000005,0,140288,140288,0,1346.5731976199411,1346.5731976199411,0,43,43,0,20,20,0
291,1000290,Direct_Pointing_25pct_Power,Direct_Earth_to_Mars,Earth_Relay2_Mars,0,0.60499999999999998,0.60499999999999998,0,123904,123904,0,1413.186594184662,1413.186594184662,43,79,36,157,0,-157
291,1000290,Direct_Combined_25pctPower_BG16,Direct_Earth_to_Mars,Earth_Relay2_Mars,0,0.60499999999999998,0.60499999999999998,0,123904,123904,0,1413.186594184662,1413.186594184662,43,79,36,157,0,-157
292,1000291,Control,Direct_Earth_to_Mars,Direct_Earth_to_Mars,0.91000000000000003,0.91000000000000003,0,186368,186368,0,654.20723969001517,654.20723969001517,0,18,18,0,0,0,0
292,1000291,Direct_Background_16,Direct_Earth_to_Mars,Direct_Earth_to_Mars,0.91000000000000003,0.91000000000000003,0,186368,186368,0,654.20723969001517,654.20723969001517,0,18,18,0,0,0,0
292,1000291,Direct_Pointing_25pct_Power,Direct_Earth_to_Mars,Direct_Earth_to_Mars,0.91000000000000003,0.91000000000000003,0,186368,186368,0,654.20723969001517,654.20723969001517,0,18,18,0,0,0,0
292,1000291,Direct_Combined_25pctPower_BG16,Direct_Earth_to_Mars,Direct_Earth_to_Mars,0.90500000000000003,0.90500000000000003,0,185344,185344,0,654.20723969001517,654.20723969001517,0,18,18,0,1,1,0
293,1000292,Control,Direct_Earth_to_Mars,Direct_Earth_to_Mars,0.85499999999999998,0.85499999999999998,0,175104,175104,0,1272.2544873540464,1272.2544873540464,0,29,29,0,0,0,0
293,1000292,Direct_Background_16,Direct_Earth_to_Mars,Direct_Earth_to_Mars,0.85499999999999998,0.85499999999999998,0,175104,175104,0,1272.2544873540464,1272.2544873540464,0,29,29,0,0,0,0
293,1000292,Direct_Pointing_25pct_Power,Direct_Earth_to_Mars,Earth_Relay1_Mars,0,0,0,0,0,0,0,0,0,29,52,23,171,0,-171
293,1000292,Direct_Combined_25pctPower_BG16,Direct_Earth_to_Mars,Earth_Relay1_Mars,0,0,0,0,0,0,0,0,0,29,52,23,171,0,-171
294,1000293,Control,Direct_Earth_to_Mars,Direct_Earth_to_Mars,0.875,0.875,0,179200,179200,0,1363.466373891853,1363.466373891853,0,25,25,0,0,0,0
294,1000293,Direct_Background_16,Direct_Earth_to_Mars,Direct_Earth_to_Mars,0.82499999999999996,0.82499999999999996,0,168960,168960,0,1363.4663738918525,1363.4663738918525,0,25,25,0,10,10,0
294,1000293,Direct_Pointing_25pct_Power,Direct_Earth_to_Mars,Earth_Relay2_Mars,0,0.76500000000000001,0.76500000000000001,0,156672,156672,0,1430.1134455316042,1430.1134455316042,25,47,22,175,0,-175
294,1000293,Direct_Combined_25pctPower_BG16,Direct_Earth_to_Mars,Earth_Relay2_Mars,0,0.76500000000000001,0.76500000000000001,0,156672,156672,0,1430.1134455316042,1430.1134455316042,25,47,22,175,0,-175
295,1000294,Control,Direct_Earth_to_Mars,Direct_Earth_to_Mars,0.92000000000000004,0.92000000000000004,0,188416,188416,0,1034.5194840375045,1034.5194840375045,0,16,16,0,0,0,0
295,1000294,Direct_Background_16,Direct_Earth_to_Mars,Direct_Earth_to_Mars,0.92000000000000004,0.92000000000000004,0,188416,188416,0,1034.5194840375045,1034.5194840375045,0,16,16,0,0,0,0
295,1000294,Direct_Pointing_25pct_Power,Direct_Earth_to_Mars,Earth_Relay2_Mars,0,0.80500000000000005,0.80500000000000005,0,164864,164864,0,1100.7865600829455,1100.7865600829455,16,39,23,184,0,-184
295,1000294,Direct_Combined_25pctPower_BG16,Direct_Earth_to_Mars,Earth_Relay2_Mars,0,0.80500000000000005,0.80500000000000005,0,164864,164864,0,1100.7865600829455,1100.7865600829455,16,39,23,184,0,-184
296,1000295,Control,Direct_Earth_to_Mars,Direct_Earth_to_Mars,0.89000000000000001,0.89000000000000001,0,182272,182272,0,462.06236503054504,462.06236503054504,0,22,22,0,0,0,0
296,1000295,Direct_Background_16,Direct_Earth_to_Mars,Direct_Earth_to_Mars,0.89000000000000001,0.89000000000000001,0,182272,182272,0,462.06236503054504,462.06236503054504,0,22,22,0,0,0,0
296,1000295,Direct_Pointing_25pct_Power,Direct_Earth_to_Mars,Direct_Earth_to_Mars,0.89000000000000001,0.89000000000000001,0,182272,182272,0,462.06236503054504,462.06236503054504,0,22,22,0,0,0,0
296,1000295,Direct_Combined_25pctPower_BG16,Direct_Earth_to_Mars,Direct_Earth_to_Mars,0.89000000000000001,0.89000000000000001,0,182272,182272,0,462.06236503054504,462.06236503054504,0,22,22,0,0,0,0
297,1000296,Control,Direct_Earth_to_Mars,Direct_Earth_to_Mars,0.98499999999999999,0.98499999999999999,0,201728,201728,0,943.70779091838835,943.70779091838835,0,3,3,0,0,0,0
297,1000296,Direct_Background_16,Direct_Earth_to_Mars,Direct_Earth_to_Mars,0.98499999999999999,0.98499999999999999,0,201728,201728,0,943.70779091838835,943.70779091838835,0,3,3,0,0,0,0
297,1000296,Direct_Pointing_25pct_Power,Direct_Earth_to_Mars,Earth_Relay2_Mars,0.19500000000000001,0.94999999999999996,0.75499999999999989,39936,194560,154624,943.70779091839097,1009.8369067505139,66.12911583212292,3,10,7,158,0,-158
297,1000296,Direct_Combined_25pctPower_BG16,Direct_Earth_to_Mars,Earth_Relay2_Mars,0,0.94999999999999996,0.94999999999999996,0,194560,194560,0,1009.8369067505139,1009.8369067505139,3,10,7,197,0,-197
298,1000297,Control,Direct_Earth_to_Mars,Direct_Earth_to_Mars,0.79000000000000004,0.79000000000000004,0,161792,161792,0,494.74569374725991,494.74569374725991,0,42,42,0,0,0,0
298,1000297,Direct_Background_16,Direct_Earth_to_Mars,Direct_Earth_to_Mars,0.79000000000000004,0.79000000000000004,0,161792,161792,0,494.74569374725991,494.74569374725991,0,42,42,0,0,0,0
298,1000297,Direct_Pointing_25pct_Power,Direct_Earth_to_Mars,Direct_Earth_to_Mars,0.79000000000000004,0.79000000000000004,0,161792,161792,0,494.74569374725991,494.74569374725991,0,42,42,0,0,0,0
298,1000297,Direct_Combined_25pctPower_BG16,Direct_Earth_to_Mars,Direct_Earth_to_Mars,0.79000000000000004,0.79000000000000004,0,161792,161792,0,494.74569374725991,494.74569374725991,0,42,42,0,0,0,0
299,1000298,Control,Direct_Earth_to_Mars,Direct_Earth_to_Mars,0.96499999999999997,0.96499999999999997,0,197632,197632,0,342.9448123777824,342.9448123777824,0,7,7,0,0,0,0
299,1000298,Direct_Background_16,Direct_Earth_to_Mars,Direct_Earth_to_Mars,0.96499999999999997,0.96499999999999997,0,197632,197632,0,342.9448123777824,342.9448123777824,0,7,7,0,0,0,0
299,1000298,Direct_Pointing_25pct_Power,Direct_Earth_to_Mars,Direct_Earth_to_Mars,0.96499999999999997,0.96499999999999997,0,197632,197632,0,342.9448123777824,342.9448123777824,0,7,7,0,0,0,0
299,1000298,Direct_Combined_25pctPower_BG16,Direct_Earth_to_Mars,Direct_Earth_to_Mars,0.96499999999999997,0.96499999999999997,0,197632,197632,0,342.9448123777824,342.9448123777824,0,7,7,0,0,0,0
300,1000299,Control,Direct_Earth_to_Mars,Direct_Earth_to_Mars,0.89000000000000001,0.89000000000000001,0,182272,182272,0,1211.1919624289817,1211.1919624289817,0,22,22,0,0,0,0
300,1000299,Direct_Background_16,Direct_Earth_to_Mars,Direct_Earth_to_Mars,0.89000000000000001,0.89000000000000001,0,182272,182272,0,1211.1919624289817,1211.1919624289817,0,22,22,0,0,0,0
300,1000299,Direct_Pointing_25pct_Power,Direct_Earth_to_Mars,Earth_Relay2_Mars,0,0.77500000000000002,0.77500000000000002,0,158720,158720,0,1277.714386435953,1277.714386435953,22,45,23,178,0,-178
300,1000299,Direct_Combined_25pctPower_BG16,Direct_Earth_to_Mars,Earth_Relay2_Mars,0,0.77500000000000002,0.77500000000000002,0,158720,158720,0,1277.714386435953,1277.714386435953,22,45,23,178,0,-178
301,1000300,Control,Direct_Earth_to_Mars,Direct_Earth_to_Mars,0.87,0.87,0,178176,178176,0,286.91737981895903,286.91737981895903,0,26,26,0,0,0,0
301,1000300,Direct_Background_16,Direct_Earth_to_Mars,Direct_Earth_to_Mars,0.87,0.87,0,178176,178176,0,286.91737981895903,286.91737981895903,0,26,26,0,0,0,0
301,1000300,Direct_Pointing_25pct_Power,Direct_Earth_to_Mars,Direct_Earth_to_Mars,0.87,0.87,0,178176,178176,0,286.91737981895903,286.91737981895903,0,26,26,0,0,0,0
301,1000300,Direct_Combined_25pctPower_BG16,Direct_Earth_to_Mars,Direct_Earth_to_Mars,0.87,0.87,0,178176,178176,0,286.91737981895903,286.91737981895903,0,26,26,0,0,0,0
302,1000301,Control,Direct_Earth_to_Mars,Direct_Earth_to_Mars,0.82999999999999996,0.82999999999999996,0,169984,169984,0,1364.5634071828097,1364.5634071828097,0,34,34,0,0,0,0
302,1000301,Direct_Background_16,Direct_Earth_to_Mars,Direct_Earth_to_Mars,0.75,0.75,0,153600,153600,0,1364.5634071828097,1364.5634071828097,0,34,34,0,16,16,0
302,1000301,Direct_Pointing_25pct_Power,Direct_Earth_to_Mars,Earth_Relay2_Mars,0,0.70999999999999996,0.70999999999999996,0,145408,145408,0,1431.2340632727701,1431.2340632727701,34,58,24,166,0,-166
302,1000301,Direct_Combined_25pctPower_BG16,Direct_Earth_to_Mars,Earth_Relay2_Mars,0,0.70999999999999996,0.70999999999999996,0,145408,145408,0,1431.2340632727701,1431.2340632727701,34,58,24,166,0,-166
303,1000302,Control,Direct_Earth_to_Mars,Direct_Earth_to_Mars,0.92000000000000004,0.92000000000000004,0,188416,188416,0,835.26803633560189,835.26803633560189,0,16,16,0,0,0,0
303,1000302,Direct_Background_16,Direct_Earth_to_Mars,Direct_Earth_to_Mars,0.92000000000000004,0.92000000000000004,0,188416,188416,0,835.26803633560189,835.26803633560189,0,16,16,0,0,0,0
303,1000302,Direct_Pointing_25pct_Power,Direct_Earth_to_Mars,Direct_Earth_to_Mars,0.91500000000000004,0.91500000000000004,0,187392,187392,0,835.26803633560189,835.26803633560189,0,16,16,0,1,1,0
303,1000302,Direct_Combined_25pctPower_BG16,Direct_Earth_to_Mars,Earth_Relay2_Mars,0,0.78000000000000003,0.78000000000000003,0,159744,159744,0,901.22841519792303,901.22841519792303,16,44,28,184,0,-184
304,1000303,Control,Direct_Earth_to_Mars,Direct_Earth_to_Mars,0.89000000000000001,0.89000000000000001,0,182272,182272,0,433.86979501971916,433.86979501971916,0,22,22,0,0,0,0
304,1000303,Direct_Background_16,Direct_Earth_to_Mars,Direct_Earth_to_Mars,0.89000000000000001,0.89000000000000001,0,182272,182272,0,433.86979501971916,433.86979501971916,0,22,22,0,0,0,0
304,1000303,Direct_Pointing_25pct_Power,Direct_Earth_to_Mars,Direct_Earth_to_Mars,0.89000000000000001,0.89000000000000001,0,182272,182272,0,433.86979501971916,433.86979501971916,0,22,22,0,0,0,0
304,1000303,Direct_Combined_25pctPower_BG16,Direct_Earth_to_Mars,Direct_Earth_to_Mars,0.89000000000000001,0.89000000000000001,0,182272,182272,0,433.86979501971916,433.86979501971916,0,22,22,0,0,0,0
305,1000304,Control,Direct_Earth_to_Mars,Direct_Earth_to_Mars,0.92500000000000004,0.92500000000000004,0,189440,189440,0,1249.3527541575877,1249.3527541575877,0,15,15,0,0,0,0
305,1000304,Direct_Background_16,Direct_Earth_to_Mars,Direct_Earth_to_Mars,0.92500000000000004,0.92500000000000004,0,189440,189440,0,1249.3527541575877,1249.3527541575877,0,15,15,0,0,0,0
305,1000304,Direct_Pointing_25pct_Power,Direct_Earth_to_Mars,Earth_Relay2_Mars,0,0.86499999999999999,0.86499999999999999,0,177152,177152,0,1315.8240625741087,1315.8240625741087,15,27,12,185,0,-185
305,1000304,Direct_Combined_25pctPower_BG16,Direct_Earth_to_Mars,Earth_Relay2_Mars,0,0.86499999999999999,0.86499999999999999,0,177152,177152,0,1315.8240625741087,1315.8240625741087,15,27,12,185,0,-185
306,1000305,Control,Direct_Earth_to_Mars,Direct_Earth_to_Mars,0.94499999999999995,0.94499999999999995,0,193536,193536,0,1087.5204501325991,1087.5204501325991,0,11,11,0,0,0,0
306,1000305,Direct_Background_16,Direct_Earth_to_Mars,Direct_Earth_to_Mars,0.94499999999999995,0.94499999999999995,0,193536,193536,0,1087.5204501325991,1087.5204501325991,0,11,11,0,0,0,0
306,1000305,Direct_Pointing_25pct_Power,Direct_Earth_to_Mars,Earth_Relay2_Mars,0,0.85999999999999999,0.85999999999999999,0,176128,176128,0,1153.7959522905894,1153.7959522905894,11,28,17,189,0,-189
306,1000305,Direct_Combined_25pctPower_BG16,Direct_Earth_to_Mars,Earth_Relay2_Mars,0,0.85999999999999999,0.85999999999999999,0,176128,176128,0,1153.7959522905894,1153.7959522905894,11,28,17,189,0,-189
307,1000306,Control,Direct_Earth_to_Mars,Direct_Earth_to_Mars,0.95999999999999996,0.95999999999999996,0,196608,196608,0,1343.4041756653969,1343.4041756653969,0,8,8,0,0,0,0
307,1000306,Direct_Background_16,Direct_Earth_to_Mars,Direct_Earth_to_Mars,0.93500000000000005,0.93500000000000005,0,191488,191488,0,1343.4041756653967,1343.4041756653967,0,8,8,0,5,5,0
307,1000306,Direct_Pointing_25pct_Power,Direct_Earth_to_Mars,Earth_Relay2_Mars,0,0.92500000000000004,0.92500000000000004,0,189440,189440,0,1410.0662486740036,1410.0662486740036,8,15,7,192,0,-192
307,1000306,Direct_Combined_25pctPower_BG16,Direct_Earth_to_Mars,Earth_Relay2_Mars,0,0.92500000000000004,0.92500000000000004,0,189440,189440,0,1410.0662486740036,1410.0662486740036,8,15,7,192,0,-192
308,1000307,Control,Direct_Earth_to_Mars,Direct_Earth_to_Mars,0.90000000000000002,0.90000000000000002,0,184320,184320,0,690.42435726635142,690.42435726635142,0,20,20,0,0,0,0
308,1000307,Direct_Background_16,Direct_Earth_to_Mars,Direct_Earth_to_Mars,0.90000000000000002,0.90000000000000002,0,184320,184320,0,690.42435726635142,690.42435726635142,0,20,20,0,0,0,0
308,1000307,Direct_Pointing_25pct_Power,Direct_Earth_to_Mars,Direct_Earth_to_Mars,0.90000000000000002,0.90000000000000002,0,184320,184320,0,690.42435726635142,690.42435726635142,0,20,20,0,0,0,0
308,1000307,Direct_Combined_25pctPower_BG16,Direct_Earth_to_Mars,Direct_Earth_to_Mars,0.89000000000000001,0.89000000000000001,0,182272,182272,0,690.42435726635142,690.42435726635142,0,20,20,0,2,2,0
309,1000308,Control,Direct_Earth_to_Mars,Direct_Earth_to_Mars,0.83999999999999997,0.83999999999999997,0,172032,172032,0,1330.2941008557677,1330.2941008557677,0,32,32,0,0,0,0
309,1000308,Direct_Background_16,Direct_Earth_to_Mars,Direct_Earth_to_Mars,0.82999999999999996,0.82999999999999996,0,169984,169984,0,1330.2941008557677,1330.2941008557677,0,32,32,0,2,2,0
309,1000308,Direct_Pointing_25pct_Power,Direct_Earth_to_Mars,Earth_Relay2_Mars,0,0.67000000000000004,0.67000000000000004,0,137216,137216,0,1396.9460973982352,1396.9460973982352,32,66,34,168,0,-168
309,1000308,Direct_Combined_25pctPower_BG16,Direct_Earth_to_Mars,Earth_Relay2_Mars,0,0.67000000000000004,0.67000000000000004,0,137216,137216,0,1396.9460973982352,1396.9460973982352,32,66,34,168,0,-168
310,1000309,Control,Direct_Earth_to_Mars,Direct_Earth_to_Mars,0.91500000000000004,0.91500000000000004,0,187392,187392,0,1025.1205435436941,1025.1205435436941,0,17,17,0,0,0,0
310,1000309,Direct_Background_16,Direct_Earth_to_Mars,Direct_Earth_to_Mars,0.91500000000000004,0.91500000000000004,0,187392,187392,0,1025.1205435436941,1025.1205435436941,0,17,17,0,0,0,0
310,1000309,Direct_Pointing_25pct_Power,Direct_Earth_to_Mars,Earth_Relay2_Mars,0,0.84999999999999998,0.84999999999999998,0,174080,174080,0,1091.3724384849293,1091.3724384849293,17,30,13,183,0,-183
310,1000309,Direct_Combined_25pctPower_BG16,Direct_Earth_to_Mars,Earth_Relay2_Mars,0,0.84999999999999998,0.84999999999999998,0,174080,174080,0,1091.3724384849293,1091.3724384849293,17,30,13,183,0,-183
311,1000310,Control,Direct_Earth_to_Mars,Direct_Earth_to_Mars,0.97499999999999998,0.97499999999999998,0,199680,199680,0,751.9549951526692,751.9549951526692,0,5,5,0,0,0,0
311,1000310,Direct_Background_16,Direct_Earth_to_Mars,Direct_Earth_to_Mars,0.97499999999999998,0.97499999999999998,0,199680,199680,0,751.9549951526692,751.9549951526692,0,5,5,0,0,0,0
311,1000310,Direct_Pointing_25pct_Power,Direct_Earth_to_Mars,Direct_Earth_to_Mars,0.97499999999999998,0.97499999999999998,0,199680,199680,0,751.9549951526692,751.9549951526692,0,5,5,0,0,0,0
311,1000310,Direct_Combined_25pctPower_BG16,Direct_Earth_to_Mars,Earth_Relay2_Mars,0,0.95499999999999996,0.95499999999999996,0,195584,195584,0,817.80473171868346,817.80473171868346,5,9,4,195,0,-195
312,1000311,Control,Direct_Earth_to_Mars,Direct_Earth_to_Mars,0.89000000000000001,0.89000000000000001,0,182272,182272,0,779.7861849040786,779.7861849040786,0,22,22,0,0,0,0
312,1000311,Direct_Background_16,Direct_Earth_to_Mars,Direct_Earth_to_Mars,0.89000000000000001,0.89000000000000001,0,182272,182272,0,779.7861849040786,779.7861849040786,0,22,22,0,0,0,0
312,1000311,Direct_Pointing_25pct_Power,Direct_Earth_to_Mars,Direct_Earth_to_Mars,0.88500000000000001,0.88500000000000001,0,181248,181248,0,779.7861849040786,779.7861849040786,0,22,22,0,1,1,0
312,1000311,Direct_Combined_25pctPower_BG16,Direct_Earth_to_Mars,Earth_Relay2_Mars,0.13,0.78500000000000003,0.65500000000000003,26624,160768,134144,779.78618490407962,845.67223689568266,65.88605199160304,22,43,21,152,0,-152
313,1000312,Control,Direct_Earth_to_Mars,Direct_Earth_to_Mars,0.90000000000000002,0.90000000000000002,0,184320,184320,0,451.79882075143803,451.79882075143803,0,20,20,0,0,0,0
313,1000312,Direct_Background_16,Direct_Earth_to_Mars,Direct_Earth_to_Mars,0.90000000000000002,0.90000000000000002,0,184320,184320,0,451.79882075143803,451.79882075143803,0,20,20,0,0,0,0
313,1000312,Direct_Pointing_25pct_Power,Direct_Earth_to_Mars,Direct_Earth_to_Mars,0.90000000000000002,0.90000000000000002,0,184320,184320,0,451.79882075143803,451.79882075143803,0,20,20,0,0,0,0
313,1000312,Direct_Combined_25pctPower_BG16,Direct_Earth_to_Mars,Direct_Earth_to_Mars,0.90000000000000002,0.90000000000000002,0,184320,184320,0,451.79882075143803,451.79882075143803,0,20,20,0,0,0,0
314,1000313,Control,Direct_Earth_to_Mars,Direct_Earth_to_Mars,0.92500000000000004,0.92500000000000004,0,189440,189440,0,1364.8796052779946,1364.8796052779946,0,15,15,0,0,0,0
314,1000313,Direct_Background_16,Direct_Earth_to_Mars,Direct_Earth_to_Mars,0.71999999999999997,0.71999999999999997,0,147456,147456,0,1364.8796052779946,1364.8796052779946,0,15,15,0,41,41,0
314,1000313,Direct_Pointing_25pct_Power,Direct_Earth_to_Mars,Earth_Relay2_Mars,0,0.84499999999999997,0.84499999999999997,0,173056,173056,0,1431.5304144614418,1431.5304144614418,15,30,15,185,1,-184
314,1000313,Direct_Combined_25pctPower_BG16,Direct_Earth_to_Mars,Earth_Relay2_Mars,0,0.84999999999999998,0.84999999999999998,0,174080,174080,0,1431.530414461442,1431.530414461442,15,30,15,185,0,-185
315,1000314,Control,Direct_Earth_to_Mars,Direct_Earth_to_Mars,0.95999999999999996,0.95999999999999996,0,196608,196608,0,806.87969715302768,806.87969715302768,0,8,8,0,0,0,0
315,1000314,Direct_Background_16,Direct_Earth_to_Mars,Direct_Earth_to_Mars,0.95999999999999996,0.95999999999999996,0,196608,196608,0,806.87969715302768,806.87969715302768,0,8,8,0,0,0,0
315,1000314,Direct_Pointing_25pct_Power,Direct_Earth_to_Mars,Direct_Earth_to_Mars,0.94999999999999996,0.94999999999999996,0,194560,194560,0,806.87969715302768,806.87969715302768,0,8,8,0,2,2,0
315,1000314,Direct_Combined_25pctPower_BG16,Direct_Earth_to_Mars,Earth_Relay2_Mars,0,0.91500000000000004,0.91500000000000004,0,187392,187392,0,872.80180429062159,872.80180429062159,8,17,9,192,0,-192
316,1000315,Control,Direct_Earth_to_Mars,Direct_Earth_to_Mars,0.94999999999999996,0.94999999999999996,0,194560,194560,0,315.31722268906208,315.31722268906208,0,10,10,0,0,0,0
316,1000315,Direct_Background_16,Direct_Earth_to_Mars,Direct_Earth_to_Mars,0.94999999999999996,0.94999999999999996,0,194560,194560,0,315.31722268906208,315.31722268906208,0,10,10,0,0,0,0
316,1000315,Direct_Pointing_25pct_Power,Direct_Earth_to_Mars,Direct_Earth_to_Mars,0.94999999999999996,0.94999999999999996,0,194560,194560,0,315.31722268906208,315.31722268906208,0,10,10,0,0,0,0
316,1000315,Direct_Combined_25pctPower_BG16,Direct_Earth_to_Mars,Direct_Earth_to_Mars,0.94999999999999996,0.94999999999999996,0,194560,194560,0,315.31722268906208,315.31722268906208,0,10,10,0,0,0,0
317,1000316,Control,Direct_Earth_to_Mars,Direct_Earth_to_Mars,0.83999999999999997,0.83999999999999997,0,172032,172032,0,784.5977325203412,784.5977325203412,0,32,32,0,0,0,0
317,1000316,Direct_Background_16,Direct_Earth_to_Mars,Direct_Earth_to_Mars,0.83999999999999997,0.83999999999999997,0,172032,172032,0,784.5977325203412,784.5977325203412,0,32,32,0,0,0,0
317,1000316,Direct_Pointing_25pct_Power,Direct_Earth_to_Mars,Direct_Earth_to_Mars,0.83999999999999997,0.83999999999999997,0,172032,172032,0,784.5977325203412,784.5977325203412,0,32,32,0,0,0,0
317,1000316,Direct_Combined_25pctPower_BG16,Direct_Earth_to_Mars,Earth_Relay0_Mars,0,0.62,0.62,0,126976,126976,0,1197.3493096675668,1197.3493096675668,32,76,44,168,0,-168
318,1000317,Control,Direct_Earth_to_Mars,Direct_Earth_to_Mars,0.97499999999999998,0.97499999999999998,0,199680,199680,0,1363.2966646382404,1363.2966646382404,0,5,5,0,0,0,0
318,1000317,Direct_Background_16,Direct_Earth_to_Mars,Direct_Earth_to_Mars,0.89500000000000002,0.89500000000000002,0,183296,183296,0,1363.2966646382406,1363.2966646382406,0,5,5,0,16,16,0
318,1000317,Direct_Pointing_25pct_Power,Direct_Earth_to_Mars,Earth_Relay2_Mars,0,0.93500000000000005,0.93500000000000005,0,191488,191488,0,1429.9675914932161,1429.9675914932161,5,13,8,195,0,-195
318,1000317,Direct_Combined_25pctPower_BG16,Direct_Earth_to_Mars,Earth_Relay2_Mars,0,0.93500000000000005,0.93500000000000005,0,191488,191488,0,1429.9675914932161,1429.9675914932161,5,13,8,195,0,-195
319,1000318,Control,Direct_Earth_to_Mars,Direct_Earth_to_Mars,0.77500000000000002,0.77500000000000002,0,158720,158720,0,331.73393328380246,331.73393328380246,0,45,45,0,0,0,0
319,1000318,Direct_Background_16,Direct_Earth_to_Mars,Direct_Earth_to_Mars,0.77500000000000002,0.77500000000000002,0,158720,158720,0,331.73393328380246,331.73393328380246,0,45,45,0,0,0,0
319,1000318,Direct_Pointing_25pct_Power,Direct_Earth_to_Mars,Direct_Earth_to_Mars,0.77500000000000002,0.77500000000000002,0,158720,158720,0,331.73393328380246,331.73393328380246,0,45,45,0,0,0,0
319,1000318,Direct_Combined_25pctPower_BG16,Direct_Earth_to_Mars,Direct_Earth_to_Mars,0.77500000000000002,0.77500000000000002,0,158720,158720,0,331.73393328380246,331.73393328380246,0,45,45,0,0,0,0
320,1000319,Control,Direct_Earth_to_Mars,Direct_Earth_to_Mars,0.98999999999999999,0.98999999999999999,0,202752,202752,0,404.16107736334237,404.16107736334237,0,2,2,0,0,0,0
320,1000319,Direct_Background_16,Direct_Earth_to_Mars,Direct_Earth_to_Mars,0.98999999999999999,0.98999999999999999,0,202752,202752,0,404.16107736334237,404.16107736334237,0,2,2,0,0,0,0
320,1000319,Direct_Pointing_25pct_Power,Direct_Earth_to_Mars,Direct_Earth_to_Mars,0.98999999999999999,0.98999999999999999,0,202752,202752,0,404.16107736334237,404.16107736334237,0,2,2,0,0,0,0
320,1000319,Direct_Combined_25pctPower_BG16,Direct_Earth_to_Mars,Direct_Earth_to_Mars,0.98999999999999999,0.98999999999999999,0,202752,202752,0,404.16107736334237,404.16107736334237,0,2,2,0,0,0,0
321,1000320,Control,Direct_Earth_to_Mars,Direct_Earth_to_Mars,0.93500000000000005,0.93500000000000005,0,191488,191488,0,297.93458385221993,297.93458385221993,0,13,13,0,0,0,0
321,1000320,Direct_Background_16,Direct_Earth_to_Mars,Direct_Earth_to_Mars,0.93500000000000005,0.93500000000000005,0,191488,191488,0,297.93458385221993,297.93458385221993,0,13,13,0,0,0,0
321,1000320,Direct_Pointing_25pct_Power,Direct_Earth_to_Mars,Direct_Earth_to_Mars,0.93500000000000005,0.93500000000000005,0,191488,191488,0,297.93458385221993,297.93458385221993,0,13,13,0,0,0,0
321,1000320,Direct_Combined_25pctPower_BG16,Direct_Earth_to_Mars,Direct_Earth_to_Mars,0.93500000000000005,0.93500000000000005,0,191488,191488,0,297.93458385221993,297.93458385221993,0,13,13,0,0,0,0
322,1000321,Control,Direct_Earth_to_Mars,Direct_Earth_to_Mars,0.82499999999999996,0.82499999999999996,0,168960,168960,0,674.47456708218681,674.47456708218681,0,35,35,0,0,0,0
322,1000321,Direct_Background_16,Direct_Earth_to_Mars,Direct_Earth_to_Mars,0.82499999999999996,0.82499999999999996,0,168960,168960,0,674.47456708218681,674.47456708218681,0,35,35,0,0,0,0
322,1000321,Direct_Pointing_25pct_Power,Direct_Earth_to_Mars,Direct_Earth_to_Mars,0.82499999999999996,0.82499999999999996,0,168960,168960,0,674.47456708218681,674.47456708218681,0,35,35,0,0,0,0
322,1000321,Direct_Combined_25pctPower_BG16,Direct_Earth_to_Mars,Direct_Earth_to_Mars,0.79000000000000004,0.79000000000000004,0,161792,161792,0,674.47456708218681,674.47456708218681,0,35,35,0,7,7,0
323,1000322,Control,Direct_Earth_to_Mars,Direct_Earth_to_Mars,0.79000000000000004,0.79000000000000004,0,161792,161792,0,769.09828339658372,769.09828339658372,0,42,42,0,0,0,0
323,1000322,Direct_Background_16,Direct_Earth_to_Mars,Direct_Earth_to_Mars,0.79000000000000004,0.79000000000000004,0,161792,161792,0,769.09828339658372,769.09828339658372,0,42,42,0,0,0,0
323,1000322,Direct_Pointing_25pct_Power,Direct_Earth_to_Mars,Direct_Earth_to_Mars,0.79000000000000004,0.79000000000000004,0,161792,161792,0,769.09828339658372,769.09828339658372,0,42,42,0,0,0,0
323,1000322,Direct_Combined_25pctPower_BG16,Direct_Earth_to_Mars,Earth_Relay2_Mars,0.17499999999999999,0.66000000000000003,0.48500000000000004,35840,135168,99328,769.09828339658623,835.09726388691433,65.998980490328108,42,68,26,123,0,-123
324,1000323,Control,Direct_Earth_to_Mars,Direct_Earth_to_Mars,0.97499999999999998,0.97499999999999998,0,199680,199680,0,420.54732693815725,420.54732693815725,0,5,5,0,0,0,0
324,1000323,Direct_Background_16,Direct_Earth_to_Mars,Direct_Earth_to_Mars,0.97499999999999998,0.97499999999999998,0,199680,199680,0,420.54732693815725,420.54732693815725,0,5,5,0,0,0,0
324,1000323,Direct_Pointing_25pct_Power,Direct_Earth_to_Mars,Direct_Earth_to_Mars,0.97499999999999998,0.97499999999999998,0,199680,199680,0,420.54732693815725,420.54732693815725,0,5,5,0,0,0,0
324,1000323,Direct_Combined_25pctPower_BG16,Direct_Earth_to_Mars,Direct_Earth_to_Mars,0.97499999999999998,0.97499999999999998,0,199680,199680,0,420.54732693815725,420.54732693815725,0,5,5,0,0,0,0
325,1000324,Control,Direct_Earth_to_Mars,Direct_Earth_to_Mars,0.93000000000000005,0.93000000000000005,0,190464,190464,0,1061.4094248117565,1061.4094248117565,0,14,14,0,0,0,0
325,1000324,Direct_Background_16,Direct_Earth_to_Mars,Direct_Earth_to_Mars,0.93000000000000005,0.93000000000000005,0,190464,190464,0,1061.4094248117565,1061.4094248117565,0,14,14,0,0,0,0
325,1000324,Direct_Pointing_25pct_Power,Direct_Earth_to_Mars,Earth_Relay2_Mars,0,0.84999999999999998,0.84999999999999998,0,174080,174080,0,1127.6563391202442,1127.6563391202442,14,30,16,186,0,-186
325,1000324,Direct_Combined_25pctPower_BG16,Direct_Earth_to_Mars,Earth_Relay2_Mars,0,0.84999999999999998,0.84999999999999998,0,174080,174080,0,1127.6563391202442,1127.6563391202442,14,30,16,186,0,-186
326,1000325,Control,Direct_Earth_to_Mars,Direct_Earth_to_Mars,0.90000000000000002,0.90000000000000002,0,184320,184320,0,1302.9881705019136,1302.9881705019136,0,20,20,0,0,0,0
326,1000325,Direct_Background_16,Direct_Earth_to_Mars,Direct_Earth_to_Mars,0.86499999999999999,0.86499999999999999,0,177152,177152,0,1302.9881705019134,1302.9881705019134,0,20,20,0,7,7,0
326,1000325,Direct_Pointing_25pct_Power,Direct_Earth_to_Mars,Earth_Relay1_Mars,0,0,0,0,0,0,0,0,0,20,42,22,180,0,-180
326,1000325,Direct_Combined_25pctPower_BG16,Direct_Earth_to_Mars,Earth_Relay1_Mars,0,0,0,0,0,0,0,0,0,20,42,22,180,0,-180
327,1000326,Control,Direct_Earth_to_Mars,Direct_Earth_to_Mars,0.94499999999999995,0.94499999999999995,0,193536,193536,0,1302.6126446291148,1302.6126446291148,0,11,11,0,0,0,0
327,1000326,Direct_Background_16,Direct_Earth_to_Mars,Direct_Earth_to_Mars,0.92500000000000004,0.92500000000000004,0,189440,189440,0,1302.6126446291148,1302.6126446291148,0,11,11,0,4,4,0
327,1000326,Direct_Pointing_25pct_Power,Direct_Earth_to_Mars,Earth_Relay2_Mars,0,0.88,0.88,0,180224,180224,0,1369.2392285747997,1369.2392285747997,11,24,13,189,0,-189
327,1000326,Direct_Combined_25pctPower_BG16,Direct_Earth_to_Mars,Earth_Relay2_Mars,0,0.88,0.88,0,180224,180224,0,1369.2392285747997,1369.2392285747997,11,24,13,189,0,-189
328,1000327,Control,Direct_Earth_to_Mars,Direct_Earth_to_Mars,0.97499999999999998,0.97499999999999998,0,199680,199680,0,1073.0961046717059,1073.0961046717059,0,5,5,0,0,0,0
328,1000327,Direct_Background_16,Direct_Earth_to_Mars,Direct_Earth_to_Mars,0.97499999999999998,0.97499999999999998,0,199680,199680,0,1073.0961046717059,1073.0961046717059,0,5,5,0,0,0,0
328,1000327,Direct_Pointing_25pct_Power,Direct_Earth_to_Mars,Earth_Relay0_Mars,0,0.94999999999999996,0.94999999999999996,0,194560,194560,0,1277.1397945212354,1277.1397945212354,5,10,5,195,0,-195
328,1000327,Direct_Combined_25pctPower_BG16,Direct_Earth_to_Mars,Earth_Relay0_Mars,0,0.94999999999999996,0.94999999999999996,0,194560,194560,0,1277.1397945212354,1277.1397945212354,5,10,5,195,0,-195
329,1000328,Control,Direct_Earth_to_Mars,Direct_Earth_to_Mars,0.85499999999999998,0.85499999999999998,0,175104,175104,0,1316.6490896390978,1316.6490896390978,0,29,29,0,0,0,0
329,1000328,Direct_Background_16,Direct_Earth_to_Mars,Direct_Earth_to_Mars,0.84999999999999998,0.84999999999999998,0,174080,174080,0,1316.6490896390976,1316.6490896390976,0,29,29,0,1,1,0
329,1000328,Direct_Pointing_25pct_Power,Direct_Earth_to_Mars,Earth_Relay2_Mars,0,0.72499999999999998,0.72499999999999998,0,148480,148480,0,1383.2145099836541,1383.2145099836541,29,55,26,171,0,-171
329,1000328,Direct_Combined_25pctPower_BG16,Direct_Earth_to_Mars,Earth_Relay2_Mars,0,0.72499999999999998,0.72499999999999998,0,148480,148480,0,1383.2145099836541,1383.2145099836541,29,55,26,171,0,-171
330,1000329,Control,Direct_Earth_to_Mars,Direct_Earth_to_Mars,0.81999999999999995,0.81999999999999995,0,167936,167936,0,1039.3447393155072,1039.3447393155072,0,36,36,0,0,0,0
330,1000329,Direct_Background_16,Direct_Earth_to_Mars,Direct_Earth_to_Mars,0.81999999999999995,0.81999999999999995,0,167936,167936,0,1039.3447393155072,1039.3447393155072,0,36,36,0,0,0,0
330,1000329,Direct_Pointing_25pct_Power,Direct_Earth_to_Mars,Earth_Relay2_Mars,0,0.69499999999999995,0.69499999999999995,0,142336,142336,0,1105.6195566443496,1105.6195566443496,36,61,25,164,0,-164
330,1000329,Direct_Combined_25pctPower_BG16,Direct_Earth_to_Mars,Earth_Relay2_Mars,0,0.69499999999999995,0.69499999999999995,0,142336,142336,0,1105.6195566443496,1105.6195566443496,36,61,25,164,0,-164
331,1000330,Control,Direct_Earth_to_Mars,Direct_Earth_to_Mars,0.94499999999999995,0.94499999999999995,0,193536,193536,0,1207.7845251142508,1207.7845251142508,0,11,11,0,0,0,0
331,1000330,Direct_Background_16,Direct_Earth_to_Mars,Direct_Earth_to_Mars,0.93999999999999995,0.93999999999999995,0,192512,192512,0,1207.7845251142508,1207.7845251142508,0,11,11,0,1,1,0
331,1000330,Direct_Pointing_25pct_Power,Direct_Earth_to_Mars,Earth_Relay2_Mars,0,0.89500000000000002,0.89500000000000002,0,183296,183296,0,1274.2022649700791,1274.2022649700791,11,21,10,189,0,-189
331,1000330,Direct_Combined_25pctPower_BG16,Direct_Earth_to_Mars,Earth_Relay2_Mars,0,0.89500000000000002,0.89500000000000002,0,183296,183296,0,1274.2022649700791,1274.2022649700791,11,21,10,189,0,-189
332,1000331,Control,Direct_Earth_to_Mars,Direct_Earth_to_Mars,0.85499999999999998,0.85499999999999998,0,175104,175104,0,1256.9472981639933,1256.9472981639933,0,29,29,0,0,0,0
332,1000331,Direct_Background_16,Direct_Earth_to_Mars,Direct_Earth_to_Mars,0.84499999999999997,0.84499999999999997,0,173056,173056,0,1256.9472981639935,1256.9472981639935,0,29,29,0,2,2,0
332,1000331,Direct_Pointing_25pct_Power,Direct_Earth_to_Mars,Earth_Relay2_Mars,0,0.73999999999999999,0.73999999999999999,0,151552,151552,0,1323.5248748558247,1323.5248748558247,29,52,23,171,0,-171
332,1000331,Direct_Combined_25pctPower_BG16,Direct_Earth_to_Mars,Earth_Relay2_Mars,0,0.73999999999999999,0.73999999999999999,0,151552,151552,0,1323.5248748558247,1323.5248748558247,29,52,23,171,0,-171
333,1000332,Control,Direct_Earth_to_Mars,Direct_Earth_to_Mars,0.85999999999999999,0.85999999999999999,0,176128,176128,0,1009.4809497490726,1009.4809497490726,0,28,28,0,0,0,0
333,1000332,Direct_Background_16,Direct_Earth_to_Mars,Direct_Earth_to_Mars,0.85999999999999999,0.85999999999999999,0,176128,176128,0,1009.4809497490726,1009.4809497490726,0,28,28,0,0,0,0
333,1000332,Direct_Pointing_25pct_Power,Direct_Earth_to_Mars,Earth_Relay2_Mars,0,0.70499999999999996,0.70499999999999996,0,144384,144384,0,1075.7073007129334,1075.7073007129334,28,59,31,172,0,-172
333,1000332,Direct_Combined_25pctPower_BG16,Direct_Earth_to_Mars,Earth_Relay2_Mars,0,0.70499999999999996,0.70499999999999996,0,144384,144384,0,1075.7073007129334,1075.7073007129334,28,59,31,172,0,-172
334,1000333,Control,Direct_Earth_to_Mars,Direct_Earth_to_Mars,0.89500000000000002,0.89500000000000002,0,183296,183296,0,1332.4856756246513,1332.4856756246513,0,21,21,0,0,0,0
334,1000333,Direct_Background_16,Direct_Earth_to_Mars,Direct_Earth_to_Mars,0.88500000000000001,0.88500000000000001,0,181248,181248,0,1332.4856756246513,1332.4856756246513,0,21,21,0,2,2,0
334,1000333,Direct_Pointing_25pct_Power,Direct_Earth_to_Mars,Earth_Relay2_Mars,0,0.79000000000000004,0.79000000000000004,0,161792,161792,0,1399.0756049205168,1399.0756049205168,21,42,21,179,0,-179
334,1000333,Direct_Combined_25pctPower_BG16,Direct_Earth_to_Mars,Earth_Relay2_Mars,0,0.79000000000000004,0.79000000000000004,0,161792,161792,0,1399.0756049205168,1399.0756049205168,21,42,21,179,0,-179
335,1000334,Control,Direct_Earth_to_Mars,Direct_Earth_to_Mars,0.83499999999999996,0.83499999999999996,0,171008,171008,0,612.0259635250369,612.0259635250369,0,33,33,0,0,0,0
335,1000334,Direct_Background_16,Direct_Earth_to_Mars,Direct_Earth_to_Mars,0.83499999999999996,0.83499999999999996,0,171008,171008,0,612.0259635250369,612.0259635250369,0,33,33,0,0,0,0
335,1000334,Direct_Pointing_25pct_Power,Direct_Earth_to_Mars,Direct_Earth_to_Mars,0.83499999999999996,0.83499999999999996,0,171008,171008,0,612.0259635250369,612.0259635250369,0,33,33,0,0,0,0
335,1000334,Direct_Combined_25pctPower_BG16,Direct_Earth_to_Mars,Direct_Earth_to_Mars,0.83499999999999996,0.83499999999999996,0,171008,171008,0,612.0259635250369,612.0259635250369,0,33,33,0,0,0,0
336,1000335,Control,Direct_Earth_to_Mars,Direct_Earth_to_Mars,0.91000000000000003,0.91000000000000003,0,186368,186368,0,592.70769275763735,592.70769275763735,0,18,18,0,0,0,0
336,1000335,Direct_Background_16,Direct_Earth_to_Mars,Direct_Earth_to_Mars,0.91000000000000003,0.91000000000000003,0,186368,186368,0,592.70769275763735,592.70769275763735,0,18,18,0,0,0,0
336,1000335,Direct_Pointing_25pct_Power,Direct_Earth_to_Mars,Direct_Earth_to_Mars,0.91000000000000003,0.91000000000000003,0,186368,186368,0,592.70769275763735,592.70769275763735,0,18,18,0,0,0,0
336,1000335,Direct_Combined_25pctPower_BG16,Direct_Earth_to_Mars,Direct_Earth_to_Mars,0.91000000000000003,0.91000000000000003,0,186368,186368,0,592.70769275763735,592.70769275763735,0,18,18,0,0,0,0
337,1000336,Control,Direct_Earth_to_Mars,Direct_Earth_to_Mars,0.89500000000000002,0.89500000000000002,0,183296,183296,0,1058.08136997563,1058.08136997563,0,21,21,0,0,0,0
337,1000336,Direct_Background_16,Direct_Earth_to_Mars,Direct_Earth_to_Mars,0.89500000000000002,0.89500000000000002,0,183296,183296,0,1058.08136997563,1058.08136997563,0,21,21,0,0,0,0
337,1000336,Direct_Pointing_25pct_Power,Direct_Earth_to_Mars,Earth_Relay2_Mars,0,0.78500000000000003,0.78500000000000003,0,160768,160768,0,1124.3247003820145,1124.3247003820145,21,43,22,179,0,-179
337,1000336,Direct_Combined_25pctPower_BG16,Direct_Earth_to_Mars,Earth_Relay2_Mars,0,0.78500000000000003,0.78500000000000003,0,160768,160768,0,1124.3247003820145,1124.3247003820145,21,43,22,179,0,-179
338,1000337,Control,Direct_Earth_to_Mars,Direct_Earth_to_Mars,0.97999999999999998,0.97999999999999998,0,200704,200704,0,674.42963545844827,674.42963545844827,0,4,4,0,0,0,0
338,1000337,Direct_Background_16,Direct_Earth_to_Mars,Direct_Earth_to_Mars,0.97999999999999998,0.97999999999999998,0,200704,200704,0,674.42963545844827,674.42963545844827,0,4,4,0,0,0,0
338,1000337,Direct_Pointing_25pct_Power,Direct_Earth_to_Mars,Direct_Earth_to_Mars,0.97999999999999998,0.97999999999999998,0,200704,200704,0,674.42963545844827,674.42963545844827,0,4,4,0,0,0,0
338,1000337,Direct_Combined_25pctPower_BG16,Direct_Earth_to_Mars,Direct_Earth_to_Mars,0.95999999999999996,0.95999999999999996,0,196608,196608,0,674.42963545844827,674.42963545844827,0,4,4,0,4,4,0
339,1000338,Control,Direct_Earth_to_Mars,Direct_Earth_to_Mars,0.98999999999999999,0.98999999999999999,0,202752,202752,0,1293.8678607936529,1293.8678607936529,0,2,2,0,0,0,0
339,1000338,Direct_Background_16,Direct_Earth_to_Mars,Direct_Earth_to_Mars,0.93500000000000005,0.93500000000000005,0,191488,191488,0,1293.8678607936524,1293.8678607936524,0,2,2,0,11,11,0
339,1000338,Direct_Pointing_25pct_Power,Direct_Earth_to_Mars,Earth_Relay1_Mars,0,0,0,0,0,0,0,0,0,2,4,2,198,0,-198
339,1000338,Direct_Combined_25pctPower_BG16,Direct_Earth_to_Mars,Earth_Relay1_Mars,0,0,0,0,0,0,0,0,0,2,4,2,198,0,-198
340,1000339,Control,Direct_Earth_to_Mars,Direct_Earth_to_Mars,0.97999999999999998,0.97999999999999998,0,200704,200704,0,1358.0785332751411,1358.0785332751411,0,4,4,0,0,0,0
340,1000339,Direct_Background_16,Direct_Earth_to_Mars,Direct_Earth_to_Mars,0.86499999999999999,0.86499999999999999,0,177152,177152,0,1358.0785332751407,1358.0785332751407,0,4,4,0,23,23,0
340,1000339,Direct_Pointing_25pct_Power,Direct_Earth_to_Mars,Earth_Relay2_Mars,0,0.95499999999999996,0.95499999999999996,0,195584,195584,0,1424.7486720437357,1424.7486720437357,4,9,5,196,0,-196
340,1000339,Direct_Combined_25pctPower_BG16,Direct_Earth_to_Mars,Earth_Relay2_Mars,0,0.95499999999999996,0.95499999999999996,0,195584,195584,0,1424.7486720437357,1424.7486720437357,4,9,5,196,0,-196
341,1000340,Control,Direct_Earth_to_Mars,Direct_Earth_to_Mars,0.95499999999999996,0.95499999999999996,0,195584,195584,0,814.97036582771864,814.97036582771864,0,9,9,0,0,0,0
341,1000340,Direct_Background_16,Direct_Earth_to_Mars,Direct_Earth_to_Mars,0.95499999999999996,0.95499999999999996,0,195584,195584,0,814.97036582771864,814.97036582771864,0,9,9,0,0,0,0
341,1000340,Direct_Pointing_25pct_Power,Direct_Earth_to_Mars,Direct_Earth_to_Mars,0.94999999999999996,0.94999999999999996,0,194560,194560,0,814.97036582771852,814.97036582771852,0,9,9,0,1,1,0
341,1000340,Direct_Combined_25pctPower_BG16,Direct_Earth_to_Mars,Earth_Relay2_Mars,0,0.84499999999999997,0.84499999999999997,0,173056,173056,0,880.90333850932382,880.90333850932382,9,31,22,191,0,-191
342,1000341,Control,Direct_Earth_to_Mars,Direct_Earth_to_Mars,0.97499999999999998,0.97499999999999998,0,199680,199680,0,295.02024201773906,295.02024201773906,0,5,5,0,0,0,0
342,1000341,Direct_Background_16,Direct_Earth_to_Mars,Direct_Earth_to_Mars,0.97499999999999998,0.97499999999999998,0,199680,199680,0,295.02024201773906,295.02024201773906,0,5,5,0,0,0,0
342,1000341,Direct_Pointing_25pct_Power,Direct_Earth_to_Mars,Direct_Earth_to_Mars,0.97499999999999998,0.97499999999999998,0,199680,199680,0,295.02024201773906,295.02024201773906,0,5,5,0,0,0,0
342,1000341,Direct_Combined_25pctPower_BG16,Direct_Earth_to_Mars,Direct_Earth_to_Mars,0.97499999999999998,0.97499999999999998,0,199680,199680,0,295.02024201773906,295.02024201773906,0,5,5,0,0,0,0
343,1000342,Control,Direct_Earth_to_Mars,Direct_Earth_to_Mars,0.84499999999999997,0.84499999999999997,0,173056,173056,0,329.47925555576677,329.47925555576677,0,31,31,0,0,0,0
343,1000342,Direct_Background_16,Direct_Earth_to_Mars,Direct_Earth_to_Mars,0.84499999999999997,0.84499999999999997,0,173056,173056,0,329.47925555576677,329.47925555576677,0,31,31,0,0,0,0
343,1000342,Direct_Pointing_25pct_Power,Direct_Earth_to_Mars,Direct_Earth_to_Mars,0.84499999999999997,0.84499999999999997,0,173056,173056,0,329.47925555576677,329.47925555576677,0,31,31,0,0,0,0
343,1000342,Direct_Combined_25pctPower_BG16,Direct_Earth_to_Mars,Direct_Earth_to_Mars,0.84499999999999997,0.84499999999999997,0,173056,173056,0,329.47925555576677,329.47925555576677,0,31,31,0,0,0,0
344,1000343,Control,Direct_Earth_to_Mars,Direct_Earth_to_Mars,0.85499999999999998,0.85499999999999998,0,175104,175104,0,347.31334721986053,347.31334721986053,0,29,29,0,0,0,0
344,1000343,Direct_Background_16,Direct_Earth_to_Mars,Direct_Earth_to_Mars,0.85499999999999998,0.85499999999999998,0,175104,175104,0,347.31334721986053,347.31334721986053,0,29,29,0,0,0,0
344,1000343,Direct_Pointing_25pct_Power,Direct_Earth_to_Mars,Direct_Earth_to_Mars,0.85499999999999998,0.85499999999999998,0,175104,175104,0,347.31334721986053,347.31334721986053,0,29,29,0,0,0,0
344,1000343,Direct_Combined_25pctPower_BG16,Direct_Earth_to_Mars,Direct_Earth_to_Mars,0.85499999999999998,0.85499999999999998,0,175104,175104,0,347.31334721986053,347.31334721986053,0,29,29,0,0,0,0
345,1000344,Control,Direct_Earth_to_Mars,Direct_Earth_to_Mars,0.78000000000000003,0.78000000000000003,0,159744,159744,0,518.90466934411972,518.90466934411972,0,44,44,0,0,0,0
345,1000344,Direct_Background_16,Direct_Earth_to_Mars,Direct_Earth_to_Mars,0.78000000000000003,0.78000000000000003,0,159744,159744,0,518.90466934411972,518.90466934411972,0,44,44,0,0,0,0
345,1000344,Direct_Pointing_25pct_Power,Direct_Earth_to_Mars,Direct_Earth_to_Mars,0.78000000000000003,0.78000000000000003,0,159744,159744,0,518.90466934411972,518.90466934411972,0,44,44,0,0,0,0
345,1000344,Direct_Combined_25pctPower_BG16,Direct_Earth_to_Mars,Direct_Earth_to_Mars,0.78000000000000003,0.78000000000000003,0,159744,159744,0,518.90466934411972,518.90466934411972,0,44,44,0,0,0,0
346,1000345,Control,Direct_Earth_to_Mars,Direct_Earth_to_Mars,1,1,0,204800,204800,0,947.1055901241773,947.1055901241773,0,0,0,0,0,0,0
346,1000345,Direct_Background_16,Direct_Earth_to_Mars,Direct_Earth_to_Mars,1,1,0,204800,204800,0,947.1055901241773,947.1055901241773,0,0,0,0,0,0,0
346,1000345,Direct_Pointing_25pct_Power,Direct_Earth_to_Mars,Earth_Relay2_Mars,0,1,1,0,204800,204800,0,1013.2378259791299,1013.2378259791299,0,0,0,200,0,-200
346,1000345,Direct_Combined_25pctPower_BG16,Direct_Earth_to_Mars,Earth_Relay2_Mars,0,1,1,0,204800,204800,0,1013.2378259791299,1013.2378259791299,0,0,0,200,0,-200
347,1000346,Control,Direct_Earth_to_Mars,Direct_Earth_to_Mars,0.87,0.87,0,178176,178176,0,1319.3566969649385,1319.3566969649385,0,26,26,0,0,0,0
347,1000346,Direct_Background_16,Direct_Earth_to_Mars,Direct_Earth_to_Mars,0.85499999999999998,0.85499999999999998,0,175104,175104,0,1319.3566969649385,1319.3566969649385,0,26,26,0,3,3,0
347,1000346,Direct_Pointing_25pct_Power,Direct_Earth_to_Mars,Earth_Relay2_Mars,0,0.76000000000000001,0.76000000000000001,0,155648,155648,0,1385.9262083393694,1385.9262083393694,26,48,22,174,0,-174
347,1000346,Direct_Combined_25pctPower_BG16,Direct_Earth_to_Mars,Earth_Relay2_Mars,0,0.76000000000000001,0.76000000000000001,0,155648,155648,0,1385.9262083393694,1385.9262083393694,26,48,22,174,0,-174
348,1000347,Control,Direct_Earth_to_Mars,Direct_Earth_to_Mars,0.78500000000000003,0.78500000000000003,0,160768,160768,0,652.64645778949398,652.64645778949398,0,43,43,0,0,0,0
348,1000347,Direct_Background_16,Direct_Earth_to_Mars,Direct_Earth_to_Mars,0.78500000000000003,0.78500000000000003,0,160768,160768,0,652.64645778949398,652.64645778949398,0,43,43,0,0,0,0
348,1000347,Direct_Pointing_25pct_Power,Direct_Earth_to_Mars,Direct_Earth_to_Mars,0.78500000000000003,0.78500000000000003,0,160768,160768,0,652.64645778949398,652.64645778949398,0,43,43,0,0,0,0
348,1000347,Direct_Combined_25pctPower_BG16,Direct_Earth_to_Mars,Direct_Earth_to_Mars,0.78500000000000003,0.78500000000000003,0,160768,160768,0,652.64645778949398,652.64645778949398,0,43,43,0,0,0,0
349,1000348,Control,Direct_Earth_to_Mars,Direct_Earth_to_Mars,0.84999999999999998,0.84999999999999998,0,174080,174080,0,765.3166039855887,765.3166039855887,0,30,30,0,0,0,0
349,1000348,Direct_Background_16,Direct_Earth_to_Mars,Direct_Earth_to_Mars,0.84999999999999998,0.84999999999999998,0,174080,174080,0,765.3166039855887,765.3166039855887,0,30,30,0,0,0,0
349,1000348,Direct_Pointing_25pct_Power,Direct_Earth_to_Mars,Direct_Earth_to_Mars,0.84999999999999998,0.84999999999999998,0,174080,174080,0,765.3166039855887,765.3166039855887,0,30,30,0,0,0,0
349,1000348,Direct_Combined_25pctPower_BG16,Direct_Earth_to_Mars,Direct_Earth_to_Mars,0.52000000000000002,0.52000000000000002,0,106496,106496,0,765.3166039855904,765.3166039855904,0,30,30,0,66,66,0
350,1000349,Control,Direct_Earth_to_Mars,Direct_Earth_to_Mars,0.89000000000000001,0.89000000000000001,0,182272,182272,0,1341.3095290816257,1341.3095290816257,0,22,22,0,0,0,0
350,1000349,Direct_Background_16,Direct_Earth_to_Mars,Direct_Earth_to_Mars,0.68999999999999995,0.68999999999999995,0,141312,141312,0,1341.3095290816252,1341.3095290816252,0,22,22,0,40,40,0
350,1000349,Direct_Pointing_25pct_Power,Direct_Earth_to_Mars,Earth_Relay2_Mars,0,0.73999999999999999,0.73999999999999999,0,151552,151552,0,1407.9701181078472,1407.9701181078472,22,52,30,178,0,-178
350,1000349,Direct_Combined_25pctPower_BG16,Direct_Earth_to_Mars,Earth_Relay2_Mars,0,0.73999999999999999,0.73999999999999999,0,151552,151552,0,1407.9701181078472,1407.9701181078472,22,52,30,178,0,-178
351,1000350,Control,Direct_Earth_to_Mars,Direct_Earth_to_Mars,0.82999999999999996,0.82999999999999996,0,169984,169984,0,1237.9254343939756,1237.9254343939756,0,34,34,0,0,0,0
351,1000350,Direct_Background_16,Direct_Earth_to_Mars,Direct_Earth_to_Mars,0.81499999999999995,0.81499999999999995,0,166912,166912,0,1237.9254343939754,1237.9254343939754,0,34,34,0,3,3,0
351,1000350,Direct_Pointing_25pct_Power,Direct_Earth_to_Mars,Earth_Relay2_Mars,0,0.71999999999999997,0.71999999999999997,0,147456,147456,0,1304.3817478612184,1304.3817478612184,34,56,22,166,0,-166
351,1000350,Direct_Combined_25pctPower_BG16,Direct_Earth_to_Mars,Earth_Relay2_Mars,0,0.71999999999999997,0.71999999999999997,0,147456,147456,0,1304.3817478612184,1304.3817478612184,34,56,22,166,0,-166
352,1000351,Control,Direct_Earth_to_Mars,Direct_Earth_to_Mars,0.81999999999999995,0.81999999999999995,0,167936,167936,0,640.36244183499343,640.36244183499343,0,36,36,0,0,0,0
352,1000351,Direct_Background_16,Direct_Earth_to_Mars,Direct_Earth_to_Mars,0.81999999999999995,0.81999999999999995,0,167936,167936,0,640.36244183499343,640.36244183499343,0,36,36,0,0,0,0
352,1000351,Direct_Pointing_25pct_Power,Direct_Earth_to_Mars,Direct_Earth_to_Mars,0.81999999999999995,0.81999999999999995,0,167936,167936,0,640.36244183499343,640.36244183499343,0,36,36,0,0,0,0
352,1000351,Direct_Combined_25pctPower_BG16,Direct_Earth_to_Mars,Direct_Earth_to_Mars,0.81999999999999995,0.81999999999999995,0,167936,167936,0,640.36244183499343,640.36244183499343,0,36,36,0,0,0,0
353,1000352,Control,Direct_Earth_to_Mars,Direct_Earth_to_Mars,0.83999999999999997,0.83999999999999997,0,172032,172032,0,1258.8853330278048,1258.8853330278048,0,32,32,0,0,0,0
353,1000352,Direct_Background_16,Direct_Earth_to_Mars,Direct_Earth_to_Mars,0.82499999999999996,0.82499999999999996,0,168960,168960,0,1258.8853330278048,1258.8853330278048,0,32,32,0,3,3,0
353,1000352,Direct_Pointing_25pct_Power,Direct_Earth_to_Mars,Earth_Relay2_Mars,0,0.72499999999999998,0.72499999999999998,0,148480,148480,0,1325.4651244144677,1325.4651244144677,32,55,23,168,0,-168
353,1000352,Direct_Combined_25pctPower_BG16,Direct_Earth_to_Mars,Earth_Relay2_Mars,0,0.72499999999999998,0.72499999999999998,0,148480,148480,0,1325.4651244144677,1325.4651244144677,32,55,23,168,0,-168
354,1000353,Control,Direct_Earth_to_Mars,Direct_Earth_to_Mars,0.93500000000000005,0.93500000000000005,0,191488,191488,0,1359.5214793623079,1359.5214793623079,0,13,13,0,0,0,0
354,1000353,Direct_Background_16,Direct_Earth_to_Mars,Direct_Earth_to_Mars,0.91500000000000004,0.91500000000000004,0,187392,187392,0,1359.5214793623079,1359.5214793623079,0,13,13,0,4,4,0
354,1000353,Direct_Pointing_25pct_Power,Direct_Earth_to_Mars,Earth_Relay2_Mars,0,0.88500000000000001,0.88500000000000001,0,181248,181248,0,1426.1594931454822,1426.1594931454822,13,23,10,187,0,-187
354,1000353,Direct_Combined_25pctPower_BG16,Direct_Earth_to_Mars,Earth_Relay2_Mars,0,0.88500000000000001,0.88500000000000001,0,181248,181248,0,1426.1594931454822,1426.1594931454822,13,23,10,187,0,-187
355,1000354,Control,Direct_Earth_to_Mars,Direct_Earth_to_Mars,0.91000000000000003,0.91000000000000003,0,186368,186368,0,392.54125179358596,392.54125179358596,0,18,18,0,0,0,0
355,1000354,Direct_Background_16,Direct_Earth_to_Mars,Direct_Earth_to_Mars,0.91000000000000003,0.91000000000000003,0,186368,186368,0,392.54125179358596,392.54125179358596,0,18,18,0,0,0,0
355,1000354,Direct_Pointing_25pct_Power,Direct_Earth_to_Mars,Direct_Earth_to_Mars,0.91000000000000003,0.91000000000000003,0,186368,186368,0,392.54125179358596,392.54125179358596,0,18,18,0,0,0,0
355,1000354,Direct_Combined_25pctPower_BG16,Direct_Earth_to_Mars,Direct_Earth_to_Mars,0.91000000000000003,0.91000000000000003,0,186368,186368,0,392.54125179358596,392.54125179358596,0,18,18,0,0,0,0
356,1000355,Control,Direct_Earth_to_Mars,Direct_Earth_to_Mars,0.88500000000000001,0.88500000000000001,0,181248,181248,0,1361.3671192769541,1361.3671192769541,0,23,23,0,0,0,0
356,1000355,Direct_Background_16,Direct_Earth_to_Mars,Direct_Earth_to_Mars,0.745,0.745,0,152576,152576,0,1361.3671192769541,1361.3671192769541,0,23,23,0,28,28,0
356,1000355,Direct_Pointing_25pct_Power,Direct_Earth_to_Mars,Earth_Relay2_Mars,0,0.81499999999999995,0.81499999999999995,0,166912,166912,0,1428.0091931444706,1428.0091931444706,23,37,14,177,0,-177
356,1000355,Direct_Combined_25pctPower_BG16,Direct_Earth_to_Mars,Earth_Relay2_Mars,0,0.81499999999999995,0.81499999999999995,0,166912,166912,0,1428.0091931444706,1428.0091931444706,23,37,14,177,0,-177
357,1000356,Control,Direct_Earth_to_Mars,Direct_Earth_to_Mars,0.90500000000000003,0.90500000000000003,0,185344,185344,0,944.36151820682096,944.36151820682096,0,19,19,0,0,0,0
357,1000356,Direct_Background_16,Direct_Earth_to_Mars,Direct_Earth_to_Mars,0.90500000000000003,0.90500000000000003,0,185344,185344,0,944.36151820682096,944.36151820682096,0,19,19,0,0,0,0
357,1000356,Direct_Pointing_25pct_Power,Direct_Earth_to_Mars,Earth_Relay2_Mars,0.14999999999999999,0.83999999999999997,0.68999999999999995,30720,172032,141312,944.36151820681982,1010.4704985226767,66.108980315856911,19,32,13,151,0,-151
357,1000356,Direct_Combined_25pctPower_BG16,Direct_Earth_to_Mars,Earth_Relay2_Mars,0,0.83999999999999997,0.83999999999999997,0,172032,172032,0,1010.4704985226767,1010.4704985226767,19,32,13,181,0,-181
358,1000357,Control,Direct_Earth_to_Mars,Direct_Earth_to_Mars,0.92500000000000004,0.92500000000000004,0,189440,189440,0,898.88396175229025,898.88396175229025,0,15,15,0,0,0,0
358,1000357,Direct_Background_16,Direct_Earth_to_Mars,Direct_Earth_to_Mars,0.92500000000000004,0.92500000000000004,0,189440,189440,0,898.88396175229025,898.88396175229025,0,15,15,0,0,0,0
358,1000357,Direct_Pointing_25pct_Power,Direct_Earth_to_Mars,Direct_Earth_to_Mars,0.63500000000000001,0.63500000000000001,0,130048,130048,0,898.88396175229025,898.88396175229025,0,15,15,0,58,58,0
358,1000357,Direct_Combined_25pctPower_BG16,Direct_Earth_to_Mars,Earth_Relay2_Mars,0,0.87,0.87,0,178176,178176,0,964.93096371931904,964.93096371931904,15,26,11,185,0,-185
359,1000358,Control,Direct_Earth_to_Mars,Direct_Earth_to_Mars,0.92500000000000004,0.92500000000000004,0,189440,189440,0,810.43072602554537,810.43072602554537,0,15,15,0,0,0,0
359,1000358,Direct_Background_16,Direct_Earth_to_Mars,Direct_Earth_to_Mars,0.92500000000000004,0.92500000000000004,0,189440,189440,0,810.43072602554537,810.43072602554537,0,15,15,0,0,0,0
359,1000358,Direct_Pointing_25pct_Power,Direct_Earth_to_Mars,Direct_Earth_to_Mars,0.92000000000000004,0.92000000000000004,0,188416,188416,0,810.43072602554537,810.43072602554537,0,15,15,0,1,1,0
359,1000358,Direct_Combined_25pctPower_BG16,Direct_Earth_to_Mars,Earth_Relay2_Mars,0,0.90000000000000002,0.90000000000000002,0,184320,184320,0,876.35759736568434,876.35759736568434,15,20,5,185,0,-185
360,1000359,Control,Direct_Earth_to_Mars,Direct_Earth_to_Mars,0.93500000000000005,0.93500000000000005,0,191488,191488,0,1361.9274599950659,1361.9274599950659,0,13,13,0,0,0,0
360,1000359,Direct_Background_16,Direct_Earth_to_Mars,Direct_Earth_to_Mars,0.82499999999999996,0.82499999999999996,0,168960,168960,0,1361.9274599950668,1361.9274599950668,0,13,13,0,22,22,0
360,1000359,Direct_Pointing_25pct_Power,Direct_Earth_to_Mars,Earth_Relay2_Mars,0,0.88,0.88,0,180224,180224,0,1428.5708206424372,1428.5708206424372,13,24,11,187,0,-187
360,1000359,Direct_Combined_25pctPower_BG16,Direct_Earth_to_Mars,Earth_Relay2_Mars,0,0.88,0.88,0,180224,180224,0,1428.5708206424372,1428.5708206424372,13,24,11,187,0,-187
361,1000360,Control,Direct_Earth_to_Mars,Direct_Earth_to_Mars,0.78000000000000003,0.78000000000000003,0,159744,159744,0,880.66366731874928,880.66366731874928,0,44,44,0,0,0,0
361,1000360,Direct_Background_16,Direct_Earth_to_Mars,Direct_Earth_to_Mars,0.78000000000000003,0.78000000000000003,0,159744,159744,0,880.66366731874928,880.66366731874928,0,44,44,0,0,0,0
361,1000360,Direct_Pointing_25pct_Power,Direct_Earth_to_Mars,Direct_Earth_to_Mars,0.42999999999999999,0.42999999999999999,0,88064,88064,0,880.66366731875064,880.66366731875064,0,44,44,0,70,70,0
361,1000360,Direct_Combined_25pctPower_BG16,Direct_Earth_to_Mars,Earth_Relay2_Mars,0,0.66000000000000003,0.66000000000000003,0,135168,135168,0,946.73845381391595,946.73845381391595,44,68,24,156,0,-156
362,1000361,Control,Direct_Earth_to_Mars,Direct_Earth_to_Mars,0.93999999999999995,0.93999999999999995,0,192512,192512,0,1119.6365701502075,1119.6365701502075,0,12,12,0,0,0,0
362,1000361,Direct_Background_16,Direct_Earth_to_Mars,Direct_Earth_to_Mars,0.93999999999999995,0.93999999999999995,0,192512,192512,0,1119.6365701502075,1119.6365701502075,0,12,12,0,0,0,0
362,1000361,Direct_Pointing_25pct_Power,Direct_Earth_to_Mars,Earth_Relay2_Mars,0,0.90000000000000002,0.90000000000000002,0,184320,184320,0,1185.9483549785286,1185.9483549785286,12,20,8,188,0,-188
362,1000361,Direct_Combined_25pctPower_BG16,Direct_Earth_to_Mars,Earth_Relay2_Mars,0,0.90000000000000002,0.90000000000000002,0,184320,184320,0,1185.9483549785286,1185.9483549785286,12,20,8,188,0,-188
363,1000362,Control,Direct_Earth_to_Mars,Direct_Earth_to_Mars,0.89000000000000001,0.89000000000000001,0,182272,182272,0,1357.8593463160289,1357.8593463160289,0,22,22,0,0,0,0
363,1000362,Direct_Background_16,Direct_Earth_to_Mars,Direct_Earth_to_Mars,0.68000000000000005,0.68000000000000005,0,139264,139264,0,1357.8593463160312,1357.8593463160312,0,22,22,0,42,42,0
363,1000362,Direct_Pointing_25pct_Power,Direct_Earth_to_Mars,Earth_Relay2_Mars,0,0.745,0.745,0,152576,152576,0,1424.4938846452883,1424.4938846452883,22,51,29,178,0,-178
363,1000362,Direct_Combined_25pctPower_BG16,Direct_Earth_to_Mars,Earth_Relay2_Mars,0,0.745,0.745,0,152576,152576,0,1424.4938846452883,1424.4938846452883,22,51,29,178,0,-178
364,1000363,Control,Direct_Earth_to_Mars,Direct_Earth_to_Mars,0.89000000000000001,0.89000000000000001,0,182272,182272,0,1192.5689635720626,1192.5689635720626,0,22,22,0,0,0,0
364,1000363,Direct_Background_16,Direct_Earth_to_Mars,Direct_Earth_to_Mars,0.89000000000000001,0.89000000000000001,0,182272,182272,0,1192.5689635720626,1192.5689635720626,0,22,22,0,0,0,0
364,1000363,Direct_Pointing_25pct_Power,Direct_Earth_to_Mars,Earth_Relay2_Mars,0,0.745,0.745,0,152576,152576,0,1258.9677184069903,1258.9677184069903,22,51,29,178,0,-178
364,1000363,Direct_Combined_25pctPower_BG16,Direct_Earth_to_Mars,Earth_Relay2_Mars,0,0.745,0.745,0,152576,152576,0,1258.9677184069903,1258.9677184069903,22,51,29,178,0,-178
365,1000364,Control,Direct_Earth_to_Mars,Direct_Earth_to_Mars,0.92000000000000004,0.92000000000000004,0,188416,188416,0,617.21973166927535,617.21973166927535,0,16,16,0,0,0,0
365,1000364,Direct_Background_16,Direct_Earth_to_Mars,Direct_Earth_to_Mars,0.92000000000000004,0.92000000000000004,0,188416,188416,0,617.21973166927535,617.21973166927535,0,16,16,0,0,0,0
365,1000364,Direct_Pointing_25pct_Power,Direct_Earth_to_Mars,Direct_Earth_to_Mars,0.92000000000000004,0.92000000000000004,0,188416,188416,0,617.21973166927535,617.21973166927535,0,16,16,0,0,0,0
365,1000364,Direct_Combined_25pctPower_BG16,Direct_Earth_to_Mars,Direct_Earth_to_Mars,0.92000000000000004,0.92000000000000004,0,188416,188416,0,617.21973166927535,617.21973166927535,0,16,16,0,0,0,0
366,1000365,Control,Direct_Earth_to_Mars,Direct_Earth_to_Mars,0.94999999999999996,0.94999999999999996,0,194560,194560,0,1367.8089678133315,1367.8089678133315,0,10,10,0,0,0,0
366,1000365,Direct_Background_16,Direct_Earth_to_Mars,Direct_Earth_to_Mars,0.65000000000000002,0.65000000000000002,0,133120,133120,0,1367.8089678133342,1367.8089678133342,0,10,10,0,60,60,0
366,1000365,Direct_Pointing_25pct_Power,Direct_Earth_to_Mars,Earth_Relay2_Mars,0,0.87,0.87,0,178176,178176,0,1434.4749301566064,1434.4749301566064,10,26,16,190,0,-190
366,1000365,Direct_Combined_25pctPower_BG16,Direct_Earth_to_Mars,Earth_Relay2_Mars,0,0.87,0.87,0,178176,178176,0,1434.4749301566064,1434.4749301566064,10,26,16,190,0,-190
367,1000366,Control,Direct_Earth_to_Mars,Direct_Earth_to_Mars,0.90500000000000003,0.90500000000000003,0,185344,185344,0,1275.946229141314,1275.946229141314,0,19,19,0,0,0,0
367,1000366,Direct_Background_16,Direct_Earth_to_Mars,Direct_Earth_to_Mars,0.89500000000000002,0.89500000000000002,0,183296,183296,0,1275.9462291413138,1275.9462291413138,0,19,19,0,2,2,0
367,1000366,Direct_Pointing_25pct_Power,Direct_Earth_to_Mars,Earth_Relay2_Mars,0,0.81499999999999995,0.81499999999999995,0,166912,166912,0,1342.4533651122847,1342.4533651122847,19,37,18,181,0,-181
367,1000366,Direct_Combined_25pctPower_BG16,Direct_Earth_to_Mars,Earth_Relay2_Mars,0,0.81499999999999995,0.81499999999999995,0,166912,166912,0,1342.4533651122847,1342.4533651122847,19,37,18,181,0,-181
368,1000367,Control,Direct_Earth_to_Mars,Direct_Earth_to_Mars,0.88,0.88,0,180224,180224,0,1327.7440039934379,1327.7440039934379,0,24,24,0,0,0,0
368,1000367,Direct_Background_16,Direct_Earth_to_Mars,Direct_Earth_to_Mars,0.85499999999999998,0.85499999999999998,0,175104,175104,0,1327.7440039934381,1327.7440039934381,0,24,24,0,5,5,0
368,1000367,Direct_Pointing_25pct_Power,Direct_Earth_to_Mars,Earth_Relay2_Mars,0,0.76500000000000001,0.76500000000000001,0,156672,156672,0,1394.3938577803781,1394.3938577803781,24,47,23,176,0,-176
368,1000367,Direct_Combined_25pctPower_BG16,Direct_Earth_to_Mars,Earth_Relay2_Mars,0,0.76500000000000001,0.76500000000000001,0,156672,156672,0,1394.3938577803781,1394.3938577803781,24,47,23,176,0,-176
369,1000368,Control,Direct_Earth_to_Mars,Direct_Earth_to_Mars,0.82499999999999996,0.82499999999999996,0,168960,168960,0,1269.2390622268522,1269.2390622268522,0,35,35,0,0,0,0
369,1000368,Direct_Background_16,Direct_Earth_to_Mars,Direct_Earth_to_Mars,0.82499999999999996,0.82499999999999996,0,168960,168960,0,1269.2390622268522,1269.2390622268522,0,35,35,0,0,0,0
369,1000368,Direct_Pointing_25pct_Power,Direct_Earth_to_Mars,Earth_Relay2_Mars,0,0.69499999999999995,0.69499999999999995,0,142336,142336,0,1335.830500709279,1335.830500709279,35,61,26,165,0,-165
369,1000368,Direct_Combined_25pctPower_BG16,Direct_Earth_to_Mars,Earth_Relay2_Mars,0,0.69499999999999995,0.69499999999999995,0,142336,142336,0,1335.830500709279,1335.830500709279,35,61,26,165,0,-165
370,1000369,Control,Direct_Earth_to_Mars,Direct_Earth_to_Mars,1,1,0,204800,204800,0,1340.6904565964935,1340.6904565964935,0,0,0,0,0,0,0
370,1000369,Direct_Background_16,Direct_Earth_to_Mars,Direct_Earth_to_Mars,0.97999999999999998,0.97999999999999998,0,200704,200704,0,1340.6904565964935,1340.6904565964935,0,0,0,0,4,4,0
370,1000369,Direct_Pointing_25pct_Power,Direct_Earth_to_Mars,Earth_Relay2_Mars,0,0.995,0.995,0,203776,203776,0,1407.3505964015546,1407.3505964015546,0,1,1,200,0,-200
370,1000369,Direct_Combined_25pctPower_BG16,Direct_Earth_to_Mars,Earth_Relay2_Mars,0,0.995,0.995,0,203776,203776,0,1407.3505964015546,1407.3505964015546,0,1,1,200,0,-200
371,1000370,Control,Direct_Earth_to_Mars,Direct_Earth_to_Mars,0.89500000000000002,0.89500000000000002,0,183296,183296,0,389.89541294988112,389.89541294988112,0,21,21,0,0,0,0
371,1000370,Direct_Background_16,Direct_Earth_to_Mars,Direct_Earth_to_Mars,0.89500000000000002,0.89500000000000002,0,183296,183296,0,389.89541294988112,389.89541294988112,0,21,21,0,0,0,0
371,1000370,Direct_Pointing_25pct_Power,Direct_Earth_to_Mars,Direct_Earth_to_Mars,0.89500000000000002,0.89500000000000002,0,183296,183296,0,389.89541294988112,389.89541294988112,0,21,21,0,0,0,0
371,1000370,Direct_Combined_25pctPower_BG16,Direct_Earth_to_Mars,Direct_Earth_to_Mars,0.89500000000000002,0.89500000000000002,0,183296,183296,0,389.89541294988112,389.89541294988112,0,21,21,0,0,0,0
372,1000371,Control,Direct_Earth_to_Mars,Direct_Earth_to_Mars,0.94499999999999995,0.94499999999999995,0,193536,193536,0,1328.6375998422172,1328.6375998422172,0,11,11,0,0,0,0
372,1000371,Direct_Background_16,Direct_Earth_to_Mars,Direct_Earth_to_Mars,0.91500000000000004,0.91500000000000004,0,187392,187392,0,1328.6375998422172,1328.6375998422172,0,11,11,0,6,6,0
372,1000371,Direct_Pointing_25pct_Power,Direct_Earth_to_Mars,Earth_Relay2_Mars,0,0.875,0.875,0,179200,179200,0,1395.22143196821,1395.22143196821,11,25,14,189,0,-189
372,1000371,Direct_Combined_25pctPower_BG16,Direct_Earth_to_Mars,Earth_Relay2_Mars,0,0.875,0.875,0,179200,179200,0,1395.22143196821,1395.22143196821,11,25,14,189,0,-189
373,1000372,Control,Direct_Earth_to_Mars,Direct_Earth_to_Mars,0.88500000000000001,0.88500000000000001,0,181248,181248,0,450.21958156405896,450.21958156405896,0,23,23,0,0,0,0
373,1000372,Direct_Background_16,Direct_Earth_to_Mars,Direct_Earth_to_Mars,0.88500000000000001,0.88500000000000001,0,181248,181248,0,450.21958156405896,450.21958156405896,0,23,23,0,0,0,0
373,1000372,Direct_Pointing_25pct_Power,Direct_Earth_to_Mars,Direct_Earth_to_Mars,0.88500000000000001,0.88500000000000001,0,181248,181248,0,450.21958156405896,450.21958156405896,0,23,23,0,0,0,0
373,1000372,Direct_Combined_25pctPower_BG16,Direct_Earth_to_Mars,Direct_Earth_to_Mars,0.88500000000000001,0.88500000000000001,0,181248,181248,0,450.21958156405896,450.21958156405896,0,23,23,0,0,0,0
374,1000373,Control,Direct_Earth_to_Mars,Direct_Earth_to_Mars,0.97499999999999998,0.97499999999999998,0,199680,199680,0,336.46457536291382,336.46457536291382,0,5,5,0,0,0,0
374,1000373,Direct_Background_16,Direct_Earth_to_Mars,Direct_Earth_to_Mars,0.97499999999999998,0.97499999999999998,0,199680,199680,0,336.46457536291382,336.46457536291382,0,5,5,0,0,0,0
374,1000373,Direct_Pointing_25pct_Power,Direct_Earth_to_Mars,Direct_Earth_to_Mars,0.97499999999999998,0.97499999999999998,0,199680,199680,0,336.46457536291382,336.46457536291382,0,5,5,0,0,0,0
374,1000373,Direct_Combined_25pctPower_BG16,Direct_Earth_to_Mars,Direct_Earth_to_Mars,0.97499999999999998,0.97499999999999998,0,199680,199680,0,336.46457536291382,336.46457536291382,0,5,5,0,0,0,0
375,1000374,Control,Direct_Earth_to_Mars,Direct_Earth_to_Mars,0.91000000000000003,0.91000000000000003,0,186368,186368,0,418.07463986152032,418.07463986152032,0,18,18,0,0,0,0
375,1000374,Direct_Background_16,Direct_Earth_to_Mars,Direct_Earth_to_Mars,0.91000000000000003,0.91000000000000003,0,186368,186368,0,418.07463986152032,418.07463986152032,0,18,18,0,0,0,0
375,1000374,Direct_Pointing_25pct_Power,Direct_Earth_to_Mars,Direct_Earth_to_Mars,0.91000000000000003,0.91000000000000003,0,186368,186368,0,418.07463986152032,418.07463986152032,0,18,18,0,0,0,0
375,1000374,Direct_Combined_25pctPower_BG16,Direct_Earth_to_Mars,Direct_Earth_to_Mars,0.91000000000000003,0.91000000000000003,0,186368,186368,0,418.07463986152032,418.07463986152032,0,18,18,0,0,0,0
376,1000375,Control,Direct_Earth_to_Mars,Direct_Earth_to_Mars,0.85999999999999999,0.85999999999999999,0,176128,176128,0,1259.8879080549229,1259.8879080549229,0,28,28,0,0,0,0
376,1000375,Direct_Background_16,Direct_Earth_to_Mars,Direct_Earth_to_Mars,0.83999999999999997,0.83999999999999997,0,172032,172032,0,1259.8879080549229,1259.8879080549229,0,28,28,0,4,4,0
376,1000375,Direct_Pointing_25pct_Power,Direct_Earth_to_Mars,Earth_Relay2_Mars,0,0.77000000000000002,0.77000000000000002,0,157696,157696,0,1326.3732436837763,1326.3732436837763,28,46,18,172,0,-172
376,1000375,Direct_Combined_25pctPower_BG16,Direct_Earth_to_Mars,Earth_Relay2_Mars,0,0.77000000000000002,0.77000000000000002,0,157696,157696,0,1326.3732436837763,1326.3732436837763,28,46,18,172,0,-172
377,1000376,Control,Direct_Earth_to_Mars,Direct_Earth_to_Mars,0.93500000000000005,0.93500000000000005,0,191488,191488,0,448.14783965781686,448.14783965781686,0,13,13,0,0,0,0
377,1000376,Direct_Background_16,Direct_Earth_to_Mars,Direct_Earth_to_Mars,0.93500000000000005,0.93500000000000005,0,191488,191488,0,448.14783965781686,448.14783965781686,0,13,13,0,0,0,0
377,1000376,Direct_Pointing_25pct_Power,Direct_Earth_to_Mars,Direct_Earth_to_Mars,0.93500000000000005,0.93500000000000005,0,191488,191488,0,448.14783965781686,448.14783965781686,0,13,13,0,0,0,0
377,1000376,Direct_Combined_25pctPower_BG16,Direct_Earth_to_Mars,Direct_Earth_to_Mars,0.93500000000000005,0.93500000000000005,0,191488,191488,0,448.14783965781686,448.14783965781686,0,13,13,0,0,0,0
378,1000377,Control,Direct_Earth_to_Mars,Direct_Earth_to_Mars,0.87,0.87,0,178176,178176,0,1216.2525234240661,1216.2525234240661,0,26,26,0,0,0,0
378,1000377,Direct_Background_16,Direct_Earth_to_Mars,Direct_Earth_to_Mars,0.87,0.87,0,178176,178176,0,1216.2525234240661,1216.2525234240661,0,26,26,0,0,0,0
378,1000377,Direct_Pointing_25pct_Power,Direct_Earth_to_Mars,Earth_Relay2_Mars,0,0.75,0.75,0,153600,153600,0,1282.680966114885,1282.680966114885,26,50,24,174,0,-174
378,1000377,Direct_Combined_25pctPower_BG16,Direct_Earth_to_Mars,Earth_Relay2_Mars,0,0.75,0.75,0,153600,153600,0,1282.680966114885,1282.680966114885,26,50,24,174,0,-174
379,1000378,Control,Direct_Earth_to_Mars,Direct_Earth_to_Mars,0.81000000000000005,0.81000000000000005,0,165888,165888,0,325.20880087973421,325.20880087973421,0,38,38,0,0,0,0
379,1000378,Direct_Background_16,Direct_Earth_to_Mars,Direct_Earth_to_Mars,0.81000000000000005,0.81000000000000005,0,165888,165888,0,325.20880087973421,325.20880087973421,0,38,38,0,0,0,0
379,1000378,Direct_Pointing_25pct_Power,Direct_Earth_to_Mars,Direct_Earth_to_Mars,0.81000000000000005,0.81000000000000005,0,165888,165888,0,325.20880087973421,325.20880087973421,0,38,38,0,0,0,0
379,1000378,Direct_Combined_25pctPower_BG16,Direct_Earth_to_Mars,Direct_Earth_to_Mars,0.81000000000000005,0.81000000000000005,0,165888,165888,0,325.20880087973421,325.20880087973421,0,38,38,0,0,0,0
380,1000379,Control,Direct_Earth_to_Mars,Direct_Earth_to_Mars,0.83499999999999996,0.83499999999999996,0,171008,171008,0,970.99241690388874,970.99241690388874,0,33,33,0,0,0,0
380,1000379,Direct_Background_16,Direct_Earth_to_Mars,Direct_Earth_to_Mars,0.83499999999999996,0.83499999999999996,0,171008,171008,0,970.99241690388874,970.99241690388874,0,33,33,0,0,0,0
380,1000379,Direct_Pointing_25pct_Power,Direct_Earth_to_Mars,Earth_Relay2_Mars,0,0.69499999999999995,0.69499999999999995,0,142336,142336,0,1037.1375298237542,1037.1375298237542,33,61,28,167,0,-167
380,1000379,Direct_Combined_25pctPower_BG16,Direct_Earth_to_Mars,Earth_Relay2_Mars,0,0.69499999999999995,0.69499999999999995,0,142336,142336,0,1037.1375298237542,1037.1375298237542,33,61,28,167,0,-167
381,1000380,Control,Direct_Earth_to_Mars,Direct_Earth_to_Mars,0.82499999999999996,0.82499999999999996,0,168960,168960,0,848.51787294877136,848.51787294877136,0,35,35,0,0,0,0
381,1000380,Direct_Background_16,Direct_Earth_to_Mars,Direct_Earth_to_Mars,0.82499999999999996,0.82499999999999996,0,168960,168960,0,848.51787294877136,848.51787294877136,0,35,35,0,0,0,0
381,1000380,Direct_Pointing_25pct_Power,Direct_Earth_to_Mars,Direct_Earth_to_Mars,0.79000000000000004,0.79000000000000004,0,161792,161792,0,848.5178729487709,848.5178729487709,0,35,35,0,7,7,0
381,1000380,Direct_Combined_25pctPower_BG16,Direct_Earth_to_Mars,Earth_Relay2_Mars,0,0.69499999999999995,0.69499999999999995,0,142336,142336,0,914.49622888572037,914.49622888572037,35,61,26,165,0,-165
382,1000381,Control,Direct_Earth_to_Mars,Direct_Earth_to_Mars,0.85499999999999998,0.85499999999999998,0,175104,175104,0,936.61867058196538,936.61867058196538,0,29,29,0,0,0,0
382,1000381,Direct_Background_16,Direct_Earth_to_Mars,Direct_Earth_to_Mars,0.85499999999999998,0.85499999999999998,0,175104,175104,0,936.61867058196538,936.61867058196538,0,29,29,0,0,0,0
382,1000381,Direct_Pointing_25pct_Power,Direct_Earth_to_Mars,Earth_Relay2_Mars,0.28499999999999998,0.745,0.46000000000000002,58368,152576,94208,936.61867058196378,1002.7413365153158,66.122665933351982,29,51,22,114,0,-114
382,1000381,Direct_Combined_25pctPower_BG16,Direct_Earth_to_Mars,Earth_Relay2_Mars,0,0.745,0.745,0,152576,152576,0,1002.7413365153158,1002.7413365153158,29,51,22,171,0,-171
383,1000382,Control,Direct_Earth_to_Mars,Direct_Earth_to_Mars,0.84499999999999997,0.84499999999999997,0,173056,173056,0,866.15374416380394,866.15374416380394,0,31,31,0,0,0,0
383,1000382,Direct_Background_16,Direct_Earth_to_Mars,Direct_Earth_to_Mars,0.84499999999999997,0.84499999999999997,0,173056,173056,0,866.15374416380394,866.15374416380394,0,31,31,0,0,0,0
383,1000382,Direct_Pointing_25pct_Power,Direct_Earth_to_Mars,Direct_Earth_to_Mars,0.76000000000000001,0.76000000000000001,0,155648,155648,0,866.15374416380371,866.15374416380371,0,31,31,0,17,17,0
383,1000382,Direct_Combined_25pctPower_BG16,Direct_Earth_to_Mars,Earth_Relay2_Mars,0,0.67500000000000004,0.67500000000000004,0,138240,138240,0,932.21706865040676,932.21706865040676,31,65,34,169,0,-169
384,1000383,Control,Direct_Earth_to_Mars,Direct_Earth_to_Mars,0.94499999999999995,0.94499999999999995,0,193536,193536,0,593.75542497661047,593.75542497661047,0,11,11,0,0,0,0
384,1000383,Direct_Background_16,Direct_Earth_to_Mars,Direct_Earth_to_Mars,0.94499999999999995,0.94499999999999995,0,193536,193536,0,593.75542497661047,593.75542497661047,0,11,11,0,0,0,0
384,1000383,Direct_Pointing_25pct_Power,Direct_Earth_to_Mars,Direct_Earth_to_Mars,0.94499999999999995,0.94499999999999995,0,193536,193536,0,593.75542497661047,593.75542497661047,0,11,11,0,0,0,0
384,1000383,Direct_Combined_25pctPower_BG16,Direct_Earth_to_Mars,Direct_Earth_to_Mars,0.94499999999999995,0.94499999999999995,0,193536,193536,0,593.75542497661047,593.75542497661047,0,11,11,0,0,0,0
385,1000384,Control,Direct_Earth_to_Mars,Direct_Earth_to_Mars,0.86499999999999999,0.86499999999999999,0,177152,177152,0,403.12218080887362,403.12218080887362,0,27,27,0,0,0,0
385,1000384,Direct_Background_16,Direct_Earth_to_Mars,Direct_Earth_to_Mars,0.86499999999999999,0.86499999999999999,0,177152,177152,0,403.12218080887362,403.12218080887362,0,27,27,0,0,0,0
385,1000384,Direct_Pointing_25pct_Power,Direct_Earth_to_Mars,Direct_Earth_to_Mars,0.86499999999999999,0.86499999999999999,0,177152,177152,0,403.12218080887362,403.12218080887362,0,27,27,0,0,0,0
385,1000384,Direct_Combined_25pctPower_BG16,Direct_Earth_to_Mars,Direct_Earth_to_Mars,0.86499999999999999,0.86499999999999999,0,177152,177152,0,403.12218080887362,403.12218080887362,0,27,27,0,0,0,0
386,1000385,Control,Direct_Earth_to_Mars,Direct_Earth_to_Mars,0.82499999999999996,0.82499999999999996,0,168960,168960,0,284.76498531353525,284.76498531353525,0,35,35,0,0,0,0
386,1000385,Direct_Background_16,Direct_Earth_to_Mars,Direct_Earth_to_Mars,0.82499999999999996,0.82499999999999996,0,168960,168960,0,284.76498531353525,284.76498531353525,0,35,35,0,0,0,0
386,1000385,Direct_Pointing_25pct_Power,Direct_Earth_to_Mars,Direct_Earth_to_Mars,0.82499999999999996,0.82499999999999996,0,168960,168960,0,284.76498531353525,284.76498531353525,0,35,35,0,0,0,0
386,1000385,Direct_Combined_25pctPower_BG16,Direct_Earth_to_Mars,Direct_Earth_to_Mars,0.82499999999999996,0.82499999999999996,0,168960,168960,0,284.76498531353525,284.76498531353525,0,35,35,0,0,0,0
387,1000386,Control,Direct_Earth_to_Mars,Direct_Earth_to_Mars,0.93000000000000005,0.93000000000000005,0,190464,190464,0,319.69344132182027,319.69344132182027,0,14,14,0,0,0,0
387,1000386,Direct_Background_16,Direct_Earth_to_Mars,Direct_Earth_to_Mars,0.93000000000000005,0.93000000000000005,0,190464,190464,0,319.69344132182027,319.69344132182027,0,14,14,0,0,0,0
387,1000386,Direct_Pointing_25pct_Power,Direct_Earth_to_Mars,Direct_Earth_to_Mars,0.93000000000000005,0.93000000000000005,0,190464,190464,0,319.69344132182027,319.69344132182027,0,14,14,0,0,0,0
387,1000386,Direct_Combined_25pctPower_BG16,Direct_Earth_to_Mars,Direct_Earth_to_Mars,0.93000000000000005,0.93000000000000005,0,190464,190464,0,319.69344132182027,319.69344132182027,0,14,14,0,0,0,0
388,1000387,Control,Direct_Earth_to_Mars,Direct_Earth_to_Mars,0.97999999999999998,0.97999999999999998,0,200704,200704,0,367.14187153276828,367.14187153276828,0,4,4,0,0,0,0
388,1000387,Direct_Background_16,Direct_Earth_to_Mars,Direct_Earth_to_Mars,0.97999999999999998,0.97999999999999998,0,200704,200704,0,367.14187153276828,367.14187153276828,0,4,4,0,0,0,0
388,1000387,Direct_Pointing_25pct_Power,Direct_Earth_to_Mars,Direct_Earth_to_Mars,0.97999999999999998,0.97999999999999998,0,200704,200704,0,367.14187153276828,367.14187153276828,0,4,4,0,0,0,0
388,1000387,Direct_Combined_25pctPower_BG16,Direct_Earth_to_Mars,Direct_Earth_to_Mars,0.97999999999999998,0.97999999999999998,0,200704,200704,0,367.14187153276828,367.14187153276828,0,4,4,0,0,0,0
389,1000388,Control,Direct_Earth_to_Mars,Direct_Earth_to_Mars,0.84999999999999998,0.84999999999999998,0,174080,174080,0,1359.5909616713475,1359.5909616713475,0,30,30,0,0,0,0
389,1000388,Direct_Background_16,Direct_Earth_to_Mars,Direct_Earth_to_Mars,0.63500000000000001,0.63500000000000001,0,130048,130048,0,1359.5909616713477,1359.5909616713477,0,30,30,0,43,43,0
389,1000388,Direct_Pointing_25pct_Power,Direct_Earth_to_Mars,Earth_Relay2_Mars,0,0.71499999999999997,0.71499999999999997,0,146432,146432,0,1426.2615366628813,1426.2615366628813,30,57,27,170,0,-170
389,1000388,Direct_Combined_25pctPower_BG16,Direct_Earth_to_Mars,Earth_Relay2_Mars,0,0.71499999999999997,0.71499999999999997,0,146432,146432,0,1426.2615366628813,1426.2615366628813,30,57,27,170,0,-170
390,1000389,Control,Direct_Earth_to_Mars,Direct_Earth_to_Mars,0.97999999999999998,0.97999999999999998,0,200704,200704,0,1023.7606051240563,1023.7606051240563,0,4,4,0,0,0,0
390,1000389,Direct_Background_16,Direct_Earth_to_Mars,Direct_Earth_to_Mars,0.97999999999999998,0.97999999999999998,0,200704,200704,0,1023.7606051240563,1023.7606051240563,0,4,4,0,0,0,0
390,1000389,Direct_Pointing_25pct_Power,Direct_Earth_to_Mars,Earth_Relay2_Mars,0,0.96999999999999997,0.96999999999999997,0,198656,198656,0,1090.0102926261006,1090.0102926261006,4,6,2,196,0,-196
390,1000389,Direct_Combined_25pctPower_BG16,Direct_Earth_to_Mars,Earth_Relay2_Mars,0,0.96999999999999997,0.96999999999999997,0,198656,198656,0,1090.0102926261006,1090.0102926261006,4,6,2,196,0,-196
391,1000390,Control,Direct_Earth_to_Mars,Direct_Earth_to_Mars,0.89000000000000001,0.89000000000000001,0,182272,182272,0,929.81615472849728,929.81615472849728,0,22,22,0,0,0,0
391,1000390,Direct_Background_16,Direct_Earth_to_Mars,Direct_Earth_to_Mars,0.89000000000000001,0.89000000000000001,0,182272,182272,0,929.81615472849728,929.81615472849728,0,22,22,0,0,0,0
391,1000390,Direct_Pointing_25pct_Power,Direct_Earth_to_Mars,Direct_Earth_to_Mars,0.56000000000000005,0.56000000000000005,0,114688,114688,0,929.81615472849694,929.81615472849694,0,22,22,0,66,66,0
391,1000390,Direct_Combined_25pctPower_BG16,Direct_Earth_to_Mars,Earth_Relay2_Mars,0,0.81000000000000005,0.81000000000000005,0,165888,165888,0,995.93270866082173,995.93270866082173,22,38,16,178,0,-178
392,1000391,Control,Direct_Earth_to_Mars,Direct_Earth_to_Mars,0.97499999999999998,0.97499999999999998,0,199680,199680,0,548.20869767805902,548.20869767805902,0,5,5,0,0,0,0
392,1000391,Direct_Background_16,Direct_Earth_to_Mars,Direct_Earth_to_Mars,0.97499999999999998,0.97499999999999998,0,199680,199680,0,548.20869767805902,548.20869767805902,0,5,5,0,0,0,0
392,1000391,Direct_Pointing_25pct_Power,Direct_Earth_to_Mars,Direct_Earth_to_Mars,0.97499999999999998,0.97499999999999998,0,199680,199680,0,548.20869767805902,548.20869767805902,0,5,5,0,0,0,0
392,1000391,Direct_Combined_25pctPower_BG16,Direct_Earth_to_Mars,Direct_Earth_to_Mars,0.97499999999999998,0.97499999999999998,0,199680,199680,0,548.20869767805902,548.20869767805902,0,5,5,0,0,0,0
393,1000392,Control,Direct_Earth_to_Mars,Direct_Earth_to_Mars,0.92500000000000004,0.92500000000000004,0,189440,189440,0,352.17027874575393,352.17027874575393,0,15,15,0,0,0,0
393,1000392,Direct_Background_16,Direct_Earth_to_Mars,Direct_Earth_to_Mars,0.92500000000000004,0.92500000000000004,0,189440,189440,0,352.17027874575393,352.17027874575393,0,15,15,0,0,0,0
393,1000392,Direct_Pointing_25pct_Power,Direct_Earth_to_Mars,Direct_Earth_to_Mars,0.92500000000000004,0.92500000000000004,0,189440,189440,0,352.17027874575393,352.17027874575393,0,15,15,0,0,0,0
393,1000392,Direct_Combined_25pctPower_BG16,Direct_Earth_to_Mars,Direct_Earth_to_Mars,0.92500000000000004,0.92500000000000004,0,189440,189440,0,352.17027874575393,352.17027874575393,0,15,15,0,0,0,0
394,1000393,Control,Direct_Earth_to_Mars,Direct_Earth_to_Mars,0.96499999999999997,0.96499999999999997,0,197632,197632,0,285.50526575372345,285.50526575372345,0,7,7,0,0,0,0
394,1000393,Direct_Background_16,Direct_Earth_to_Mars,Direct_Earth_to_Mars,0.96499999999999997,0.96499999999999997,0,197632,197632,0,285.50526575372345,285.50526575372345,0,7,7,0,0,0,0
394,1000393,Direct_Pointing_25pct_Power,Direct_Earth_to_Mars,Direct_Earth_to_Mars,0.96499999999999997,0.96499999999999997,0,197632,197632,0,285.50526575372345,285.50526575372345,0,7,7,0,0,0,0
394,1000393,Direct_Combined_25pctPower_BG16,Direct_Earth_to_Mars,Direct_Earth_to_Mars,0.96499999999999997,0.96499999999999997,0,197632,197632,0,285.50526575372345,285.50526575372345,0,7,7,0,0,0,0
395,1000394,Control,Direct_Earth_to_Mars,Direct_Earth_to_Mars,0.90000000000000002,0.90000000000000002,0,184320,184320,0,383.91205107452856,383.91205107452856,0,20,20,0,0,0,0
395,1000394,Direct_Background_16,Direct_Earth_to_Mars,Direct_Earth_to_Mars,0.90000000000000002,0.90000000000000002,0,184320,184320,0,383.91205107452856,383.91205107452856,0,20,20,0,0,0,0
395,1000394,Direct_Pointing_25pct_Power,Direct_Earth_to_Mars,Direct_Earth_to_Mars,0.90000000000000002,0.90000000000000002,0,184320,184320,0,383.91205107452856,383.91205107452856,0,20,20,0,0,0,0
395,1000394,Direct_Combined_25pctPower_BG16,Direct_Earth_to_Mars,Direct_Earth_to_Mars,0.90000000000000002,0.90000000000000002,0,184320,184320,0,383.91205107452856,383.91205107452856,0,20,20,0,0,0,0
396,1000395,Control,Direct_Earth_to_Mars,Direct_Earth_to_Mars,0.82499999999999996,0.82499999999999996,0,168960,168960,0,570.53376653819566,570.53376653819566,0,35,35,0,0,0,0
396,1000395,Direct_Background_16,Direct_Earth_to_Mars,Direct_Earth_to_Mars,0.82499999999999996,0.82499999999999996,0,168960,168960,0,570.53376653819566,570.53376653819566,0,35,35,0,0,0,0
396,1000395,Direct_Pointing_25pct_Power,Direct_Earth_to_Mars,Direct_Earth_to_Mars,0.82499999999999996,0.82499999999999996,0,168960,168960,0,570.53376653819566,570.53376653819566,0,35,35,0,0,0,0
396,1000395,Direct_Combined_25pctPower_BG16,Direct_Earth_to_Mars,Direct_Earth_to_Mars,0.82499999999999996,0.82499999999999996,0,168960,168960,0,570.53376653819566,570.53376653819566,0,35,35,0,0,0,0
397,1000396,Control,Direct_Earth_to_Mars,Direct_Earth_to_Mars,0.98499999999999999,0.98499999999999999,0,201728,201728,0,1118.5012496045465,1118.5012496045465,0,3,3,0,0,0,0
397,1000396,Direct_Background_16,Direct_Earth_to_Mars,Direct_Earth_to_Mars,0.98499999999999999,0.98499999999999999,0,201728,201728,0,1118.5012496045465,1118.5012496045465,0,3,3,0,0,0,0
397,1000396,Direct_Pointing_25pct_Power,Direct_Earth_to_Mars,Earth_Relay2_Mars,0,0.96499999999999997,0.96499999999999997,0,197632,197632,0,1184.8973417870225,1184.8973417870225,3,7,4,197,0,-197
397,1000396,Direct_Combined_25pctPower_BG16,Direct_Earth_to_Mars,Earth_Relay2_Mars,0,0.96499999999999997,0.96499999999999997,0,197632,197632,0,1184.8973417870225,1184.8973417870225,3,7,4,197,0,-197
398,1000397,Control,Direct_Earth_to_Mars,Direct_Earth_to_Mars,0.85999999999999999,0.85999999999999999,0,176128,176128,0,671.38689259497835,671.38689259497835,0,28,28,0,0,0,0
398,1000397,Direct_Background_16,Direct_Earth_to_Mars,Direct_Earth_to_Mars,0.85999999999999999,0.85999999999999999,0,176128,176128,0,671.38689259497835,671.38689259497835,0,28,28,0,0,0,0
398,1000397,Direct_Pointing_25pct_Power,Direct_Earth_to_Mars,Direct_Earth_to_Mars,0.85999999999999999,0.85999999999999999,0,176128,176128,0,671.38689259497835,671.38689259497835,0,28,28,0,0,0,0
398,1000397,Direct_Combined_25pctPower_BG16,Direct_Earth_to_Mars,Direct_Earth_to_Mars,0.84999999999999998,0.84999999999999998,0,174080,174080,0,671.38689259497824,671.38689259497824,0,28,28,0,2,2,0
399,1000398,Control,Direct_Earth_to_Mars,Direct_Earth_to_Mars,0.98999999999999999,0.98999999999999999,0,202752,202752,0,1367.8659685088417,1367.8659685088417,0,2,2,0,0,0,0
399,1000398,Direct_Background_16,Direct_Earth_to_Mars,Direct_Earth_to_Mars,0.82499999999999996,0.82499999999999996,0,168960,168960,0,1367.8659685088414,1367.8659685088414,0,2,2,0,33,33,0
399,1000398,Direct_Pointing_25pct_Power,Direct_Earth_to_Mars,Earth_Relay2_Mars,0,0.95999999999999996,0.95999999999999996,0,196608,196608,0,1434.5290095254006,1434.5290095254006,2,8,6,198,0,-198
399,1000398,Direct_Combined_25pctPower_BG16,Direct_Earth_to_Mars,Earth_Relay2_Mars,0,0.95999999999999996,0.95999999999999996,0,196608,196608,0,1434.5290095254006,1434.5290095254006,2,8,6,198,0,-198
400,1000399,Control,Direct_Earth_to_Mars,Direct_Earth_to_Mars,0.95499999999999996,0.95499999999999996,0,195584,195584,0,800.81952528874115,800.81952528874115,0,9,9,0,0,0,0
400,1000399,Direct_Background_16,Direct_Earth_to_Mars,Direct_Earth_to_Mars,0.95499999999999996,0.95499999999999996,0,195584,195584,0,800.81952528874115,800.81952528874115,0,9,9,0,0,0,0
400,1000399,Direct_Pointing_25pct_Power,Direct_Earth_to_Mars,Direct_Earth_to_Mars,0.94999999999999996,0.94999999999999996,0,194560,194560,0,800.81952528874115,800.81952528874115,0,9,9,0,1,1,0
400,1000399,Direct_Combined_25pctPower_BG16,Direct_Earth_to_Mars,Earth_Relay2_Mars,0,0.91500000000000004,0.91500000000000004,0,187392,187392,0,866.73352032238051,866.73352032238051,9,17,8,191,0,-191
401,1000400,Control,Direct_Earth_to_Mars,Direct_Earth_to_Mars,0.86499999999999999,0.86499999999999999,0,177152,177152,0,1074.6799119312498,1074.6799119312498,0,27,27,0,0,0,0
401,1000400,Direct_Background_16,Direct_Earth_to_Mars,Direct_Earth_to_Mars,0.86499999999999999,0.86499999999999999,0,177152,177152,0,1074.6799119312498,1074.6799119312498,0,27,27,0,0,0,0
401,1000400,Direct_Pointing_25pct_Power,Direct_Earth_to_Mars,Earth_Relay2_Mars,0,0.78000000000000003,0.78000000000000003,0,159744,159744,0,1141.0102534301027,1141.0102534301027,27,44,17,173,0,-173
401,1000400,Direct_Combined_25pctPower_BG16,Direct_Earth_to_Mars,Earth_Relay2_Mars,0,0.78000000000000003,0.78000000000000003,0,159744,159744,0,1141.0102534301027,1141.0102534301027,27,44,17,173,0,-173
402,1000401,Control,Direct_Earth_to_Mars,Direct_Earth_to_Mars,0.89500000000000002,0.89500000000000002,0,183296,183296,0,1200.2520997582767,1200.2520997582767,0,21,21,0,0,0,0
402,1000401,Direct_Background_16,Direct_Earth_to_Mars,Direct_Earth_to_Mars,0.89500000000000002,0.89500000000000002,0,183296,183296,0,1200.2520997582767,1200.2520997582767,0,21,21,0,0,0,0
402,1000401,Direct_Pointing_25pct_Power,Direct_Earth_to_Mars,Earth_Relay2_Mars,0,0.78500000000000003,0.78500000000000003,0,160768,160768,0,1266.6604023991963,1266.6604023991963,21,43,22,179,0,-179
402,1000401,Direct_Combined_25pctPower_BG16,Direct_Earth_to_Mars,Earth_Relay2_Mars,0,0.78500000000000003,0.78500000000000003,0,160768,160768,0,1266.6604023991963,1266.6604023991963,21,43,22,179,0,-179
403,1000402,Control,Direct_Earth_to_Mars,Direct_Earth_to_Mars,1,1,0,204800,204800,0,1367.8404678280872,1367.8404678280872,0,0,0,0,0,0,0
403,1000402,Direct_Background_16,Direct_Earth_to_Mars,Direct_Earth_to_Mars,0.91500000000000004,0.91500000000000004,0,187392,187392,0,1367.840467828087,1367.840467828087,0,0,0,0,17,17,0
403,1000402,Direct_Pointing_25pct_Power,Direct_Earth_to_Mars,Earth_Relay2_Mars,0,1,1,0,204800,204800,0,1434.5061581401401,1434.5061581401401,0,0,0,200,0,-200
403,1000402,Direct_Combined_25pctPower_BG16,Direct_Earth_to_Mars,Earth_Relay2_Mars,0,1,1,0,204800,204800,0,1434.5061581401401,1434.5061581401401,0,0,0,200,0,-200
404,1000403,Control,Direct_Earth_to_Mars,Direct_Earth_to_Mars,0.84499999999999997,0.84499999999999997,0,173056,173056,0,1280.4725857044755,1280.4725857044755,0,31,31,0,0,0,0
404,1000403,Direct_Background_16,Direct_Earth_to_Mars,Direct_Earth_to_Mars,0.83999999999999997,0.83999999999999997,0,172032,172032,0,1280.4725857044755,1280.4725857044755,0,31,31,0,1,1,0
404,1000403,Direct_Pointing_25pct_Power,Direct_Earth_to_Mars,Earth_Relay2_Mars,0,0.75,0.75,0,153600,153600,0,1346.9859683850102,1346.9859683850102,31,50,19,169,0,-169
404,1000403,Direct_Combined_25pctPower_BG16,Direct_Earth_to_Mars,Earth_Relay2_Mars,0,0.75,0.75,0,153600,153600,0,1346.9859683850102,1346.9859683850102,31,50,19,169,0,-169
405,1000404,Control,Direct_Earth_to_Mars,Direct_Earth_to_Mars,0.81499999999999995,0.81499999999999995,0,166912,166912,0,722.59090935578593,722.59090935578593,0,37,37,0,0,0,0
405,1000404,Direct_Background_16,Direct_Earth_to_Mars,Direct_Earth_to_Mars,0.81499999999999995,0.81499999999999995,0,166912,166912,0,722.59090935578593,722.59090935578593,0,37,37,0,0,0,0
405,1000404,Direct_Pointing_25pct_Power,Direct_Earth_to_Mars,Direct_Earth_to_Mars,0.81499999999999995,0.81499999999999995,0,166912,166912,0,722.59090935578593,722.59090935578593,0,37,37,0,0,0,0
405,1000404,Direct_Combined_25pctPower_BG16,Direct_Earth_to_Mars,Direct_Earth_to_Mars,0.59999999999999998,0.59999999999999998,0,122880,122880,0,722.59090935578604,722.59090935578604,0,37,37,0,43,43,0
406,1000405,Control,Direct_Earth_to_Mars,Direct_Earth_to_Mars,0.94999999999999996,0.94999999999999996,0,194560,194560,0,965.03595869267451,965.03595869267451,0,10,10,0,0,0,0
406,1000405,Direct_Background_16,Direct_Earth_to_Mars,Direct_Earth_to_Mars,0.94999999999999996,0.94999999999999996,0,194560,194560,0,965.03595869267451,965.03595869267451,0,10,10,0,0,0,0
406,1000405,Direct_Pointing_25pct_Power,Direct_Earth_to_Mars,Earth_Relay2_Mars,0,0.88,0.88,0,180224,180224,0,1031.1849579239815,1031.1849579239815,10,24,14,190,0,-190
406,1000405,Direct_Combined_25pctPower_BG16,Direct_Earth_to_Mars,Earth_Relay2_Mars,0,0.88,0.88,0,180224,180224,0,1031.1849579239815,1031.1849579239815,10,24,14,190,0,-190
407,1000406,Control,Direct_Earth_to_Mars,Direct_Earth_to_Mars,0.98999999999999999,0.98999999999999999,0,202752,202752,0,309.29487558184331,309.29487558184331,0,2,2,0,0,0,0
407,1000406,Direct_Background_16,Direct_Earth_to_Mars,Direct_Earth_to_Mars,0.98999999999999999,0.98999999999999999,0,202752,202752,0,309.29487558184331,309.29487558184331,0,2,2,0,0,0,0
407,1000406,Direct_Pointing_25pct_Power,Direct_Earth_to_Mars,Direct_Earth_to_Mars,0.98999999999999999,0.98999999999999999,0,202752,202752,0,309.29487558184331,309.29487558184331,0,2,2,0,0,0,0
407,1000406,Direct_Combined_25pctPower_BG16,Direct_Earth_to_Mars,Direct_Earth_to_Mars,0.98999999999999999,0.98999999999999999,0,202752,202752,0,309.29487558184331,309.29487558184331,0,2,2,0,0,0,0
408,1000407,Control,Direct_Earth_to_Mars,Direct_Earth_to_Mars,0.77000000000000002,0.77000000000000002,0,157696,157696,0,763.5812577219624,763.5812577219624,0,46,46,0,0,0,0
408,1000407,Direct_Background_16,Direct_Earth_to_Mars,Direct_Earth_to_Mars,0.77000000000000002,0.77000000000000002,0,157696,157696,0,763.5812577219624,763.5812577219624,0,46,46,0,0,0,0
408,1000407,Direct_Pointing_25pct_Power,Direct_Earth_to_Mars,Direct_Earth_to_Mars,0.77000000000000002,0.77000000000000002,0,157696,157696,0,763.5812577219624,763.5812577219624,0,46,46,0,0,0,0
408,1000407,Direct_Combined_25pctPower_BG16,Direct_Earth_to_Mars,Direct_Earth_to_Mars,0.495,0.495,0,101376,101376,0,763.58125772196263,763.58125772196263,0,46,46,0,55,55,0
409,1000408,Control,Direct_Earth_to_Mars,Direct_Earth_to_Mars,0.92000000000000004,0.92000000000000004,0,188416,188416,0,707.03433866673663,707.03433866673663,0,16,16,0,0,0,0
409,1000408,Direct_Background_16,Direct_Earth_to_Mars,Direct_Earth_to_Mars,0.92000000000000004,0.92000000000000004,0,188416,188416,0,707.03433866673663,707.03433866673663,0,16,16,0,0,0,0
409,1000408,Direct_Pointing_25pct_Power,Direct_Earth_to_Mars,Direct_Earth_to_Mars,0.92000000000000004,0.92000000000000004,0,188416,188416,0,707.03433866673663,707.03433866673663,0,16,16,0,0,0,0
409,1000408,Direct_Combined_25pctPower_BG16,Direct_Earth_to_Mars,Direct_Earth_to_Mars,0.90000000000000002,0.90000000000000002,0,184320,184320,0,707.03433866673663,707.03433866673663,0,16,16,0,4,4,0
410,1000409,Control,Direct_Earth_to_Mars,Direct_Earth_to_Mars,0.91500000000000004,0.91500000000000004,0,187392,187392,0,1309.5135010988083,1309.5135010988083,0,17,17,0,0,0,0
410,1000409,Direct_Background_16,Direct_Earth_to_Mars,Direct_Earth_to_Mars,0.90000000000000002,0.90000000000000002,0,184320,184320,0,1309.5135010988083,1309.5135010988083,0,17,17,0,3,3,0
410,1000409,Direct_Pointing_25pct_Power,Direct_Earth_to_Mars,Earth_Relay2_Mars,0,0.80500000000000005,0.80500000000000005,0,164864,164864,0,1376.1468073335043,1376.1468073335043,17,39,22,183,0,-183
410,1000409,Direct_Combined_25pctPower_BG16,Direct_Earth_to_Mars,Earth_Relay2_Mars,0,0.80500000000000005,0.80500000000000005,0,164864,164864,0,1376.1468073335043,1376.1468073335043,17,39,22,183,0,-183
411,1000410,Control,Direct_Earth_to_Mars,Direct_Earth_to_Mars,0.79500000000000004,0.79500000000000004,0,162816,162816,0,1332.3521235497817,1332.3521235497817,0,41,41,0,0,0,0
411,1000410,Direct_Background_16,Direct_Earth_to_Mars,Direct_Earth_to_Mars,0.72999999999999998,0.72999999999999998,0,149504,149504,0,1332.352123549781,1332.352123549781,0,41,41,0,13,13,0
411,1000410,Direct_Pointing_25pct_Power,Direct_Earth_to_Mars,Earth_Relay2_Mars,0,0.68000000000000005,0.68000000000000005,0,139264,139264,0,1398.9418394251845,1398.9418394251845,41,64,23,159,0,-159
411,1000410,Direct_Combined_25pctPower_BG16,Direct_Earth_to_Mars,Earth_Relay2_Mars,0,0.68000000000000005,0.68000000000000005,0,139264,139264,0,1398.9418394251845,1398.9418394251845,41,64,23,159,0,-159
412,1000411,Control,Direct_Earth_to_Mars,Direct_Earth_to_Mars,0.91000000000000003,0.91000000000000003,0,186368,186368,0,968.26701566667168,968.26701566667168,0,18,18,0,0,0,0
412,1000411,Direct_Background_16,Direct_Earth_to_Mars,Direct_Earth_to_Mars,0.91000000000000003,0.91000000000000003,0,186368,186368,0,968.26701566667168,968.26701566667168,0,18,18,0,0,0,0
412,1000411,Direct_Pointing_25pct_Power,Direct_Earth_to_Mars,Earth_Relay2_Mars,0,0.85999999999999999,0.85999999999999999,0,176128,176128,0,1034.4190879008117,1034.4190879008117,18,28,10,182,0,-182
412,1000411,Direct_Combined_25pctPower_BG16,Direct_Earth_to_Mars,Earth_Relay2_Mars,0,0.85999999999999999,0.85999999999999999,0,176128,176128,0,1034.4190879008117,1034.4190879008117,18,28,10,182,0,-182
413,1000412,Control,Direct_Earth_to_Mars,Direct_Earth_to_Mars,0.84999999999999998,0.84999999999999998,0,174080,174080,0,1272.6475911268519,1272.6475911268519,0,30,30,0,0,0,0
413,1000412,Direct_Background_16,Direct_Earth_to_Mars,Direct_Earth_to_Mars,0.84999999999999998,0.84999999999999998,0,174080,174080,0,1272.6475911268519,1272.6475911268519,0,30,30,0,0,0,0
413,1000412,Direct_Pointing_25pct_Power,Direct_Earth_to_Mars,Earth_Relay0_Mars,0,0,0,0,0,0,0,0,0,30,47,17,170,0,-170
413,1000412,Direct_Combined_25pctPower_BG16,Direct_Earth_to_Mars,Earth_Relay0_Mars,0,0,0,0,0,0,0,0,0,30,47,17,170,0,-170
414,1000413,Control,Direct_Earth_to_Mars,Direct_Earth_to_Mars,0.88500000000000001,0.88500000000000001,0,181248,181248,0,1251.8994042639611,1251.8994042639611,0,23,23,0,0,0,0
414,1000413,Direct_Background_16,Direct_Earth_to_Mars,Direct_Earth_to_Mars,0.88500000000000001,0.88500000000000001,0,181248,181248,0,1251.8994042639611,1251.8994042639611,0,23,23,0,0,0,0
414,1000413,Direct_Pointing_25pct_Power,Direct_Earth_to_Mars,Earth_Relay2_Mars,0,0.73999999999999999,0.73999999999999999,0,151552,151552,0,1318.4711630847589,1318.4711630847589,23,52,29,177,0,-177
414,1000413,Direct_Combined_25pctPower_BG16,Direct_Earth_to_Mars,Earth_Relay2_Mars,0,0.73999999999999999,0.73999999999999999,0,151552,151552,0,1318.4711630847589,1318.4711630847589,23,52,29,177,0,-177
415,1000414,Control,Direct_Earth_to_Mars,Direct_Earth_to_Mars,0.96499999999999997,0.96499999999999997,0,197632,197632,0,854.28173895090242,854.28173895090242,0,7,7,0,0,0,0
415,1000414,Direct_Background_16,Direct_Earth_to_Mars,Direct_Earth_to_Mars,0.96499999999999997,0.96499999999999997,0,197632,197632,0,854.28173895090242,854.28173895090242,0,7,7,0,0,0,0
415,1000414,Direct_Pointing_25pct_Power,Direct_Earth_to_Mars,Direct_Earth_to_Mars,0.94499999999999995,0.94499999999999995,0,193536,193536,0,854.28173895090254,854.28173895090254,0,7,7,0,4,4,0
415,1000414,Direct_Combined_25pctPower_BG16,Direct_Earth_to_Mars,Earth_Relay2_Mars,0,0.90500000000000003,0.90500000000000003,0,185344,185344,0,920.33600526410453,920.33600526410453,7,19,12,193,0,-193
416,1000415,Control,Direct_Earth_to_Mars,Direct_Earth_to_Mars,0.84499999999999997,0.84499999999999997,0,173056,173056,0,1351.7680164017927,1351.7680164017927,0,31,31,0,0,0,0
416,1000415,Direct_Background_16,Direct_Earth_to_Mars,Direct_Earth_to_Mars,0.80500000000000005,0.80500000000000005,0,164864,164864,0,1351.7680164017925,1351.7680164017925,0,31,31,0,8,8,0
416,1000415,Direct_Pointing_25pct_Power,Direct_Earth_to_Mars,Earth_Relay1_Mars,0,0,0,0,0,0,0,0,0,31,51,20,169,0,-169
416,1000415,Direct_Combined_25pctPower_BG16,Direct_Earth_to_Mars,Earth_Relay1_Mars,0,0,0,0,0,0,0,0,0,31,51,20,169,0,-169
417,1000416,Control,Direct_Earth_to_Mars,Direct_Earth_to_Mars,0.995,0.995,0,203776,203776,0,1221.8690252625947,1221.8690252625947,0,1,1,0,0,0,0
417,1000416,Direct_Background_16,Direct_Earth_to_Mars,Direct_Earth_to_Mars,0.995,0.995,0,203776,203776,0,1221.8690252625947,1221.8690252625947,0,1,1,0,0,0,0
417,1000416,Direct_Pointing_25pct_Power,Direct_Earth_to_Mars,Earth_Relay2_Mars,0,0.995,0.995,0,203776,203776,0,1288.4047857103346,1288.4047857103346,1,1,0,199,0,-199
417,1000416,Direct_Combined_25pctPower_BG16,Direct_Earth_to_Mars,Earth_Relay2_Mars,0,0.995,0.995,0,203776,203776,0,1288.4047857103346,1288.4047857103346,1,1,0,199,0,-199
418,1000417,Control,Direct_Earth_to_Mars,Direct_Earth_to_Mars,0.78500000000000003,0.78500000000000003,0,160768,160768,0,538.99303239411233,538.99303239411233,0,43,43,0,0,0,0
418,1000417,Direct_Background_16,Direct_Earth_to_Mars,Direct_Earth_to_Mars,0.78500000000000003,0.78500000000000003,0,160768,160768,0,538.99303239411233,538.99303239411233,0,43,43,0,0,0,0
418,1000417,Direct_Pointing_25pct_Power,Direct_Earth_to_Mars,Direct_Earth_to_Mars,0.78500000000000003,0.78500000000000003,0,160768,160768,0,538.99303239411233,538.99303239411233,0,43,43,0,0,0,0
418,1000417,Direct_Combined_25pctPower_BG16,Direct_Earth_to_Mars,Direct_Earth_to_Mars,0.78500000000000003,0.78500000000000003,0,160768,160768,0,538.99303239411233,538.99303239411233,0,43,43,0,0,0,0
419,1000418,Control,Direct_Earth_to_Mars,Direct_Earth_to_Mars,0.90000000000000002,0.90000000000000002,0,184320,184320,0,1241.0462884831945,1241.0462884831945,0,20,20,0,0,0,0
419,1000418,Direct_Background_16,Direct_Earth_to_Mars,Direct_Earth_to_Mars,0.90000000000000002,0.90000000000000002,0,184320,184320,0,1241.0462884831945,1241.0462884831945,0,20,20,0,0,0,0
419,1000418,Direct_Pointing_25pct_Power,Direct_Earth_to_Mars,Earth_Relay2_Mars,0,0.83499999999999996,0.83499999999999996,0,171008,171008,0,1307.5066754822915,1307.5066754822915,20,33,13,180,0,-180
419,1000418,Direct_Combined_25pctPower_BG16,Direct_Earth_to_Mars,Earth_Relay2_Mars,0,0.83499999999999996,0.83499999999999996,0,171008,171008,0,1307.5066754822915,1307.5066754822915,20,33,13,180,0,-180
420,1000419,Control,Direct_Earth_to_Mars,Direct_Earth_to_Mars,0.90500000000000003,0.90500000000000003,0,185344,185344,0,1367.794679639481,1367.794679639481,0,19,19,0,0,0,0
420,1000419,Direct_Background_16,Direct_Earth_to_Mars,Direct_Earth_to_Mars,0.76500000000000001,0.76500000000000001,0,156672,156672,0,1367.7946796394808,1367.7946796394808,0,19,19,0,28,28,0
420,1000419,Direct_Pointing_25pct_Power,Direct_Earth_to_Mars,Earth_Relay2_Mars,0,0.83999999999999997,0.83999999999999997,0,172032,172032,0,1434.4568939226742,1434.4568939226742,19,32,13,181,0,-181
420,1000419,Direct_Combined_25pctPower_BG16,Direct_Earth_to_Mars,Earth_Relay2_Mars,0,0.83999999999999997,0.83999999999999997,0,172032,172032,0,1434.4568939226742,1434.4568939226742,19,32,13,181,0,-181
421,1000420,Control,Direct_Earth_to_Mars,Direct_Earth_to_Mars,0.81499999999999995,0.81499999999999995,0,166912,166912,0,829.45753591513153,829.45753591513153,0,37,37,0,0,0,0
421,1000420,Direct_Background_16,Direct_Earth_to_Mars,Direct_Earth_to_Mars,0.81499999999999995,0.81499999999999995,0,166912,166912,0,829.45753591513153,829.45753591513153,0,37,37,0,0,0,0
421,1000420,Direct_Pointing_25pct_Power,Direct_Earth_to_Mars,Direct_Earth_to_Mars,0.79000000000000004,0.79000000000000004,0,161792,161792,0,829.45753591513142,829.45753591513142,0,37,37,0,5,5,0
421,1000420,Direct_Combined_25pctPower_BG16,Direct_Earth_to_Mars,Earth_Relay2_Mars,0,0.69999999999999996,0.69999999999999996,0,143360,143360,0,895.41005071470852,895.41005071470852,37,60,23,163,0,-163
422,1000421,Control,Direct_Earth_to_Mars,Direct_Earth_to_Mars,0.93000000000000005,0.93000000000000005,0,190464,190464,0,285.25249772433727,285.25249772433727,0,14,14,0,0,0,0
422,1000421,Direct_Background_16,Direct_Earth_to_Mars,Direct_Earth_to_Mars,0.93000000000000005,0.93000000000000005,0,190464,190464,0,285.25249772433727,285.25249772433727,0,14,14,0,0,0,0
422,1000421,Direct_Pointing_25pct_Power,Direct_Earth_to_Mars,Direct_Earth_to_Mars,0.93000000000000005,0.93000000000000005,0,190464,190464,0,285.25249772433727,285.25249772433727,0,14,14,0,0,0,0
422,1000421,Direct_Combined_25pctPower_BG16,Direct_Earth_to_Mars,Direct_Earth_to_Mars,0.93000000000000005,0.93000000000000005,0,190464,190464,0,285.25249772433727,285.25249772433727,0,14,14,0,0,0,0
423,1000422,Control,Direct_Earth_to_Mars,Direct_Earth_to_Mars,0.89500000000000002,0.89500000000000002,0,183296,183296,0,1353.6695238178634,1353.6695238178634,0,21,21,0,0,0,0
423,1000422,Direct_Background_16,Direct_Earth_to_Mars,Direct_Earth_to_Mars,0.61499999999999999,0.61499999999999999,0,125952,125952,0,1353.6695238178627,1353.6695238178627,0,21,21,0,56,56,0
423,1000422,Direct_Pointing_25pct_Power,Direct_Earth_to_Mars,Earth_Relay2_Mars,0,0.81499999999999995,0.81499999999999995,0,166912,166912,0,1420.3378198759087,1420.3378198759087,21,37,16,179,0,-179
423,1000422,Direct_Combined_25pctPower_BG16,Direct_Earth_to_Mars,Earth_Relay2_Mars,0,0.81499999999999995,0.81499999999999995,0,166912,166912,0,1420.3378198759087,1420.3378198759087,21,37,16,179,0,-179
424,1000423,Control,Direct_Earth_to_Mars,Direct_Earth_to_Mars,0.87,0.87,0,178176,178176,0,884.85308230891224,884.85308230891224,0,26,26,0,0,0,0
424,1000423,Direct_Background_16,Direct_Earth_to_Mars,Direct_Earth_to_Mars,0.87,0.87,0,178176,178176,0,884.85308230891224,884.85308230891224,0,26,26,0,0,0,0
424,1000423,Direct_Pointing_25pct_Power,Direct_Earth_to_Mars,Direct_Earth_to_Mars,0.71499999999999997,0.71499999999999997,0,146432,146432,0,884.85308230891019,884.85308230891019,0,26,26,0,31,31,0
424,1000423,Direct_Combined_25pctPower_BG16,Direct_Earth_to_Mars,Earth_Relay2_Mars,0,0.76000000000000001,0.76000000000000001,0,155648,155648,0,950.93125547575335,950.93125547575335,26,48,22,174,0,-174
425,1000424,Control,Direct_Earth_to_Mars,Direct_Earth_to_Mars,0.81000000000000005,0.81000000000000005,0,165888,165888,0,1367.1267278505838,1367.1267278505838,0,38,38,0,0,0,0
425,1000424,Direct_Background_16,Direct_Earth_to_Mars,Direct_Earth_to_Mars,0.755,0.755,0,154624,154624,0,1367.1267278505838,1367.1267278505838,0,38,38,0,11,11,0
425,1000424,Direct_Pointing_25pct_Power,Direct_Earth_to_Mars,Earth_Relay2_Mars,0,0.66500000000000004,0.66500000000000004,0,136192,136192,0,1433.7850444166013,1433.7850444166013,38,67,29,162,0,-162
425,1000424,Direct_Combined_25pctPower_BG16,Direct_Earth_to_Mars,Earth_Relay2_Mars,0,0.66500000000000004,0.66500000000000004,0,136192,136192,0,1433.7850444166013,1433.7850444166013,38,67,29,162,0,-162
426,1000425,Control,Direct_Earth_to_Mars,Direct_Earth_to_Mars,0.81999999999999995,0.81999999999999995,0,167936,167936,0,614.64236237773844,614.64236237773844,0,36,36,0,0,0,0
426,1000425,Direct_Background_16,Direct_Earth_to_Mars,Direct_Earth_to_Mars,0.81999999999999995,0.81999999999999995,0,167936,167936,0,614.64236237773844,614.64236237773844,0,36,36,0,0,0,0
426,1000425,Direct_Pointing_25pct_Power,Direct_Earth_to_Mars,Direct_Earth_to_Mars,0.81999999999999995,0.81999999999999995,0,167936,167936,0,614.64236237773844,614.64236237773844,0,36,36,0,0,0,0
426,1000425,Direct_Combined_25pctPower_BG16,Direct_Earth_to_Mars,Direct_Earth_to_Mars,0.81999999999999995,0.81999999999999995,0,167936,167936,0,614.64236237773844,614.64236237773844,0,36,36,0,0,0,0
427,1000426,Control,Direct_Earth_to_Mars,Direct_Earth_to_Mars,0.84499999999999997,0.84499999999999997,0,173056,173056,0,1363.9526679683979,1363.9526679683979,0,31,31,0,0,0,0
427,1000426,Direct_Background_16,Direct_Earth_to_Mars,Direct_Earth_to_Mars,0.77000000000000002,0.77000000000000002,0,157696,157696,0,1363.9526679683972,1363.9526679683972,0,31,31,0,15,15,0
427,1000426,Direct_Pointing_25pct_Power,Direct_Earth_to_Mars,Earth_Relay2_Mars,0,0.71499999999999997,0.71499999999999997,0,146432,146432,0,1430.6009813710384,1430.6009813710384,31,57,26,169,0,-169
427,1000426,Direct_Combined_25pctPower_BG16,Direct_Earth_to_Mars,Earth_Relay2_Mars,0,0.71499999999999997,0.71499999999999997,0,146432,146432,0,1430.6009813710384,1430.6009813710384,31,57,26,169,0,-169
428,1000427,Control,Direct_Earth_to_Mars,Direct_Earth_to_Mars,0.80000000000000004,0.80000000000000004,0,163840,163840,0,1005.4714358923086,1005.4714358923086,0,40,40,0,0,0,0
428,1000427,Direct_Background_16,Direct_Earth_to_Mars,Direct_Earth_to_Mars,0.80000000000000004,0.80000000000000004,0,163840,163840,0,1005.4714358923086,1005.4714358923086,0,40,40,0,0,0,0
428,1000427,Direct_Pointing_25pct_Power,Direct_Earth_to_Mars,Earth_Relay2_Mars,0,0.64000000000000001,0.64000000000000001,0,131072,131072,0,1071.6599854081612,1071.6599854081612,40,72,32,160,0,-160
428,1000427,Direct_Combined_25pctPower_BG16,Direct_Earth_to_Mars,Earth_Relay2_Mars,0,0.64000000000000001,0.64000000000000001,0,131072,131072,0,1071.6599854081612,1071.6599854081612,40,72,32,160,0,-160
429,1000428,Control,Direct_Earth_to_Mars,Direct_Earth_to_Mars,0.93500000000000005,0.93500000000000005,0,191488,191488,0,284.85646678672271,284.85646678672271,0,13,13,0,0,0,0
429,1000428,Direct_Background_16,Direct_Earth_to_Mars,Direct_Earth_to_Mars,0.93500000000000005,0.93500000000000005,0,191488,191488,0,284.85646678672271,284.85646678672271,0,13,13,0,0,0,0
429,1000428,Direct_Pointing_25pct_Power,Direct_Earth_to_Mars,Direct_Earth_to_Mars,0.93500000000000005,0.93500000000000005,0,191488,191488,0,284.85646678672271,284.85646678672271,0,13,13,0,0,0,0
429,1000428,Direct_Combined_25pctPower_BG16,Direct_Earth_to_Mars,Direct_Earth_to_Mars,0.93500000000000005,0.93500000000000005,0,191488,191488,0,284.85646678672271,284.85646678672271,0,13,13,0,0,0,0
430,1000429,Control,Direct_Earth_to_Mars,Direct_Earth_to_Mars,0.83999999999999997,0.83999999999999997,0,172032,172032,0,1064.5735355884349,1064.5735355884349,0,32,32,0,0,0,0
430,1000429,Direct_Background_16,Direct_Earth_to_Mars,Direct_Earth_to_Mars,0.83999999999999997,0.83999999999999997,0,172032,172032,0,1064.5735355884349,1064.5735355884349,0,32,32,0,0,0,0
430,1000429,Direct_Pointing_25pct_Power,Direct_Earth_to_Mars,Earth_Relay2_Mars,0,0.70499999999999996,0.70499999999999996,0,144384,144384,0,1130.8238699182405,1130.8238699182405,32,59,27,168,0,-168
430,1000429,Direct_Combined_25pctPower_BG16,Direct_Earth_to_Mars,Earth_Relay2_Mars,0,0.70499999999999996,0.70499999999999996,0,144384,144384,0,1130.8238699182405,1130.8238699182405,32,59,27,168,0,-168
431,1000430,Control,Direct_Earth_to_Mars,Direct_Earth_to_Mars,0.95999999999999996,0.95999999999999996,0,196608,196608,0,301.59618437817647,301.59618437817647,0,8,8,0,0,0,0
431,1000430,Direct_Background_16,Direct_Earth_to_Mars,Direct_Earth_to_Mars,0.95999999999999996,0.95999999999999996,0,196608,196608,0,301.59618437817647,301.59618437817647,0,8,8,0,0,0,0
431,1000430,Direct_Pointing_25pct_Power,Direct_Earth_to_Mars,Direct_Earth_to_Mars,0.95999999999999996,0.95999999999999996,0,196608,196608,0,301.59618437817647,301.59618437817647,0,8,8,0,0,0,0
431,1000430,Direct_Combined_25pctPower_BG16,Direct_Earth_to_Mars,Direct_Earth_to_Mars,0.95999999999999996,0.95999999999999996,0,196608,196608,0,301.59618437817647,301.59618437817647,0,8,8,0,0,0,0
432,1000431,Control,Direct_Earth_to_Mars,Direct_Earth_to_Mars,0.82499999999999996,0.82499999999999996,0,168960,168960,0,1013.9174609865588,1013.9174609865588,0,35,35,0,0,0,0
432,1000431,Direct_Background_16,Direct_Earth_to_Mars,Direct_Earth_to_Mars,0.82499999999999996,0.82499999999999996,0,168960,168960,0,1013.9174609865588,1013.9174609865588,0,35,35,0,0,0,0
432,1000431,Direct_Pointing_25pct_Power,Direct_Earth_to_Mars,Earth_Relay0_Mars,0,0.71999999999999997,0.71999999999999997,0,147456,147456,0,1206.3212370041497,1206.3212370041497,35,56,21,165,0,-165
432,1000431,Direct_Combined_25pctPower_BG16,Direct_Earth_to_Mars,Earth_Relay0_Mars,0,0.71999999999999997,0.71999999999999997,0,147456,147456,0,1206.3212370041497,1206.3212370041497,35,56,21,165,0,-165
433,1000432,Control,Direct_Earth_to_Mars,Direct_Earth_to_Mars,0.89000000000000001,0.89000000000000001,0,182272,182272,0,983.10689150729365,983.10689150729365,0,22,22,0,0,0,0
433,1000432,Direct_Background_16,Direct_Earth_to_Mars,Direct_Earth_to_Mars,0.89000000000000001,0.89000000000000001,0,182272,182272,0,983.10689150729365,983.10689150729365,0,22,22,0,0,0,0
433,1000432,Direct_Pointing_25pct_Power,Direct_Earth_to_Mars,Earth_Relay2_Mars,0,0.81499999999999995,0.81499999999999995,0,166912,166912,0,1049.289457670521,1049.289457670521,22,37,15,178,0,-178
433,1000432,Direct_Combined_25pctPower_BG16,Direct_Earth_to_Mars,Earth_Relay2_Mars,0,0.81499999999999995,0.81499999999999995,0,166912,166912,0,1049.289457670521,1049.289457670521,22,37,15,178,0,-178
434,1000433,Control,Direct_Earth_to_Mars,Direct_Earth_to_Mars,0.85499999999999998,0.85499999999999998,0,175104,175104,0,477.19263793544127,477.19263793544127,0,29,29,0,0,0,0
434,1000433,Direct_Background_16,Direct_Earth_to_Mars,Direct_Earth_to_Mars,0.85499999999999998,0.85499999999999998,0,175104,175104,0,477.19263793544127,477.19263793544127,0,29,29,0,0,0,0
434,1000433,Direct_Pointing_25pct_Power,Direct_Earth_to_Mars,Direct_Earth_to_Mars,0.85499999999999998,0.85499999999999998,0,175104,175104,0,477.19263793544127,477.19263793544127,0,29,29,0,0,0,0
434,1000433,Direct_Combined_25pctPower_BG16,Direct_Earth_to_Mars,Direct_Earth_to_Mars,0.85499999999999998,0.85499999999999998,0,175104,175104,0,477.19263793544127,477.19263793544127,0,29,29,0,0,0,0
435,1000434,Control,Direct_Earth_to_Mars,Direct_Earth_to_Mars,0.84499999999999997,0.84499999999999997,0,173056,173056,0,1227.8043046514235,1227.8043046514235,0,31,31,0,0,0,0
435,1000434,Direct_Background_16,Direct_Earth_to_Mars,Direct_Earth_to_Mars,0.84499999999999997,0.84499999999999997,0,173056,173056,0,1227.8043046514235,1227.8043046514235,0,31,31,0,0,0,0
435,1000434,Direct_Pointing_25pct_Power,Direct_Earth_to_Mars,Earth_Relay2_Mars,0,0.76000000000000001,0.76000000000000001,0,155648,155648,0,1294.347360339576,1294.347360339576,31,48,17,169,0,-169
435,1000434,Direct_Combined_25pctPower_BG16,Direct_Earth_to_Mars,Earth_Relay2_Mars,0,0.76000000000000001,0.76000000000000001,0,155648,155648,0,1294.347360339576,1294.347360339576,31,48,17,169,0,-169
436,1000435,Control,Direct_Earth_to_Mars,Direct_Earth_to_Mars,0.95499999999999996,0.95499999999999996,0,195584,195584,0,921.6830828867943,921.6830828867943,0,9,9,0,0,0,0
436,1000435,Direct_Background_16,Direct_Earth_to_Mars,Direct_Earth_to_Mars,0.95499999999999996,0.95499999999999996,0,195584,195584,0,921.6830828867943,921.6830828867943,0,9,9,0,0,0,0
436,1000435,Direct_Pointing_25pct_Power,Direct_Earth_to_Mars,Direct_Earth_to_Mars,0.75,0.75,0,153600,153600,0,921.68308288679361,921.68308288679361,0,9,9,0,41,41,0
436,1000435,Direct_Combined_25pctPower_BG16,Direct_Earth_to_Mars,Earth_Relay2_Mars,0,0.92500000000000004,0.92500000000000004,0,189440,189440,0,987.76118500742371,987.76118500742371,9,15,6,191,0,-191
437,1000436,Control,Direct_Earth_to_Mars,Direct_Earth_to_Mars,0.83999999999999997,0.83999999999999997,0,172032,172032,0,348.29608368545644,348.29608368545644,0,32,32,0,0,0,0
437,1000436,Direct_Background_16,Direct_Earth_to_Mars,Direct_Earth_to_Mars,0.83999999999999997,0.83999999999999997,0,172032,172032,0,348.29608368545644,348.29608368545644,0,32,32,0,0,0,0
437,1000436,Direct_Pointing_25pct_Power,Direct_Earth_to_Mars,Direct_Earth_to_Mars,0.83999999999999997,0.83999999999999997,0,172032,172032,0,348.29608368545644,348.29608368545644,0,32,32,0,0,0,0
437,1000436,Direct_Combined_25pctPower_BG16,Direct_Earth_to_Mars,Direct_Earth_to_Mars,0.83999999999999997,0.83999999999999997,0,172032,172032,0,348.29608368545644,348.29608368545644,0,32,32,0,0,0,0
438,1000437,Control,Direct_Earth_to_Mars,Direct_Earth_to_Mars,0.995,0.995,0,203776,203776,0,787.55005587497487,787.55005587497487,0,1,1,0,0,0,0
438,1000437,Direct_Background_16,Direct_Earth_to_Mars,Direct_Earth_to_Mars,0.995,0.995,0,203776,203776,0,787.55005587497487,787.55005587497487,0,1,1,0,0,0,0
438,1000437,Direct_Pointing_25pct_Power,Direct_Earth_to_Mars,Direct_Earth_to_Mars,0.98499999999999999,0.98499999999999999,0,201728,201728,0,787.55005587497487,787.55005587497487,0,1,1,0,2,2,0
438,1000437,Direct_Combined_25pctPower_BG16,Direct_Earth_to_Mars,Earth_Relay2_Mars,0,0.98999999999999999,0.98999999999999999,0,202752,202752,0,853.44638016943247,853.44638016943247,1,2,1,199,0,-199
439,1000438,Control,Direct_Earth_to_Mars,Direct_Earth_to_Mars,0.97499999999999998,0.97499999999999998,0,199680,199680,0,514.81562910602986,514.81562910602986,0,5,5,0,0,0,0
439,1000438,Direct_Background_16,Direct_Earth_to_Mars,Direct_Earth_to_Mars,0.97499999999999998,0.97499999999999998,0,199680,199680,0,514.81562910602986,514.81562910602986,0,5,5,0,0,0,0
439,1000438,Direct_Pointing_25pct_Power,Direct_Earth_to_Mars,Direct_Earth_to_Mars,0.97499999999999998,0.97499999999999998,0,199680,199680,0,514.81562910602986,514.81562910602986,0,5,5,0,0,0,0
439,1000438,Direct_Combined_25pctPower_BG16,Direct_Earth_to_Mars,Direct_Earth_to_Mars,0.97499999999999998,0.97499999999999998,0,199680,199680,0,514.81562910602986,514.81562910602986,0,5,5,0,0,0,0
440,1000439,Control,Direct_Earth_to_Mars,Direct_Earth_to_Mars,0.82999999999999996,0.82999999999999996,0,169984,169984,0,616.62975798560478,616.62975798560478,0,34,34,0,0,0,0
440,1000439,Direct_Background_16,Direct_Earth_to_Mars,Direct_Earth_to_Mars,0.82999999999999996,0.82999999999999996,0,169984,169984,0,616.62975798560478,616.62975798560478,0,34,34,0,0,0,0
440,1000439,Direct_Pointing_25pct_Power,Direct_Earth_to_Mars,Direct_Earth_to_Mars,0.82999999999999996,0.82999999999999996,0,169984,169984,0,616.62975798560478,616.62975798560478,0,34,34,0,0,0,0
440,1000439,Direct_Combined_25pctPower_BG16,Direct_Earth_to_Mars,Direct_Earth_to_Mars,0.82999999999999996,0.82999999999999996,0,169984,169984,0,616.62975798560478,616.62975798560478,0,34,34,0,0,0,0
441,1000440,Control,Direct_Earth_to_Mars,Direct_Earth_to_Mars,0.82999999999999996,0.82999999999999996,0,169984,169984,0,1335.8516035680011,1335.8516035680011,0,34,34,0,0,0,0
441,1000440,Direct_Background_16,Direct_Earth_to_Mars,Direct_Earth_to_Mars,0.81499999999999995,0.81499999999999995,0,166912,166912,0,1335.8516035680011,1335.8516035680011,0,34,34,0,3,3,0
441,1000440,Direct_Pointing_25pct_Power,Direct_Earth_to_Mars,Earth_Relay2_Mars,0,0.71499999999999997,0.71499999999999997,0,146432,146432,0,1402.4469589157372,1402.4469589157372,34,57,23,166,0,-166
441,1000440,Direct_Combined_25pctPower_BG16,Direct_Earth_to_Mars,Earth_Relay2_Mars,0,0.71499999999999997,0.71499999999999997,0,146432,146432,0,1402.4469589157372,1402.4469589157372,34,57,23,166,0,-166
442,1000441,Control,Direct_Earth_to_Mars,Direct_Earth_to_Mars,0.88500000000000001,0.88500000000000001,0,181248,181248,0,1226.7538756323027,1226.7538756323027,0,23,23,0,0,0,0
442,1000441,Direct_Background_16,Direct_Earth_to_Mars,Direct_Earth_to_Mars,0.88,0.88,0,180224,180224,0,1226.7538756323027,1226.7538756323027,0,23,23,0,1,1,0
442,1000441,Direct_Pointing_25pct_Power,Direct_Earth_to_Mars,Earth_Relay1_Mars,0,0.78000000000000003,0.78000000000000003,0,159744,159744,0,1453.0437667239389,1453.0437667239389,23,44,21,177,0,-177
442,1000441,Direct_Combined_25pctPower_BG16,Direct_Earth_to_Mars,Earth_Relay1_Mars,0,0.78000000000000003,0.78000000000000003,0,159744,159744,0,1453.0437667239389,1453.0437667239389,23,44,21,177,0,-177
443,1000442,Control,Direct_Earth_to_Mars,Direct_Earth_to_Mars,0.995,0.995,0,203776,203776,0,1327.3906805322918,1327.3906805322918,0,1,1,0,0,0,0
443,1000442,Direct_Background_16,Direct_Earth_to_Mars,Direct_Earth_to_Mars,0.80000000000000004,0.80000000000000004,0,163840,163840,0,1327.3906805322915,1327.3906805322915,0,1,1,0,39,39,0
443,1000442,Direct_Pointing_25pct_Power,Direct_Earth_to_Mars,Earth_Relay2_Mars,0,0.97999999999999998,0.97999999999999998,0,200704,200704,0,1394.040233565177,1394.040233565177,1,4,3,199,0,-199
443,1000442,Direct_Combined_25pctPower_BG16,Direct_Earth_to_Mars,Earth_Relay2_Mars,0,0.97999999999999998,0.97999999999999998,0,200704,200704,0,1394.040233565177,1394.040233565177,1,4,3,199,0,-199
444,1000443,Control,Direct_Earth_to_Mars,Direct_Earth_to_Mars,0.94499999999999995,0.94499999999999995,0,193536,193536,0,1071.2009585913549,1071.2009585913549,0,11,11,0,0,0,0
444,1000443,Direct_Background_16,Direct_Earth_to_Mars,Direct_Earth_to_Mars,0.94499999999999995,0.94499999999999995,0,193536,193536,0,1071.2009585913549,1071.2009585913549,0,11,11,0,0,0,0
444,1000443,Direct_Pointing_25pct_Power,Direct_Earth_to_Mars,Earth_Relay2_Mars,0,0.88,0.88,0,180224,180224,0,1137.5259284903277,1137.5259284903277,11,24,13,189,0,-189
444,1000443,Direct_Combined_25pctPower_BG16,Direct_Earth_to_Mars,Earth_Relay2_Mars,0,0.88,0.88,0,180224,180224,0,1137.5259284903277,1137.5259284903277,11,24,13,189,0,-189
445,1000444,Control,Direct_Earth_to_Mars,Direct_Earth_to_Mars,0.84999999999999998,0.84999999999999998,0,174080,174080,0,529.35903507524529,529.35903507524529,0,30,30,0,0,0,0
445,1000444,Direct_Background_16,Direct_Earth_to_Mars,Direct_Earth_to_Mars,0.84999999999999998,0.84999999999999998,0,174080,174080,0,529.35903507524529,529.35903507524529,0,30,30,0,0,0,0
445,1000444,Direct_Pointing_25pct_Power,Direct_Earth_to_Mars,Direct_Earth_to_Mars,0.84999999999999998,0.84999999999999998,0,174080,174080,0,529.35903507524529,529.35903507524529,0,30,30,0,0,0,0
445,1000444,Direct_Combined_25pctPower_BG16,Direct_Earth_to_Mars,Direct_Earth_to_Mars,0.84999999999999998,0.84999999999999998,0,174080,174080,0,529.35903507524529,529.35903507524529,0,30,30,0,0,0,0
446,1000445,Control,Direct_Earth_to_Mars,Direct_Earth_to_Mars,0.92000000000000004,0.92000000000000004,0,188416,188416,0,657.91462212881038,657.91462212881038,0,16,16,0,0,0,0
446,1000445,Direct_Background_16,Direct_Earth_to_Mars,Direct_Earth_to_Mars,0.92000000000000004,0.92000000000000004,0,188416,188416,0,657.91462212881038,657.91462212881038,0,16,16,0,0,0,0
446,1000445,Direct_Pointing_25pct_Power,Direct_Earth_to_Mars,Direct_Earth_to_Mars,0.92000000000000004,0.92000000000000004,0,188416,188416,0,657.91462212881038,657.91462212881038,0,16,16,0,0,0,0
446,1000445,Direct_Combined_25pctPower_BG16,Direct_Earth_to_Mars,Direct_Earth_to_Mars,0.92000000000000004,0.92000000000000004,0,188416,188416,0,657.91462212881038,657.91462212881038,0,16,16,0,0,0,0
447,1000446,Control,Direct_Earth_to_Mars,Direct_Earth_to_Mars,0.90500000000000003,0.90500000000000003,0,185344,185344,0,822.40549635938498,822.40549635938498,0,19,19,0,0,0,0
447,1000446,Direct_Background_16,Direct_Earth_to_Mars,Direct_Earth_to_Mars,0.90500000000000003,0.90500000000000003,0,185344,185344,0,822.40549635938498,822.40549635938498,0,19,19,0,0,0,0
447,1000446,Direct_Pointing_25pct_Power,Direct_Earth_to_Mars,Direct_Earth_to_Mars,0.90500000000000003,0.90500000000000003,0,185344,185344,0,822.40549635938498,822.40549635938498,0,19,19,0,0,0,0
447,1000446,Direct_Combined_25pctPower_BG16,Direct_Earth_to_Mars,Earth_Relay2_Mars,0,0.85499999999999998,0.85499999999999998,0,175104,175104,0,888.43696909624612,888.43696909624612,19,29,10,181,0,-181
448,1000447,Control,Direct_Earth_to_Mars,Direct_Earth_to_Mars,0.91500000000000004,0.91500000000000004,0,187392,187392,0,1331.5574492010574,1331.5574492010574,0,17,17,0,0,0,0
448,1000447,Direct_Background_16,Direct_Earth_to_Mars,Direct_Earth_to_Mars,0.89000000000000001,0.89000000000000001,0,182272,182272,0,1331.5574492010571,1331.5574492010571,0,17,17,0,5,5,0
448,1000447,Direct_Pointing_25pct_Power,Direct_Earth_to_Mars,Earth_Relay2_Mars,0,0.84999999999999998,0.84999999999999998,0,174080,174080,0,1398.2104883179979,1398.2104883179979,17,30,13,183,0,-183
448,1000447,Direct_Combined_25pctPower_BG16,Direct_Earth_to_Mars,Earth_Relay2_Mars,0,0.84999999999999998,0.84999999999999998,0,174080,174080,0,1398.2104883179979,1398.2104883179979,17,30,13,183,0,-183
449,1000448,Control,Direct_Earth_to_Mars,Direct_Earth_to_Mars,0.97499999999999998,0.97499999999999998,0,199680,199680,0,1231.4497856445103,1231.4497856445103,0,5,5,0,0,0,0
449,1000448,Direct_Background_16,Direct_Earth_to_Mars,Direct_Earth_to_Mars,0.97499999999999998,0.97499999999999998,0,199680,199680,0,1231.4497856445103,1231.4497856445103,0,5,5,0,0,0,0
449,1000448,Direct_Pointing_25pct_Power,Direct_Earth_to_Mars,Earth_Relay2_Mars,0,0.93999999999999995,0.93999999999999995,0,192512,192512,0,1297.8976965229101,1297.8976965229101,5,12,7,195,0,-195
449,1000448,Direct_Combined_25pctPower_BG16,Direct_Earth_to_Mars,Earth_Relay2_Mars,0,0.93999999999999995,0.93999999999999995,0,192512,192512,0,1297.8976965229101,1297.8976965229101,5,12,7,195,0,-195
450,1000449,Control,Direct_Earth_to_Mars,Direct_Earth_to_Mars,0.89500000000000002,0.89500000000000002,0,183296,183296,0,824.10110212263999,824.10110212263999,0,21,21,0,0,0,0
450,1000449,Direct_Background_16,Direct_Earth_to_Mars,Direct_Earth_to_Mars,0.89500000000000002,0.89500000000000002,0,183296,183296,0,824.10110212263999,824.10110212263999,0,21,21,0,0,0,0
450,1000449,Direct_Pointing_25pct_Power,Direct_Earth_to_Mars,Direct_Earth_to_Mars,0.88,0.88,0,180224,180224,0,824.1011021226401,824.1011021226401,0,21,21,0,3,3,0
450,1000449,Direct_Combined_25pctPower_BG16,Direct_Earth_to_Mars,Earth_Relay2_Mars,0,0.83499999999999996,0.83499999999999996,0,171008,171008,0,890.04637987410092,890.04637987410092,21,33,12,179,0,-179
451,1000450,Control,Direct_Earth_to_Mars,Direct_Earth_to_Mars,0.98499999999999999,0.98499999999999999,0,201728,201728,0,897.38527810841128,897.38527810841128,0,3,3,0,0,0,0
451,1000450,Direct_Background_16,Direct_Earth_to_Mars,Direct_Earth_to_Mars,0.98499999999999999,0.98499999999999999,0,201728,201728,0,897.38527810841128,897.38527810841128,0,3,3,0,0,0,0
451,1000450,Direct_Pointing_25pct_Power,Direct_Earth_to_Mars,Direct_Earth_to_Mars,0.73499999999999999,0.73499999999999999,0,150528,150528,0,897.3852781084106,897.3852781084106,0,3,3,0,50,50,0
451,1000450,Direct_Combined_25pctPower_BG16,Direct_Earth_to_Mars,Earth_Relay2_Mars,0,0.97999999999999998,0.97999999999999998,0,200704,200704,0,963.43023484535888,963.43023484535888,3,4,1,197,0,-197
452,1000451,Control,Direct_Earth_to_Mars,Direct_Earth_to_Mars,0.78500000000000003,0.78500000000000003,0,160768,160768,0,321.32130160286948,321.32130160286948,0,43,43,0,0,0,0
452,1000451,Direct_Background_16,Direct_Earth_to_Mars,Direct_Earth_to_Mars,0.78500000000000003,0.78500000000000003,0,160768,160768,0,321.32130160286948,321.32130160286948,0,43,43,0,0,0,0
452,1000451,Direct_Pointing_25pct_Power,Direct_Earth_to_Mars,Direct_Earth_to_Mars,0.78500000000000003,0.78500000000000003,0,160768,160768,0,321.32130160286948,321.32130160286948,0,43,43,0,0,0,0
452,1000451,Direct_Combined_25pctPower_BG16,Direct_Earth_to_Mars,Direct_Earth_to_Mars,0.78500000000000003,0.78500000000000003,0,160768,160768,0,321.32130160286948,321.32130160286948,0,43,43,0,0,0,0
453,1000452,Control,Direct_Earth_to_Mars,Direct_Earth_to_Mars,0.88500000000000001,0.88500000000000001,0,181248,181248,0,318.45878030947654,318.45878030947654,0,23,23,0,0,0,0
453,1000452,Direct_Background_16,Direct_Earth_to_Mars,Direct_Earth_to_Mars,0.88500000000000001,0.88500000000000001,0,181248,181248,0,318.45878030947654,318.45878030947654,0,23,23,0,0,0,0
453,1000452,Direct_Pointing_25pct_Power,Direct_Earth_to_Mars,Direct_Earth_to_Mars,0.88500000000000001,0.88500000000000001,0,181248,181248,0,318.45878030947654,318.45878030947654,0,23,23,0,0,0,0
453,1000452,Direct_Combined_25pctPower_BG16,Direct_Earth_to_Mars,Direct_Earth_to_Mars,0.88500000000000001,0.88500000000000001,0,181248,181248,0,318.45878030947654,318.45878030947654,0,23,23,0,0,0,0
454,1000453,Control,Direct_Earth_to_Mars,Direct_Earth_to_Mars,0.91000000000000003,0.91000000000000003,0,186368,186368,0,1367.8777505240582,1367.8777505240582,0,18,18,0,0,0,0
454,1000453,Direct_Background_16,Direct_Earth_to_Mars,Direct_Earth_to_Mars,0.875,0.875,0,179200,179200,0,1367.8777505240582,1367.8777505240582,0,18,18,0,7,7,0
454,1000453,Direct_Pointing_25pct_Power,Direct_Earth_to_Mars,Earth_Relay1_Mars,0,0,0,0,0,0,0,0,0,18,33,15,182,0,-182
454,1000453,Direct_Combined_25pctPower_BG16,Direct_Earth_to_Mars,Earth_Relay1_Mars,0,0,0,0,0,0,0,0,0,18,33,15,182,0,-182
455,1000454,Control,Direct_Earth_to_Mars,Direct_Earth_to_Mars,0.97499999999999998,0.97499999999999998,0,199680,199680,0,1060.3560807763336,1060.3560807763336,0,5,5,0,0,0,0
455,1000454,Direct_Background_16,Direct_Earth_to_Mars,Direct_Earth_to_Mars,0.97499999999999998,0.97499999999999998,0,199680,199680,0,1060.3560807763336,1060.3560807763336,0,5,5,0,0,0,0
455,1000454,Direct_Pointing_25pct_Power,Direct_Earth_to_Mars,Earth_Relay2_Mars,0,0.93999999999999995,0.93999999999999995,0,192512,192512,0,1126.6641695667861,1126.6641695667861,5,12,7,195,0,-195
455,1000454,Direct_Combined_25pctPower_BG16,Direct_Earth_to_Mars,Earth_Relay2_Mars,0,0.93999999999999995,0.93999999999999995,0,192512,192512,0,1126.6641695667861,1126.6641695667861,5,12,7,195,0,-195
456,1000455,Control,Direct_Earth_to_Mars,Direct_Earth_to_Mars,0.93999999999999995,0.93999999999999995,0,192512,192512,0,1251.5903415272496,1251.5903415272496,0,12,12,0,0,0,0
456,1000455,Direct_Background_16,Direct_Earth_to_Mars,Direct_Earth_to_Mars,0.93999999999999995,0.93999999999999995,0,192512,192512,0,1251.5903415272496,1251.5903415272496,0,12,12,0,0,0,0
456,1000455,Direct_Pointing_25pct_Power,Direct_Earth_to_Mars,Earth_Relay2_Mars,0,0.88500000000000001,0.88500000000000001,0,181248,181248,0,1318.0646123347183,1318.0646123347183,12,23,11,188,0,-188
456,1000455,Direct_Combined_25pctPower_BG16,Direct_Earth_to_Mars,Earth_Relay2_Mars,0,0.88500000000000001,0.88500000000000001,0,181248,181248,0,1318.0646123347183,1318.0646123347183,12,23,11,188,0,-188
457,1000456,Control,Direct_Earth_to_Mars,Direct_Earth_to_Mars,0.86499999999999999,0.86499999999999999,0,177152,177152,0,1250.0968726602146,1250.0968726602146,0,27,27,0,0,0,0
457,1000456,Direct_Background_16,Direct_Earth_to_Mars,Direct_Earth_to_Mars,0.85999999999999999,0.85999999999999999,0,176128,176128,0,1250.0968726602146,1250.0968726602146,0,27,27,0,1,1,0
457,1000456,Direct_Pointing_25pct_Power,Direct_Earth_to_Mars,Earth_Relay2_Mars,0,0.71499999999999997,0.71499999999999997,0,146432,146432,0,1316.6665369948585,1316.6665369948585,27,57,30,173,0,-173
457,1000456,Direct_Combined_25pctPower_BG16,Direct_Earth_to_Mars,Earth_Relay2_Mars,0,0.71499999999999997,0.71499999999999997,0,146432,146432,0,1316.6665369948585,1316.6665369948585,27,57,30,173,0,-173
458,1000457,Control,Direct_Earth_to_Mars,Direct_Earth_to_Mars,0.98999999999999999,0.98999999999999999,0,202752,202752,0,920.42680400143274,920.42680400143274,0,2,2,0,0,0,0
458,1000457,Direct_Background_16,Direct_Earth_to_Mars,Direct_Earth_to_Mars,0.98999999999999999,0.98999999999999999,0,202752,202752,0,920.42680400143274,920.42680400143274,0,2,2,0,0,0,0
458,1000457,Direct_Pointing_25pct_Power,Direct_Earth_to_Mars,Direct_Earth_to_Mars,0.73499999999999999,0.73499999999999999,0,150528,150528,0,920.42680400142922,920.42680400142922,0,2,2,0,51,51,0
458,1000457,Direct_Combined_25pctPower_BG16,Direct_Earth_to_Mars,Earth_Relay2_Mars,0,0.97499999999999998,0.97499999999999998,0,199680,199680,0,986.5031935326698,986.5031935326698,2,5,3,198,0,-198
459,1000458,Control,Direct_Earth_to_Mars,Direct_Earth_to_Mars,0.94999999999999996,0.94999999999999996,0,194560,194560,0,1023.0201349834481,1023.0201349834481,0,10,10,0,0,0,0
459,1000458,Direct_Background_16,Direct_Earth_to_Mars,Direct_Earth_to_Mars,0.94999999999999996,0.94999999999999996,0,194560,194560,0,1023.0201349834481,1023.0201349834481,0,10,10,0,0,0,0
459,1000458,Direct_Pointing_25pct_Power,Direct_Earth_to_Mars,Earth_Relay2_Mars,0,0.92500000000000004,0.92500000000000004,0,189440,189440,0,1089.2686194300775,1089.2686194300775,10,15,5,190,0,-190
459,1000458,Direct_Combined_25pctPower_BG16,Direct_Earth_to_Mars,Earth_Relay2_Mars,0,0.92500000000000004,0.92500000000000004,0,189440,189440,0,1089.2686194300775,1089.2686194300775,10,15,5,190,0,-190
460,1000459,Control,Direct_Earth_to_Mars,Direct_Earth_to_Mars,0.78000000000000003,0.78000000000000003,0,159744,159744,0,927.73038289045894,927.73038289045894,0,44,44,0,0,0,0
460,1000459,Direct_Background_16,Direct_Earth_to_Mars,Direct_Earth_to_Mars,0.78000000000000003,0.78000000000000003,0,159744,159744,0,927.73038289045894,927.73038289045894,0,44,44,0,0,0,0
460,1000459,Direct_Pointing_25pct_Power,Direct_Earth_to_Mars,Direct_Earth_to_Mars,0.48499999999999999,0.48499999999999999,0,99328,99328,0,927.73038289045917,927.73038289045917,0,44,44,0,59,59,0
460,1000459,Direct_Combined_25pctPower_BG16,Direct_Earth_to_Mars,Earth_Relay2_Mars,0,0.57999999999999996,0.57999999999999996,0,118784,118784,0,993.81672621403732,993.81672621403732,44,84,40,156,0,-156
461,1000460,Control,Direct_Earth_to_Mars,Direct_Earth_to_Mars,0.85999999999999999,0.85999999999999999,0,176128,176128,0,381.88423284232567,381.88423284232567,0,28,28,0,0,0,0
461,1000460,Direct_Background_16,Direct_Earth_to_Mars,Direct_Earth_to_Mars,0.85999999999999999,0.85999999999999999,0,176128,176128,0,381.88423284232567,381.88423284232567,0,28,28,0,0,0,0
461,1000460,Direct_Pointing_25pct_Power,Direct_Earth_to_Mars,Direct_Earth_to_Mars,0.85999999999999999,0.85999999999999999,0,176128,176128,0,381.88423284232567,381.88423284232567,0,28,28,0,0,0,0
461,1000460,Direct_Combined_25pctPower_BG16,Direct_Earth_to_Mars,Direct_Earth_to_Mars,0.85999999999999999,0.85999999999999999,0,176128,176128,0,381.88423284232567,381.88423284232567,0,28,28,0,0,0,0
462,1000461,Control,Direct_Earth_to_Mars,Direct_Earth_to_Mars,0.81000000000000005,0.81000000000000005,0,165888,165888,0,638.3292616780526,638.3292616780526,0,38,38,0,0,0,0
462,1000461,Direct_Background_16,Direct_Earth_to_Mars,Direct_Earth_to_Mars,0.81000000000000005,0.81000000000000005,0,165888,165888,0,638.3292616780526,638.3292616780526,0,38,38,0,0,0,0
462,1000461,Direct_Pointing_25pct_Power,Direct_Earth_to_Mars,Direct_Earth_to_Mars,0.81000000000000005,0.81000000000000005,0,165888,165888,0,638.3292616780526,638.3292616780526,0,38,38,0,0,0,0
462,1000461,Direct_Combined_25pctPower_BG16,Direct_Earth_to_Mars,Direct_Earth_to_Mars,0.81000000000000005,0.81000000000000005,0,165888,165888,0,638.3292616780526,638.3292616780526,0,38,38,0,0,0,0
463,1000462,Control,Direct_Earth_to_Mars,Direct_Earth_to_Mars,0.85999999999999999,0.85999999999999999,0,176128,176128,0,560.8147168784634,560.8147168784634,0,28,28,0,0,0,0
463,1000462,Direct_Background_16,Direct_Earth_to_Mars,Direct_Earth_to_Mars,0.85999999999999999,0.85999999999999999,0,176128,176128,0,560.8147168784634,560.8147168784634,0,28,28,0,0,0,0
463,1000462,Direct_Pointing_25pct_Power,Direct_Earth_to_Mars,Direct_Earth_to_Mars,0.85999999999999999,0.85999999999999999,0,176128,176128,0,560.8147168784634,560.8147168784634,0,28,28,0,0,0,0
463,1000462,Direct_Combined_25pctPower_BG16,Direct_Earth_to_Mars,Direct_Earth_to_Mars,0.85999999999999999,0.85999999999999999,0,176128,176128,0,560.8147168784634,560.8147168784634,0,28,28,0,0,0,0
464,1000463,Control,Direct_Earth_to_Mars,Direct_Earth_to_Mars,0.89500000000000002,0.89500000000000002,0,183296,183296,0,766.87528263119646,766.87528263119646,0,21,21,0,0,0,0
464,1000463,Direct_Background_16,Direct_Earth_to_Mars,Direct_Earth_to_Mars,0.89500000000000002,0.89500000000000002,0,183296,183296,0,766.87528263119646,766.87528263119646,0,21,21,0,0,0,0
464,1000463,Direct_Pointing_25pct_Power,Direct_Earth_to_Mars,Direct_Earth_to_Mars,0.89500000000000002,0.89500000000000002,0,183296,183296,0,766.87528263119646,766.87528263119646,0,21,21,0,0,0,0
464,1000463,Direct_Combined_25pctPower_BG16,Direct_Earth_to_Mars,Direct_Earth_to_Mars,0.45000000000000001,0.45000000000000001,0,92160,92160,0,766.87528263119566,766.87528263119566,0,21,21,0,89,89,0
465,1000464,Control,Direct_Earth_to_Mars,Direct_Earth_to_Mars,0.81499999999999995,0.81499999999999995,0,166912,166912,0,1329.9908057271591,1329.9908057271591,0,37,37,0,0,0,0
465,1000464,Direct_Background_16,Direct_Earth_to_Mars,Direct_Earth_to_Mars,0.80500000000000005,0.80500000000000005,0,164864,164864,0,1329.9908057271589,1329.9908057271589,0,37,37,0,2,2,0
465,1000464,Direct_Pointing_25pct_Power,Direct_Earth_to_Mars,Earth_Relay2_Mars,0,0.67000000000000004,0.67000000000000004,0,137216,137216,0,1396.642550060584,1396.642550060584,37,66,29,163,0,-163
465,1000464,Direct_Combined_25pctPower_BG16,Direct_Earth_to_Mars,Earth_Relay2_Mars,0,0.67000000000000004,0.67000000000000004,0,137216,137216,0,1396.642550060584,1396.642550060584,37,66,29,163,0,-163
466,1000465,Control,Direct_Earth_to_Mars,Direct_Earth_to_Mars,0.85999999999999999,0.85999999999999999,0,176128,176128,0,1331.8360407888022,1331.8360407888022,0,28,28,0,0,0,0
466,1000465,Direct_Background_16,Direct_Earth_to_Mars,Direct_Earth_to_Mars,0.83999999999999997,0.83999999999999997,0,172032,172032,0,1331.8360407888024,1331.8360407888024,0,28,28,0,4,4,0
466,1000465,Direct_Pointing_25pct_Power,Direct_Earth_to_Mars,Earth_Relay2_Mars,0,0.73999999999999999,0.73999999999999999,0,151552,151552,0,1398.42493322064,1398.42493322064,28,52,24,172,0,-172
466,1000465,Direct_Combined_25pctPower_BG16,Direct_Earth_to_Mars,Earth_Relay2_Mars,0,0.73999999999999999,0.73999999999999999,0,151552,151552,0,1398.42493322064,1398.42493322064,28,52,24,172,0,-172
467,1000466,Control,Direct_Earth_to_Mars,Direct_Earth_to_Mars,0.89000000000000001,0.89000000000000001,0,182272,182272,0,289.12906762150857,289.12906762150857,0,22,22,0,0,0,0
467,1000466,Direct_Background_16,Direct_Earth_to_Mars,Direct_Earth_to_Mars,0.89000000000000001,0.89000000000000001,0,182272,182272,0,289.12906762150857,289.12906762150857,0,22,22,0,0,0,0
467,1000466,Direct_Pointing_25pct_Power,Direct_Earth_to_Mars,Direct_Earth_to_Mars,0.89000000000000001,0.89000000000000001,0,182272,182272,0,289.12906762150857,289.12906762150857,0,22,22,0,0,0,0
467,1000466,Direct_Combined_25pctPower_BG16,Direct_Earth_to_Mars,Direct_Earth_to_Mars,0.89000000000000001,0.89000000000000001,0,182272,182272,0,289.12906762150857,289.12906762150857,0,22,22,0,0,0,0
468,1000467,Control,Direct_Earth_to_Mars,Direct_Earth_to_Mars,0.82499999999999996,0.82499999999999996,0,168960,168960,0,1312.129656230825,1312.129656230825,0,35,35,0,0,0,0
468,1000467,Direct_Background_16,Direct_Earth_to_Mars,Direct_Earth_to_Mars,0.79000000000000004,0.79000000000000004,0,161792,161792,0,1312.1296562308248,1312.1296562308248,0,35,35,0,7,7,0
468,1000467,Direct_Pointing_25pct_Power,Direct_Earth_to_Mars,Earth_Relay2_Mars,0,0.71499999999999997,0.71499999999999997,0,146432,146432,0,1378.7654517608371,1378.7654517608371,35,57,22,165,0,-165
468,1000467,Direct_Combined_25pctPower_BG16,Direct_Earth_to_Mars,Earth_Relay2_Mars,0,0.71499999999999997,0.71499999999999997,0,146432,146432,0,1378.7654517608371,1378.7654517608371,35,57,22,165,0,-165
469,1000468,Control,Direct_Earth_to_Mars,Direct_Earth_to_Mars,0.93000000000000005,0.93000000000000005,0,190464,190464,0,1210.1540957367752,1210.1540957367752,0,14,14,0,0,0,0
469,1000468,Direct_Background_16,Direct_Earth_to_Mars,Direct_Earth_to_Mars,0.92000000000000004,0.92000000000000004,0,188416,188416,0,1210.1540957367754,1210.1540957367754,0,14,14,0,2,2,0
469,1000468,Direct_Pointing_25pct_Power,Direct_Earth_to_Mars,Earth_Relay2_Mars,0,0.85499999999999998,0.85499999999999998,0,175104,175104,0,1276.6752090389866,1276.6752090389866,14,29,15,186,0,-186
469,1000468,Direct_Combined_25pctPower_BG16,Direct_Earth_to_Mars,Earth_Relay2_Mars,0,0.85499999999999998,0.85499999999999998,0,175104,175104,0,1276.6752090389866,1276.6752090389866,14,29,15,186,0,-186
470,1000469,Control,Direct_Earth_to_Mars,Direct_Earth_to_Mars,0.84999999999999998,0.84999999999999998,0,174080,174080,0,1224.71452739919,1224.71452739919,0,30,30,0,0,0,0
470,1000469,Direct_Background_16,Direct_Earth_to_Mars,Direct_Earth_to_Mars,0.84999999999999998,0.84999999999999998,0,174080,174080,0,1224.71452739919,1224.71452739919,0,30,30,0,0,0,0
470,1000469,Direct_Pointing_25pct_Power,Direct_Earth_to_Mars,Earth_Relay2_Mars,0,0.69999999999999996,0.69999999999999996,0,143360,143360,0,1291.2537960538657,1291.2537960538657,30,60,30,170,0,-170
470,1000469,Direct_Combined_25pctPower_BG16,Direct_Earth_to_Mars,Earth_Relay2_Mars,0,0.69999999999999996,0.69999999999999996,0,143360,143360,0,1291.2537960538657,1291.2537960538657,30,60,30,170,0,-170
471,1000470,Control,Direct_Earth_to_Mars,Direct_Earth_to_Mars,0.92000000000000004,0.92000000000000004,0,188416,188416,0,1045.1263059506289,1045.1263059506289,0,16,16,0,0,0,0
471,1000470,Direct_Background_16,Direct_Earth_to_Mars,Direct_Earth_to_Mars,0.92000000000000004,0.92000000000000004,0,188416,188416,0,1045.1263059506289,1045.1263059506289,0,16,16,0,0,0,0
471,1000470,Direct_Pointing_25pct_Power,Direct_Earth_to_Mars,Earth_Relay2_Mars,0,0.79000000000000004,0.79000000000000004,0,161792,161792,0,1111.4103504192403,1111.4103504192403,16,42,26,184,0,-184
471,1000470,Direct_Combined_25pctPower_BG16,Direct_Earth_to_Mars,Earth_Relay2_Mars,0,0.79000000000000004,0.79000000000000004,0,161792,161792,0,1111.4103504192403,1111.4103504192403,16,42,26,184,0,-184
472,1000471,Control,Direct_Earth_to_Mars,Direct_Earth_to_Mars,0.98499999999999999,0.98499999999999999,0,201728,201728,0,1257.5610573233557,1257.5610573233557,0,3,3,0,0,0,0
472,1000471,Direct_Background_16,Direct_Earth_to_Mars,Direct_Earth_to_Mars,0.97499999999999998,0.97499999999999998,0,199680,199680,0,1257.5610573233555,1257.5610573233555,0,3,3,0,2,2,0
472,1000471,Direct_Pointing_25pct_Power,Direct_Earth_to_Mars,Earth_Relay2_Mars,0,0.96499999999999997,0.96499999999999997,0,197632,197632,0,1324.043277158192,1324.043277158192,3,7,4,197,0,-197
472,1000471,Direct_Combined_25pctPower_BG16,Direct_Earth_to_Mars,Earth_Relay2_Mars,0,0.96499999999999997,0.96499999999999997,0,197632,197632,0,1324.043277158192,1324.043277158192,3,7,4,197,0,-197
473,1000472,Control,Direct_Earth_to_Mars,Direct_Earth_to_Mars,0.96999999999999997,0.96999999999999997,0,198656,198656,0,661.70959208201293,661.70959208201293,0,6,6,0,0,0,0
473,1000472,Direct_Background_16,Direct_Earth_to_Mars,Direct_Earth_to_Mars,0.96999999999999997,0.96999999999999997,0,198656,198656,0,661.70959208201293,661.70959208201293,0,6,6,0,0,0,0
473,1000472,Direct_Pointing_25pct_Power,Direct_Earth_to_Mars,Direct_Earth_to_Mars,0.96999999999999997,0.96999999999999997,0,198656,198656,0,661.70959208201293,661.70959208201293,0,6,6,0,0,0,0
473,1000472,Direct_Combined_25pctPower_BG16,Direct_Earth_to_Mars,Direct_Earth_to_Mars,0.96999999999999997,0.96999999999999997,0,198656,198656,0,661.70959208201293,661.70959208201293,0,6,6,0,0,0,0
474,1000473,Control,Direct_Earth_to_Mars,Direct_Earth_to_Mars,0.85499999999999998,0.85499999999999998,0,175104,175104,0,1197.4615665264223,1197.4615665264223,0,29,29,0,0,0,0
474,1000473,Direct_Background_16,Direct_Earth_to_Mars,Direct_Earth_to_Mars,0.85499999999999998,0.85499999999999998,0,175104,175104,0,1197.4615665264223,1197.4615665264223,0,29,29,0,0,0,0
474,1000473,Direct_Pointing_25pct_Power,Direct_Earth_to_Mars,Earth_Relay2_Mars,0,0.73499999999999999,0.73499999999999999,0,150528,150528,0,1263.8663923555387,1263.8663923555387,29,53,24,171,0,-171
474,1000473,Direct_Combined_25pctPower_BG16,Direct_Earth_to_Mars,Earth_Relay2_Mars,0,0.73499999999999999,0.73499999999999999,0,150528,150528,0,1263.8663923555387,1263.8663923555387,29,53,24,171,0,-171
475,1000474,Control,Direct_Earth_to_Mars,Direct_Earth_to_Mars,0.96499999999999997,0.96499999999999997,0,197632,197632,0,996.90761722694094,996.90761722694094,0,7,7,0,0,0,0
475,1000474,Direct_Background_16,Direct_Earth_to_Mars,Direct_Earth_to_Mars,0.96499999999999997,0.96499999999999997,0,197632,197632,0,996.90761722694094,996.90761722694094,0,7,7,0,0,0,0
475,1000474,Direct_Pointing_25pct_Power,Direct_Earth_to_Mars,Earth_Relay2_Mars,0,0.91500000000000004,0.91500000000000004,0,187392,187392,0,1063.1131967353383,1063.1131967353383,7,17,10,193,0,-193
475,1000474,Direct_Combined_25pctPower_BG16,Direct_Earth_to_Mars,Earth_Relay2_Mars,0,0.91500000000000004,0.91500000000000004,0,187392,187392,0,1063.1131967353383,1063.1131967353383,7,17,10,193,0,-193
476,1000475,Control,Direct_Earth_to_Mars,Direct_Earth_to_Mars,0.91000000000000003,0.91000000000000003,0,186368,186368,0,394.08872901783081,394.08872901783081,0,18,18,0,0,0,0
476,1000475,Direct_Background_16,Direct_Earth_to_Mars,Direct_Earth_to_Mars,0.91000000000000003,0.91000000000000003,0,186368,186368,0,394.08872901783081,394.08872901783081,0,18,18,0,0,0,0
476,1000475,Direct_Pointing_25pct_Power,Direct_Earth_to_Mars,Direct_Earth_to_Mars,0.91000000000000003,0.91000000000000003,0,186368,186368,0,394.08872901783081,394.08872901783081,0,18,18,0,0,0,0
476,1000475,Direct_Combined_25pctPower_BG16,Direct_Earth_to_Mars,Direct_Earth_to_Mars,0.91000000000000003,0.91000000000000003,0,186368,186368,0,394.08872901783081,394.08872901783081,0,18,18,0,0,0,0
477,1000476,Control,Direct_Earth_to_Mars,Direct_Earth_to_Mars,0.995,0.995,0,203776,203776,0,1014.608839886503,1014.608839886503,0,1,1,0,0,0,0
477,1000476,Direct_Background_16,Direct_Earth_to_Mars,Direct_Earth_to_Mars,0.995,0.995,0,203776,203776,0,1014.608839886503,1014.608839886503,0,1,1,0,0,0,0
477,1000476,Direct_Pointing_25pct_Power,Direct_Earth_to_Mars,Earth_Relay2_Mars,0,0.98999999999999999,0.98999999999999999,0,202752,202752,0,1080.8436035441325,1080.8436035441325,1,2,1,199,0,-199
477,1000476,Direct_Combined_25pctPower_BG16,Direct_Earth_to_Mars,Earth_Relay2_Mars,0,0.98999999999999999,0.98999999999999999,0,202752,202752,0,1080.8436035441325,1080.8436035441325,1,2,1,199,0,-199
478,1000477,Control,Direct_Earth_to_Mars,Direct_Earth_to_Mars,0.97499999999999998,0.97499999999999998,0,199680,199680,0,1040.8888277251879,1040.8888277251879,0,5,5,0,0,0,0
478,1000477,Direct_Background_16,Direct_Earth_to_Mars,Direct_Earth_to_Mars,0.97499999999999998,0.97499999999999998,0,199680,199680,0,1040.8888277251879,1040.8888277251879,0,5,5,0,0,0,0
478,1000477,Direct_Pointing_25pct_Power,Direct_Earth_to_Mars,Earth_Relay0_Mars,0,0.94499999999999995,0.94499999999999995,0,193536,193536,0,1238.3429057355759,1238.3429057355759,5,11,6,195,0,-195
478,1000477,Direct_Combined_25pctPower_BG16,Direct_Earth_to_Mars,Earth_Relay0_Mars,0,0.94499999999999995,0.94499999999999995,0,193536,193536,0,1238.3429057355759,1238.3429057355759,5,11,6,195,0,-195
479,1000478,Control,Direct_Earth_to_Mars,Direct_Earth_to_Mars,0.85499999999999998,0.85499999999999998,0,175104,175104,0,489.29947413649751,489.29947413649751,0,29,29,0,0,0,0
479,1000478,Direct_Background_16,Direct_Earth_to_Mars,Direct_Earth_to_Mars,0.85499999999999998,0.85499999999999998,0,175104,175104,0,489.29947413649751,489.29947413649751,0,29,29,0,0,0,0
479,1000478,Direct_Pointing_25pct_Power,Direct_Earth_to_Mars,Direct_Earth_to_Mars,0.85499999999999998,0.85499999999999998,0,175104,175104,0,489.29947413649751,489.29947413649751,0,29,29,0,0,0,0
479,1000478,Direct_Combined_25pctPower_BG16,Direct_Earth_to_Mars,Direct_Earth_to_Mars,0.85499999999999998,0.85499999999999998,0,175104,175104,0,489.29947413649751,489.29947413649751,0,29,29,0,0,0,0
480,1000479,Control,Direct_Earth_to_Mars,Direct_Earth_to_Mars,0.89000000000000001,0.89000000000000001,0,182272,182272,0,1253.9955639527782,1253.9955639527782,0,22,22,0,0,0,0
480,1000479,Direct_Background_16,Direct_Earth_to_Mars,Direct_Earth_to_Mars,0.89000000000000001,0.89000000000000001,0,182272,182272,0,1253.9955639527782,1253.9955639527782,0,22,22,0,0,0,0
480,1000479,Direct_Pointing_25pct_Power,Direct_Earth_to_Mars,Earth_Relay2_Mars,0,0.83499999999999996,0.83499999999999996,0,171008,171008,0,1320.4730290718521,1320.4730290718521,22,33,11,178,0,-178
480,1000479,Direct_Combined_25pctPower_BG16,Direct_Earth_to_Mars,Earth_Relay2_Mars,0,0.83499999999999996,0.83499999999999996,0,171008,171008,0,1320.4730290718521,1320.4730290718521,22,33,11,178,0,-178
481,1000480,Control,Direct_Earth_to_Mars,Direct_Earth_to_Mars,0.94499999999999995,0.94499999999999995,0,193536,193536,0,674.15254546764561,674.15254546764561,0,11,11,0,0,0,0
481,1000480,Direct_Background_16,Direct_Earth_to_Mars,Direct_Earth_to_Mars,0.94499999999999995,0.94499999999999995,0,193536,193536,0,674.15254546764561,674.15254546764561,0,11,11,0,0,0,0
481,1000480,Direct_Pointing_25pct_Power,Direct_Earth_to_Mars,Direct_Earth_to_Mars,0.94499999999999995,0.94499999999999995,0,193536,193536,0,674.15254546764561,674.15254546764561,0,11,11,0,0,0,0
481,1000480,Direct_Combined_25pctPower_BG16,Direct_Earth_to_Mars,Direct_Earth_to_Mars,0.93999999999999995,0.93999999999999995,0,192512,192512,0,674.15254546764561,674.15254546764561,0,11,11,0,1,1,0
482,1000481,Control,Direct_Earth_to_Mars,Direct_Earth_to_Mars,0.92500000000000004,0.92500000000000004,0,189440,189440,0,513.74929279752064,513.74929279752064,0,15,15,0,0,0,0
482,1000481,Direct_Background_16,Direct_Earth_to_Mars,Direct_Earth_to_Mars,0.92500000000000004,0.92500000000000004,0,189440,189440,0,513.74929279752064,513.74929279752064,0,15,15,0,0,0,0
482,1000481,Direct_Pointing_25pct_Power,Direct_Earth_to_Mars,Direct_Earth_to_Mars,0.92500000000000004,0.92500000000000004,0,189440,189440,0,513.74929279752064,513.74929279752064,0,15,15,0,0,0,0
482,1000481,Direct_Combined_25pctPower_BG16,Direct_Earth_to_Mars,Direct_Earth_to_Mars,0.92500000000000004,0.92500000000000004,0,189440,189440,0,513.74929279752064,513.74929279752064,0,15,15,0,0,0,0
483,1000482,Control,Direct_Earth_to_Mars,Direct_Earth_to_Mars,0.89500000000000002,0.89500000000000002,0,183296,183296,0,1339.4039869524427,1339.4039869524427,0,21,21,0,0,0,0
483,1000482,Direct_Background_16,Direct_Earth_to_Mars,Direct_Earth_to_Mars,0.86499999999999999,0.86499999999999999,0,177152,177152,0,1339.4039869524427,1339.4039869524427,0,21,21,0,6,6,0
483,1000482,Direct_Pointing_25pct_Power,Direct_Earth_to_Mars,Earth_Relay2_Mars,0,0.82499999999999996,0.82499999999999996,0,168960,168960,0,1406.0631787180384,1406.0631787180384,21,35,14,179,0,-179
483,1000482,Direct_Combined_25pctPower_BG16,Direct_Earth_to_Mars,Earth_Relay2_Mars,0,0.82499999999999996,0.82499999999999996,0,168960,168960,0,1406.0631787180384,1406.0631787180384,21,35,14,179,0,-179
484,1000483,Control,Direct_Earth_to_Mars,Direct_Earth_to_Mars,0.80500000000000005,0.80500000000000005,0,164864,164864,0,1118.1963005812163,1118.1963005812163,0,39,39,0,0,0,0
484,1000483,Direct_Background_16,Direct_Earth_to_Mars,Direct_Earth_to_Mars,0.80500000000000005,0.80500000000000005,0,164864,164864,0,1118.1963005812163,1118.1963005812163,0,39,39,0,0,0,0
484,1000483,Direct_Pointing_25pct_Power,Direct_Earth_to_Mars,Earth_Relay2_Mars,0,0.64000000000000001,0.64000000000000001,0,131072,131072,0,1184.5064321288496,1184.5064321288496,39,72,33,161,0,-161
484,1000483,Direct_Combined_25pctPower_BG16,Direct_Earth_to_Mars,Earth_Relay2_Mars,0,0.64000000000000001,0.64000000000000001,0,131072,131072,0,1184.5064321288496,1184.5064321288496,39,72,33,161,0,-161
485,1000484,Control,Direct_Earth_to_Mars,Direct_Earth_to_Mars,0.93500000000000005,0.93500000000000005,0,191488,191488,0,514.60216220730126,514.60216220730126,0,13,13,0,0,0,0
485,1000484,Direct_Background_16,Direct_Earth_to_Mars,Direct_Earth_to_Mars,0.93500000000000005,0.93500000000000005,0,191488,191488,0,514.60216220730126,514.60216220730126,0,13,13,0,0,0,0
485,1000484,Direct_Pointing_25pct_Power,Direct_Earth_to_Mars,Direct_Earth_to_Mars,0.93500000000000005,0.93500000000000005,0,191488,191488,0,514.60216220730126,514.60216220730126,0,13,13,0,0,0,0
485,1000484,Direct_Combined_25pctPower_BG16,Direct_Earth_to_Mars,Direct_Earth_to_Mars,0.93500000000000005,0.93500000000000005,0,191488,191488,0,514.60216220730126,514.60216220730126,0,13,13,0,0,0,0
486,1000485,Control,Direct_Earth_to_Mars,Direct_Earth_to_Mars,0.995,0.995,0,203776,203776,0,1233.172276918551,1233.172276918551,0,1,1,0,0,0,0
486,1000485,Direct_Background_16,Direct_Earth_to_Mars,Direct_Earth_to_Mars,0.995,0.995,0,203776,203776,0,1233.172276918551,1233.172276918551,0,1,1,0,0,0,0
486,1000485,Direct_Pointing_25pct_Power,Direct_Earth_to_Mars,Earth_Relay2_Mars,0,0.995,0.995,0,203776,203776,0,1299.6224163907737,1299.6224163907737,1,1,0,199,0,-199
486,1000485,Direct_Combined_25pctPower_BG16,Direct_Earth_to_Mars,Earth_Relay2_Mars,0,0.995,0.995,0,203776,203776,0,1299.6224163907737,1299.6224163907737,1,1,0,199,0,-199
487,1000486,Control,Direct_Earth_to_Mars,Direct_Earth_to_Mars,0.94999999999999996,0.94999999999999996,0,194560,194560,0,488.19490957851906,488.19490957851906,0,10,10,0,0,0,0
487,1000486,Direct_Background_16,Direct_Earth_to_Mars,Direct_Earth_to_Mars,0.94999999999999996,0.94999999999999996,0,194560,194560,0,488.19490957851906,488.19490957851906,0,10,10,0,0,0,0
487,1000486,Direct_Pointing_25pct_Power,Direct_Earth_to_Mars,Direct_Earth_to_Mars,0.94999999999999996,0.94999999999999996,0,194560,194560,0,488.19490957851906,488.19490957851906,0,10,10,0,0,0,0
487,1000486,Direct_Combined_25pctPower_BG16,Direct_Earth_to_Mars,Direct_Earth_to_Mars,0.94999999999999996,0.94999999999999996,0,194560,194560,0,488.19490957851906,488.19490957851906,0,10,10,0,0,0,0
488,1000487,Control,Direct_Earth_to_Mars,Direct_Earth_to_Mars,0.995,0.995,0,203776,203776,0,1307.1501549742898,1307.1501549742898,0,1,1,0,0,0,0
488,1000487,Direct_Background_16,Direct_Earth_to_Mars,Direct_Earth_to_Mars,0.98499999999999999,0.98499999999999999,0,201728,201728,0,1307.1501549742898,1307.1501549742898,0,1,1,0,2,2,0
488,1000487,Direct_Pointing_25pct_Power,Direct_Earth_to_Mars,Earth_Relay2_Mars,0,0.97999999999999998,0.97999999999999998,0,200704,200704,0,1373.7014794868282,1373.7014794868282,1,4,3,199,0,-199
488,1000487,Direct_Combined_25pctPower_BG16,Direct_Earth_to_Mars,Earth_Relay2_Mars,0,0.97999999999999998,0.97999999999999998,0,200704,200704,0,1373.7014794868282,1373.7014794868282,1,4,3,199,0,-199
489,1000488,Control,Direct_Earth_to_Mars,Direct_Earth_to_Mars,0.93000000000000005,0.93000000000000005,0,190464,190464,0,1348.599925729824,1348.599925729824,0,14,14,0,0,0,0
489,1000488,Direct_Background_16,Direct_Earth_to_Mars,Direct_Earth_to_Mars,0.91000000000000003,0.91000000000000003,0,186368,186368,0,1348.599925729824,1348.599925729824,0,14,14,0,4,4,0
489,1000488,Direct_Pointing_25pct_Power,Direct_Earth_to_Mars,Earth_Relay2_Mars,0,0.85499999999999998,0.85499999999999998,0,175104,175104,0,1415.2169049468432,1415.2169049468432,14,29,15,186,0,-186
489,1000488,Direct_Combined_25pctPower_BG16,Direct_Earth_to_Mars,Earth_Relay2_Mars,0,0.85499999999999998,0.85499999999999998,0,175104,175104,0,1415.2169049468432,1415.2169049468432,14,29,15,186,0,-186
490,1000489,Control,Direct_Earth_to_Mars,Direct_Earth_to_Mars,0.79000000000000004,0.79000000000000004,0,161792,161792,0,1366.8142829928856,1366.8142829928856,0,42,42,0,0,0,0
490,1000489,Direct_Background_16,Direct_Earth_to_Mars,Direct_Earth_to_Mars,0.62,0.62,0,126976,126976,0,1366.8142829928861,1366.8142829928861,0,42,42,0,34,34,0
490,1000489,Direct_Pointing_25pct_Power,Direct_Earth_to_Mars,Earth_Relay2_Mars,0,0.65500000000000003,0.65500000000000003,0,134144,134144,0,1433.4713106309935,1433.4713106309935,42,69,27,158,0,-158
490,1000489,Direct_Combined_25pctPower_BG16,Direct_Earth_to_Mars,Earth_Relay2_Mars,0,0.65500000000000003,0.65500000000000003,0,134144,134144,0,1433.4713106309935,1433.4713106309935,42,69,27,158,0,-158
491,1000490,Control,Direct_Earth_to_Mars,Direct_Earth_to_Mars,0.85499999999999998,0.85499999999999998,0,175104,175104,0,416.47711882982452,416.47711882982452,0,29,29,0,0,0,0
491,1000490,Direct_Background_16,Direct_Earth_to_Mars,Direct_Earth_to_Mars,0.85499999999999998,0.85499999999999998,0,175104,175104,0,416.47711882982452,416.47711882982452,0,29,29,0,0,0,0
491,1000490,Direct_Pointing_25pct_Power,Direct_Earth_to_Mars,Direct_Earth_to_Mars,0.85499999999999998,0.85499999999999998,0,175104,175104,0,416.47711882982452,416.47711882982452,0,29,29,0,0,0,0
491,1000490,Direct_Combined_25pctPower_BG16,Direct_Earth_to_Mars,Direct_Earth_to_Mars,0.85499999999999998,0.85499999999999998,0,175104,175104,0,416.47711882982452,416.47711882982452,0,29,29,0,0,0,0
492,1000491,Control,Direct_Earth_to_Mars,Direct_Earth_to_Mars,1,1,0,204800,204800,0,826.70420594018867,826.70420594018867,0,0,0,0,0,0,0
492,1000491,Direct_Background_16,Direct_Earth_to_Mars,Direct_Earth_to_Mars,1,1,0,204800,204800,0,826.70420594018867,826.70420594018867,0,0,0,0,0,0,0
492,1000491,Direct_Pointing_25pct_Power,Direct_Earth_to_Mars,Direct_Earth_to_Mars,0.995,0.995,0,203776,203776,0,826.70420594018867,826.70420594018867,0,0,0,0,1,1,0
492,1000491,Direct_Combined_25pctPower_BG16,Direct_Earth_to_Mars,Earth_Relay2_Mars,0,0.995,0.995,0,203776,203776,0,892.73861631385216,892.73861631385216,0,1,1,200,0,-200
493,1000492,Control,Direct_Earth_to_Mars,Direct_Earth_to_Mars,0.91000000000000003,0.91000000000000003,0,186368,186368,0,500.74474079640635,500.74474079640635,0,18,18,0,0,0,0
493,1000492,Direct_Background_16,Direct_Earth_to_Mars,Direct_Earth_to_Mars,0.91000000000000003,0.91000000000000003,0,186368,186368,0,500.74474079640635,500.74474079640635,0,18,18,0,0,0,0
493,1000492,Direct_Pointing_25pct_Power,Direct_Earth_to_Mars,Direct_Earth_to_Mars,0.91000000000000003,0.91000000000000003,0,186368,186368,0,500.74474079640635,500.74474079640635,0,18,18,0,0,0,0
493,1000492,Direct_Combined_25pctPower_BG16,Direct_Earth_to_Mars,Direct_Earth_to_Mars,0.91000000000000003,0.91000000000000003,0,186368,186368,0,500.74474079640635,500.74474079640635,0,18,18,0,0,0,0
494,1000493,Control,Direct_Earth_to_Mars,Direct_Earth_to_Mars,0.91000000000000003,0.91000000000000003,0,186368,186368,0,1173.4578087853952,1173.4578087853952,0,18,18,0,0,0,0
494,1000493,Direct_Background_16,Direct_Earth_to_Mars,Direct_Earth_to_Mars,0.91000000000000003,0.91000000000000003,0,186368,186368,0,1173.4578087853952,1173.4578087853952,0,18,18,0,0,0,0
494,1000493,Direct_Pointing_25pct_Power,Direct_Earth_to_Mars,Earth_Relay0_Mars,0,0,0,0,0,0,0,0,0,18,31,13,182,0,-182
494,1000493,Direct_Combined_25pctPower_BG16,Direct_Earth_to_Mars,Earth_Relay0_Mars,0,0,0,0,0,0,0,0,0,18,31,13,182,0,-182
495,1000494,Control,Direct_Earth_to_Mars,Direct_Earth_to_Mars,0.85999999999999999,0.85999999999999999,0,176128,176128,0,798.75970306532975,798.75970306532975,0,28,28,0,0,0,0
495,1000494,Direct_Background_16,Direct_Earth_to_Mars,Direct_Earth_to_Mars,0.85999999999999999,0.85999999999999999,0,176128,176128,0,798.75970306532975,798.75970306532975,0,28,28,0,0,0,0
495,1000494,Direct_Pointing_25pct_Power,Direct_Earth_to_Mars,Direct_Earth_to_Mars,0.84999999999999998,0.84999999999999998,0,174080,174080,0,798.75970306532986,798.75970306532986,0,28,28,0,2,2,0
495,1000494,Direct_Combined_25pctPower_BG16,Direct_Earth_to_Mars,Earth_Relay2_Mars,0,0.755,0.755,0,154624,154624,0,864.77583090368626,864.77583090368626,28,49,21,172,0,-172
496,1000495,Control,Direct_Earth_to_Mars,Direct_Earth_to_Mars,0.91500000000000004,0.91500000000000004,0,187392,187392,0,291.51139872493468,291.51139872493468,0,17,17,0,0,0,0
496,1000495,Direct_Background_16,Direct_Earth_to_Mars,Direct_Earth_to_Mars,0.91500000000000004,0.91500000000000004,0,187392,187392,0,291.51139872493468,291.51139872493468,0,17,17,0,0,0,0
496,1000495,Direct_Pointing_25pct_Power,Direct_Earth_to_Mars,Direct_Earth_to_Mars,0.91500000000000004,0.91500000000000004,0,187392,187392,0,291.51139872493468,291.51139872493468,0,17,17,0,0,0,0
496,1000495,Direct_Combined_25pctPower_BG16,Direct_Earth_to_Mars,Direct_Earth_to_Mars,0.91500000000000004,0.91500000000000004,0,187392,187392,0,291.51139872493468,291.51139872493468,0,17,17,0,0,0,0
497,1000496,Control,Direct_Earth_to_Mars,Direct_Earth_to_Mars,0.94499999999999995,0.94499999999999995,0,193536,193536,0,1354.9426374754401,1354.9426374754401,0,11,11,0,0,0,0
497,1000496,Direct_Background_16,Direct_Earth_to_Mars,Direct_Earth_to_Mars,0.91500000000000004,0.91500000000000004,0,187392,187392,0,1354.9426374754401,1354.9426374754401,0,11,11,0,6,6,0
497,1000496,Direct_Pointing_25pct_Power,Direct_Earth_to_Mars,Earth_Relay2_Mars,0,0.90000000000000002,0.90000000000000002,0,184320,184320,0,1421.6115368264723,1421.6115368264723,11,20,9,189,0,-189
497,1000496,Direct_Combined_25pctPower_BG16,Direct_Earth_to_Mars,Earth_Relay2_Mars,0,0.90000000000000002,0.90000000000000002,0,184320,184320,0,1421.6115368264723,1421.6115368264723,11,20,9,189,0,-189
498,1000497,Control,Direct_Earth_to_Mars,Direct_Earth_to_Mars,0.93999999999999995,0.93999999999999995,0,192512,192512,0,289.27462893565769,289.27462893565769,0,12,12,0,0,0,0
498,1000497,Direct_Background_16,Direct_Earth_to_Mars,Direct_Earth_to_Mars,0.93999999999999995,0.93999999999999995,0,192512,192512,0,289.27462893565769,289.27462893565769,0,12,12,0,0,0,0
498,1000497,Direct_Pointing_25pct_Power,Direct_Earth_to_Mars,Direct_Earth_to_Mars,0.93999999999999995,0.93999999999999995,0,192512,192512,0,289.27462893565769,289.27462893565769,0,12,12,0,0,0,0
498,1000497,Direct_Combined_25pctPower_BG16,Direct_Earth_to_Mars,Direct_Earth_to_Mars,0.93999999999999995,0.93999999999999995,0,192512,192512,0,289.27462893565769,289.27462893565769,0,12,12,0,0,0,0
499,1000498,Control,Direct_Earth_to_Mars,Direct_Earth_to_Mars,0.87,0.87,0,178176,178176,0,902.71295196243796,902.71295196243796,0,26,26,0,0,0,0
499,1000498,Direct_Background_16,Direct_Earth_to_Mars,Direct_Earth_to_Mars,0.87,0.87,0,178176,178176,0,902.71295196243796,902.71295196243796,0,26,26,0,0,0,0
499,1000498,Direct_Pointing_25pct_Power,Direct_Earth_to_Mars,Earth_Relay2_Mars,0.14499999999999999,0.77000000000000002,0.625,29696,157696,128000,902.71295196243705,968.805935684725,66.092983722287954,26,46,20,145,0,-145
499,1000498,Direct_Combined_25pctPower_BG16,Direct_Earth_to_Mars,Earth_Relay2_Mars,0,0.77000000000000002,0.77000000000000002,0,157696,157696,0,968.805935684725,968.805935684725,26,46,20,174,0,-174
500,1000499,Control,Direct_Earth_to_Mars,Direct_Earth_to_Mars,0.89000000000000001,0.89000000000000001,0,182272,182272,0,782.92838707688486,782.92838707688486,0,22,22,0,0,0,0
500,1000499,Direct_Background_16,Direct_Earth_to_Mars,Direct_Earth_to_Mars,0.89000000000000001,0.89000000000000001,0,182272,182272,0,782.92838707688486,782.92838707688486,0,22,22,0,0,0,0
500,1000499,Direct_Pointing_25pct_Power,Direct_Earth_to_Mars,Direct_Earth_to_Mars,0.875,0.875,0,179200,179200,0,782.92838707688486,782.92838707688486,0,22,22,0,3,3,0
500,1000499,Direct_Combined_25pctPower_BG16,Direct_Earth_to_Mars,Earth_Relay2_Mars,0,0.76000000000000001,0.76000000000000001,0,155648,155648,0,848.93505633273253,848.93505633273253,22,48,26,178,0,-178
501,1000500,Control,Direct_Earth_to_Mars,Direct_Earth_to_Mars,0.83999999999999997,0.83999999999999997,0,172032,172032,0,1335.8161523855251,1335.8161523855251,0,32,32,0,0,0,0
501,1000500,Direct_Background_16,Direct_Earth_to_Mars,Direct_Earth_to_Mars,0.72999999999999998,0.72999999999999998,0,149504,149504,0,1335.8161523855254,1335.8161523855254,0,32,32,0,22,22,0
501,1000500,Direct_Pointing_25pct_Power,Direct_Earth_to_Mars,Earth_Relay2_Mars,0,0.70499999999999996,0.70499999999999996,0,144384,144384,0,1402.4114500881719,1402.4114500881719,32,59,27,168,0,-168
501,1000500,Direct_Combined_25pctPower_BG16,Direct_Earth_to_Mars,Earth_Relay2_Mars,0,0.70499999999999996,0.70499999999999996,0,144384,144384,0,1402.4114500881719,1402.4114500881719,32,59,27,168,0,-168
502,1000501,Control,Direct_Earth_to_Mars,Direct_Earth_to_Mars,0.88,0.88,0,180224,180224,0,1352.7467432232511,1352.7467432232511,0,24,24,0,0,0,0
502,1000501,Direct_Background_16,Direct_Earth_to_Mars,Direct_Earth_to_Mars,0.71499999999999997,0.71499999999999997,0,146432,146432,0,1352.7467432232509,1352.7467432232509,0,24,24,0,33,33,0
502,1000501,Direct_Pointing_25pct_Power,Direct_Earth_to_Mars,Earth_Relay2_Mars,0,0.72999999999999998,0.72999999999999998,0,149504,149504,0,1419.4145723680356,1419.4145723680356,24,54,30,176,0,-176
502,1000501,Direct_Combined_25pctPower_BG16,Direct_Earth_to_Mars,Earth_Relay2_Mars,0,0.72999999999999998,0.72999999999999998,0,149504,149504,0,1419.4145723680356,1419.4145723680356,24,54,30,176,0,-176
503,1000502,Control,Direct_Earth_to_Mars,Direct_Earth_to_Mars,0.87,0.87,0,178176,178176,0,1361.0825768057025,1361.0825768057025,0,26,26,0,0,0,0
503,1000502,Direct_Background_16,Direct_Earth_to_Mars,Direct_Earth_to_Mars,0.54500000000000004,0.54500000000000004,0,111616,111616,0,1361.0825768057061,1361.0825768057061,0,26,26,0,65,65,0
503,1000502,Direct_Pointing_25pct_Power,Direct_Earth_to_Mars,Earth_Relay2_Mars,0,0.745,0.745,0,152576,152576,0,1427.7240079755793,1427.7240079755793,26,51,25,174,0,-174
503,1000502,Direct_Combined_25pctPower_BG16,Direct_Earth_to_Mars,Earth_Relay2_Mars,0,0.745,0.745,0,152576,152576,0,1427.7240079755793,1427.7240079755793,26,51,25,174,0,-174
504,1000503,Control,Direct_Earth_to_Mars,Direct_Earth_to_Mars,0.90000000000000002,0.90000000000000002,0,184320,184320,0,1352.1082492450639,1352.1082492450639,0,20,20,0,0,0,0
504,1000503,Direct_Background_16,Direct_Earth_to_Mars,Direct_Earth_to_Mars,0.72999999999999998,0.72999999999999998,0,149504,149504,0,1352.1082492450635,1352.1082492450635,0,20,20,0,34,34,0
504,1000503,Direct_Pointing_25pct_Power,Direct_Earth_to_Mars,Earth_Relay2_Mars,0,0.82999999999999996,0.82999999999999996,0,169984,169984,0,1418.7757420211276,1418.7757420211276,20,34,14,180,0,-180
504,1000503,Direct_Combined_25pctPower_BG16,Direct_Earth_to_Mars,Earth_Relay2_Mars,0,0.82999999999999996,0.82999999999999996,0,169984,169984,0,1418.7757420211276,1418.7757420211276,20,34,14,180,0,-180
505,1000504,Control,Direct_Earth_to_Mars,Direct_Earth_to_Mars,0.82499999999999996,0.82499999999999996,0,168960,168960,0,295.36447811323387,295.36447811323387,0,35,35,0,0,0,0
505,1000504,Direct_Background_16,Direct_Earth_to_Mars,Direct_Earth_to_Mars,0.82499999999999996,0.82499999999999996,0,168960,168960,0,295.36447811323387,295.36447811323387,0,35,35,0,0,0,0
505,1000504,Direct_Pointing_25pct_Power,Direct_Earth_to_Mars,Direct_Earth_to_Mars,0.82499999999999996,0.82499999999999996,0,168960,168960,0,295.36447811323387,295.36447811323387,0,35,35,0,0,0,0
505,1000504,Direct_Combined_25pctPower_BG16,Direct_Earth_to_Mars,Direct_Earth_to_Mars,0.82499999999999996,0.82499999999999996,0,168960,168960,0,295.36447811323387,295.36447811323387,0,35,35,0,0,0,0
506,1000505,Control,Direct_Earth_to_Mars,Direct_Earth_to_Mars,0.875,0.875,0,179200,179200,0,284.78459041780297,284.78459041780297,0,25,25,0,0,0,0
506,1000505,Direct_Background_16,Direct_Earth_to_Mars,Direct_Earth_to_Mars,0.875,0.875,0,179200,179200,0,284.78459041780297,284.78459041780297,0,25,25,0,0,0,0
506,1000505,Direct_Pointing_25pct_Power,Direct_Earth_to_Mars,Direct_Earth_to_Mars,0.875,0.875,0,179200,179200,0,284.78459041780297,284.78459041780297,0,25,25,0,0,0,0
506,1000505,Direct_Combined_25pctPower_BG16,Direct_Earth_to_Mars,Direct_Earth_to_Mars,0.875,0.875,0,179200,179200,0,284.78459041780297,284.78459041780297,0,25,25,0,0,0,0
507,1000506,Control,Direct_Earth_to_Mars,Direct_Earth_to_Mars,0.875,0.875,0,179200,179200,0,1129.3930669994368,1129.3930669994368,0,25,25,0,0,0,0
507,1000506,Direct_Background_16,Direct_Earth_to_Mars,Direct_Earth_to_Mars,0.875,0.875,0,179200,179200,0,1129.3930669994368,1129.3930669994368,0,25,25,0,0,0,0
507,1000506,Direct_Pointing_25pct_Power,Direct_Earth_to_Mars,Earth_Relay2_Mars,0,0.77500000000000002,0.77500000000000002,0,158720,158720,0,1195.8049295982541,1195.8049295982541,25,45,20,175,0,-175
507,1000506,Direct_Combined_25pctPower_BG16,Direct_Earth_to_Mars,Earth_Relay2_Mars,0,0.77500000000000002,0.77500000000000002,0,158720,158720,0,1195.8049295982541,1195.8049295982541,25,45,20,175,0,-175
508,1000507,Control,Direct_Earth_to_Mars,Direct_Earth_to_Mars,0.81499999999999995,0.81499999999999995,0,166912,166912,0,365.7691435615348,365.7691435615348,0,37,37,0,0,0,0
508,1000507,Direct_Background_16,Direct_Earth_to_Mars,Direct_Earth_to_Mars,0.81499999999999995,0.81499999999999995,0,166912,166912,0,365.7691435615348,365.7691435615348,0,37,37,0,0,0,0
508,1000507,Direct_Pointing_25pct_Power,Direct_Earth_to_Mars,Direct_Earth_to_Mars,0.81499999999999995,0.81499999999999995,0,166912,166912,0,365.7691435615348,365.7691435615348,0,37,37,0,0,0,0
508,1000507,Direct_Combined_25pctPower_BG16,Direct_Earth_to_Mars,Direct_Earth_to_Mars,0.81499999999999995,0.81499999999999995,0,166912,166912,0,365.7691435615348,365.7691435615348,0,37,37,0,0,0,0
509,1000508,Control,Direct_Earth_to_Mars,Direct_Earth_to_Mars,0.93999999999999995,0.93999999999999995,0,192512,192512,0,860.79567240420397,860.79567240420397,0,12,12,0,0,0,0
509,1000508,Direct_Background_16,Direct_Earth_to_Mars,Direct_Earth_to_Mars,0.93999999999999995,0.93999999999999995,0,192512,192512,0,860.79567240420397,860.79567240420397,0,12,12,0,0,0,0
509,1000508,Direct_Pointing_25pct_Power,Direct_Earth_to_Mars,Direct_Earth_to_Mars,0.90000000000000002,0.90000000000000002,0,184320,184320,0,860.79567240420408,860.79567240420408,0,12,12,0,8,8,0
509,1000508,Direct_Combined_25pctPower_BG16,Direct_Earth_to_Mars,Earth_Relay2_Mars,0,0.90500000000000003,0.90500000000000003,0,185344,185344,0,926.85487226479211,926.85487226479211,12,19,7,188,0,-188
510,1000509,Control,Direct_Earth_to_Mars,Direct_Earth_to_Mars,0.92000000000000004,0.92000000000000004,0,188416,188416,0,1204.0036158652504,1204.0036158652504,0,16,16,0,0,0,0
510,1000509,Direct_Background_16,Direct_Earth_to_Mars,Direct_Earth_to_Mars,0.91500000000000004,0.91500000000000004,0,187392,187392,0,1204.0036158652504,1204.0036158652504,0,16,16,0,1,1,0
510,1000509,Direct_Pointing_25pct_Power,Direct_Earth_to_Mars,Earth_Relay2_Mars,0,0.82499999999999996,0.82499999999999996,0,168960,168960,0,1270.4166090768974,1270.4166090768974,16,35,19,184,0,-184
510,1000509,Direct_Combined_25pctPower_BG16,Direct_Earth_to_Mars,Earth_Relay2_Mars,0,0.82499999999999996,0.82499999999999996,0,168960,168960,0,1270.4166090768974,1270.4166090768974,16,35,19,184,0,-184
511,1000510,Control,Direct_Earth_to_Mars,Direct_Earth_to_Mars,0.95499999999999996,0.95499999999999996,0,195584,195584,0,1356.8511997756073,1356.8511997756073,0,9,9,0,0,0,0
511,1000510,Direct_Background_16,Direct_Earth_to_Mars,Direct_Earth_to_Mars,0.76500000000000001,0.76500000000000001,0,156672,156672,0,1356.8511997756054,1356.8511997756054,0,9,9,0,38,38,0
511,1000510,Direct_Pointing_25pct_Power,Direct_Earth_to_Mars,Earth_Relay2_Mars,0,0.93500000000000005,0.93500000000000005,0,191488,191488,0,1423.5209007126402,1423.5209007126402,9,13,4,191,0,-191
511,1000510,Direct_Combined_25pctPower_BG16,Direct_Earth_to_Mars,Earth_Relay2_Mars,0,0.93500000000000005,0.93500000000000005,0,191488,191488,0,1423.5209007126402,1423.5209007126402,9,13,4,191,0,-191
512,1000511,Control,Direct_Earth_to_Mars,Direct_Earth_to_Mars,0.98999999999999999,0.98999999999999999,0,202752,202752,0,703.29209919033644,703.29209919033644,0,2,2,0,0,0,0
512,1000511,Direct_Background_16,Direct_Earth_to_Mars,Direct_Earth_to_Mars,0.98999999999999999,0.98999999999999999,0,202752,202752,0,703.29209919033644,703.29209919033644,0,2,2,0,0,0,0
512,1000511,Direct_Pointing_25pct_Power,Direct_Earth_to_Mars,Direct_Earth_to_Mars,0.98999999999999999,0.98999999999999999,0,202752,202752,0,703.29209919033644,703.29209919033644,0,2,2,0,0,0,0
512,1000511,Direct_Combined_25pctPower_BG16,Direct_Earth_to_Mars,Direct_Earth_to_Mars,0.95999999999999996,0.95999999999999996,0,196608,196608,0,703.2920991903369,703.2920991903369,0,2,2,0,6,6,0
513,1000512,Control,Direct_Earth_to_Mars,Direct_Earth_to_Mars,0.95499999999999996,0.95499999999999996,0,195584,195584,0,1314.3711749195932,1314.3711749195932,0,9,9,0,0,0,0
513,1000512,Direct_Background_16,Direct_Earth_to_Mars,Direct_Earth_to_Mars,0.92500000000000004,0.92500000000000004,0,189440,189440,0,1314.3711749195932,1314.3711749195932,0,9,9,0,6,6,0
513,1000512,Direct_Pointing_25pct_Power,Direct_Earth_to_Mars,Earth_Relay2_Mars,0,0.87,0.87,0,178176,178176,0,1380.9331800691207,1380.9331800691207,9,26,17,191,0,-191
513,1000512,Direct_Combined_25pctPower_BG16,Direct_Earth_to_Mars,Earth_Relay2_Mars,0,0.87,0.87,0,178176,178176,0,1380.9331800691207,1380.9331800691207,9,26,17,191,0,-191
514,1000513,Control,Direct_Earth_to_Mars,Direct_Earth_to_Mars,0.94499999999999995,0.94499999999999995,0,193536,193536,0,1006.0314965878472,1006.0314965878472,0,11,11,0,0,0,0
514,1000513,Direct_Background_16,Direct_Earth_to_Mars,Direct_Earth_to_Mars,0.94499999999999995,0.94499999999999995,0,193536,193536,0,1006.0314965878472,1006.0314965878472,0,11,11,0,0,0,0
514,1000513,Direct_Pointing_25pct_Power,Direct_Earth_to_Mars,Earth_Relay2_Mars,0,0.92000000000000004,0.92000000000000004,0,188416,188416,0,1072.25216885699,1072.25216885699,11,16,5,189,0,-189
514,1000513,Direct_Combined_25pctPower_BG16,Direct_Earth_to_Mars,Earth_Relay2_Mars,0,0.92000000000000004,0.92000000000000004,0,188416,188416,0,1072.25216885699,1072.25216885699,11,16,5,189,0,-189
515,1000514,Control,Direct_Earth_to_Mars,Direct_Earth_to_Mars,0.93500000000000005,0.93500000000000005,0,191488,191488,0,291.74055223092017,291.74055223092017,0,13,13,0,0,0,0
515,1000514,Direct_Background_16,Direct_Earth_to_Mars,Direct_Earth_to_Mars,0.93500000000000005,0.93500000000000005,0,191488,191488,0,291.74055223092017,291.74055223092017,0,13,13,0,0,0,0
515,1000514,Direct_Pointing_25pct_Power,Direct_Earth_to_Mars,Direct_Earth_to_Mars,0.93500000000000005,0.93500000000000005,0,191488,191488,0,291.74055223092017,291.74055223092017,0,13,13,0,0,0,0
515,1000514,Direct_Combined_25pctPower_BG16,Direct_Earth_to_Mars,Direct_Earth_to_Mars,0.93500000000000005,0.93500000000000005,0,191488,191488,0,291.74055223092017,291.74055223092017,0,13,13,0,0,0,0
516,1000515,Control,Direct_Earth_to_Mars,Direct_Earth_to_Mars,0.82499999999999996,0.82499999999999996,0,168960,168960,0,957.04380173991865,957.04380173991865,0,35,35,0,0,0,0
516,1000515,Direct_Background_16,Direct_Earth_to_Mars,Direct_Earth_to_Mars,0.82499999999999996,0.82499999999999996,0,168960,168960,0,957.04380173991865,957.04380173991865,0,35,35,0,0,0,0
516,1000515,Direct_Pointing_25pct_Power,Direct_Earth_to_Mars,Earth_Relay2_Mars,0,0.67000000000000004,0.67000000000000004,0,137216,137216,0,1023.1852676773424,1023.1852676773424,35,66,31,165,0,-165
516,1000515,Direct_Combined_25pctPower_BG16,Direct_Earth_to_Mars,Earth_Relay2_Mars,0,0.67000000000000004,0.67000000000000004,0,137216,137216,0,1023.1852676773424,1023.1852676773424,35,66,31,165,0,-165
517,1000516,Control,Direct_Earth_to_Mars,Direct_Earth_to_Mars,0.86499999999999999,0.86499999999999999,0,177152,177152,0,1063.9980518655982,1063.9980518655982,0,27,27,0,0,0,0
517,1000516,Direct_Background_16,Direct_Earth_to_Mars,Direct_Earth_to_Mars,0.86499999999999999,0.86499999999999999,0,177152,177152,0,1063.9980518655982,1063.9980518655982,0,27,27,0,0,0,0
517,1000516,Direct_Pointing_25pct_Power,Direct_Earth_to_Mars,Earth_Relay2_Mars,0,0.71499999999999997,0.71499999999999997,0,146432,146432,0,1130.2477632509144,1130.2477632509144,27,57,30,173,0,-173
517,1000516,Direct_Combined_25pctPower_BG16,Direct_Earth_to_Mars,Earth_Relay2_Mars,0,0.71499999999999997,0.71499999999999997,0,146432,146432,0,1130.2477632509144,1130.2477632509144,27,57,30,173,0,-173
518,1000517,Control,Direct_Earth_to_Mars,Direct_Earth_to_Mars,0.95499999999999996,0.95499999999999996,0,195584,195584,0,1337.2731357455123,1337.2731357455123,0,9,9,0,0,0,0
518,1000517,Direct_Background_16,Direct_Earth_to_Mars,Direct_Earth_to_Mars,0.77500000000000002,0.77500000000000002,0,158720,158720,0,1337.2731357455104,1337.2731357455104,0,9,9,0,36,36,0
518,1000517,Direct_Pointing_25pct_Power,Direct_Earth_to_Mars,Earth_Relay2_Mars,0,0.875,0.875,0,179200,179200,0,1403.9307166169965,1403.9307166169965,9,25,16,191,0,-191
518,1000517,Direct_Combined_25pctPower_BG16,Direct_Earth_to_Mars,Earth_Relay2_Mars,0,0.875,0.875,0,179200,179200,0,1403.9307166169965,1403.9307166169965,9,25,16,191,0,-191
519,1000518,Control,Direct_Earth_to_Mars,Direct_Earth_to_Mars,0.83999999999999997,0.83999999999999997,0,172032,172032,0,1115.0049986834736,1115.0049986834736,0,32,32,0,0,0,0
519,1000518,Direct_Background_16,Direct_Earth_to_Mars,Direct_Earth_to_Mars,0.83999999999999997,0.83999999999999997,0,172032,172032,0,1115.0049986834736,1115.0049986834736,0,32,32,0,0,0,0
519,1000518,Direct_Pointing_25pct_Power,Direct_Earth_to_Mars,Earth_Relay2_Mars,0,0.70499999999999996,0.70499999999999996,0,144384,144384,0,1181.395979097384,1181.395979097384,32,59,27,168,0,-168
519,1000518,Direct_Combined_25pctPower_BG16,Direct_Earth_to_Mars,Earth_Relay2_Mars,0,0.70499999999999996,0.70499999999999996,0,144384,144384,0,1181.395979097384,1181.395979097384,32,59,27,168,0,-168
520,1000519,Control,Direct_Earth_to_Mars,Direct_Earth_to_Mars,0.85999999999999999,0.85999999999999999,0,176128,176128,0,347.87558906288865,347.87558906288865,0,28,28,0,0,0,0
520,1000519,Direct_Background_16,Direct_Earth_to_Mars,Direct_Earth_to_Mars,0.85999999999999999,0.85999999999999999,0,176128,176128,0,347.87558906288865,347.87558906288865,0,28,28,0,0,0,0
520,1000519,Direct_Pointing_25pct_Power,Direct_Earth_to_Mars,Direct_Earth_to_Mars,0.85999999999999999,0.85999999999999999,0,176128,176128,0,347.87558906288865,347.87558906288865,0,28,28,0,0,0,0
520,1000519,Direct_Combined_25pctPower_BG16,Direct_Earth_to_Mars,Direct_Earth_to_Mars,0.85999999999999999,0.85999999999999999,0,176128,176128,0,347.87558906288865,347.87558906288865,0,28,28,0,0,0,0
521,1000520,Control,Direct_Earth_to_Mars,Direct_Earth_to_Mars,0.91000000000000003,0.91000000000000003,0,186368,186368,0,1181.8818921492805,1181.8818921492805,0,18,18,0,0,0,0
521,1000520,Direct_Background_16,Direct_Earth_to_Mars,Direct_Earth_to_Mars,0.91000000000000003,0.91000000000000003,0,186368,186368,0,1181.8818921492805,1181.8818921492805,0,18,18,0,0,0,0
521,1000520,Direct_Pointing_25pct_Power,Direct_Earth_to_Mars,Earth_Relay2_Mars,0,0.82999999999999996,0.82999999999999996,0,169984,169984,0,1248.366357728017,1248.366357728017,18,34,16,182,0,-182
521,1000520,Direct_Combined_25pctPower_BG16,Direct_Earth_to_Mars,Earth_Relay2_Mars,0,0.82999999999999996,0.82999999999999996,0,169984,169984,0,1248.366357728017,1248.366357728017,18,34,16,182,0,-182
522,1000521,Control,Direct_Earth_to_Mars,Direct_Earth_to_Mars,0.94999999999999996,0.94999999999999996,0,194560,194560,0,1355.1864495124628,1355.1864495124628,0,10,10,0,0,0,0
522,1000521,Direct_Background_16,Direct_Earth_to_Mars,Direct_Earth_to_Mars,0.73499999999999999,0.73499999999999999,0,150528,150528,0,1355.1864495124632,1355.1864495124632,0,10,10,0,43,43,0
522,1000521,Direct_Pointing_25pct_Power,Direct_Earth_to_Mars,Earth_Relay2_Mars,0,0.88,0.88,0,180224,180224,0,1421.8554585235772,1421.8554585235772,10,24,14,190,0,-190
522,1000521,Direct_Combined_25pctPower_BG16,Direct_Earth_to_Mars,Earth_Relay2_Mars,0,0.88,0.88,0,180224,180224,0,1421.8554585235772,1421.8554585235772,10,24,14,190,0,-190
523,1000522,Control,Direct_Earth_to_Mars,Direct_Earth_to_Mars,0.96999999999999997,0.96999999999999997,0,198656,198656,0,886.27449131577623,886.27449131577623,0,6,6,0,0,0,0
523,1000522,Direct_Background_16,Direct_Earth_to_Mars,Direct_Earth_to_Mars,0.96999999999999997,0.96999999999999997,0,198656,198656,0,886.27449131577623,886.27449131577623,0,6,6,0,0,0,0
523,1000522,Direct_Pointing_25pct_Power,Direct_Earth_to_Mars,Direct_Earth_to_Mars,0.79500000000000004,0.79500000000000004,0,162816,162816,0,886.27449131577862,886.27449131577862,0,6,6,0,35,35,0
523,1000522,Direct_Combined_25pctPower_BG16,Direct_Earth_to_Mars,Earth_Relay2_Mars,0,0.83499999999999996,0.83499999999999996,0,171008,171008,0,952.30428566980459,952.30428566980459,6,33,27,194,0,-194
524,1000523,Control,Direct_Earth_to_Mars,Direct_Earth_to_Mars,0.88,0.88,0,180224,180224,0,1365.3562129163258,1365.3562129163258,0,24,24,0,0,0,0
524,1000523,Direct_Background_16,Direct_Earth_to_Mars,Direct_Earth_to_Mars,0.76500000000000001,0.76500000000000001,0,156672,156672,0,1365.356212916327,1365.356212916327,0,24,24,0,23,23,0
524,1000523,Direct_Pointing_25pct_Power,Direct_Earth_to_Mars,Earth_Relay2_Mars,0,0.78500000000000003,0.78500000000000003,0,160768,160768,0,1432.0083917665174,1432.0083917665174,24,43,19,176,0,-176
524,1000523,Direct_Combined_25pctPower_BG16,Direct_Earth_to_Mars,Earth_Relay2_Mars,0,0.78500000000000003,0.78500000000000003,0,160768,160768,0,1432.0083917665174,1432.0083917665174,24,43,19,176,0,-176
525,1000524,Control,Direct_Earth_to_Mars,Direct_Earth_to_Mars,1,1,0,204800,204800,0,890.86364107133966,890.86364107133966,0,0,0,0,0,0,0
525,1000524,Direct_Background_16,Direct_Earth_to_Mars,Direct_Earth_to_Mars,1,1,0,204800,204800,0,890.86364107133966,890.86364107133966,0,0,0,0,0,0,0
525,1000524,Direct_Pointing_25pct_Power,Direct_Earth_to_Mars,Direct_Earth_to_Mars,0.93000000000000005,0.93000000000000005,0,190464,190464,0,890.86364107133988,890.86364107133988,0,0,0,0,14,14,0
525,1000524,Direct_Combined_25pctPower_BG16,Direct_Earth_to_Mars,Earth_Relay2_Mars,0,0.995,0.995,0,203776,203776,0,956.94673190702702,956.94673190702702,0,1,1,200,0,-200
526,1000525,Control,Direct_Earth_to_Mars,Direct_Earth_to_Mars,0.94999999999999996,0.94999999999999996,0,194560,194560,0,1014.9892235011014,1014.9892235011014,0,10,10,0,0,0,0
526,1000525,Direct_Background_16,Direct_Earth_to_Mars,Direct_Earth_to_Mars,0.94999999999999996,0.94999999999999996,0,194560,194560,0,1014.9892235011014,1014.9892235011014,0,10,10,0,0,0,0
526,1000525,Direct_Pointing_25pct_Power,Direct_Earth_to_Mars,Earth_Relay2_Mars,0,0.91000000000000003,0.91000000000000003,0,186368,186368,0,1081.2246097876928,1081.2246097876928,10,18,8,190,0,-190
526,1000525,Direct_Combined_25pctPower_BG16,Direct_Earth_to_Mars,Earth_Relay2_Mars,0,0.91000000000000003,0.91000000000000003,0,186368,186368,0,1081.2246097876928,1081.2246097876928,10,18,8,190,0,-190
527,1000526,Control,Direct_Earth_to_Mars,Direct_Earth_to_Mars,0.82999999999999996,0.82999999999999996,0,169984,169984,0,1225.5352396518501,1225.5352396518501,0,34,34,0,0,0,0
527,1000526,Direct_Background_16,Direct_Earth_to_Mars,Direct_Earth_to_Mars,0.82499999999999996,0.82499999999999996,0,168960,168960,0,1225.5352396518499,1225.5352396518499,0,34,34,0,1,1,0
527,1000526,Direct_Pointing_25pct_Power,Direct_Earth_to_Mars,Earth_Relay2_Mars,0,0.66000000000000003,0.66000000000000003,0,135168,135168,0,1292.0755165032729,1292.0755165032729,34,68,34,166,0,-166
527,1000526,Direct_Combined_25pctPower_BG16,Direct_Earth_to_Mars,Earth_Relay2_Mars,0,0.66000000000000003,0.66000000000000003,0,135168,135168,0,1292.0755165032729,1292.0755165032729,34,68,34,166,0,-166
528,1000527,Control,Direct_Earth_to_Mars,Direct_Earth_to_Mars,0.94499999999999995,0.94499999999999995,0,193536,193536,0,721.45678025146447,721.45678025146447,0,11,11,0,0,0,0
528,1000527,Direct_Background_16,Direct_Earth_to_Mars,Direct_Earth_to_Mars,0.94499999999999995,0.94499999999999995,0,193536,193536,0,721.45678025146447,721.45678025146447,0,11,11,0,0,0,0
528,1000527,Direct_Pointing_25pct_Power,Direct_Earth_to_Mars,Direct_Earth_to_Mars,0.94499999999999995,0.94499999999999995,0,193536,193536,0,721.45678025146447,721.45678025146447,0,11,11,0,0,0,0
528,1000527,Direct_Combined_25pctPower_BG16,Direct_Earth_to_Mars,Direct_Earth_to_Mars,0.91500000000000004,0.91500000000000004,0,187392,187392,0,721.45678025146447,721.45678025146447,0,11,11,0,6,6,0
529,1000528,Control,Direct_Earth_to_Mars,Direct_Earth_to_Mars,0.96999999999999997,0.96999999999999997,0,198656,198656,0,469.20990610804768,469.20990610804768,0,6,6,0,0,0,0
529,1000528,Direct_Background_16,Direct_Earth_to_Mars,Direct_Earth_to_Mars,0.96999999999999997,0.96999999999999997,0,198656,198656,0,469.20990610804768,469.20990610804768,0,6,6,0,0,0,0
529,1000528,Direct_Pointing_25pct_Power,Direct_Earth_to_Mars,Direct_Earth_to_Mars,0.96999999999999997,0.96999999999999997,0,198656,198656,0,469.20990610804768,469.20990610804768,0,6,6,0,0,0,0
529,1000528,Direct_Combined_25pctPower_BG16,Direct_Earth_to_Mars,Direct_Earth_to_Mars,0.96999999999999997,0.96999999999999997,0,198656,198656,0,469.20990610804768,469.20990610804768,0,6,6,0,0,0,0
530,1000529,Control,Direct_Earth_to_Mars,Direct_Earth_to_Mars,0.87,0.87,0,178176,178176,0,1304.7060992419135,1304.7060992419135,0,26,26,0,0,0,0
530,1000529,Direct_Background_16,Direct_Earth_to_Mars,Direct_Earth_to_Mars,0.85999999999999999,0.85999999999999999,0,176128,176128,0,1304.7060992419135,1304.7060992419135,0,26,26,0,2,2,0
530,1000529,Direct_Pointing_25pct_Power,Direct_Earth_to_Mars,Earth_Relay2_Mars,0,0.69499999999999995,0.69499999999999995,0,142336,142336,0,1371.3347454118407,1371.3347454118407,26,61,35,174,0,-174
530,1000529,Direct_Combined_25pctPower_BG16,Direct_Earth_to_Mars,Earth_Relay2_Mars,0,0.69499999999999995,0.69499999999999995,0,142336,142336,0,1371.3347454118407,1371.3347454118407,26,61,35,174,0,-174
531,1000530,Control,Direct_Earth_to_Mars,Direct_Earth_to_Mars,0.95999999999999996,0.95999999999999996,0,196608,196608,0,1200.3113375138701,1200.3113375138701,0,8,8,0,0,0,0
531,1000530,Direct_Background_16,Direct_Earth_to_Mars,Direct_Earth_to_Mars,0.95999999999999996,0.95999999999999996,0,196608,196608,0,1200.3113375138701,1200.3113375138701,0,8,8,0,0,0,0
531,1000530,Direct_Pointing_25pct_Power,Direct_Earth_to_Mars,Earth_Relay2_Mars,0,0.90500000000000003,0.90500000000000003,0,185344,185344,0,1266.8198968253487,1266.8198968253487,8,19,11,192,0,-192
531,1000530,Direct_Combined_25pctPower_BG16,Direct_Earth_to_Mars,Earth_Relay2_Mars,0,0.90500000000000003,0.90500000000000003,0,185344,185344,0,1266.8198968253487,1266.8198968253487,8,19,11,192,0,-192
532,1000531,Control,Direct_Earth_to_Mars,Direct_Earth_to_Mars,0.97999999999999998,0.97999999999999998,0,200704,200704,0,597.46535672529694,597.46535672529694,0,4,4,0,0,0,0
532,1000531,Direct_Background_16,Direct_Earth_to_Mars,Direct_Earth_to_Mars,0.97999999999999998,0.97999999999999998,0,200704,200704,0,597.46535672529694,597.46535672529694,0,4,4,0,0,0,0
532,1000531,Direct_Pointing_25pct_Power,Direct_Earth_to_Mars,Direct_Earth_to_Mars,0.97999999999999998,0.97999999999999998,0,200704,200704,0,597.46535672529694,597.46535672529694,0,4,4,0,0,0,0
532,1000531,Direct_Combined_25pctPower_BG16,Direct_Earth_to_Mars,Direct_Earth_to_Mars,0.97999999999999998,0.97999999999999998,0,200704,200704,0,597.46535672529694,597.46535672529694,0,4,4,0,0,0,0
533,1000532,Control,Direct_Earth_to_Mars,Direct_Earth_to_Mars,0.83999999999999997,0.83999999999999997,0,172032,172032,0,809.01976610092834,809.01976610092834,0,32,32,0,0,0,0
533,1000532,Direct_Background_16,Direct_Earth_to_Mars,Direct_Earth_to_Mars,0.83999999999999997,0.83999999999999997,0,172032,172032,0,809.01976610092834,809.01976610092834,0,32,32,0,0,0,0
533,1000532,Direct_Pointing_25pct_Power,Direct_Earth_to_Mars,Direct_Earth_to_Mars,0.81499999999999995,0.81499999999999995,0,166912,166912,0,809.01976610092868,809.01976610092868,0,32,32,0,5,5,0
533,1000532,Direct_Combined_25pctPower_BG16,Direct_Earth_to_Mars,Earth_Relay1_Mars,0,0.73999999999999999,0.73999999999999999,0,151552,151552,0,990.61881003971234,990.61881003971234,32,52,20,168,0,-168
534,1000533,Control,Direct_Earth_to_Mars,Direct_Earth_to_Mars,0.86499999999999999,0.86499999999999999,0,177152,177152,0,1134.2235731565142,1134.2235731565142,0,27,27,0,0,0,0
534,1000533,Direct_Background_16,Direct_Earth_to_Mars,Direct_Earth_to_Mars,0.86499999999999999,0.86499999999999999,0,177152,177152,0,1134.2235731565142,1134.2235731565142,0,27,27,0,0,0,0
534,1000533,Direct_Pointing_25pct_Power,Direct_Earth_to_Mars,Earth_Relay2_Mars,0,0.79000000000000004,0.79000000000000004,0,161792,161792,0,1200.6423543768444,1200.6423543768444,27,42,15,173,0,-173
534,1000533,Direct_Combined_25pctPower_BG16,Direct_Earth_to_Mars,Earth_Relay2_Mars,0,0.79000000000000004,0.79000000000000004,0,161792,161792,0,1200.6423543768444,1200.6423543768444,27,42,15,173,0,-173
535,1000534,Control,Direct_Earth_to_Mars,Direct_Earth_to_Mars,0.81999999999999995,0.81999999999999995,0,167936,167936,0,1355.4696884489074,1355.4696884489074,0,36,36,0,0,0,0
535,1000534,Direct_Background_16,Direct_Earth_to_Mars,Direct_Earth_to_Mars,0.755,0.755,0,154624,154624,0,1355.4696884489072,1355.4696884489072,0,36,36,0,13,13,0
535,1000534,Direct_Pointing_25pct_Power,Direct_Earth_to_Mars,Earth_Relay2_Mars,0,0.67000000000000004,0.67000000000000004,0,137216,137216,0,1422.1388223242323,1422.1388223242323,36,66,30,164,0,-164
535,1000534,Direct_Combined_25pctPower_BG16,Direct_Earth_to_Mars,Earth_Relay2_Mars,0,0.67000000000000004,0.67000000000000004,0,137216,137216,0,1422.1388223242323,1422.1388223242323,36,66,30,164,0,-164
536,1000535,Control,Direct_Earth_to_Mars,Direct_Earth_to_Mars,0.80500000000000005,0.80500000000000005,0,164864,164864,0,568.77848375289386,568.77848375289386,0,39,39,0,0,0,0
536,1000535,Direct_Background_16,Direct_Earth_to_Mars,Direct_Earth_to_Mars,0.80500000000000005,0.80500000000000005,0,164864,164864,0,568.77848375289386,568.77848375289386,0,39,39,0,0,0,0
536,1000535,Direct_Pointing_25pct_Power,Direct_Earth_to_Mars,Direct_Earth_to_Mars,0.80500000000000005,0.80500000000000005,0,164864,164864,0,568.77848375289386,568.77848375289386,0,39,39,0,0,0,0
536,1000535,Direct_Combined_25pctPower_BG16,Direct_Earth_to_Mars,Direct_Earth_to_Mars,0.80500000000000005,0.80500000000000005,0,164864,164864,0,568.77848375289386,568.77848375289386,0,39,39,0,0,0,0
537,1000536,Control,Direct_Earth_to_Mars,Direct_Earth_to_Mars,0.98999999999999999,0.98999999999999999,0,202752,202752,0,1218.321814163507,1218.321814163507,0,2,2,0,0,0,0
537,1000536,Direct_Background_16,Direct_Earth_to_Mars,Direct_Earth_to_Mars,0.98999999999999999,0.98999999999999999,0,202752,202752,0,1218.321814163507,1218.321814163507,0,2,2,0,0,0,0
537,1000536,Direct_Pointing_25pct_Power,Direct_Earth_to_Mars,Earth_Relay2_Mars,0,0.97499999999999998,0.97499999999999998,0,199680,199680,0,1284.8531739380564,1284.8531739380564,2,5,3,198,0,-198
537,1000536,Direct_Combined_25pctPower_BG16,Direct_Earth_to_Mars,Earth_Relay2_Mars,0,0.97499999999999998,0.97499999999999998,0,199680,199680,0,1284.8531739380564,1284.8531739380564,2,5,3,198,0,-198
538,1000537,Control,Direct_Earth_to_Mars,Direct_Earth_to_Mars,0.85499999999999998,0.85499999999999998,0,175104,175104,0,636.42819470178472,636.42819470178472,0,29,29,0,0,0,0
538,1000537,Direct_Background_16,Direct_Earth_to_Mars,Direct_Earth_to_Mars,0.85499999999999998,0.85499999999999998,0,175104,175104,0,636.42819470178472,636.42819470178472,0,29,29,0,0,0,0
538,1000537,Direct_Pointing_25pct_Power,Direct_Earth_to_Mars,Direct_Earth_to_Mars,0.85499999999999998,0.85499999999999998,0,175104,175104,0,636.42819470178472,636.42819470178472,0,29,29,0,0,0,0
538,1000537,Direct_Combined_25pctPower_BG16,Direct_Earth_to_Mars,Direct_Earth_to_Mars,0.85499999999999998,0.85499999999999998,0,175104,175104,0,636.42819470178472,636.42819470178472,0,29,29,0,0,0,0
539,1000538,Control,Direct_Earth_to_Mars,Direct_Earth_to_Mars,0.80500000000000005,0.80500000000000005,0,164864,164864,0,788.1398349551755,788.1398349551755,0,39,39,0,0,0,0
539,1000538,Direct_Background_16,Direct_Earth_to_Mars,Direct_Earth_to_Mars,0.80500000000000005,0.80500000000000005,0,164864,164864,0,788.1398349551755,788.1398349551755,0,39,39,0,0,0,0
539,1000538,Direct_Pointing_25pct_Power,Direct_Earth_to_Mars,Direct_Earth_to_Mars,0.80500000000000005,0.80500000000000005,0,164864,164864,0,788.1398349551755,788.1398349551755,0,39,39,0,0,0,0
539,1000538,Direct_Combined_25pctPower_BG16,Direct_Earth_to_Mars,Earth_Relay1_Mars,0,0.68000000000000005,0.68000000000000005,0,139264,139264,0,968.47824843512808,968.47824843512808,39,64,25,161,0,-161
540,1000539,Control,Direct_Earth_to_Mars,Direct_Earth_to_Mars,0.81499999999999995,0.81499999999999995,0,166912,166912,0,1127.4075008360171,1127.4075008360171,0,37,37,0,0,0,0
540,1000539,Direct_Background_16,Direct_Earth_to_Mars,Direct_Earth_to_Mars,0.81499999999999995,0.81499999999999995,0,166912,166912,0,1127.4075008360171,1127.4075008360171,0,37,37,0,0,0,0
540,1000539,Direct_Pointing_25pct_Power,Direct_Earth_to_Mars,Earth_Relay2_Mars,0,0.65500000000000003,0.65500000000000003,0,134144,134144,0,1193.7282481674929,1193.7282481674929,37,69,32,163,0,-163
540,1000539,Direct_Combined_25pctPower_BG16,Direct_Earth_to_Mars,Earth_Relay2_Mars,0,0.65500000000000003,0.65500000000000003,0,134144,134144,0,1193.7282481674929,1193.7282481674929,37,69,32,163,0,-163
541,1000540,Control,Direct_Earth_to_Mars,Direct_Earth_to_Mars,0.91500000000000004,0.91500000000000004,0,187392,187392,0,1326.1704530793295,1326.1704530793295,0,17,17,0,0,0,0
541,1000540,Direct_Background_16,Direct_Earth_to_Mars,Direct_Earth_to_Mars,0.83499999999999996,0.83499999999999996,0,171008,171008,0,1326.1704530793288,1326.1704530793288,0,17,17,0,16,16,0
541,1000540,Direct_Pointing_25pct_Power,Direct_Earth_to_Mars,Earth_Relay2_Mars,0,0.82999999999999996,0.82999999999999996,0,169984,169984,0,1392.7504289156852,1392.7504289156852,17,34,17,183,0,-183
541,1000540,Direct_Combined_25pctPower_BG16,Direct_Earth_to_Mars,Earth_Relay2_Mars,0,0.82999999999999996,0.82999999999999996,0,169984,169984,0,1392.7504289156852,1392.7504289156852,17,34,17,183,0,-183
542,1000541,Control,Direct_Earth_to_Mars,Direct_Earth_to_Mars,0.95499999999999996,0.95499999999999996,0,195584,195584,0,293.25441616908989,293.25441616908989,0,9,9,0,0,0,0
542,1000541,Direct_Background_16,Direct_Earth_to_Mars,Direct_Earth_to_Mars,0.95499999999999996,0.95499999999999996,0,195584,195584,0,293.25441616908989,293.25441616908989,0,9,9,0,0,0,0
542,1000541,Direct_Pointing_25pct_Power,Direct_Earth_to_Mars,Direct_Earth_to_Mars,0.95499999999999996,0.95499999999999996,0,195584,195584,0,293.25441616908989,293.25441616908989,0,9,9,0,0,0,0
542,1000541,Direct_Combined_25pctPower_BG16,Direct_Earth_to_Mars,Direct_Earth_to_Mars,0.95499999999999996,0.95499999999999996,0,195584,195584,0,293.25441616908989,293.25441616908989,0,9,9,0,0,0,0
543,1000542,Control,Direct_Earth_to_Mars,Direct_Earth_to_Mars,0.85499999999999998,0.85499999999999998,0,175104,175104,0,1172.4281093087648,1172.4281093087648,0,29,29,0,0,0,0
543,1000542,Direct_Background_16,Direct_Earth_to_Mars,Direct_Earth_to_Mars,0.85499999999999998,0.85499999999999998,0,175104,175104,0,1172.4281093087648,1172.4281093087648,0,29,29,0,0,0,0
543,1000542,Direct_Pointing_25pct_Power,Direct_Earth_to_Mars,Earth_Relay2_Mars,0,0.78500000000000003,0.78500000000000003,0,160768,160768,0,1238.8999261479469,1238.8999261479469,29,43,14,171,0,-171
543,1000542,Direct_Combined_25pctPower_BG16,Direct_Earth_to_Mars,Earth_Relay2_Mars,0,0.78500000000000003,0.78500000000000003,0,160768,160768,0,1238.8999261479469,1238.8999261479469,29,43,14,171,0,-171
544,1000543,Control,Direct_Earth_to_Mars,Direct_Earth_to_Mars,0.81999999999999995,0.81999999999999995,0,167936,167936,0,1366.3753719172948,1366.3753719172948,0,36,36,0,0,0,0
544,1000543,Direct_Background_16,Direct_Earth_to_Mars,Direct_Earth_to_Mars,0.53000000000000003,0.53000000000000003,0,108544,108544,0,1366.3753719172939,1366.3753719172939,0,36,36,0,58,58,0
544,1000543,Direct_Pointing_25pct_Power,Direct_Earth_to_Mars,Earth_Relay2_Mars,0,0.68000000000000005,0.68000000000000005,0,139264,139264,0,1433.0448598478783,1433.0448598478783,36,64,28,164,0,-164
544,1000543,Direct_Combined_25pctPower_BG16,Direct_Earth_to_Mars,Earth_Relay2_Mars,0,0.68000000000000005,0.68000000000000005,0,139264,139264,0,1433.0448598478783,1433.0448598478783,36,64,28,164,0,-164
545,1000544,Control,Direct_Earth_to_Mars,Direct_Earth_to_Mars,0.98499999999999999,0.98499999999999999,0,201728,201728,0,404.91610130152998,404.91610130152998,0,3,3,0,0,0,0
545,1000544,Direct_Background_16,Direct_Earth_to_Mars,Direct_Earth_to_Mars,0.98499999999999999,0.98499999999999999,0,201728,201728,0,404.91610130152998,404.91610130152998,0,3,3,0,0,0,0
545,1000544,Direct_Pointing_25pct_Power,Direct_Earth_to_Mars,Direct_Earth_to_Mars,0.98499999999999999,0.98499999999999999,0,201728,201728,0,404.91610130152998,404.91610130152998,0,3,3,0,0,0,0
545,1000544,Direct_Combined_25pctPower_BG16,Direct_Earth_to_Mars,Direct_Earth_to_Mars,0.98499999999999999,0.98499999999999999,0,201728,201728,0,404.91610130152998,404.91610130152998,0,3,3,0,0,0,0
546,1000545,Control,Direct_Earth_to_Mars,Direct_Earth_to_Mars,0.85499999999999998,0.85499999999999998,0,175104,175104,0,982.68857488411879,982.68857488411879,0,29,29,0,0,0,0
546,1000545,Direct_Background_16,Direct_Earth_to_Mars,Direct_Earth_to_Mars,0.85499999999999998,0.85499999999999998,0,175104,175104,0,982.68857488411879,982.68857488411879,0,29,29,0,0,0,0
546,1000545,Direct_Pointing_25pct_Power,Direct_Earth_to_Mars,Earth_Relay2_Mars,0,0.72999999999999998,0.72999999999999998,0,149504,149504,0,1048.8495005762256,1048.8495005762256,29,54,25,171,0,-171
546,1000545,Direct_Combined_25pctPower_BG16,Direct_Earth_to_Mars,Earth_Relay2_Mars,0,0.72999999999999998,0.72999999999999998,0,149504,149504,0,1048.8495005762256,1048.8495005762256,29,54,25,171,0,-171
547,1000546,Control,Direct_Earth_to_Mars,Direct_Earth_to_Mars,0.94999999999999996,0.94999999999999996,0,194560,194560,0,314.74836327507381,314.74836327507381,0,10,10,0,0,0,0
547,1000546,Direct_Background_16,Direct_Earth_to_Mars,Direct_Earth_to_Mars,0.94999999999999996,0.94999999999999996,0,194560,194560,0,314.74836327507381,314.74836327507381,0,10,10,0,0,0,0
547,1000546,Direct_Pointing_25pct_Power,Direct_Earth_to_Mars,Direct_Earth_to_Mars,0.94999999999999996,0.94999999999999996,0,194560,194560,0,314.74836327507381,314.74836327507381,0,10,10,0,0,0,0
547,1000546,Direct_Combined_25pctPower_BG16,Direct_Earth_to_Mars,Direct_Earth_to_Mars,0.94999999999999996,0.94999999999999996,0,194560,194560,0,314.74836327507381,314.74836327507381,0,10,10,0,0,0,0
548,1000547,Control,Direct_Earth_to_Mars,Direct_Earth_to_Mars,0.92500000000000004,0.92500000000000004,0,189440,189440,0,394.46984162786981,394.46984162786981,0,15,15,0,0,0,0
548,1000547,Direct_Background_16,Direct_Earth_to_Mars,Direct_Earth_to_Mars,0.92500000000000004,0.92500000000000004,0,189440,189440,0,394.46984162786981,394.46984162786981,0,15,15,0,0,0,0
548,1000547,Direct_Pointing_25pct_Power,Direct_Earth_to_Mars,Direct_Earth_to_Mars,0.92500000000000004,0.92500000000000004,0,189440,189440,0,394.46984162786981,394.46984162786981,0,15,15,0,0,0,0
548,1000547,Direct_Combined_25pctPower_BG16,Direct_Earth_to_Mars,Direct_Earth_to_Mars,0.92500000000000004,0.92500000000000004,0,189440,189440,0,394.46984162786981,394.46984162786981,0,15,15,0,0,0,0
549,1000548,Control,Direct_Earth_to_Mars,Direct_Earth_to_Mars,0.98499999999999999,0.98499999999999999,0,201728,201728,0,675.80818542402619,675.80818542402619,0,3,3,0,0,0,0
549,1000548,Direct_Background_16,Direct_Earth_to_Mars,Direct_Earth_to_Mars,0.98499999999999999,0.98499999999999999,0,201728,201728,0,675.80818542402619,675.80818542402619,0,3,3,0,0,0,0
549,1000548,Direct_Pointing_25pct_Power,Direct_Earth_to_Mars,Direct_Earth_to_Mars,0.98499999999999999,0.98499999999999999,0,201728,201728,0,675.80818542402619,675.80818542402619,0,3,3,0,0,0,0
549,1000548,Direct_Combined_25pctPower_BG16,Direct_Earth_to_Mars,Direct_Earth_to_Mars,0.98499999999999999,0.98499999999999999,0,201728,201728,0,675.80818542402619,675.80818542402619,0,3,3,0,0,0,0
550,1000549,Control,Direct_Earth_to_Mars,Direct_Earth_to_Mars,0.84499999999999997,0.84499999999999997,0,173056,173056,0,838.59885959087535,838.59885959087535,0,31,31,0,0,0,0
550,1000549,Direct_Background_16,Direct_Earth_to_Mars,Direct_Earth_to_Mars,0.84499999999999997,0.84499999999999997,0,173056,173056,0,838.59885959087535,838.59885959087535,0,31,31,0,0,0,0
550,1000549,Direct_Pointing_25pct_Power,Direct_Earth_to_Mars,Direct_Earth_to_Mars,0.82999999999999996,0.82999999999999996,0,169984,169984,0,838.59885959087512,838.59885959087512,0,31,31,0,3,3,0
550,1000549,Direct_Combined_25pctPower_BG16,Direct_Earth_to_Mars,Earth_Relay2_Mars,0,0.70499999999999996,0.70499999999999996,0,144384,144384,0,904.56375221288272,904.56375221288272,31,59,28,169,0,-169
551,1000550,Control,Direct_Earth_to_Mars,Direct_Earth_to_Mars,0.89000000000000001,0.89000000000000001,0,182272,182272,0,942.59828352986642,942.59828352986642,0,22,22,0,0,0,0
551,1000550,Direct_Background_16,Direct_Earth_to_Mars,Direct_Earth_to_Mars,0.89000000000000001,0.89000000000000001,0,182272,182272,0,942.59828352986642,942.59828352986642,0,22,22,0,0,0,0
551,1000550,Direct_Pointing_25pct_Power,Direct_Earth_to_Mars,Earth_Relay2_Mars,0,0.76000000000000001,0.76000000000000001,0,155648,155648,0,1008.7048661107932,1008.7048661107932,22,48,26,178,0,-178
551,1000550,Direct_Combined_25pctPower_BG16,Direct_Earth_to_Mars,Earth_Relay2_Mars,0,0.76000000000000001,0.76000000000000001,0,155648,155648,0,1008.7048661107932,1008.7048661107932,22,48,26,178,0,-178
552,1000551,Control,Direct_Earth_to_Mars,Direct_Earth_to_Mars,0.91000000000000003,0.91000000000000003,0,186368,186368,0,761.80139810102958,761.80139810102958,0,18,18,0,0,0,0
552,1000551,Direct_Background_16,Direct_Earth_to_Mars,Direct_Earth_to_Mars,0.91000000000000003,0.91000000000000003,0,186368,186368,0,761.80139810102958,761.80139810102958,0,18,18,0,0,0,0
552,1000551,Direct_Pointing_25pct_Power,Direct_Earth_to_Mars,Direct_Earth_to_Mars,0.90500000000000003,0.90500000000000003,0,185344,185344,0,761.80139810102958,761.80139810102958,0,18,18,0,1,1,0
552,1000551,Direct_Combined_25pctPower_BG16,Direct_Earth_to_Mars,Earth_Relay2_Mars,0,0.83999999999999997,0.83999999999999997,0,172032,172032,0,827.7965488126631,827.7965488126631,18,32,14,182,0,-182
553,1000552,Control,Direct_Earth_to_Mars,Direct_Earth_to_Mars,0.97499999999999998,0.97499999999999998,0,199680,199680,0,285.62386326302823,285.62386326302823,0,5,5,0,0,0,0
553,1000552,Direct_Background_16,Direct_Earth_to_Mars,Direct_Earth_to_Mars,0.97499999999999998,0.97499999999999998,0,199680,199680,0,285.62386326302823,285.62386326302823,0,5,5,0,0,0,0
553,1000552,Direct_Pointing_25pct_Power,Direct_Earth_to_Mars,Direct_Earth_to_Mars,0.97499999999999998,0.97499999999999998,0,199680,199680,0,285.62386326302823,285.62386326302823,0,5,5,0,0,0,0
553,1000552,Direct_Combined_25pctPower_BG16,Direct_Earth_to_Mars,Direct_Earth_to_Mars,0.97499999999999998,0.97499999999999998,0,199680,199680,0,285.62386326302823,285.62386326302823,0,5,5,0,0,0,0
554,1000553,Control,Direct_Earth_to_Mars,Direct_Earth_to_Mars,0.89000000000000001,0.89000000000000001,0,182272,182272,0,1264.5126942147394,1264.5126942147394,0,22,22,0,0,0,0
554,1000553,Direct_Background_16,Direct_Earth_to_Mars,Direct_Earth_to_Mars,0.89000000000000001,0.89000000000000001,0,182272,182272,0,1264.5126942147394,1264.5126942147394,0,22,22,0,0,0,0
554,1000553,Direct_Pointing_25pct_Power,Direct_Earth_to_Mars,Earth_Relay2_Mars,0,0.72499999999999998,0.72499999999999998,0,148480,148480,0,1331.098855148487,1331.098855148487,22,55,33,178,0,-178
554,1000553,Direct_Combined_25pctPower_BG16,Direct_Earth_to_Mars,Earth_Relay2_Mars,0,0.72499999999999998,0.72499999999999998,0,148480,148480,0,1331.098855148487,1331.098855148487,22,55,33,178,0,-178
555,1000554,Control,Direct_Earth_to_Mars,Direct_Earth_to_Mars,0.97999999999999998,0.97999999999999998,0,200704,200704,0,293.5700632145963,293.5700632145963,0,4,4,0,0,0,0
555,1000554,Direct_Background_16,Direct_Earth_to_Mars,Direct_Earth_to_Mars,0.97999999999999998,0.97999999999999998,0,200704,200704,0,293.5700632145963,293.5700632145963,0,4,4,0,0,0,0
555,1000554,Direct_Pointing_25pct_Power,Direct_Earth_to_Mars,Direct_Earth_to_Mars,0.97999999999999998,0.97999999999999998,0,200704,200704,0,293.5700632145963,293.5700632145963,0,4,4,0,0,0,0
555,1000554,Direct_Combined_25pctPower_BG16,Direct_Earth_to_Mars,Direct_Earth_to_Mars,0.97999999999999998,0.97999999999999998,0,200704,200704,0,293.5700632145963,293.5700632145963,0,4,4,0,0,0,0
556,1000555,Control,Direct_Earth_to_Mars,Direct_Earth_to_Mars,0.88,0.88,0,180224,180224,0,714.3592460748215,714.3592460748215,0,24,24,0,0,0,0
556,1000555,Direct_Background_16,Direct_Earth_to_Mars,Direct_Earth_to_Mars,0.88,0.88,0,180224,180224,0,714.3592460748215,714.3592460748215,0,24,24,0,0,0,0
556,1000555,Direct_Pointing_25pct_Power,Direct_Earth_to_Mars,Direct_Earth_to_Mars,0.88,0.88,0,180224,180224,0,714.3592460748215,714.3592460748215,0,24,24,0,0,0,0
556,1000555,Direct_Combined_25pctPower_BG16,Direct_Earth_to_Mars,Direct_Earth_to_Mars,0.56000000000000005,0.56000000000000005,0,114688,114688,0,714.3592460748232,714.3592460748232,0,24,24,0,64,64,0
557,1000556,Control,Direct_Earth_to_Mars,Direct_Earth_to_Mars,0.84999999999999998,0.84999999999999998,0,174080,174080,0,1249.5054697324208,1249.5054697324208,0,30,30,0,0,0,0
557,1000556,Direct_Background_16,Direct_Earth_to_Mars,Direct_Earth_to_Mars,0.84999999999999998,0.84999999999999998,0,174080,174080,0,1249.5054697324208,1249.5054697324208,0,30,30,0,0,0,0
557,1000556,Direct_Pointing_25pct_Power,Direct_Earth_to_Mars,Earth_Relay2_Mars,0,0.70499999999999996,0.70499999999999996,0,144384,144384,0,1316.0744449511883,1316.0744449511883,30,59,29,170,0,-170
557,1000556,Direct_Combined_25pctPower_BG16,Direct_Earth_to_Mars,Earth_Relay2_Mars,0,0.70499999999999996,0.70499999999999996,0,144384,144384,0,1316.0744449511883,1316.0744449511883,30,59,29,170,0,-170
558,1000557,Control,Direct_Earth_to_Mars,Direct_Earth_to_Mars,0.81999999999999995,0.81999999999999995,0,167936,167936,0,413.00928547269706,413.00928547269706,0,36,36,0,0,0,0
558,1000557,Direct_Background_16,Direct_Earth_to_Mars,Direct_Earth_to_Mars,0.81999999999999995,0.81999999999999995,0,167936,167936,0,413.00928547269706,413.00928547269706,0,36,36,0,0,0,0
558,1000557,Direct_Pointing_25pct_Power,Direct_Earth_to_Mars,Direct_Earth_to_Mars,0.81999999999999995,0.81999999999999995,0,167936,167936,0,413.00928547269706,413.00928547269706,0,36,36,0,0,0,0
558,1000557,Direct_Combined_25pctPower_BG16,Direct_Earth_to_Mars,Direct_Earth_to_Mars,0.81999999999999995,0.81999999999999995,0,167936,167936,0,413.00928547269706,413.00928547269706,0,36,36,0,0,0,0
559,1000558,Control,Direct_Earth_to_Mars,Direct_Earth_to_Mars,0.98499999999999999,0.98499999999999999,0,201728,201728,0,520.80973605080658,520.80973605080658,0,3,3,0,0,0,0
559,1000558,Direct_Background_16,Direct_Earth_to_Mars,Direct_Earth_to_Mars,0.98499999999999999,0.98499999999999999,0,201728,201728,0,520.80973605080658,520.80973605080658,0,3,3,0,0,0,0
559,1000558,Direct_Pointing_25pct_Power,Direct_Earth_to_Mars,Direct_Earth_to_Mars,0.98499999999999999,0.98499999999999999,0,201728,201728,0,520.80973605080658,520.80973605080658,0,3,3,0,0,0,0
559,1000558,Direct_Combined_25pctPower_BG16,Direct_Earth_to_Mars,Direct_Earth_to_Mars,0.98499999999999999,0.98499999999999999,0,201728,201728,0,520.80973605080658,520.80973605080658,0,3,3,0,0,0,0
560,1000559,Control,Direct_Earth_to_Mars,Direct_Earth_to_Mars,0.97499999999999998,0.97499999999999998,0,199680,199680,0,1126.7094684195449,1126.7094684195449,0,5,5,0,0,0,0
560,1000559,Direct_Background_16,Direct_Earth_to_Mars,Direct_Earth_to_Mars,0.97499999999999998,0.97499999999999998,0,199680,199680,0,1126.7094684195449,1126.7094684195449,0,5,5,0,0,0,0
560,1000559,Direct_Pointing_25pct_Power,Direct_Earth_to_Mars,Earth_Relay2_Mars,0,0.96499999999999997,0.96499999999999997,0,197632,197632,0,1193.1174672158393,1193.1174672158393,5,7,2,195,0,-195
560,1000559,Direct_Combined_25pctPower_BG16,Direct_Earth_to_Mars,Earth_Relay2_Mars,0,0.96499999999999997,0.96499999999999997,0,197632,197632,0,1193.1174672158393,1193.1174672158393,5,7,2,195,0,-195
561,1000560,Control,Direct_Earth_to_Mars,Direct_Earth_to_Mars,0.94499999999999995,0.94499999999999995,0,193536,193536,0,884.73092453676213,884.73092453676213,0,11,11,0,0,0,0
561,1000560,Direct_Background_16,Direct_Earth_to_Mars,Direct_Earth_to_Mars,0.94499999999999995,0.94499999999999995,0,193536,193536,0,884.73092453676213,884.73092453676213,0,11,11,0,0,0,0
561,1000560,Direct_Pointing_25pct_Power,Direct_Earth_to_Mars,Direct_Earth_to_Mars,0.90500000000000003,0.90500000000000003,0,185344,185344,0,884.73092453676202,884.73092453676202,0,11,11,0,8,8,0
561,1000560,Direct_Combined_25pctPower_BG16,Direct_Earth_to_Mars,Earth_Relay2_Mars,0,0.86499999999999999,0.86499999999999999,0,177152,177152,0,950.75861272722489,950.75861272722489,11,27,16,189,0,-189
562,1000561,Control,Direct_Earth_to_Mars,Direct_Earth_to_Mars,0.88,0.88,0,180224,180224,0,323.69843436863442,323.69843436863442,0,24,24,0,0,0,0
562,1000561,Direct_Background_16,Direct_Earth_to_Mars,Direct_Earth_to_Mars,0.88,0.88,0,180224,180224,0,323.69843436863442,323.69843436863442,0,24,24,0,0,0,0
562,1000561,Direct_Pointing_25pct_Power,Direct_Earth_to_Mars,Direct_Earth_to_Mars,0.88,0.88,0,180224,180224,0,323.69843436863442,323.69843436863442,0,24,24,0,0,0,0
562,1000561,Direct_Combined_25pctPower_BG16,Direct_Earth_to_Mars,Direct_Earth_to_Mars,0.88,0.88,0,180224,180224,0,323.69843436863442,323.69843436863442,0,24,24,0,0,0,0
563,1000562,Control,Direct_Earth_to_Mars,Direct_Earth_to_Mars,0.83499999999999996,0.83499999999999996,0,171008,171008,0,578.12128119621673,578.12128119621673,0,33,33,0,0,0,0
563,1000562,Direct_Background_16,Direct_Earth_to_Mars,Direct_Earth_to_Mars,0.83499999999999996,0.83499999999999996,0,171008,171008,0,578.12128119621673,578.12128119621673,0,33,33,0,0,0,0
563,1000562,Direct_Pointing_25pct_Power,Direct_Earth_to_Mars,Direct_Earth_to_Mars,0.83499999999999996,0.83499999999999996,0,171008,171008,0,578.12128119621673,578.12128119621673,0,33,33,0,0,0,0
563,1000562,Direct_Combined_25pctPower_BG16,Direct_Earth_to_Mars,Direct_Earth_to_Mars,0.83499999999999996,0.83499999999999996,0,171008,171008,0,578.12128119621673,578.12128119621673,0,33,33,0,0,0,0
564,1000563,Control,Direct_Earth_to_Mars,Direct_Earth_to_Mars,1,1,0,204800,204800,0,1142.9534409347998,1142.9534409347998,0,0,0,0,0,0,0
564,1000563,Direct_Background_16,Direct_Earth_to_Mars,Direct_Earth_to_Mars,0.995,0.995,0,203776,203776,0,1142.9534409347998,1142.9534409347998,0,0,0,0,1,1,0
564,1000563,Direct_Pointing_25pct_Power,Direct_Earth_to_Mars,Earth_Relay2_Mars,0,1,1,0,204800,204800,0,1209.2923324696389,1209.2923324696389,0,0,0,200,0,-200
564,1000563,Direct_Combined_25pctPower_BG16,Direct_Earth_to_Mars,Earth_Relay2_Mars,0,1,1,0,204800,204800,0,1209.2923324696389,1209.2923324696389,0,0,0,200,0,-200
565,1000564,Control,Direct_Earth_to_Mars,Direct_Earth_to_Mars,0.92500000000000004,0.92500000000000004,0,189440,189440,0,405.87987819228141,405.87987819228141,0,15,15,0,0,0,0
565,1000564,Direct_Background_16,Direct_Earth_to_Mars,Direct_Earth_to_Mars,0.92500000000000004,0.92500000000000004,0,189440,189440,0,405.87987819228141,405.87987819228141,0,15,15,0,0,0,0
565,1000564,Direct_Pointing_25pct_Power,Direct_Earth_to_Mars,Direct_Earth_to_Mars,0.92500000000000004,0.92500000000000004,0,189440,189440,0,405.87987819228141,405.87987819228141,0,15,15,0,0,0,0
565,1000564,Direct_Combined_25pctPower_BG16,Direct_Earth_to_Mars,Direct_Earth_to_Mars,0.92500000000000004,0.92500000000000004,0,189440,189440,0,405.87987819228141,405.87987819228141,0,15,15,0,0,0,0
566,1000565,Control,Direct_Earth_to_Mars,Direct_Earth_to_Mars,0.84499999999999997,0.84499999999999997,0,173056,173056,0,970.07994667103344,970.07994667103344,0,31,31,0,0,0,0
566,1000565,Direct_Background_16,Direct_Earth_to_Mars,Direct_Earth_to_Mars,0.84499999999999997,0.84499999999999997,0,173056,173056,0,970.07994667103344,970.07994667103344,0,31,31,0,0,0,0
566,1000565,Direct_Pointing_25pct_Power,Direct_Earth_to_Mars,Earth_Relay2_Mars,0,0.72499999999999998,0.72499999999999998,0,148480,148480,0,1036.2238243876488,1036.2238243876488,31,55,24,169,0,-169
566,1000565,Direct_Combined_25pctPower_BG16,Direct_Earth_to_Mars,Earth_Relay2_Mars,0,0.72499999999999998,0.72499999999999998,0,148480,148480,0,1036.2238243876488,1036.2238243876488,31,55,24,169,0,-169
567,1000566,Control,Direct_Earth_to_Mars,Direct_Earth_to_Mars,0.995,0.995,0,203776,203776,0,421.53761830025712,421.53761830025712,0,1,1,0,0,0,0
567,1000566,Direct_Background_16,Direct_Earth_to_Mars,Direct_Earth_to_Mars,0.995,0.995,0,203776,203776,0,421.53761830025712,421.53761830025712,0,1,1,0,0,0,0
567,1000566,Direct_Pointing_25pct_Power,Direct_Earth_to_Mars,Direct_Earth_to_Mars,0.995,0.995,0,203776,203776,0,421.53761830025712,421.53761830025712,0,1,1,0,0,0,0
567,1000566,Direct_Combined_25pctPower_BG16,Direct_Earth_to_Mars,Direct_Earth_to_Mars,0.995,0.995,0,203776,203776,0,421.53761830025712,421.53761830025712,0,1,1,0,0,0,0
568,1000567,Control,Direct_Earth_to_Mars,Direct_Earth_to_Mars,1,1,0,204800,204800,0,994.55359949256717,994.55359949256717,0,0,0,0,0,0,0
568,1000567,Direct_Background_16,Direct_Earth_to_Mars,Direct_Earth_to_Mars,1,1,0,204800,204800,0,994.55359949256717,994.55359949256717,0,0,0,0,0,0,0
568,1000567,Direct_Pointing_25pct_Power,Direct_Earth_to_Mars,Earth_Relay0_Mars,0,0.995,0.995,0,203776,203776,0,1183.5977783838387,1183.5977783838387,0,1,1,200,0,-200
568,1000567,Direct_Combined_25pctPower_BG16,Direct_Earth_to_Mars,Earth_Relay0_Mars,0,0.995,0.995,0,203776,203776,0,1183.5977783838387,1183.5977783838387,0,1,1,200,0,-200
569,1000568,Control,Direct_Earth_to_Mars,Direct_Earth_to_Mars,0.96499999999999997,0.96499999999999997,0,197632,197632,0,1236.9413686243126,1236.9413686243126,0,7,7,0,0,0,0
569,1000568,Direct_Background_16,Direct_Earth_to_Mars,Direct_Earth_to_Mars,0.96499999999999997,0.96499999999999997,0,197632,197632,0,1236.9413686243126,1236.9413686243126,0,7,7,0,0,0,0
569,1000568,Direct_Pointing_25pct_Power,Direct_Earth_to_Mars,Earth_Relay2_Mars,0,0.94999999999999996,0.94999999999999996,0,194560,194560,0,1303.4954847200206,1303.4954847200206,7,10,3,193,0,-193
569,1000568,Direct_Combined_25pctPower_BG16,Direct_Earth_to_Mars,Earth_Relay2_Mars,0,0.94999999999999996,0.94999999999999996,0,194560,194560,0,1303.4954847200206,1303.4954847200206,7,10,3,193,0,-193
570,1000569,Control,Direct_Earth_to_Mars,Direct_Earth_to_Mars,0.94999999999999996,0.94999999999999996,0,194560,194560,0,1298.4720860042664,1298.4720860042664,0,10,10,0,0,0,0
570,1000569,Direct_Background_16,Direct_Earth_to_Mars,Direct_Earth_to_Mars,0.91500000000000004,0.91500000000000004,0,187392,187392,0,1298.4720860042662,1298.4720860042662,0,10,10,0,7,7,0
570,1000569,Direct_Pointing_25pct_Power,Direct_Earth_to_Mars,Earth_Relay2_Mars,0,0.91500000000000004,0.91500000000000004,0,187392,187392,0,1365.0945355647693,1365.0945355647693,10,17,7,190,0,-190
570,1000569,Direct_Combined_25pctPower_BG16,Direct_Earth_to_Mars,Earth_Relay2_Mars,0,0.91500000000000004,0.91500000000000004,0,187392,187392,0,1365.0945355647693,1365.0945355647693,10,17,7,190,0,-190
571,1000570,Control,Direct_Earth_to_Mars,Direct_Earth_to_Mars,0.95499999999999996,0.95499999999999996,0,195584,195584,0,851.47078722495303,851.47078722495303,0,9,9,0,0,0,0
571,1000570,Direct_Background_16,Direct_Earth_to_Mars,Direct_Earth_to_Mars,0.95499999999999996,0.95499999999999996,0,195584,195584,0,851.47078722495303,851.47078722495303,0,9,9,0,0,0,0
571,1000570,Direct_Pointing_25pct_Power,Direct_Earth_to_Mars,Direct_Earth_to_Mars,0.93500000000000005,0.93500000000000005,0,191488,191488,0,851.47078722495326,851.47078722495326,0,9,9,0,4,4,0
571,1000570,Direct_Combined_25pctPower_BG16,Direct_Earth_to_Mars,Earth_Relay2_Mars,0,0.93000000000000005,0.93000000000000005,0,190464,190464,0,917.52295245454309,917.52295245454309,9,14,5,191,0,-191
572,1000571,Control,Direct_Earth_to_Mars,Direct_Earth_to_Mars,0.93000000000000005,0.93000000000000005,0,190464,190464,0,1346.6657270595895,1346.6657270595895,0,14,14,0,0,0,0
572,1000571,Direct_Background_16,Direct_Earth_to_Mars,Direct_Earth_to_Mars,0.82999999999999996,0.82999999999999996,0,169984,169984,0,1346.6657270595895,1346.6657270595895,0,14,14,0,20,20,0
572,1000571,Direct_Pointing_25pct_Power,Direct_Earth_to_Mars,Earth_Relay2_Mars,0,0.88,0.88,0,180224,180224,0,1413.3299877265601,1413.3299877265601,14,24,10,186,0,-186
572,1000571,Direct_Combined_25pctPower_BG16,Direct_Earth_to_Mars,Earth_Relay2_Mars,0,0.88,0.88,0,180224,180224,0,1413.3299877265601,1413.3299877265601,14,24,10,186,0,-186
573,1000572,Control,Direct_Earth_to_Mars,Direct_Earth_to_Mars,0.81999999999999995,0.81999999999999995,0,167936,167936,0,1154.0275262945893,1154.0275262945893,0,36,36,0,0,0,0
573,1000572,Direct_Background_16,Direct_Earth_to_Mars,Direct_Earth_to_Mars,0.81999999999999995,0.81999999999999995,0,167936,167936,0,1154.0275262945893,1154.0275262945893,0,36,36,0,0,0,0
573,1000572,Direct_Pointing_25pct_Power,Direct_Earth_to_Mars,Earth_Relay2_Mars,0,0.65500000000000003,0.65500000000000003,0,134144,134144,0,1220.4741775931623,1220.4741775931623,36,69,33,164,0,-164
573,1000572,Direct_Combined_25pctPower_BG16,Direct_Earth_to_Mars,Earth_Relay2_Mars,0,0.65500000000000003,0.65500000000000003,0,134144,134144,0,1220.4741775931623,1220.4741775931623,36,69,33,164,0,-164
574,1000573,Control,Direct_Earth_to_Mars,Direct_Earth_to_Mars,0.98999999999999999,0.98999999999999999,0,202752,202752,0,299.85128547203772,299.85128547203772,0,2,2,0,0,0,0
574,1000573,Direct_Background_16,Direct_Earth_to_Mars,Direct_Earth_to_Mars,0.98999999999999999,0.98999999999999999,0,202752,202752,0,299.85128547203772,299.85128547203772,0,2,2,0,0,0,0
574,1000573,Direct_Pointing_25pct_Power,Direct_Earth_to_Mars,Direct_Earth_to_Mars,0.98999999999999999,0.98999999999999999,0,202752,202752,0,299.85128547203772,299.85128547203772,0,2,2,0,0,0,0
574,1000573,Direct_Combined_25pctPower_BG16,Direct_Earth_to_Mars,Direct_Earth_to_Mars,0.98999999999999999,0.98999999999999999,0,202752,202752,0,299.85128547203772,299.85128547203772,0,2,2,0,0,0,0
575,1000574,Control,Direct_Earth_to_Mars,Direct_Earth_to_Mars,0.88,0.88,0,180224,180224,0,532.09462198871699,532.09462198871699,0,24,24,0,0,0,0
575,1000574,Direct_Background_16,Direct_Earth_to_Mars,Direct_Earth_to_Mars,0.88,0.88,0,180224,180224,0,532.09462198871699,532.09462198871699,0,24,24,0,0,0,0
575,1000574,Direct_Pointing_25pct_Power,Direct_Earth_to_Mars,Direct_Earth_to_Mars,0.88,0.88,0,180224,180224,0,532.09462198871699,532.09462198871699,0,24,24,0,0,0,0
575,1000574,Direct_Combined_25pctPower_BG16,Direct_Earth_to_Mars,Direct_Earth_to_Mars,0.88,0.88,0,180224,180224,0,532.09462198871699,532.09462198871699,0,24,24,0,0,0,0
576,1000575,Control,Direct_Earth_to_Mars,Direct_Earth_to_Mars,1,1,0,204800,204800,0,1364.7970006985704,1364.7970006985704,0,0,0,0,0,0,0
576,1000575,Direct_Background_16,Direct_Earth_to_Mars,Direct_Earth_to_Mars,0.57999999999999996,0.57999999999999996,0,118784,118784,0,1364.7970006985704,1364.7970006985704,0,0,0,0,84,84,0
576,1000575,Direct_Pointing_25pct_Power,Direct_Earth_to_Mars,Earth_Relay2_Mars,0,0.995,0.995,0,203776,203776,0,1431.4475792617623,1431.4475792617623,0,1,1,200,0,-200
576,1000575,Direct_Combined_25pctPower_BG16,Direct_Earth_to_Mars,Earth_Relay2_Mars,0,0.995,0.995,0,203776,203776,0,1431.4475792617623,1431.4475792617623,0,1,1,200,0,-200
577,1000576,Control,Direct_Earth_to_Mars,Direct_Earth_to_Mars,0.93000000000000005,0.93000000000000005,0,190464,190464,0,823.83960547535651,823.83960547535651,0,14,14,0,0,0,0
577,1000576,Direct_Background_16,Direct_Earth_to_Mars,Direct_Earth_to_Mars,0.93000000000000005,0.93000000000000005,0,190464,190464,0,823.83960547535651,823.83960547535651,0,14,14,0,0,0,0
577,1000576,Direct_Pointing_25pct_Power,Direct_Earth_to_Mars,Direct_Earth_to_Mars,0.92000000000000004,0.92000000000000004,0,188416,188416,0,823.83960547535639,823.83960547535639,0,14,14,0,2,2,0
577,1000576,Direct_Combined_25pctPower_BG16,Direct_Earth_to_Mars,Earth_Relay2_Mars,0,0.82499999999999996,0.82499999999999996,0,168960,168960,0,889.7845302499743,889.7845302499743,14,35,21,186,0,-186
578,1000577,Control,Direct_Earth_to_Mars,Direct_Earth_to_Mars,0.97499999999999998,0.97499999999999998,0,199680,199680,0,1148.3767246226282,1148.3767246226282,0,5,5,0,0,0,0
578,1000577,Direct_Background_16,Direct_Earth_to_Mars,Direct_Earth_to_Mars,0.97499999999999998,0.97499999999999998,0,199680,199680,0,1148.3767246226282,1148.3767246226282,0,5,5,0,0,0,0
578,1000577,Direct_Pointing_25pct_Power,Direct_Earth_to_Mars,Earth_Relay2_Mars,0,0.91000000000000003,0.91000000000000003,0,186368,186368,0,1214.7220134576476,1214.7220134576476,5,18,13,195,0,-195
578,1000577,Direct_Combined_25pctPower_BG16,Direct_Earth_to_Mars,Earth_Relay2_Mars,0,0.91000000000000003,0.91000000000000003,0,186368,186368,0,1214.7220134576476,1214.7220134576476,5,18,13,195,0,-195
579,1000578,Control,Direct_Earth_to_Mars,Direct_Earth_to_Mars,0.93999999999999995,0.93999999999999995,0,192512,192512,0,303.96366663581847,303.96366663581847,0,12,12,0,0,0,0
579,1000578,Direct_Background_16,Direct_Earth_to_Mars,Direct_Earth_to_Mars,0.93999999999999995,0.93999999999999995,0,192512,192512,0,303.96366663581847,303.96366663581847,0,12,12,0,0,0,0
579,1000578,Direct_Pointing_25pct_Power,Direct_Earth_to_Mars,Direct_Earth_to_Mars,0.93999999999999995,0.93999999999999995,0,192512,192512,0,303.96366663581847,303.96366663581847,0,12,12,0,0,0,0
579,1000578,Direct_Combined_25pctPower_BG16,Direct_Earth_to_Mars,Direct_Earth_to_Mars,0.93999999999999995,0.93999999999999995,0,192512,192512,0,303.96366663581847,303.96366663581847,0,12,12,0,0,0,0
580,1000579,Control,Direct_Earth_to_Mars,Direct_Earth_to_Mars,0.93999999999999995,0.93999999999999995,0,192512,192512,0,1028.1641160603012,1028.1641160603012,0,12,12,0,0,0,0
580,1000579,Direct_Background_16,Direct_Earth_to_Mars,Direct_Earth_to_Mars,0.93999999999999995,0.93999999999999995,0,192512,192512,0,1028.1641160603012,1028.1641160603012,0,12,12,0,0,0,0
580,1000579,Direct_Pointing_25pct_Power,Direct_Earth_to_Mars,Earth_Relay2_Mars,0,0.89000000000000001,0.89000000000000001,0,182272,182272,0,1094.4209414537277,1094.4209414537277,12,22,10,188,0,-188
580,1000579,Direct_Combined_25pctPower_BG16,Direct_Earth_to_Mars,Earth_Relay2_Mars,0,0.89000000000000001,0.89000000000000001,0,182272,182272,0,1094.4209414537277,1094.4209414537277,12,22,10,188,0,-188
581,1000580,Control,Direct_Earth_to_Mars,Direct_Earth_to_Mars,0.93999999999999995,0.93999999999999995,0,192512,192512,0,603.60928550287235,603.60928550287235,0,12,12,0,0,0,0
581,1000580,Direct_Background_16,Direct_Earth_to_Mars,Direct_Earth_to_Mars,0.93999999999999995,0.93999999999999995,0,192512,192512,0,603.60928550287235,603.60928550287235,0,12,12,0,0,0,0
581,1000580,Direct_Pointing_25pct_Power,Direct_Earth_to_Mars,Direct_Earth_to_Mars,0.93999999999999995,0.93999999999999995,0,192512,192512,0,603.60928550287235,603.60928550287235,0,12,12,0,0,0,0
581,1000580,Direct_Combined_25pctPower_BG16,Direct_Earth_to_Mars,Direct_Earth_to_Mars,0.93999999999999995,0.93999999999999995,0,192512,192512,0,603.60928550287235,603.60928550287235,0,12,12,0,0,0,0
582,1000581,Control,Direct_Earth_to_Mars,Direct_Earth_to_Mars,0.82999999999999996,0.82999999999999996,0,169984,169984,0,1352.8557613793216,1352.8557613793216,0,34,34,0,0,0,0
582,1000581,Direct_Background_16,Direct_Earth_to_Mars,Direct_Earth_to_Mars,0.80000000000000004,0.80000000000000004,0,163840,163840,0,1352.8557613793214,1352.8557613793214,0,34,34,0,6,6,0
582,1000581,Direct_Pointing_25pct_Power,Direct_Earth_to_Mars,Earth_Relay2_Mars,0,0.73999999999999999,0.73999999999999999,0,151552,151552,0,1419.5236468967043,1419.5236468967043,34,52,18,166,0,-166
582,1000581,Direct_Combined_25pctPower_BG16,Direct_Earth_to_Mars,Earth_Relay2_Mars,0,0.73999999999999999,0.73999999999999999,0,151552,151552,0,1419.5236468967043,1419.5236468967043,34,52,18,166,0,-166
583,1000582,Control,Direct_Earth_to_Mars,Direct_Earth_to_Mars,0.93999999999999995,0.93999999999999995,0,192512,192512,0,1125.5130000675003,1125.5130000675003,0,12,12,0,0,0,0
583,1000582,Direct_Background_16,Direct_Earth_to_Mars,Direct_Earth_to_Mars,0.93999999999999995,0.93999999999999995,0,192512,192512,0,1125.5130000675003,1125.5130000675003,0,12,12,0,0,0,0
583,1000582,Direct_Pointing_25pct_Power,Direct_Earth_to_Mars,Earth_Relay2_Mars,0,0.90500000000000003,0.90500000000000003,0,185344,185344,0,1191.919271591592,1191.919271591592,12,19,7,188,0,-188
583,1000582,Direct_Combined_25pctPower_BG16,Direct_Earth_to_Mars,Earth_Relay2_Mars,0,0.90500000000000003,0.90500000000000003,0,185344,185344,0,1191.919271591592,1191.919271591592,12,19,7,188,0,-188
584,1000583,Control,Direct_Earth_to_Mars,Direct_Earth_to_Mars,0.87,0.87,0,178176,178176,0,765.95242988286122,765.95242988286122,0,26,26,0,0,0,0
584,1000583,Direct_Background_16,Direct_Earth_to_Mars,Direct_Earth_to_Mars,0.87,0.87,0,178176,178176,0,765.95242988286122,765.95242988286122,0,26,26,0,0,0,0
584,1000583,Direct_Pointing_25pct_Power,Direct_Earth_to_Mars,Direct_Earth_to_Mars,0.86499999999999999,0.86499999999999999,0,177152,177152,0,765.95242988286122,765.95242988286122,0,26,26,0,1,1,0
584,1000583,Direct_Combined_25pctPower_BG16,Direct_Earth_to_Mars,Earth_Relay2_Mars,0,0.75,0.75,0,153600,153600,0,831.94973959705305,831.94973959705305,26,50,24,174,0,-174
585,1000584,Control,Direct_Earth_to_Mars,Direct_Earth_to_Mars,0.93999999999999995,0.93999999999999995,0,192512,192512,0,989.29068271125175,989.29068271125175,0,12,12,0,0,0,0
585,1000584,Direct_Background_16,Direct_Earth_to_Mars,Direct_Earth_to_Mars,0.93999999999999995,0.93999999999999995,0,192512,192512,0,989.29068271125175,989.29068271125175,0,12,12,0,0,0,0
585,1000584,Direct_Pointing_25pct_Power,Direct_Earth_to_Mars,Earth_Relay2_Mars,0,0.84499999999999997,0.84499999999999997,0,173056,173056,0,1055.4605167361444,1055.4605167361444,12,31,19,188,0,-188
585,1000584,Direct_Combined_25pctPower_BG16,Direct_Earth_to_Mars,Earth_Relay2_Mars,0,0.84499999999999997,0.84499999999999997,0,173056,173056,0,1055.4605167361444,1055.4605167361444,12,31,19,188,0,-188
586,1000585,Control,Direct_Earth_to_Mars,Direct_Earth_to_Mars,0.97999999999999998,0.97999999999999998,0,200704,200704,0,877.52089759348564,877.52089759348564,0,4,4,0,0,0,0
586,1000585,Direct_Background_16,Direct_Earth_to_Mars,Direct_Earth_to_Mars,0.97999999999999998,0.97999999999999998,0,200704,200704,0,877.52089759348564,877.52089759348564,0,4,4,0,0,0,0
586,1000585,Direct_Pointing_25pct_Power,Direct_Earth_to_Mars,Direct_Earth_to_Mars,0.93000000000000005,0.93000000000000005,0,190464,190464,0,877.52089759348519,877.52089759348519,0,4,4,0,10,10,0
586,1000585,Direct_Combined_25pctPower_BG16,Direct_Earth_to_Mars,Earth_Relay2_Mars,0,0.96499999999999997,0.96499999999999997,0,197632,197632,0,943.53874980280739,943.53874980280739,4,7,3,196,0,-196
587,1000586,Control,Direct_Earth_to_Mars,Direct_Earth_to_Mars,0.95999999999999996,0.95999999999999996,0,196608,196608,0,407.67335914122094,407.67335914122094,0,8,8,0,0,0,0
587,1000586,Direct_Background_16,Direct_Earth_to_Mars,Direct_Earth_to_Mars,0.95999999999999996,0.95999999999999996,0,196608,196608,0,407.67335914122094,407.67335914122094,0,8,8,0,0,0,0
587,1000586,Direct_Pointing_25pct_Power,Direct_Earth_to_Mars,Direct_Earth_to_Mars,0.95999999999999996,0.95999999999999996,0,196608,196608,0,407.67335914122094,407.67335914122094,0,8,8,0,0,0,0
587,1000586,Direct_Combined_25pctPower_BG16,Direct_Earth_to_Mars,Direct_Earth_to_Mars,0.95999999999999996,0.95999999999999996,0,196608,196608,0,407.67335914122094,407.67335914122094,0,8,8,0,0,0,0
588,1000587,Control,Direct_Earth_to_Mars,Direct_Earth_to_Mars,0.94999999999999996,0.94999999999999996,0,194560,194560,0,741.49841834478309,741.49841834478309,0,10,10,0,0,0,0
588,1000587,Direct_Background_16,Direct_Earth_to_Mars,Direct_Earth_to_Mars,0.94999999999999996,0.94999999999999996,0,194560,194560,0,741.49841834478309,741.49841834478309,0,10,10,0,0,0,0
588,1000587,Direct_Pointing_25pct_Power,Direct_Earth_to_Mars,Direct_Earth_to_Mars,0.94999999999999996,0.94999999999999996,0,194560,194560,0,741.49841834478309,741.49841834478309,0,10,10,0,0,0,0
588,1000587,Direct_Combined_25pctPower_BG16,Direct_Earth_to_Mars,Earth_Relay2_Mars,0.14000000000000001,0.90500000000000003,0.76500000000000001,28672,185344,156672,741.49841834478377,807.33476048895534,65.836342144171567,10,19,9,162,0,-162
589,1000588,Control,Direct_Earth_to_Mars,Direct_Earth_to_Mars,0.98999999999999999,0.98999999999999999,0,202752,202752,0,1047.5415164821875,1047.5415164821875,0,2,2,0,0,0,0
589,1000588,Direct_Background_16,Direct_Earth_to_Mars,Direct_Earth_to_Mars,0.98999999999999999,0.98999999999999999,0,202752,202752,0,1047.5415164821875,1047.5415164821875,0,2,2,0,0,0,0
589,1000588,Direct_Pointing_25pct_Power,Direct_Earth_to_Mars,Earth_Relay2_Mars,0,0.96999999999999997,0.96999999999999997,0,198656,198656,0,1113.7735876393922,1113.7735876393922,2,6,4,198,0,-198
589,1000588,Direct_Combined_25pctPower_BG16,Direct_Earth_to_Mars,Earth_Relay2_Mars,0,0.96999999999999997,0.96999999999999997,0,198656,198656,0,1113.7735876393922,1113.7735876393922,2,6,4,198,0,-198
590,1000589,Control,Direct_Earth_to_Mars,Direct_Earth_to_Mars,0.83499999999999996,0.83499999999999996,0,171008,171008,0,1354.7206017595245,1354.7206017595245,0,33,33,0,0,0,0
590,1000589,Direct_Background_16,Direct_Earth_to_Mars,Direct_Earth_to_Mars,0.76500000000000001,0.76500000000000001,0,156672,156672,0,1354.720601759524,1354.720601759524,0,33,33,0,14,14,0
590,1000589,Direct_Pointing_25pct_Power,Direct_Earth_to_Mars,Earth_Relay2_Mars,0,0.67000000000000004,0.67000000000000004,0,137216,137216,0,1421.3893995402052,1421.3893995402052,33,66,33,167,0,-167
590,1000589,Direct_Combined_25pctPower_BG16,Direct_Earth_to_Mars,Earth_Relay2_Mars,0,0.67000000000000004,0.67000000000000004,0,137216,137216,0,1421.3893995402052,1421.3893995402052,33,66,33,167,0,-167
591,1000590,Control,Direct_Earth_to_Mars,Direct_Earth_to_Mars,0.84999999999999998,0.84999999999999998,0,174080,174080,0,881.97261604699975,881.97261604699975,0,30,30,0,0,0,0
591,1000590,Direct_Background_16,Direct_Earth_to_Mars,Direct_Earth_to_Mars,0.84999999999999998,0.84999999999999998,0,174080,174080,0,881.97261604699975,881.97261604699975,0,30,30,0,0,0,0
591,1000590,Direct_Pointing_25pct_Power,Direct_Earth_to_Mars,Direct_Earth_to_Mars,0.755,0.755,0,154624,154624,0,881.97261604700134,881.97261604700134,0,30,30,0,19,19,0
591,1000590,Direct_Combined_25pctPower_BG16,Direct_Earth_to_Mars,Earth_Relay2_Mars,0,0.70999999999999996,0.70999999999999996,0,145408,145408,0,948.04845702759042,948.04845702759042,30,58,28,170,0,-170
592,1000591,Control,Direct_Earth_to_Mars,Direct_Earth_to_Mars,0.81999999999999995,0.81999999999999995,0,167936,167936,0,580.4944350095019,580.4944350095019,0,36,36,0,0,0,0
592,1000591,Direct_Background_16,Direct_Earth_to_Mars,Direct_Earth_to_Mars,0.81999999999999995,0.81999999999999995,0,167936,167936,0,580.4944350095019,580.4944350095019,0,36,36,0,0,0,0
592,1000591,Direct_Pointing_25pct_Power,Direct_Earth_to_Mars,Direct_Earth_to_Mars,0.81999999999999995,0.81999999999999995,0,167936,167936,0,580.4944350095019,580.4944350095019,0,36,36,0,0,0,0
592,1000591,Direct_Combined_25pctPower_BG16,Direct_Earth_to_Mars,Direct_Earth_to_Mars,0.81999999999999995,0.81999999999999995,0,167936,167936,0,580.4944350095019,580.4944350095019,0,36,36,0,0,0,0
593,1000592,Control,Direct_Earth_to_Mars,Direct_Earth_to_Mars,0.96999999999999997,0.96999999999999997,0,198656,198656,0,485.66775024932605,485.66775024932605,0,6,6,0,0,0,0
593,1000592,Direct_Background_16,Direct_Earth_to_Mars,Direct_Earth_to_Mars,0.96999999999999997,0.96999999999999997,0,198656,198656,0,485.66775024932605,485.66775024932605,0,6,6,0,0,0,0
593,1000592,Direct_Pointing_25pct_Power,Direct_Earth_to_Mars,Direct_Earth_to_Mars,0.96999999999999997,0.96999999999999997,0,198656,198656,0,485.66775024932605,485.66775024932605,0,6,6,0,0,0,0
593,1000592,Direct_Combined_25pctPower_BG16,Direct_Earth_to_Mars,Direct_Earth_to_Mars,0.96999999999999997,0.96999999999999997,0,198656,198656,0,485.66775024932605,485.66775024932605,0,6,6,0,0,0,0
594,1000593,Control,Direct_Earth_to_Mars,Direct_Earth_to_Mars,0.97999999999999998,0.97999999999999998,0,200704,200704,0,426.2081315980268,426.2081315980268,0,4,4,0,0,0,0
594,1000593,Direct_Background_16,Direct_Earth_to_Mars,Direct_Earth_to_Mars,0.97999999999999998,0.97999999999999998,0,200704,200704,0,426.2081315980268,426.2081315980268,0,4,4,0,0,0,0
594,1000593,Direct_Pointing_25pct_Power,Direct_Earth_to_Mars,Direct_Earth_to_Mars,0.97999999999999998,0.97999999999999998,0,200704,200704,0,426.2081315980268,426.2081315980268,0,4,4,0,0,0,0
594,1000593,Direct_Combined_25pctPower_BG16,Direct_Earth_to_Mars,Direct_Earth_to_Mars,0.97999999999999998,0.97999999999999998,0,200704,200704,0,426.2081315980268,426.2081315980268,0,4,4,0,0,0,0
595,1000594,Control,Direct_Earth_to_Mars,Direct_Earth_to_Mars,0.93999999999999995,0.93999999999999995,0,192512,192512,0,1355.2294357254343,1355.2294357254343,0,12,12,0,0,0,0
595,1000594,Direct_Background_16,Direct_Earth_to_Mars,Direct_Earth_to_Mars,0.81000000000000005,0.81000000000000005,0,165888,165888,0,1355.229435725435,1355.229435725435,0,12,12,0,26,26,0
595,1000594,Direct_Pointing_25pct_Power,Direct_Earth_to_Mars,Earth_Relay2_Mars,0,0.88,0.88,0,180224,180224,0,1421.8984638635886,1421.8984638635886,12,24,12,188,0,-188
595,1000594,Direct_Combined_25pctPower_BG16,Direct_Earth_to_Mars,Earth_Relay2_Mars,0,0.88,0.88,0,180224,180224,0,1421.8984638635886,1421.8984638635886,12,24,12,188,0,-188
596,1000595,Control,Direct_Earth_to_Mars,Direct_Earth_to_Mars,0.90000000000000002,0.90000000000000002,0,184320,184320,0,602.75122028088629,602.75122028088629,0,20,20,0,0,0,0
596,1000595,Direct_Background_16,Direct_Earth_to_Mars,Direct_Earth_to_Mars,0.90000000000000002,0.90000000000000002,0,184320,184320,0,602.75122028088629,602.75122028088629,0,20,20,0,0,0,0
596,1000595,Direct_Pointing_25pct_Power,Direct_Earth_to_Mars,Direct_Earth_to_Mars,0.90000000000000002,0.90000000000000002,0,184320,184320,0,602.75122028088629,602.75122028088629,0,20,20,0,0,0,0
596,1000595,Direct_Combined_25pctPower_BG16,Direct_Earth_to_Mars,Direct_Earth_to_Mars,0.90000000000000002,0.90000000000000002,0,184320,184320,0,602.75122028088629,602.75122028088629,0,20,20,0,0,0,0
597,1000596,Control,Direct_Earth_to_Mars,Direct_Earth_to_Mars,0.92500000000000004,0.92500000000000004,0,189440,189440,0,1351.0850082172899,1351.0850082172899,0,15,15,0,0,0,0
597,1000596,Direct_Background_16,Direct_Earth_to_Mars,Direct_Earth_to_Mars,0.88500000000000001,0.88500000000000001,0,181248,181248,0,1351.0850082172901,1351.0850082172901,0,15,15,0,8,8,0
597,1000596,Direct_Pointing_25pct_Power,Direct_Earth_to_Mars,Earth_Relay2_Mars,0,0.875,0.875,0,179200,179200,0,1417.7064829560052,1417.7064829560052,15,25,10,185,0,-185
597,1000596,Direct_Combined_25pctPower_BG16,Direct_Earth_to_Mars,Earth_Relay2_Mars,0,0.875,0.875,0,179200,179200,0,1417.7064829560052,1417.7064829560052,15,25,10,185,0,-185
598,1000597,Control,Direct_Earth_to_Mars,Direct_Earth_to_Mars,0.76500000000000001,0.76500000000000001,0,156672,156672,0,1355.863833866759,1355.863833866759,0,47,47,0,0,0,0
598,1000597,Direct_Background_16,Direct_Earth_to_Mars,Direct_Earth_to_Mars,0.60499999999999998,0.60499999999999998,0,123904,123904,0,1355.8638338667608,1355.8638338667608,0,47,47,0,32,32,0
598,1000597,Direct_Pointing_25pct_Power,Direct_Earth_to_Mars,Earth_Relay2_Mars,0,0.64000000000000001,0.64000000000000001,0,131072,131072,0,1422.5331368157447,1422.5331368157447,47,72,25,153,0,-153
598,1000597,Direct_Combined_25pctPower_BG16,Direct_Earth_to_Mars,Earth_Relay2_Mars,0,0.64000000000000001,0.64000000000000001,0,131072,131072,0,1422.5331368157447,1422.5331368157447,47,72,25,153,0,-153
599,1000598,Control,Direct_Earth_to_Mars,Direct_Earth_to_Mars,1,1,0,204800,204800,0,1152.2230866146933,1152.2230866146933,0,0,0,0,0,0,0
599,1000598,Direct_Background_16,Direct_Earth_to_Mars,Direct_Earth_to_Mars,1,1,0,204800,204800,0,1152.2230866146933,1152.2230866146933,0,0,0,0,0,0,0
599,1000598,Direct_Pointing_25pct_Power,Direct_Earth_to_Mars,Earth_Relay2_Mars,0,0.995,0.995,0,203776,203776,0,1218.572933941346,1218.572933941346,0,1,1,200,0,-200
599,1000598,Direct_Combined_25pctPower_BG16,Direct_Earth_to_Mars,Earth_Relay2_Mars,0,0.995,0.995,0,203776,203776,0,1218.572933941346,1218.572933941346,0,1,1,200,0,-200
600,1000599,Control,Direct_Earth_to_Mars,Direct_Earth_to_Mars,0.79500000000000004,0.79500000000000004,0,162816,162816,0,1367.8817362527186,1367.8817362527186,0,41,41,0,0,0,0
600,1000599,Direct_Background_16,Direct_Earth_to_Mars,Direct_Earth_to_Mars,0.54500000000000004,0.54500000000000004,0,111616,111616,0,1367.8817362527186,1367.8817362527186,0,41,41,0,50,50,0
600,1000599,Direct_Pointing_25pct_Power,Direct_Earth_to_Mars,Earth_Relay2_Mars,0,0.68000000000000005,0.68000000000000005,0,139264,139264,0,1434.5450357708403,1434.5450357708403,41,64,23,159,0,-159
600,1000599,Direct_Combined_25pctPower_BG16,Direct_Earth_to_Mars,Earth_Relay2_Mars,0,0.68000000000000005,0.68000000000000005,0,139264,139264,0,1434.5450357708403,1434.5450357708403,41,64,23,159,0,-159
601,1000600,Control,Direct_Earth_to_Mars,Direct_Earth_to_Mars,0.93999999999999995,0.93999999999999995,0,192512,192512,0,362.06012035730799,362.06012035730799,0,12,12,0,0,0,0
601,1000600,Direct_Background_16,Direct_Earth_to_Mars,Direct_Earth_to_Mars,0.93999999999999995,0.93999999999999995,0,192512,192512,0,362.06012035730799,362.06012035730799,0,12,12,0,0,0,0
601,1000600,Direct_Pointing_25pct_Power,Direct_Earth_to_Mars,Direct_Earth_to_Mars,0.93999999999999995,0.93999999999999995,0,192512,192512,0,362.06012035730799,362.06012035730799,0,12,12,0,0,0,0
601,1000600,Direct_Combined_25pctPower_BG16,Direct_Earth_to_Mars,Direct_Earth_to_Mars,0.93999999999999995,0.93999999999999995,0,192512,192512,0,362.06012035730799,362.06012035730799,0,12,12,0,0,0,0
602,1000601,Control,Direct_Earth_to_Mars,Direct_Earth_to_Mars,0.81499999999999995,0.81499999999999995,0,166912,166912,0,786.30875755452041,786.30875755452041,0,37,37,0,0,0,0
602,1000601,Direct_Background_16,Direct_Earth_to_Mars,Direct_Earth_to_Mars,0.81499999999999995,0.81499999999999995,0,166912,166912,0,786.30875755452041,786.30875755452041,0,37,37,0,0,0,0
602,1000601,Direct_Pointing_25pct_Power,Direct_Earth_to_Mars,Direct_Earth_to_Mars,0.81499999999999995,0.81499999999999995,0,166912,166912,0,786.30875755452041,786.30875755452041,0,37,37,0,0,0,0
602,1000601,Direct_Combined_25pctPower_BG16,Direct_Earth_to_Mars,Earth_Relay2_Mars,0,0.67000000000000004,0.67000000000000004,0,137216,137216,0,852.31738890043528,852.31738890043528,37,66,29,163,0,-163
603,1000602,Control,Direct_Earth_to_Mars,Direct_Earth_to_Mars,0.96499999999999997,0.96499999999999997,0,197632,197632,0,1361.3455708616473,1361.3455708616473,0,7,7,0,0,0,0
603,1000602,Direct_Background_16,Direct_Earth_to_Mars,Direct_Earth_to_Mars,0.94499999999999995,0.94499999999999995,0,193536,193536,0,1361.3455708616473,1361.3455708616473,0,7,7,0,4,4,0
603,1000602,Direct_Pointing_25pct_Power,Direct_Earth_to_Mars,Earth_Relay2_Mars,0,0.91500000000000004,0.91500000000000004,0,187392,187392,0,1428.0164689079961,1428.0164689079961,7,17,10,193,0,-193
603,1000602,Direct_Combined_25pctPower_BG16,Direct_Earth_to_Mars,Earth_Relay2_Mars,0,0.91500000000000004,0.91500000000000004,0,187392,187392,0,1428.0164689079961,1428.0164689079961,7,17,10,193,0,-193
604,1000603,Control,Direct_Earth_to_Mars,Direct_Earth_to_Mars,0.88,0.88,0,180224,180224,0,602.32032748109907,602.32032748109907,0,24,24,0,0,0,0
604,1000603,Direct_Background_16,Direct_Earth_to_Mars,Direct_Earth_to_Mars,0.88,0.88,0,180224,180224,0,602.32032748109907,602.32032748109907,0,24,24,0,0,0,0
604,1000603,Direct_Pointing_25pct_Power,Direct_Earth_to_Mars,Direct_Earth_to_Mars,0.88,0.88,0,180224,180224,0,602.32032748109907,602.32032748109907,0,24,24,0,0,0,0
604,1000603,Direct_Combined_25pctPower_BG16,Direct_Earth_to_Mars,Direct_Earth_to_Mars,0.88,0.88,0,180224,180224,0,602.32032748109907,602.32032748109907,0,24,24,0,0,0,0
605,1000604,Control,Direct_Earth_to_Mars,Direct_Earth_to_Mars,0.86499999999999999,0.86499999999999999,0,177152,177152,0,473.03227012096039,473.03227012096039,0,27,27,0,0,0,0
605,1000604,Direct_Background_16,Direct_Earth_to_Mars,Direct_Earth_to_Mars,0.86499999999999999,0.86499999999999999,0,177152,177152,0,473.03227012096039,473.03227012096039,0,27,27,0,0,0,0
605,1000604,Direct_Pointing_25pct_Power,Direct_Earth_to_Mars,Direct_Earth_to_Mars,0.86499999999999999,0.86499999999999999,0,177152,177152,0,473.03227012096039,473.03227012096039,0,27,27,0,0,0,0
605,1000604,Direct_Combined_25pctPower_BG16,Direct_Earth_to_Mars,Direct_Earth_to_Mars,0.86499999999999999,0.86499999999999999,0,177152,177152,0,473.03227012096039,473.03227012096039,0,27,27,0,0,0,0
606,1000605,Control,Direct_Earth_to_Mars,Direct_Earth_to_Mars,0.92000000000000004,0.92000000000000004,0,188416,188416,0,650.57384941924499,650.57384941924499,0,16,16,0,0,0,0
606,1000605,Direct_Background_16,Direct_Earth_to_Mars,Direct_Earth_to_Mars,0.92000000000000004,0.92000000000000004,0,188416,188416,0,650.57384941924499,650.57384941924499,0,16,16,0,0,0,0
606,1000605,Direct_Pointing_25pct_Power,Direct_Earth_to_Mars,Direct_Earth_to_Mars,0.92000000000000004,0.92000000000000004,0,188416,188416,0,650.57384941924499,650.57384941924499,0,16,16,0,0,0,0
606,1000605,Direct_Combined_25pctPower_BG16,Direct_Earth_to_Mars,Direct_Earth_to_Mars,0.92000000000000004,0.92000000000000004,0,188416,188416,0,650.57384941924499,650.57384941924499,0,16,16,0,0,0,0
607,1000606,Control,Direct_Earth_to_Mars,Direct_Earth_to_Mars,0.83999999999999997,0.83999999999999997,0,172032,172032,0,493.24832431062521,493.24832431062521,0,32,32,0,0,0,0
607,1000606,Direct_Background_16,Direct_Earth_to_Mars,Direct_Earth_to_Mars,0.83999999999999997,0.83999999999999997,0,172032,172032,0,493.24832431062521,493.24832431062521,0,32,32,0,0,0,0
607,1000606,Direct_Pointing_25pct_Power,Direct_Earth_to_Mars,Direct_Earth_to_Mars,0.83999999999999997,0.83999999999999997,0,172032,172032,0,493.24832431062521,493.24832431062521,0,32,32,0,0,0,0
607,1000606,Direct_Combined_25pctPower_BG16,Direct_Earth_to_Mars,Direct_Earth_to_Mars,0.83999999999999997,0.83999999999999997,0,172032,172032,0,493.24832431062521,493.24832431062521,0,32,32,0,0,0,0
608,1000607,Control,Direct_Earth_to_Mars,Direct_Earth_to_Mars,0.92000000000000004,0.92000000000000004,0,188416,188416,0,1366.2362306372979,1366.2362306372979,0,16,16,0,0,0,0
608,1000607,Direct_Background_16,Direct_Earth_to_Mars,Direct_Earth_to_Mars,0.625,0.625,0,128000,128000,0,1366.2362306372988,1366.2362306372988,0,16,16,0,59,59,0
608,1000607,Direct_Pointing_25pct_Power,Direct_Earth_to_Mars,Earth_Relay2_Mars,0,0.88,0.88,0,180224,180224,0,1432.8911728952878,1432.8911728952878,16,24,8,184,0,-184
608,1000607,Direct_Combined_25pctPower_BG16,Direct_Earth_to_Mars,Earth_Relay2_Mars,0,0.88,0.88,0,180224,180224,0,1432.8911728952878,1432.8911728952878,16,24,8,184,0,-184
609,1000608,Control,Direct_Earth_to_Mars,Direct_Earth_to_Mars,0.88500000000000001,0.88500000000000001,0,181248,181248,0,882.22289223117457,882.22289223117457,0,23,23,0,0,0,0
609,1000608,Direct_Background_16,Direct_Earth_to_Mars,Direct_Earth_to_Mars,0.88500000000000001,0.88500000000000001,0,181248,181248,0,882.22289223117457,882.22289223117457,0,23,23,0,0,0,0
609,1000608,Direct_Pointing_25pct_Power,Direct_Earth_to_Mars,Direct_Earth_to_Mars,0.71499999999999997,0.71499999999999997,0,146432,146432,0,882.22289223117684,882.22289223117684,0,23,23,0,34,34,0
609,1000608,Direct_Combined_25pctPower_BG16,Direct_Earth_to_Mars,Earth_Relay2_Mars,0,0.79500000000000004,0.79500000000000004,0,162816,162816,0,948.2471585368304,948.2471585368304,23,41,18,177,0,-177
610,1000609,Control,Direct_Earth_to_Mars,Direct_Earth_to_Mars,0.87,0.87,0,178176,178176,0,1118.9953573764647,1118.9953573764647,0,26,26,0,0,0,0
610,1000609,Direct_Background_16,Direct_Earth_to_Mars,Direct_Earth_to_Mars,0.86499999999999999,0.86499999999999999,0,177152,177152,0,1118.9953573764647,1118.9953573764647,0,26,26,0,1,1,0
610,1000609,Direct_Pointing_25pct_Power,Direct_Earth_to_Mars,Earth_Relay2_Mars,0,0.72999999999999998,0.72999999999999998,0,149504,149504,0,1185.3921700512396,1185.3921700512396,26,54,28,174,0,-174
610,1000609,Direct_Combined_25pctPower_BG16,Direct_Earth_to_Mars,Earth_Relay2_Mars,0,0.72999999999999998,0.72999999999999998,0,149504,149504,0,1185.3921700512396,1185.3921700512396,26,54,28,174,0,-174
611,1000610,Control,Direct_Earth_to_Mars,Direct_Earth_to_Mars,0.96999999999999997,0.96999999999999997,0,198656,198656,0,1361.7114584532333,1361.7114584532333,0,6,6,0,0,0,0
611,1000610,Direct_Background_16,Direct_Earth_to_Mars,Direct_Earth_to_Mars,0.92500000000000004,0.92500000000000004,0,189440,189440,0,1361.711458453233,1361.711458453233,0,6,6,0,9,9,0
611,1000610,Direct_Pointing_25pct_Power,Direct_Earth_to_Mars,Earth_Relay2_Mars,0,0.95499999999999996,0.95499999999999996,0,195584,195584,0,1428.3543195856616,1428.3543195856616,6,9,3,194,0,-194
611,1000610,Direct_Combined_25pctPower_BG16,Direct_Earth_to_Mars,Earth_Relay2_Mars,0,0.95499999999999996,0.95499999999999996,0,195584,195584,0,1428.3543195856616,1428.3543195856616,6,9,3,194,0,-194
612,1000611,Control,Direct_Earth_to_Mars,Direct_Earth_to_Mars,0.87,0.87,0,178176,178176,0,1257.8292782664153,1257.8292782664153,0,26,26,0,0,0,0
612,1000611,Direct_Background_16,Direct_Earth_to_Mars,Direct_Earth_to_Mars,0.86499999999999999,0.86499999999999999,0,177152,177152,0,1257.8292782664153,1257.8292782664153,0,26,26,0,1,1,0
612,1000611,Direct_Pointing_25pct_Power,Direct_Earth_to_Mars,Earth_Relay2_Mars,0,0.72499999999999998,0.72499999999999998,0,148480,148480,0,1324.4078641627254,1324.4078641627254,26,55,29,174,0,-174
612,1000611,Direct_Combined_25pctPower_BG16,Direct_Earth_to_Mars,Earth_Relay2_Mars,0,0.72499999999999998,0.72499999999999998,0,148480,148480,0,1324.4078641627254,1324.4078641627254,26,55,29,174,0,-174
613,1000612,Control,Direct_Earth_to_Mars,Direct_Earth_to_Mars,0.95499999999999996,0.95499999999999996,0,195584,195584,0,1354.2631077635745,1354.2631077635745,0,9,9,0,0,0,0
613,1000612,Direct_Background_16,Direct_Earth_to_Mars,Direct_Earth_to_Mars,0.85999999999999999,0.85999999999999999,0,176128,176128,0,1354.2631077635745,1354.2631077635745,0,9,9,0,19,19,0
613,1000612,Direct_Pointing_25pct_Power,Direct_Earth_to_Mars,Earth_Relay2_Mars,0,0.89500000000000002,0.89500000000000002,0,183296,183296,0,1420.9316913064979,1420.9316913064979,9,21,12,191,0,-191
613,1000612,Direct_Combined_25pctPower_BG16,Direct_Earth_to_Mars,Earth_Relay2_Mars,0,0.89500000000000002,0.89500000000000002,0,183296,183296,0,1420.9316913064979,1420.9316913064979,9,21,12,191,0,-191
614,1000613,Control,Direct_Earth_to_Mars,Direct_Earth_to_Mars,0.81499999999999995,0.81499999999999995,0,166912,166912,0,886.18435237827453,886.18435237827453,0,37,37,0,0,0,0
614,1000613,Direct_Background_16,Direct_Earth_to_Mars,Direct_Earth_to_Mars,0.81499999999999995,0.81499999999999995,0,166912,166912,0,886.18435237827453,886.18435237827453,0,37,37,0,0,0,0
614,1000613,Direct_Pointing_25pct_Power,Direct_Earth_to_Mars,Direct_Earth_to_Mars,0.77000000000000002,0.77000000000000002,0,157696,157696,0,886.18435237827453,886.18435237827453,0,37,37,0,9,9,0
614,1000613,Direct_Combined_25pctPower_BG16,Direct_Earth_to_Mars,Earth_Relay2_Mars,0,0.66000000000000003,0.66000000000000003,0,135168,135168,0,952.21402373662215,952.21402373662215,37,68,31,163,0,-163
615,1000614,Control,Direct_Earth_to_Mars,Direct_Earth_to_Mars,0.85999999999999999,0.85999999999999999,0,176128,176128,0,1263.7021016414592,1263.7021016414592,0,28,28,0,0,0,0
615,1000614,Direct_Background_16,Direct_Earth_to_Mars,Direct_Earth_to_Mars,0.83499999999999996,0.83499999999999996,0,171008,171008,0,1263.7021016414596,1263.7021016414596,0,28,28,0,5,5,0
615,1000614,Direct_Pointing_25pct_Power,Direct_Earth_to_Mars,Earth_Relay2_Mars,0,0.69999999999999996,0.69999999999999996,0,143360,143360,0,1330.1925673284484,1330.1925673284484,28,60,32,172,0,-172
615,1000614,Direct_Combined_25pctPower_BG16,Direct_Earth_to_Mars,Earth_Relay2_Mars,0,0.69999999999999996,0.69999999999999996,0,143360,143360,0,1330.1925673284484,1330.1925673284484,28,60,32,172,0,-172
616,1000615,Control,Direct_Earth_to_Mars,Direct_Earth_to_Mars,0.93000000000000005,0.93000000000000005,0,190464,190464,0,348.19041416969242,348.19041416969242,0,14,14,0,0,0,0
616,1000615,Direct_Background_16,Direct_Earth_to_Mars,Direct_Earth_to_Mars,0.93000000000000005,0.93000000000000005,0,190464,190464,0,348.19041416969242,348.19041416969242,0,14,14,0,0,0,0
616,1000615,Direct_Pointing_25pct_Power,Direct_Earth_to_Mars,Direct_Earth_to_Mars,0.93000000000000005,0.93000000000000005,0,190464,190464,0,348.19041416969242,348.19041416969242,0,14,14,0,0,0,0
616,1000615,Direct_Combined_25pctPower_BG16,Direct_Earth_to_Mars,Direct_Earth_to_Mars,0.93000000000000005,0.93000000000000005,0,190464,190464,0,348.19041416969242,348.19041416969242,0,14,14,0,0,0,0
617,1000616,Control,Direct_Earth_to_Mars,Direct_Earth_to_Mars,0.95999999999999996,0.95999999999999996,0,196608,196608,0,984.05374676884787,984.05374676884787,0,8,8,0,0,0,0
617,1000616,Direct_Background_16,Direct_Earth_to_Mars,Direct_Earth_to_Mars,0.95999999999999996,0.95999999999999996,0,196608,196608,0,984.05374676884787,984.05374676884787,0,8,8,0,0,0,0
617,1000616,Direct_Pointing_25pct_Power,Direct_Earth_to_Mars,Earth_Relay1_Mars,0,0.93500000000000005,0.93500000000000005,0,191488,191488,0,1180.7144019120585,1180.7144019120585,8,13,5,192,0,-192
617,1000616,Direct_Combined_25pctPower_BG16,Direct_Earth_to_Mars,Earth_Relay1_Mars,0,0.93500000000000005,0.93500000000000005,0,191488,191488,0,1180.7144019120585,1180.7144019120585,8,13,5,192,0,-192
618,1000617,Control,Direct_Earth_to_Mars,Direct_Earth_to_Mars,0.82999999999999996,0.82999999999999996,0,169984,169984,0,1092.2491987791248,1092.2491987791248,0,34,34,0,0,0,0
618,1000617,Direct_Background_16,Direct_Earth_to_Mars,Direct_Earth_to_Mars,0.82999999999999996,0.82999999999999996,0,169984,169984,0,1092.2491987791248,1092.2491987791248,0,34,34,0,0,0,0
618,1000617,Direct_Pointing_25pct_Power,Direct_Earth_to_Mars,Earth_Relay2_Mars,0,0.69999999999999996,0.69999999999999996,0,143360,143360,0,1158.6063336810357,1158.6063336810357,34,60,26,166,0,-166
618,1000617,Direct_Combined_25pctPower_BG16,Direct_Earth_to_Mars,Earth_Relay2_Mars,0,0.69999999999999996,0.69999999999999996,0,143360,143360,0,1158.6063336810357,1158.6063336810357,34,60,26,166,0,-166
619,1000618,Control,Direct_Earth_to_Mars,Direct_Earth_to_Mars,0.92000000000000004,0.92000000000000004,0,188416,188416,0,1199.9361690969965,1199.9361690969965,0,16,16,0,0,0,0
619,1000618,Direct_Background_16,Direct_Earth_to_Mars,Direct_Earth_to_Mars,0.92000000000000004,0.92000000000000004,0,188416,188416,0,1199.9361690969965,1199.9361690969965,0,16,16,0,0,0,0
619,1000618,Direct_Pointing_25pct_Power,Direct_Earth_to_Mars,Earth_Relay2_Mars,0,0.84999999999999998,0.84999999999999998,0,174080,174080,0,1266.3440775889342,1266.3440775889342,16,30,14,184,0,-184
619,1000618,Direct_Combined_25pctPower_BG16,Direct_Earth_to_Mars,Earth_Relay2_Mars,0,0.84999999999999998,0.84999999999999998,0,174080,174080,0,1266.3440775889342,1266.3440775889342,16,30,14,184,0,-184
620,1000619,Control,Direct_Earth_to_Mars,Direct_Earth_to_Mars,0.96999999999999997,0.96999999999999997,0,198656,198656,0,1350.3510099947741,1350.3510099947741,0,6,6,0,0,0,0
620,1000619,Direct_Background_16,Direct_Earth_to_Mars,Direct_Earth_to_Mars,0.94499999999999995,0.94499999999999995,0,193536,193536,0,1350.3510099947741,1350.3510099947741,0,6,6,0,5,5,0
620,1000619,Direct_Pointing_25pct_Power,Direct_Earth_to_Mars,Earth_Relay2_Mars,0,0.94999999999999996,0.94999999999999996,0,194560,194560,0,1417.0175260958847,1417.0175260958847,6,10,4,194,0,-194
620,1000619,Direct_Combined_25pctPower_BG16,Direct_Earth_to_Mars,Earth_Relay2_Mars,0,0.94999999999999996,0.94999999999999996,0,194560,194560,0,1417.0175260958847,1417.0175260958847,6,10,4,194,0,-194
621,1000620,Control,Direct_Earth_to_Mars,Direct_Earth_to_Mars,0.82499999999999996,0.82499999999999996,0,168960,168960,0,1062.9253998583968,1062.9253998583968,0,35,35,0,0,0,0
621,1000620,Direct_Background_16,Direct_Earth_to_Mars,Direct_Earth_to_Mars,0.82499999999999996,0.82499999999999996,0,168960,168960,0,1062.9253998583968,1062.9253998583968,0,35,35,0,0,0,0
621,1000620,Direct_Pointing_25pct_Power,Direct_Earth_to_Mars,Earth_Relay2_Mars,0,0.67000000000000004,0.67000000000000004,0,137216,137216,0,1129.1739512154138,1129.1739512154138,35,66,31,165,0,-165
621,1000620,Direct_Combined_25pctPower_BG16,Direct_Earth_to_Mars,Earth_Relay2_Mars,0,0.67000000000000004,0.67000000000000004,0,137216,137216,0,1129.1739512154138,1129.1739512154138,35,66,31,165,0,-165
622,1000621,Control,Direct_Earth_to_Mars,Direct_Earth_to_Mars,0.875,0.875,0,179200,179200,0,537.09776249183994,537.09776249183994,0,25,25,0,0,0,0
622,1000621,Direct_Background_16,Direct_Earth_to_Mars,Direct_Earth_to_Mars,0.875,0.875,0,179200,179200,0,537.09776249183994,537.09776249183994,0,25,25,0,0,0,0
622,1000621,Direct_Pointing_25pct_Power,Direct_Earth_to_Mars,Direct_Earth_to_Mars,0.875,0.875,0,179200,179200,0,537.09776249183994,537.09776249183994,0,25,25,0,0,0,0
622,1000621,Direct_Combined_25pctPower_BG16,Direct_Earth_to_Mars,Direct_Earth_to_Mars,0.875,0.875,0,179200,179200,0,537.09776249183994,537.09776249183994,0,25,25,0,0,0,0
623,1000622,Control,Direct_Earth_to_Mars,Direct_Earth_to_Mars,0.95499999999999996,0.95499999999999996,0,195584,195584,0,285.22350218524656,285.22350218524656,0,9,9,0,0,0,0
623,1000622,Direct_Background_16,Direct_Earth_to_Mars,Direct_Earth_to_Mars,0.95499999999999996,0.95499999999999996,0,195584,195584,0,285.22350218524656,285.22350218524656,0,9,9,0,0,0,0
623,1000622,Direct_Pointing_25pct_Power,Direct_Earth_to_Mars,Direct_Earth_to_Mars,0.95499999999999996,0.95499999999999996,0,195584,195584,0,285.22350218524656,285.22350218524656,0,9,9,0,0,0,0
623,1000622,Direct_Combined_25pctPower_BG16,Direct_Earth_to_Mars,Direct_Earth_to_Mars,0.95499999999999996,0.95499999999999996,0,195584,195584,0,285.22350218524656,285.22350218524656,0,9,9,0,0,0,0
624,1000623,Control,Direct_Earth_to_Mars,Direct_Earth_to_Mars,0.96499999999999997,0.96499999999999997,0,197632,197632,0,1271.3892289245632,1271.3892289245632,0,7,7,0,0,0,0
624,1000623,Direct_Background_16,Direct_Earth_to_Mars,Direct_Earth_to_Mars,0.95999999999999996,0.95999999999999996,0,196608,196608,0,1271.3892289245634,1271.3892289245634,0,7,7,0,1,1,0
624,1000623,Direct_Pointing_25pct_Power,Direct_Earth_to_Mars,Earth_Relay2_Mars,0,0.94499999999999995,0.94499999999999995,0,193536,193536,0,1337.890123101359,1337.890123101359,7,11,4,193,0,-193
624,1000623,Direct_Combined_25pctPower_BG16,Direct_Earth_to_Mars,Earth_Relay2_Mars,0,0.94499999999999995,0.94499999999999995,0,193536,193536,0,1337.890123101359,1337.890123101359,7,11,4,193,0,-193
625,1000624,Control,Direct_Earth_to_Mars,Direct_Earth_to_Mars,0.80000000000000004,0.80000000000000004,0,163840,163840,0,1300.6650805511656,1300.6650805511656,0,40,40,0,0,0,0
625,1000624,Direct_Background_16,Direct_Earth_to_Mars,Direct_Earth_to_Mars,0.745,0.745,0,152576,152576,0,1300.6650805511649,1300.6650805511649,0,40,40,0,11,11,0
625,1000624,Direct_Pointing_25pct_Power,Direct_Earth_to_Mars,Earth_Relay2_Mars,0,0.66000000000000003,0.66000000000000003,0,135168,135168,0,1367.2069807816401,1367.2069807816401,40,68,28,160,0,-160
625,1000624,Direct_Combined_25pctPower_BG16,Direct_Earth_to_Mars,Earth_Relay2_Mars,0,0.66000000000000003,0.66000000000000003,0,135168,135168,0,1367.2069807816401,1367.2069807816401,40,68,28,160,0,-160
626,1000625,Control,Direct_Earth_to_Mars,Direct_Earth_to_Mars,0.91500000000000004,0.91500000000000004,0,187392,187392,0,1222.1803111287302,1222.1803111287302,0,17,17,0,0,0,0
626,1000625,Direct_Background_16,Direct_Earth_to_Mars,Direct_Earth_to_Mars,0.91500000000000004,0.91500000000000004,0,187392,187392,0,1222.1803111287302,1222.1803111287302,0,17,17,0,0,0,0
626,1000625,Direct_Pointing_25pct_Power,Direct_Earth_to_Mars,Earth_Relay2_Mars,0,0.81999999999999995,0.81999999999999995,0,167936,167936,0,1288.7164563142871,1288.7164563142871,17,36,19,183,0,-183
626,1000625,Direct_Combined_25pctPower_BG16,Direct_Earth_to_Mars,Earth_Relay2_Mars,0,0.81999999999999995,0.81999999999999995,0,167936,167936,0,1288.7164563142871,1288.7164563142871,17,36,19,183,0,-183
627,1000626,Control,Direct_Earth_to_Mars,Direct_Earth_to_Mars,0.96499999999999997,0.96499999999999997,0,197632,197632,0,984.19739115619257,984.19739115619257,0,7,7,0,0,0,0
627,1000626,Direct_Background_16,Direct_Earth_to_Mars,Direct_Earth_to_Mars,0.96499999999999997,0.96499999999999997,0,197632,197632,0,984.19739115619257,984.19739115619257,0,7,7,0,0,0,0
627,1000626,Direct_Pointing_25pct_Power,Direct_Earth_to_Mars,Earth_Relay2_Mars,0,0.93000000000000005,0.93000000000000005,0,190464,190464,0,1050.3648401624523,1050.3648401624523,7,14,7,193,0,-193
627,1000626,Direct_Combined_25pctPower_BG16,Direct_Earth_to_Mars,Earth_Relay2_Mars,0,0.93000000000000005,0.93000000000000005,0,190464,190464,0,1050.3648401624523,1050.3648401624523,7,14,7,193,0,-193
628,1000627,Control,Direct_Earth_to_Mars,Direct_Earth_to_Mars,0.92000000000000004,0.92000000000000004,0,188416,188416,0,1343.6870335339263,1343.6870335339263,0,16,16,0,0,0,0
628,1000627,Direct_Background_16,Direct_Earth_to_Mars,Direct_Earth_to_Mars,0.89000000000000001,0.89000000000000001,0,182272,182272,0,1343.6870335339261,1343.6870335339261,0,16,16,0,6,6,0
628,1000627,Direct_Pointing_25pct_Power,Direct_Earth_to_Mars,Earth_Relay2_Mars,0,0.82499999999999996,0.82499999999999996,0,168960,168960,0,1410.3493024589839,1410.3493024589839,16,35,19,184,0,-184
628,1000627,Direct_Combined_25pctPower_BG16,Direct_Earth_to_Mars,Earth_Relay2_Mars,0,0.82499999999999996,0.82499999999999996,0,168960,168960,0,1410.3493024589839,1410.3493024589839,16,35,19,184,0,-184
629,1000628,Control,Direct_Earth_to_Mars,Direct_Earth_to_Mars,0.92000000000000004,0.92000000000000004,0,188416,188416,0,1257.302800892626,1257.302800892626,0,16,16,0,0,0,0
629,1000628,Direct_Background_16,Direct_Earth_to_Mars,Direct_Earth_to_Mars,0.91500000000000004,0.91500000000000004,0,187392,187392,0,1257.302800892626,1257.302800892626,0,16,16,0,1,1,0
629,1000628,Direct_Pointing_25pct_Power,Direct_Earth_to_Mars,Earth_Relay2_Mars,0,0.87,0.87,0,178176,178176,0,1323.880784632202,1323.880784632202,16,26,10,184,0,-184
629,1000628,Direct_Combined_25pctPower_BG16,Direct_Earth_to_Mars,Earth_Relay2_Mars,0,0.87,0.87,0,178176,178176,0,1323.880784632202,1323.880784632202,16,26,10,184,0,-184
630,1000629,Control,Direct_Earth_to_Mars,Direct_Earth_to_Mars,0.88,0.88,0,180224,180224,0,1157.3811802315956,1157.3811802315956,0,24,24,0,0,0,0
630,1000629,Direct_Background_16,Direct_Earth_to_Mars,Direct_Earth_to_Mars,0.88,0.88,0,180224,180224,0,1157.3811802315956,1157.3811802315956,0,24,24,0,0,0,0
630,1000629,Direct_Pointing_25pct_Power,Direct_Earth_to_Mars,Earth_Relay2_Mars,0,0.77500000000000002,0.77500000000000002,0,158720,158720,0,1223.7371685610071,1223.7371685610071,24,45,21,176,0,-176
630,1000629,Direct_Combined_25pctPower_BG16,Direct_Earth_to_Mars,Earth_Relay2_Mars,0,0.77500000000000002,0.77500000000000002,0,158720,158720,0,1223.7371685610071,1223.7371685610071,24,45,21,176,0,-176
631,1000630,Control,Direct_Earth_to_Mars,Direct_Earth_to_Mars,0.81999999999999995,0.81999999999999995,0,167936,167936,0,829.99821978363548,829.99821978363548,0,36,36,0,0,0,0
631,1000630,Direct_Background_16,Direct_Earth_to_Mars,Direct_Earth_to_Mars,0.81999999999999995,0.81999999999999995,0,167936,167936,0,829.99821978363548,829.99821978363548,0,36,36,0,0,0,0
631,1000630,Direct_Pointing_25pct_Power,Direct_Earth_to_Mars,Direct_Earth_to_Mars,0.78000000000000003,0.78000000000000003,0,159744,159744,0,829.99821978363605,829.99821978363605,0,36,36,0,8,8,0
631,1000630,Direct_Combined_25pctPower_BG16,Direct_Earth_to_Mars,Earth_Relay2_Mars,0,0.68000000000000005,0.68000000000000005,0,139264,139264,0,896.03491081562152,896.03491081562152,36,64,28,164,0,-164
632,1000631,Control,Direct_Earth_to_Mars,Direct_Earth_to_Mars,0.87,0.87,0,178176,178176,0,1104.3859572232475,1104.3859572232475,0,26,26,0,0,0,0
632,1000631,Direct_Background_16,Direct_Earth_to_Mars,Direct_Earth_to_Mars,0.87,0.87,0,178176,178176,0,1104.3859572232475,1104.3859572232475,0,26,26,0,0,0,0
632,1000631,Direct_Pointing_25pct_Power,Direct_Earth_to_Mars,Earth_Relay2_Mars,0,0.76000000000000001,0.76000000000000001,0,155648,155648,0,1170.761266492945,1170.761266492945,26,48,22,174,0,-174
632,1000631,Direct_Combined_25pctPower_BG16,Direct_Earth_to_Mars,Earth_Relay2_Mars,0,0.76000000000000001,0.76000000000000001,0,155648,155648,0,1170.761266492945,1170.761266492945,26,48,22,174,0,-174
633,1000632,Control,Direct_Earth_to_Mars,Direct_Earth_to_Mars,0.875,0.875,0,179200,179200,0,1366.9759238788408,1366.9759238788408,0,25,25,0,0,0,0
633,1000632,Direct_Background_16,Direct_Earth_to_Mars,Direct_Earth_to_Mars,0.82999999999999996,0.82999999999999996,0,169984,169984,0,1366.9759238788408,1366.9759238788408,0,25,25,0,9,9,0
633,1000632,Direct_Pointing_25pct_Power,Direct_Earth_to_Mars,Earth_Relay2_Mars,0,0.69499999999999995,0.69499999999999995,0,142336,142336,0,1433.6445843973579,1433.6445843973579,25,61,36,175,0,-175
633,1000632,Direct_Combined_25pctPower_BG16,Direct_Earth_to_Mars,Earth_Relay2_Mars,0,0.69499999999999995,0.69499999999999995,0,142336,142336,0,1433.6445843973579,1433.6445843973579,25,61,36,175,0,-175
634,1000633,Control,Direct_Earth_to_Mars,Direct_Earth_to_Mars,0.81000000000000005,0.81000000000000005,0,165888,165888,0,1267.7356535022552,1267.7356535022552,0,38,38,0,0,0,0
634,1000633,Direct_Background_16,Direct_Earth_to_Mars,Direct_Earth_to_Mars,0.79500000000000004,0.79500000000000004,0,162816,162816,0,1267.7356535022552,1267.7356535022552,0,38,38,0,3,3,0
634,1000633,Direct_Pointing_25pct_Power,Direct_Earth_to_Mars,Earth_Relay2_Mars,0,0.67000000000000004,0.67000000000000004,0,137216,137216,0,1334.3254205426203,1334.3254205426203,38,66,28,162,0,-162
634,1000633,Direct_Combined_25pctPower_BG16,Direct_Earth_to_Mars,Earth_Relay2_Mars,0,0.67000000000000004,0.67000000000000004,0,137216,137216,0,1334.3254205426203,1334.3254205426203,38,66,28,162,0,-162
635,1000634,Control,Direct_Earth_to_Mars,Direct_Earth_to_Mars,0.93000000000000005,0.93000000000000005,0,190464,190464,0,1094.2440070762311,1094.2440070762311,0,14,14,0,0,0,0
635,1000634,Direct_Background_16,Direct_Earth_to_Mars,Direct_Earth_to_Mars,0.93000000000000005,0.93000000000000005,0,190464,190464,0,1094.2440070762311,1094.2440070762311,0,14,14,0,0,0,0
635,1000634,Direct_Pointing_25pct_Power,Direct_Earth_to_Mars,Earth_Relay2_Mars,0,0.84999999999999998,0.84999999999999998,0,174080,174080,0,1160.5270036475583,1160.5270036475583,14,30,16,186,0,-186
635,1000634,Direct_Combined_25pctPower_BG16,Direct_Earth_to_Mars,Earth_Relay2_Mars,0,0.84999999999999998,0.84999999999999998,0,174080,174080,0,1160.5270036475583,1160.5270036475583,14,30,16,186,0,-186
636,1000635,Control,Direct_Earth_to_Mars,Direct_Earth_to_Mars,0.78000000000000003,0.78000000000000003,0,159744,159744,0,571.48793870839722,571.48793870839722,0,44,44,0,0,0,0
636,1000635,Direct_Background_16,Direct_Earth_to_Mars,Direct_Earth_to_Mars,0.78000000000000003,0.78000000000000003,0,159744,159744,0,571.48793870839722,571.48793870839722,0,44,44,0,0,0,0
636,1000635,Direct_Pointing_25pct_Power,Direct_Earth_to_Mars,Direct_Earth_to_Mars,0.78000000000000003,0.78000000000000003,0,159744,159744,0,571.48793870839722,571.48793870839722,0,44,44,0,0,0,0
636,1000635,Direct_Combined_25pctPower_BG16,Direct_Earth_to_Mars,Direct_Earth_to_Mars,0.78000000000000003,0.78000000000000003,0,159744,159744,0,571.48793870839722,571.48793870839722,0,44,44,0,0,0,0
637,1000636,Control,Direct_Earth_to_Mars,Direct_Earth_to_Mars,0.97999999999999998,0.97999999999999998,0,200704,200704,0,1357.7713028691358,1357.7713028691358,0,4,4,0,0,0,0
637,1000636,Direct_Background_16,Direct_Earth_to_Mars,Direct_Earth_to_Mars,0.745,0.745,0,152576,152576,0,1357.7713028691358,1357.7713028691358,0,4,4,0,47,47,0
637,1000636,Direct_Pointing_25pct_Power,Direct_Earth_to_Mars,Earth_Relay2_Mars,0,0.96499999999999997,0.96499999999999997,0,197632,197632,0,1424.4056609879704,1424.4056609879704,4,7,3,196,0,-196
637,1000636,Direct_Combined_25pctPower_BG16,Direct_Earth_to_Mars,Earth_Relay2_Mars,0,0.96499999999999997,0.96499999999999997,0,197632,197632,0,1424.4056609879704,1424.4056609879704,4,7,3,196,0,-196
638,1000637,Control,Direct_Earth_to_Mars,Direct_Earth_to_Mars,0.94499999999999995,0.94499999999999995,0,193536,193536,0,1295.3035951513177,1295.3035951513177,0,11,11,0,0,0,0
638,1000637,Direct_Background_16,Direct_Earth_to_Mars,Direct_Earth_to_Mars,0.91000000000000003,0.91000000000000003,0,186368,186368,0,1295.3035951513177,1295.3035951513177,0,11,11,0,7,7,0
638,1000637,Direct_Pointing_25pct_Power,Direct_Earth_to_Mars,Earth_Relay2_Mars,0,0.92000000000000004,0.92000000000000004,0,188416,188416,0,1361.8378095617209,1361.8378095617209,11,16,5,189,0,-189
638,1000637,Direct_Combined_25pctPower_BG16,Direct_Earth_to_Mars,Earth_Relay2_Mars,0,0.92000000000000004,0.92000000000000004,0,188416,188416,0,1361.8378095617209,1361.8378095617209,11,16,5,189,0,-189
639,1000638,Control,Direct_Earth_to_Mars,Direct_Earth_to_Mars,0.84499999999999997,0.84499999999999997,0,173056,173056,0,421.60947215660264,421.60947215660264,0,31,31,0,0,0,0
639,1000638,Direct_Background_16,Direct_Earth_to_Mars,Direct_Earth_to_Mars,0.84499999999999997,0.84499999999999997,0,173056,173056,0,421.60947215660264,421.60947215660264,0,31,31,0,0,0,0
639,1000638,Direct_Pointing_25pct_Power,Direct_Earth_to_Mars,Direct_Earth_to_Mars,0.84499999999999997,0.84499999999999997,0,173056,173056,0,421.60947215660264,421.60947215660264,0,31,31,0,0,0,0
639,1000638,Direct_Combined_25pctPower_BG16,Direct_Earth_to_Mars,Direct_Earth_to_Mars,0.84499999999999997,0.84499999999999997,0,173056,173056,0,421.60947215660264,421.60947215660264,0,31,31,0,0,0,0
640,1000639,Control,Direct_Earth_to_Mars,Direct_Earth_to_Mars,0.96999999999999997,0.96999999999999997,0,198656,198656,0,1279.5571112613268,1279.5571112613268,0,6,6,0,0,0,0
640,1000639,Direct_Background_16,Direct_Earth_to_Mars,Direct_Earth_to_Mars,0.95999999999999996,0.95999999999999996,0,196608,196608,0,1279.5571112613268,1279.5571112613268,0,6,6,0,2,2,0
640,1000639,Direct_Pointing_25pct_Power,Direct_Earth_to_Mars,Earth_Relay2_Mars,0,0.94999999999999996,0.94999999999999996,0,194560,194560,0,1346.0692266222015,1346.0692266222015,6,10,4,194,0,-194
640,1000639,Direct_Combined_25pctPower_BG16,Direct_Earth_to_Mars,Earth_Relay2_Mars,0,0.94999999999999996,0.94999999999999996,0,194560,194560,0,1346.0692266222015,1346.0692266222015,6,10,4,194,0,-194
641,1000640,Control,Direct_Earth_to_Mars,Direct_Earth_to_Mars,0.82999999999999996,0.82999999999999996,0,169984,169984,0,317.15834357628989,317.15834357628989,0,34,34,0,0,0,0
641,1000640,Direct_Background_16,Direct_Earth_to_Mars,Direct_Earth_to_Mars,0.82999999999999996,0.82999999999999996,0,169984,169984,0,317.15834357628989,317.15834357628989,0,34,34,0,0,0,0
641,1000640,Direct_Pointing_25pct_Power,Direct_Earth_to_Mars,Direct_Earth_to_Mars,0.82999999999999996,0.82999999999999996,0,169984,169984,0,317.15834357628989,317.15834357628989,0,34,34,0,0,0,0
641,1000640,Direct_Combined_25pctPower_BG16,Direct_Earth_to_Mars,Direct_Earth_to_Mars,0.82999999999999996,0.82999999999999996,0,169984,169984,0,317.15834357628989,317.15834357628989,0,34,34,0,0,0,0
642,1000641,Control,Direct_Earth_to_Mars,Direct_Earth_to_Mars,0.83999999999999997,0.83999999999999997,0,172032,172032,0,1367.9055978905219,1367.9055978905219,0,32,32,0,0,0,0
642,1000641,Direct_Background_16,Direct_Earth_to_Mars,Direct_Earth_to_Mars,0.67500000000000004,0.67500000000000004,0,138240,138240,0,1367.9055978905214,1367.9055978905214,0,32,32,0,33,33,0
642,1000641,Direct_Pointing_25pct_Power,Direct_Earth_to_Mars,Earth_Relay2_Mars,0,0.73999999999999999,0.73999999999999999,0,151552,151552,0,1434.5702198754591,1434.5702198754591,32,52,20,168,0,-168
642,1000641,Direct_Combined_25pctPower_BG16,Direct_Earth_to_Mars,Earth_Relay2_Mars,0,0.73999999999999999,0.73999999999999999,0,151552,151552,0,1434.5702198754591,1434.5702198754591,32,52,20,168,0,-168
643,1000642,Control,Direct_Earth_to_Mars,Direct_Earth_to_Mars,0.80000000000000004,0.80000000000000004,0,163840,163840,0,672.81498141573252,672.81498141573252,0,40,40,0,0,0,0
643,1000642,Direct_Background_16,Direct_Earth_to_Mars,Direct_Earth_to_Mars,0.80000000000000004,0.80000000000000004,0,163840,163840,0,672.81498141573252,672.81498141573252,0,40,40,0,0,0,0
643,1000642,Direct_Pointing_25pct_Power,Direct_Earth_to_Mars,Direct_Earth_to_Mars,0.80000000000000004,0.80000000000000004,0,163840,163840,0,672.81498141573252,672.81498141573252,0,40,40,0,0,0,0
643,1000642,Direct_Combined_25pctPower_BG16,Direct_Earth_to_Mars,Direct_Earth_to_Mars,0.80000000000000004,0.80000000000000004,0,163840,163840,0,672.81498141573252,672.81498141573252,0,40,40,0,0,0,0
644,1000643,Control,Direct_Earth_to_Mars,Direct_Earth_to_Mars,0.94999999999999996,0.94999999999999996,0,194560,194560,0,464.28439381452341,464.28439381452341,0,10,10,0,0,0,0
644,1000643,Direct_Background_16,Direct_Earth_to_Mars,Direct_Earth_to_Mars,0.94999999999999996,0.94999999999999996,0,194560,194560,0,464.28439381452341,464.28439381452341,0,10,10,0,0,0,0
644,1000643,Direct_Pointing_25pct_Power,Direct_Earth_to_Mars,Direct_Earth_to_Mars,0.94999999999999996,0.94999999999999996,0,194560,194560,0,464.28439381452341,464.28439381452341,0,10,10,0,0,0,0
644,1000643,Direct_Combined_25pctPower_BG16,Direct_Earth_to_Mars,Direct_Earth_to_Mars,0.94999999999999996,0.94999999999999996,0,194560,194560,0,464.28439381452341,464.28439381452341,0,10,10,0,0,0,0
645,1000644,Control,Direct_Earth_to_Mars,Direct_Earth_to_Mars,0.86499999999999999,0.86499999999999999,0,177152,177152,0,707.92668312364242,707.92668312364242,0,27,27,0,0,0,0
645,1000644,Direct_Background_16,Direct_Earth_to_Mars,Direct_Earth_to_Mars,0.86499999999999999,0.86499999999999999,0,177152,177152,0,707.92668312364242,707.92668312364242,0,27,27,0,0,0,0
645,1000644,Direct_Pointing_25pct_Power,Direct_Earth_to_Mars,Direct_Earth_to_Mars,0.86499999999999999,0.86499999999999999,0,177152,177152,0,707.92668312364242,707.92668312364242,0,27,27,0,0,0,0
645,1000644,Direct_Combined_25pctPower_BG16,Direct_Earth_to_Mars,Direct_Earth_to_Mars,0.64000000000000001,0.64000000000000001,0,131072,131072,0,707.92668312364128,707.92668312364128,0,27,27,0,45,45,0
646,1000645,Control,Direct_Earth_to_Mars,Direct_Earth_to_Mars,0.85999999999999999,0.85999999999999999,0,176128,176128,0,384.44982752657785,384.44982752657785,0,28,28,0,0,0,0
646,1000645,Direct_Background_16,Direct_Earth_to_Mars,Direct_Earth_to_Mars,0.85999999999999999,0.85999999999999999,0,176128,176128,0,384.44982752657785,384.44982752657785,0,28,28,0,0,0,0
646,1000645,Direct_Pointing_25pct_Power,Direct_Earth_to_Mars,Direct_Earth_to_Mars,0.85999999999999999,0.85999999999999999,0,176128,176128,0,384.44982752657785,384.44982752657785,0,28,28,0,0,0,0
646,1000645,Direct_Combined_25pctPower_BG16,Direct_Earth_to_Mars,Direct_Earth_to_Mars,0.85999999999999999,0.85999999999999999,0,176128,176128,0,384.44982752657785,384.44982752657785,0,28,28,0,0,0,0
647,1000646,Control,Direct_Earth_to_Mars,Direct_Earth_to_Mars,0.90500000000000003,0.90500000000000003,0,185344,185344,0,420.07636473602923,420.07636473602923,0,19,19,0,0,0,0
647,1000646,Direct_Background_16,Direct_Earth_to_Mars,Direct_Earth_to_Mars,0.90500000000000003,0.90500000000000003,0,185344,185344,0,420.07636473602923,420.07636473602923,0,19,19,0,0,0,0
647,1000646,Direct_Pointing_25pct_Power,Direct_Earth_to_Mars,Direct_Earth_to_Mars,0.90500000000000003,0.90500000000000003,0,185344,185344,0,420.07636473602923,420.07636473602923,0,19,19,0,0,0,0
647,1000646,Direct_Combined_25pctPower_BG16,Direct_Earth_to_Mars,Direct_Earth_to_Mars,0.90500000000000003,0.90500000000000003,0,185344,185344,0,420.07636473602923,420.07636473602923,0,19,19,0,0,0,0
648,1000647,Control,Direct_Earth_to_Mars,Direct_Earth_to_Mars,0.96499999999999997,0.96499999999999997,0,197632,197632,0,783.70524822383152,783.70524822383152,0,7,7,0,0,0,0
648,1000647,Direct_Background_16,Direct_Earth_to_Mars,Direct_Earth_to_Mars,0.96499999999999997,0.96499999999999997,0,197632,197632,0,783.70524822383152,783.70524822383152,0,7,7,0,0,0,0
648,1000647,Direct_Pointing_25pct_Power,Direct_Earth_to_Mars,Direct_Earth_to_Mars,0.96499999999999997,0.96499999999999997,0,197632,197632,0,783.70524822383152,783.70524822383152,0,7,7,0,0,0,0
648,1000647,Direct_Combined_25pctPower_BG16,Direct_Earth_to_Mars,Earth_Relay2_Mars,0,0.92500000000000004,0.92500000000000004,0,189440,189440,0,849.59647882260003,849.59647882260003,7,15,8,193,0,-193
649,1000648,Control,Direct_Earth_to_Mars,Direct_Earth_to_Mars,0.90000000000000002,0.90000000000000002,0,184320,184320,0,1278.6669875911095,1278.6669875911095,0,20,20,0,0,0,0
649,1000648,Direct_Background_16,Direct_Earth_to_Mars,Direct_Earth_to_Mars,0.86499999999999999,0.86499999999999999,0,177152,177152,0,1278.6669875911098,1278.6669875911098,0,20,20,0,7,7,0
649,1000648,Direct_Pointing_25pct_Power,Direct_Earth_to_Mars,Earth_Relay2_Mars,0,0.85499999999999998,0.85499999999999998,0,175104,175104,0,1345.2687470317696,1345.2687470317696,20,29,9,180,0,-180
649,1000648,Direct_Combined_25pctPower_BG16,Direct_Earth_to_Mars,Earth_Relay2_Mars,0,0.85499999999999998,0.85499999999999998,0,175104,175104,0,1345.2687470317696,1345.2687470317696,20,29,9,180,0,-180
650,1000649,Control,Direct_Earth_to_Mars,Direct_Earth_to_Mars,0.79500000000000004,0.79500000000000004,0,162816,162816,0,1001.5707736721184,1001.5707736721184,0,41,41,0,0,0,0
650,1000649,Direct_Background_16,Direct_Earth_to_Mars,Direct_Earth_to_Mars,0.79500000000000004,0.79500000000000004,0,162816,162816,0,1001.5707736721184,1001.5707736721184,0,41,41,0,0,0,0
650,1000649,Direct_Pointing_25pct_Power,Direct_Earth_to_Mars,Earth_Relay2_Mars,0,0.60999999999999999,0.60999999999999999,0,124928,124928,0,1067.7840798421523,1067.7840798421523,41,78,37,159,0,-159
650,1000649,Direct_Combined_25pctPower_BG16,Direct_Earth_to_Mars,Earth_Relay2_Mars,0,0.60999999999999999,0.60999999999999999,0,124928,124928,0,1067.7840798421523,1067.7840798421523,41,78,37,159,0,-159
651,1000650,Control,Direct_Earth_to_Mars,Direct_Earth_to_Mars,0.93999999999999995,0.93999999999999995,0,192512,192512,0,1367.865895176976,1367.865895176976,0,12,12,0,0,0,0
651,1000650,Direct_Background_16,Direct_Earth_to_Mars,Direct_Earth_to_Mars,0.88500000000000001,0.88500000000000001,0,181248,181248,0,1367.865895176976,1367.865895176976,0,12,12,0,11,11,0
651,1000650,Direct_Pointing_25pct_Power,Direct_Earth_to_Mars,Earth_Relay2_Mars,0,0.88500000000000001,0.88500000000000001,0,181248,181248,0,1434.5313083530998,1434.5313083530998,12,23,11,188,0,-188
651,1000650,Direct_Combined_25pctPower_BG16,Direct_Earth_to_Mars,Earth_Relay2_Mars,0,0.88500000000000001,0.88500000000000001,0,181248,181248,0,1434.5313083530998,1434.5313083530998,12,23,11,188,0,-188
652,1000651,Control,Direct_Earth_to_Mars,Direct_Earth_to_Mars,0.84999999999999998,0.84999999999999998,0,174080,174080,0,1032.8351159693955,1032.8351159693955,0,30,30,0,0,0,0
652,1000651,Direct_Background_16,Direct_Earth_to_Mars,Direct_Earth_to_Mars,0.84999999999999998,0.84999999999999998,0,174080,174080,0,1032.8351159693955,1032.8351159693955,0,30,30,0,0,0,0
652,1000651,Direct_Pointing_25pct_Power,Direct_Earth_to_Mars,Earth_Relay2_Mars,0,0.76500000000000001,0.76500000000000001,0,156672,156672,0,1099.0994812531835,1099.0994812531835,30,47,17,170,0,-170
652,1000651,Direct_Combined_25pctPower_BG16,Direct_Earth_to_Mars,Earth_Relay2_Mars,0,0.76500000000000001,0.76500000000000001,0,156672,156672,0,1099.0994812531835,1099.0994812531835,30,47,17,170,0,-170
653,1000652,Control,Direct_Earth_to_Mars,Direct_Earth_to_Mars,0.95499999999999996,0.95499999999999996,0,195584,195584,0,713.25281819526288,713.25281819526288,0,9,9,0,0,0,0
653,1000652,Direct_Background_16,Direct_Earth_to_Mars,Direct_Earth_to_Mars,0.95499999999999996,0.95499999999999996,0,195584,195584,0,713.25281819526288,713.25281819526288,0,9,9,0,0,0,0
653,1000652,Direct_Pointing_25pct_Power,Direct_Earth_to_Mars,Direct_Earth_to_Mars,0.95499999999999996,0.95499999999999996,0,195584,195584,0,713.25281819526288,713.25281819526288,0,9,9,0,0,0,0
653,1000652,Direct_Combined_25pctPower_BG16,Direct_Earth_to_Mars,Direct_Earth_to_Mars,0.90000000000000002,0.90000000000000002,0,184320,184320,0,713.25281819526276,713.25281819526276,0,9,9,0,11,11,0
654,1000653,Control,Direct_Earth_to_Mars,Direct_Earth_to_Mars,0.90500000000000003,0.90500000000000003,0,185344,185344,0,1084.1612939738575,1084.1612939738575,0,19,19,0,0,0,0
654,1000653,Direct_Background_16,Direct_Earth_to_Mars,Direct_Earth_to_Mars,0.90500000000000003,0.90500000000000003,0,185344,185344,0,1084.1612939738575,1084.1612939738575,0,19,19,0,0,0,0
654,1000653,Direct_Pointing_25pct_Power,Direct_Earth_to_Mars,Earth_Relay2_Mars,0,0.78500000000000003,0.78500000000000003,0,160768,160768,0,1150.506164738181,1150.506164738181,19,43,24,181,0,-181
654,1000653,Direct_Combined_25pctPower_BG16,Direct_Earth_to_Mars,Earth_Relay2_Mars,0,0.78500000000000003,0.78500000000000003,0,160768,160768,0,1150.506164738181,1150.506164738181,19,43,24,181,0,-181
655,1000654,Control,Direct_Earth_to_Mars,Direct_Earth_to_Mars,0.81499999999999995,0.81499999999999995,0,166912,166912,0,287.19760815465332,287.19760815465332,0,37,37,0,0,0,0
655,1000654,Direct_Background_16,Direct_Earth_to_Mars,Direct_Earth_to_Mars,0.81499999999999995,0.81499999999999995,0,166912,166912,0,287.19760815465332,287.19760815465332,0,37,37,0,0,0,0
655,1000654,Direct_Pointing_25pct_Power,Direct_Earth_to_Mars,Direct_Earth_to_Mars,0.81499999999999995,0.81499999999999995,0,166912,166912,0,287.19760815465332,287.19760815465332,0,37,37,0,0,0,0
655,1000654,Direct_Combined_25pctPower_BG16,Direct_Earth_to_Mars,Direct_Earth_to_Mars,0.81499999999999995,0.81499999999999995,0,166912,166912,0,287.19760815465332,287.19760815465332,0,37,37,0,0,0,0
656,1000655,Control,Direct_Earth_to_Mars,Direct_Earth_to_Mars,0.96999999999999997,0.96999999999999997,0,198656,198656,0,1205.2520885003553,1205.2520885003553,0,6,6,0,0,0,0
656,1000655,Direct_Background_16,Direct_Earth_to_Mars,Direct_Earth_to_Mars,0.96499999999999997,0.96499999999999997,0,197632,197632,0,1205.2520885003553,1205.2520885003553,0,6,6,0,1,1,0
656,1000655,Direct_Pointing_25pct_Power,Direct_Earth_to_Mars,Earth_Relay2_Mars,0,0.94999999999999996,0.94999999999999996,0,194560,194560,0,1271.6666469156119,1271.6666469156119,6,10,4,194,0,-194
656,1000655,Direct_Combined_25pctPower_BG16,Direct_Earth_to_Mars,Earth_Relay2_Mars,0,0.94999999999999996,0.94999999999999996,0,194560,194560,0,1271.6666469156119,1271.6666469156119,6,10,4,194,0,-194
657,1000656,Control,Direct_Earth_to_Mars,Direct_Earth_to_Mars,0.81499999999999995,0.81499999999999995,0,166912,166912,0,337.47488623746165,337.47488623746165,0,37,37,0,0,0,0
657,1000656,Direct_Background_16,Direct_Earth_to_Mars,Direct_Earth_to_Mars,0.81499999999999995,0.81499999999999995,0,166912,166912,0,337.47488623746165,337.47488623746165,0,37,37,0,0,0,0
657,1000656,Direct_Pointing_25pct_Power,Direct_Earth_to_Mars,Direct_Earth_to_Mars,0.81499999999999995,0.81499999999999995,0,166912,166912,0,337.47488623746165,337.47488623746165,0,37,37,0,0,0,0
657,1000656,Direct_Combined_25pctPower_BG16,Direct_Earth_to_Mars,Direct_Earth_to_Mars,0.81499999999999995,0.81499999999999995,0,166912,166912,0,337.47488623746165,337.47488623746165,0,37,37,0,0,0,0
658,1000657,Control,Direct_Earth_to_Mars,Direct_Earth_to_Mars,0.995,0.995,0,203776,203776,0,1142.1337749867314,1142.1337749867314,0,1,1,0,0,0,0
658,1000657,Direct_Background_16,Direct_Earth_to_Mars,Direct_Earth_to_Mars,0.995,0.995,0,203776,203776,0,1142.1337749867314,1142.1337749867314,0,1,1,0,0,0,0
658,1000657,Direct_Pointing_25pct_Power,Direct_Earth_to_Mars,Earth_Relay2_Mars,0,0.995,0.995,0,203776,203776,0,1208.4717026960857,1208.4717026960857,1,1,0,199,0,-199
658,1000657,Direct_Combined_25pctPower_BG16,Direct_Earth_to_Mars,Earth_Relay2_Mars,0,0.995,0.995,0,203776,203776,0,1208.4717026960857,1208.4717026960857,1,1,0,199,0,-199
659,1000658,Control,Direct_Earth_to_Mars,Direct_Earth_to_Mars,0.87,0.87,0,178176,178176,0,966.06205740669759,966.06205740669759,0,26,26,0,0,0,0
659,1000658,Direct_Background_16,Direct_Earth_to_Mars,Direct_Earth_to_Mars,0.87,0.87,0,178176,178176,0,966.06205740669759,966.06205740669759,0,26,26,0,0,0,0
659,1000658,Direct_Pointing_25pct_Power,Direct_Earth_to_Mars,Earth_Relay2_Mars,0,0.79000000000000004,0.79000000000000004,0,161792,161792,0,1032.2004935601844,1032.2004935601844,26,42,16,174,0,-174
659,1000658,Direct_Combined_25pctPower_BG16,Direct_Earth_to_Mars,Earth_Relay2_Mars,0,0.79000000000000004,0.79000000000000004,0,161792,161792,0,1032.2004935601844,1032.2004935601844,26,42,16,174,0,-174
660,1000659,Control,Direct_Earth_to_Mars,Direct_Earth_to_Mars,0.93999999999999995,0.93999999999999995,0,192512,192512,0,860.02689040130986,860.02689040130986,0,12,12,0,0,0,0
660,1000659,Direct_Background_16,Direct_Earth_to_Mars,Direct_Earth_to_Mars,0.93999999999999995,0.93999999999999995,0,192512,192512,0,860.02689040130986,860.02689040130986,0,12,12,0,0,0,0
660,1000659,Direct_Pointing_25pct_Power,Direct_Earth_to_Mars,Direct_Earth_to_Mars,0.78000000000000003,0.78000000000000003,0,159744,159744,0,860.02689040130758,860.02689040130758,0,12,12,0,32,32,0
660,1000659,Direct_Combined_25pctPower_BG16,Direct_Earth_to_Mars,Earth_Relay0_Mars,0,0.86499999999999999,0.86499999999999999,0,177152,177152,0,1269.7098113881591,1269.7098113881591,12,27,15,188,0,-188
661,1000660,Control,Direct_Earth_to_Mars,Direct_Earth_to_Mars,0.83499999999999996,0.83499999999999996,0,171008,171008,0,395.67708797175885,395.67708797175885,0,33,33,0,0,0,0
661,1000660,Direct_Background_16,Direct_Earth_to_Mars,Direct_Earth_to_Mars,0.83499999999999996,0.83499999999999996,0,171008,171008,0,395.67708797175885,395.67708797175885,0,33,33,0,0,0,0
661,1000660,Direct_Pointing_25pct_Power,Direct_Earth_to_Mars,Direct_Earth_to_Mars,0.83499999999999996,0.83499999999999996,0,171008,171008,0,395.67708797175885,395.67708797175885,0,33,33,0,0,0,0
661,1000660,Direct_Combined_25pctPower_BG16,Direct_Earth_to_Mars,Direct_Earth_to_Mars,0.83499999999999996,0.83499999999999996,0,171008,171008,0,395.67708797175885,395.67708797175885,0,33,33,0,0,0,0
662,1000661,Control,Direct_Earth_to_Mars,Direct_Earth_to_Mars,0.83499999999999996,0.83499999999999996,0,171008,171008,0,537.14167789511384,537.14167789511384,0,33,33,0,0,0,0
662,1000661,Direct_Background_16,Direct_Earth_to_Mars,Direct_Earth_to_Mars,0.83499999999999996,0.83499999999999996,0,171008,171008,0,537.14167789511384,537.14167789511384,0,33,33,0,0,0,0
662,1000661,Direct_Pointing_25pct_Power,Direct_Earth_to_Mars,Direct_Earth_to_Mars,0.83499999999999996,0.83499999999999996,0,171008,171008,0,537.14167789511384,537.14167789511384,0,33,33,0,0,0,0
662,1000661,Direct_Combined_25pctPower_BG16,Direct_Earth_to_Mars,Direct_Earth_to_Mars,0.83499999999999996,0.83499999999999996,0,171008,171008,0,537.14167789511384,537.14167789511384,0,33,33,0,0,0,0
663,1000662,Control,Direct_Earth_to_Mars,Direct_Earth_to_Mars,0.90000000000000002,0.90000000000000002,0,184320,184320,0,1310.7966068271553,1310.7966068271553,0,20,20,0,0,0,0
663,1000662,Direct_Background_16,Direct_Earth_to_Mars,Direct_Earth_to_Mars,0.80500000000000005,0.80500000000000005,0,164864,164864,0,1310.7966068271562,1310.7966068271562,0,20,20,0,19,19,0
663,1000662,Direct_Pointing_25pct_Power,Direct_Earth_to_Mars,Earth_Relay2_Mars,0,0.81999999999999995,0.81999999999999995,0,167936,167936,0,1377.4311382076141,1377.4311382076141,20,36,16,180,0,-180
663,1000662,Direct_Combined_25pctPower_BG16,Direct_Earth_to_Mars,Earth_Relay2_Mars,0,0.81999999999999995,0.81999999999999995,0,167936,167936,0,1377.4311382076141,1377.4311382076141,20,36,16,180,0,-180
664,1000663,Control,Direct_Earth_to_Mars,Direct_Earth_to_Mars,0.90000000000000002,0.90000000000000002,0,184320,184320,0,890.19728306515037,890.19728306515037,0,20,20,0,0,0,0
664,1000663,Direct_Background_16,Direct_Earth_to_Mars,Direct_Earth_to_Mars,0.90000000000000002,0.90000000000000002,0,184320,184320,0,890.19728306515037,890.19728306515037,0,20,20,0,0,0,0
664,1000663,Direct_Pointing_25pct_Power,Direct_Earth_to_Mars,Direct_Earth_to_Mars,0.78500000000000003,0.78500000000000003,0,160768,160768,0,890.19728306515049,890.19728306515049,0,20,20,0,23,23,0
664,1000663,Direct_Combined_25pctPower_BG16,Direct_Earth_to_Mars,Earth_Relay2_Mars,0,0.81499999999999995,0.81499999999999995,0,166912,166912,0,956.27982532582314,956.27982532582314,20,37,17,180,0,-180
665,1000664,Control,Direct_Earth_to_Mars,Direct_Earth_to_Mars,0.89000000000000001,0.89000000000000001,0,182272,182272,0,474.66243264937793,474.66243264937793,0,22,22,0,0,0,0
665,1000664,Direct_Background_16,Direct_Earth_to_Mars,Direct_Earth_to_Mars,0.89000000000000001,0.89000000000000001,0,182272,182272,0,474.66243264937793,474.66243264937793,0,22,22,0,0,0,0
665,1000664,Direct_Pointing_25pct_Power,Direct_Earth_to_Mars,Direct_Earth_to_Mars,0.89000000000000001,0.89000000000000001,0,182272,182272,0,474.66243264937793,474.66243264937793,0,22,22,0,0,0,0
665,1000664,Direct_Combined_25pctPower_BG16,Direct_Earth_to_Mars,Direct_Earth_to_Mars,0.89000000000000001,0.89000000000000001,0,182272,182272,0,474.66243264937793,474.66243264937793,0,22,22,0,0,0,0
666,1000665,Control,Direct_Earth_to_Mars,Direct_Earth_to_Mars,0.98999999999999999,0.98999999999999999,0,202752,202752,0,1195.3144604401889,1195.3144604401889,0,2,2,0,0,0,0
666,1000665,Direct_Background_16,Direct_Earth_to_Mars,Direct_Earth_to_Mars,0.98999999999999999,0.98999999999999999,0,202752,202752,0,1195.3144604401889,1195.3144604401889,0,2,2,0,0,0,0
666,1000665,Direct_Pointing_25pct_Power,Direct_Earth_to_Mars,Earth_Relay2_Mars,0,0.98999999999999999,0.98999999999999999,0,202752,202752,0,1261.8165619376889,1261.8165619376889,2,2,0,198,0,-198
666,1000665,Direct_Combined_25pctPower_BG16,Direct_Earth_to_Mars,Earth_Relay2_Mars,0,0.98999999999999999,0.98999999999999999,0,202752,202752,0,1261.8165619376889,1261.8165619376889,2,2,0,198,0,-198
667,1000666,Control,Direct_Earth_to_Mars,Direct_Earth_to_Mars,0.93500000000000005,0.93500000000000005,0,191488,191488,0,879.07464799396678,879.07464799396678,0,13,13,0,0,0,0
667,1000666,Direct_Background_16,Direct_Earth_to_Mars,Direct_Earth_to_Mars,0.93500000000000005,0.93500000000000005,0,191488,191488,0,879.07464799396678,879.07464799396678,0,13,13,0,0,0,0
667,1000666,Direct_Pointing_25pct_Power,Direct_Earth_to_Mars,Direct_Earth_to_Mars,0.79500000000000004,0.79500000000000004,0,162816,162816,0,879.07464799396882,879.07464799396882,0,13,13,0,28,28,0
667,1000666,Direct_Combined_25pctPower_BG16,Direct_Earth_to_Mars,Earth_Relay2_Mars,0,0.90500000000000003,0.90500000000000003,0,185344,185344,0,945.09461951616913,945.09461951616913,13,19,6,187,0,-187
668,1000667,Control,Direct_Earth_to_Mars,Direct_Earth_to_Mars,0.93500000000000005,0.93500000000000005,0,191488,191488,0,844.58128067458085,844.58128067458085,0,13,13,0,0,0,0
668,1000667,Direct_Background_16,Direct_Earth_to_Mars,Direct_Earth_to_Mars,0.93500000000000005,0.93500000000000005,0,191488,191488,0,844.58128067458085,844.58128067458085,0,13,13,0,0,0,0
668,1000667,Direct_Pointing_25pct_Power,Direct_Earth_to_Mars,Direct_Earth_to_Mars,0.81999999999999995,0.81999999999999995,0,167936,167936,0,844.58128067458074,844.58128067458074,0,13,13,0,23,23,0
668,1000667,Direct_Combined_25pctPower_BG16,Direct_Earth_to_Mars,Earth_Relay2_Mars,0,0.88,0.88,0,180224,180224,0,910.62836873965057,910.62836873965057,13,24,11,187,0,-187
669,1000668,Control,Direct_Earth_to_Mars,Direct_Earth_to_Mars,0.93999999999999995,0.93999999999999995,0,192512,192512,0,1193.3485991985056,1193.3485991985056,0,12,12,0,0,0,0
669,1000668,Direct_Background_16,Direct_Earth_to_Mars,Direct_Earth_to_Mars,0.93999999999999995,0.93999999999999995,0,192512,192512,0,1193.3485991985056,1193.3485991985056,0,12,12,0,0,0,0
669,1000668,Direct_Pointing_25pct_Power,Direct_Earth_to_Mars,Earth_Relay1_Mars,0,0.90000000000000002,0.90000000000000002,0,184320,184320,0,1414.9187867429648,1414.9187867429648,12,20,8,188,0,-188
669,1000668,Direct_Combined_25pctPower_BG16,Direct_Earth_to_Mars,Earth_Relay1_Mars,0,0.90000000000000002,0.90000000000000002,0,184320,184320,0,1414.9187867429648,1414.9187867429648,12,20,8,188,0,-188
670,1000669,Control,Direct_Earth_to_Mars,Direct_Earth_to_Mars,0.77000000000000002,0.77000000000000002,0,157696,157696,0,1291.7694569629889,1291.7694569629889,0,46,46,0,0,0,0
670,1000669,Direct_Background_16,Direct_Earth_to_Mars,Direct_Earth_to_Mars,0.77000000000000002,0.77000000000000002,0,157696,157696,0,1291.7694569629889,1291.7694569629889,0,46,46,0,0,0,0
670,1000669,Direct_Pointing_25pct_Power,Direct_Earth_to_Mars,Earth_Relay2_Mars,0,0.64500000000000002,0.64500000000000002,0,132096,132096,0,1358.3850663942467,1358.3850663942467,46,71,25,154,0,-154
670,1000669,Direct_Combined_25pctPower_BG16,Direct_Earth_to_Mars,Earth_Relay2_Mars,0,0.64500000000000002,0.64500000000000002,0,132096,132096,0,1358.3850663942467,1358.3850663942467,46,71,25,154,0,-154
671,1000670,Control,Direct_Earth_to_Mars,Direct_Earth_to_Mars,0.84499999999999997,0.84499999999999997,0,173056,173056,0,808.67560070200034,808.67560070200034,0,31,31,0,0,0,0
671,1000670,Direct_Background_16,Direct_Earth_to_Mars,Direct_Earth_to_Mars,0.84499999999999997,0.84499999999999997,0,173056,173056,0,808.67560070200034,808.67560070200034,0,31,31,0,0,0,0
671,1000670,Direct_Pointing_25pct_Power,Direct_Earth_to_Mars,Direct_Earth_to_Mars,0.84499999999999997,0.84499999999999997,0,173056,173056,0,808.67560070200034,808.67560070200034,0,31,31,0,0,0,0
671,1000670,Direct_Combined_25pctPower_BG16,Direct_Earth_to_Mars,Earth_Relay2_Mars,0,0.72499999999999998,0.72499999999999998,0,148480,148480,0,874.69799180953419,874.69799180953419,31,55,24,169,0,-169
672,1000671,Control,Direct_Earth_to_Mars,Direct_Earth_to_Mars,0.96499999999999997,0.96499999999999997,0,197632,197632,0,289.55114240261906,289.55114240261906,0,7,7,0,0,0,0
672,1000671,Direct_Background_16,Direct_Earth_to_Mars,Direct_Earth_to_Mars,0.96499999999999997,0.96499999999999997,0,197632,197632,0,289.55114240261906,289.55114240261906,0,7,7,0,0,0,0
672,1000671,Direct_Pointing_25pct_Power,Direct_Earth_to_Mars,Direct_Earth_to_Mars,0.96499999999999997,0.96499999999999997,0,197632,197632,0,289.55114240261906,289.55114240261906,0,7,7,0,0,0,0
672,1000671,Direct_Combined_25pctPower_BG16,Direct_Earth_to_Mars,Direct_Earth_to_Mars,0.96499999999999997,0.96499999999999997,0,197632,197632,0,289.55114240261906,289.55114240261906,0,7,7,0,0,0,0
673,1000672,Control,Direct_Earth_to_Mars,Direct_Earth_to_Mars,0.89500000000000002,0.89500000000000002,0,183296,183296,0,1250.8448206007515,1250.8448206007515,0,21,21,0,0,0,0
673,1000672,Direct_Background_16,Direct_Earth_to_Mars,Direct_Earth_to_Mars,0.88,0.88,0,180224,180224,0,1250.8448206007515,1250.8448206007515,0,21,21,0,3,3,0
673,1000672,Direct_Pointing_25pct_Power,Direct_Earth_to_Mars,Earth_Relay2_Mars,0,0.79500000000000004,0.79500000000000004,0,162816,162816,0,1317.4153551022177,1317.4153551022177,21,41,20,179,0,-179
673,1000672,Direct_Combined_25pctPower_BG16,Direct_Earth_to_Mars,Earth_Relay2_Mars,0,0.79500000000000004,0.79500000000000004,0,162816,162816,0,1317.4153551022177,1317.4153551022177,21,41,20,179,0,-179
674,1000673,Control,Direct_Earth_to_Mars,Direct_Earth_to_Mars,0.79500000000000004,0.79500000000000004,0,162816,162816,0,648.28576226150756,648.28576226150756,0,41,41,0,0,0,0
674,1000673,Direct_Background_16,Direct_Earth_to_Mars,Direct_Earth_to_Mars,0.79500000000000004,0.79500000000000004,0,162816,162816,0,648.28576226150756,648.28576226150756,0,41,41,0,0,0,0
674,1000673,Direct_Pointing_25pct_Power,Direct_Earth_to_Mars,Direct_Earth_to_Mars,0.79500000000000004,0.79500000000000004,0,162816,162816,0,648.28576226150756,648.28576226150756,0,41,41,0,0,0,0
674,1000673,Direct_Combined_25pctPower_BG16,Direct_Earth_to_Mars,Direct_Earth_to_Mars,0.77500000000000002,0.77500000000000002,0,158720,158720,0,648.28576226150744,648.28576226150744,0,41,41,0,4,4,0
675,1000674,Control,Direct_Earth_to_Mars,Direct_Earth_to_Mars,0.91500000000000004,0.91500000000000004,0,187392,187392,0,1090.8672658781197,1090.8672658781197,0,17,17,0,0,0,0
675,1000674,Direct_Background_16,Direct_Earth_to_Mars,Direct_Earth_to_Mars,0.91500000000000004,0.91500000000000004,0,187392,187392,0,1090.8672658781197,1090.8672658781197,0,17,17,0,0,0,0
675,1000674,Direct_Pointing_25pct_Power,Direct_Earth_to_Mars,Earth_Relay2_Mars,0,0.82999999999999996,0.82999999999999996,0,169984,169984,0,1157.1464918136696,1157.1464918136696,17,34,17,183,0,-183
675,1000674,Direct_Combined_25pctPower_BG16,Direct_Earth_to_Mars,Earth_Relay2_Mars,0,0.82999999999999996,0.82999999999999996,0,169984,169984,0,1157.1464918136696,1157.1464918136696,17,34,17,183,0,-183
676,1000675,Control,Direct_Earth_to_Mars,Direct_Earth_to_Mars,0.79000000000000004,0.79000000000000004,0,161792,161792,0,1228.7452550786766,1228.7452550786766,0,42,42,0,0,0,0
676,1000675,Direct_Background_16,Direct_Earth_to_Mars,Direct_Earth_to_Mars,0.78500000000000003,0.78500000000000003,0,160768,160768,0,1228.7452550786763,1228.7452550786763,0,42,42,0,1,1,0
676,1000675,Direct_Pointing_25pct_Power,Direct_Earth_to_Mars,Earth_Relay2_Mars,0,0.65000000000000002,0.65000000000000002,0,133120,133120,0,1295.2894594002466,1295.2894594002466,42,70,28,158,0,-158
676,1000675,Direct_Combined_25pctPower_BG16,Direct_Earth_to_Mars,Earth_Relay2_Mars,0,0.65000000000000002,0.65000000000000002,0,133120,133120,0,1295.2894594002466,1295.2894594002466,42,70,28,158,0,-158
677,1000676,Control,Direct_Earth_to_Mars,Direct_Earth_to_Mars,0.94499999999999995,0.94499999999999995,0,193536,193536,0,314.64867250083665,314.64867250083665,0,11,11,0,0,0,0
677,1000676,Direct_Background_16,Direct_Earth_to_Mars,Direct_Earth_to_Mars,0.94499999999999995,0.94499999999999995,0,193536,193536,0,314.64867250083665,314.64867250083665,0,11,11,0,0,0,0
677,1000676,Direct_Pointing_25pct_Power,Direct_Earth_to_Mars,Direct_Earth_to_Mars,0.94499999999999995,0.94499999999999995,0,193536,193536,0,314.64867250083665,314.64867250083665,0,11,11,0,0,0,0
677,1000676,Direct_Combined_25pctPower_BG16,Direct_Earth_to_Mars,Direct_Earth_to_Mars,0.94499999999999995,0.94499999999999995,0,193536,193536,0,314.64867250083665,314.64867250083665,0,11,11,0,0,0,0
678,1000677,Control,Direct_Earth_to_Mars,Direct_Earth_to_Mars,0.82999999999999996,0.82999999999999996,0,169984,169984,0,1073.0619927632426,1073.0619927632426,0,34,34,0,0,0,0
678,1000677,Direct_Background_16,Direct_Earth_to_Mars,Direct_Earth_to_Mars,0.82999999999999996,0.82999999999999996,0,169984,169984,0,1073.0619927632426,1073.0619927632426,0,34,34,0,0,0,0
678,1000677,Direct_Pointing_25pct_Power,Direct_Earth_to_Mars,Earth_Relay2_Mars,0,0.68500000000000005,0.68500000000000005,0,140288,140288,0,1139.3898388250993,1139.3898388250993,34,63,29,166,0,-166
678,1000677,Direct_Combined_25pctPower_BG16,Direct_Earth_to_Mars,Earth_Relay2_Mars,0,0.68500000000000005,0.68500000000000005,0,140288,140288,0,1139.3898388250993,1139.3898388250993,34,63,29,166,0,-166
679,1000678,Control,Direct_Earth_to_Mars,Direct_Earth_to_Mars,0.87,0.87,0,178176,178176,0,713.40258965306202,713.40258965306202,0,26,26,0,0,0,0
679,1000678,Direct_Background_16,Direct_Earth_to_Mars,Direct_Earth_to_Mars,0.87,0.87,0,178176,178176,0,713.40258965306202,713.40258965306202,0,26,26,0,0,0,0
679,1000678,Direct_Pointing_25pct_Power,Direct_Earth_to_Mars,Direct_Earth_to_Mars,0.87,0.87,0,178176,178176,0,713.40258965306202,713.40258965306202,0,26,26,0,0,0,0
679,1000678,Direct_Combined_25pctPower_BG16,Direct_Earth_to_Mars,Direct_Earth_to_Mars,0.82999999999999996,0.82999999999999996,0,169984,169984,0,713.40258965306191,713.40258965306191,0,26,26,0,8,8,0
680,1000679,Control,Direct_Earth_to_Mars,Direct_Earth_to_Mars,0.97499999999999998,0.97499999999999998,0,199680,199680,0,1353.1508314316675,1353.1508314316675,0,5,5,0,0,0,0
680,1000679,Direct_Background_16,Direct_Earth_to_Mars,Direct_Earth_to_Mars,0.70499999999999996,0.70499999999999996,0,144384,144384,0,1353.1508314316648,1353.1508314316648,0,5,5,0,54,54,0
680,1000679,Direct_Pointing_25pct_Power,Direct_Earth_to_Mars,Earth_Relay2_Mars,0,0.95999999999999996,0.95999999999999996,0,196608,196608,0,1419.7761458593322,1419.7761458593322,5,8,3,195,0,-195
680,1000679,Direct_Combined_25pctPower_BG16,Direct_Earth_to_Mars,Earth_Relay2_Mars,0,0.95999999999999996,0.95999999999999996,0,196608,196608,0,1419.7761458593322,1419.7761458593322,5,8,3,195,0,-195
681,1000680,Control,Direct_Earth_to_Mars,Direct_Earth_to_Mars,0.87,0.87,0,178176,178176,0,1305.937641081169,1305.937641081169,0,26,26,0,0,0,0
681,1000680,Direct_Background_16,Direct_Earth_to_Mars,Direct_Earth_to_Mars,0.84999999999999998,0.84999999999999998,0,174080,174080,0,1305.9376410811692,1305.9376410811692,0,26,26,0,4,4,0
681,1000680,Direct_Pointing_25pct_Power,Direct_Earth_to_Mars,Earth_Relay2_Mars,0,0.73499999999999999,0.73499999999999999,0,150528,150528,0,1372.5674912657698,1372.5674912657698,26,53,27,174,0,-174
681,1000680,Direct_Combined_25pctPower_BG16,Direct_Earth_to_Mars,Earth_Relay2_Mars,0,0.73499999999999999,0.73499999999999999,0,150528,150528,0,1372.5674912657698,1372.5674912657698,26,53,27,174,0,-174
682,1000681,Control,Direct_Earth_to_Mars,Direct_Earth_to_Mars,0.91500000000000004,0.91500000000000004,0,187392,187392,0,931.87220979521817,931.87220979521817,0,17,17,0,0,0,0
682,1000681,Direct_Background_16,Direct_Earth_to_Mars,Direct_Earth_to_Mars,0.91500000000000004,0.91500000000000004,0,187392,187392,0,931.87220979521817,931.87220979521817,0,17,17,0,0,0,0
682,1000681,Direct_Pointing_25pct_Power,Direct_Earth_to_Mars,Direct_Earth_to_Mars,0.65500000000000003,0.65500000000000003,0,134144,134144,0,931.87220979521589,931.87220979521589,0,17,17,0,52,52,0
682,1000681,Direct_Combined_25pctPower_BG16,Direct_Earth_to_Mars,Earth_Relay2_Mars,0,0.86499999999999999,0.86499999999999999,0,177152,177152,0,997.9906030160962,997.9906030160962,17,27,10,183,0,-183
683,1000682,Control,Direct_Earth_to_Mars,Direct_Earth_to_Mars,0.86499999999999999,0.86499999999999999,0,177152,177152,0,292.38878164690743,292.38878164690743,0,27,27,0,0,0,0
683,1000682,Direct_Background_16,Direct_Earth_to_Mars,Direct_Earth_to_Mars,0.86499999999999999,0.86499999999999999,0,177152,177152,0,292.38878164690743,292.38878164690743,0,27,27,0,0,0,0
683,1000682,Direct_Pointing_25pct_Power,Direct_Earth_to_Mars,Direct_Earth_to_Mars,0.86499999999999999,0.86499999999999999,0,177152,177152,0,292.38878164690743,292.38878164690743,0,27,27,0,0,0,0
683,1000682,Direct_Combined_25pctPower_BG16,Direct_Earth_to_Mars,Direct_Earth_to_Mars,0.86499999999999999,0.86499999999999999,0,177152,177152,0,292.38878164690743,292.38878164690743,0,27,27,0,0,0,0
684,1000683,Control,Direct_Earth_to_Mars,Direct_Earth_to_Mars,0.87,0.87,0,178176,178176,0,787.14562059593891,787.14562059593891,0,26,26,0,0,0,0
684,1000683,Direct_Background_16,Direct_Earth_to_Mars,Direct_Earth_to_Mars,0.87,0.87,0,178176,178176,0,787.14562059593891,787.14562059593891,0,26,26,0,0,0,0
684,1000683,Direct_Pointing_25pct_Power,Direct_Earth_to_Mars,Direct_Earth_to_Mars,0.87,0.87,0,178176,178176,0,787.14562059593891,787.14562059593891,0,26,26,0,0,0,0
684,1000683,Direct_Combined_25pctPower_BG16,Direct_Earth_to_Mars,Earth_Relay2_Mars,0,0.80000000000000004,0.80000000000000004,0,163840,163840,0,853.04140848979421,853.04140848979421,26,40,14,174,0,-174
685,1000684,Control,Direct_Earth_to_Mars,Direct_Earth_to_Mars,0.81000000000000005,0.81000000000000005,0,165888,165888,0,1346.4667464821812,1346.4667464821812,0,38,38,0,0,0,0
685,1000684,Direct_Background_16,Direct_Earth_to_Mars,Direct_Earth_to_Mars,0.79000000000000004,0.79000000000000004,0,161792,161792,0,1346.466746482181,1346.466746482181,0,38,38,0,4,4,0
685,1000684,Direct_Pointing_25pct_Power,Direct_Earth_to_Mars,Earth_Relay2_Mars,0,0.66000000000000003,0.66000000000000003,0,135168,135168,0,1413.0799567281217,1413.0799567281217,38,68,30,162,0,-162
685,1000684,Direct_Combined_25pctPower_BG16,Direct_Earth_to_Mars,Earth_Relay2_Mars,0,0.66000000000000003,0.66000000000000003,0,135168,135168,0,1413.0799567281217,1413.0799567281217,38,68,30,162,0,-162
686,1000685,Control,Direct_Earth_to_Mars,Direct_Earth_to_Mars,0.98999999999999999,0.98999999999999999,0,202752,202752,0,570.50958054044565,570.50958054044565,0,2,2,0,0,0,0
686,1000685,Direct_Background_16,Direct_Earth_to_Mars,Direct_Earth_to_Mars,0.98999999999999999,0.98999999999999999,0,202752,202752,0,570.50958054044565,570.50958054044565,0,2,2,0,0,0,0
686,1000685,Direct_Pointing_25pct_Power,Direct_Earth_to_Mars,Direct_Earth_to_Mars,0.98999999999999999,0.98999999999999999,0,202752,202752,0,570.50958054044565,570.50958054044565,0,2,2,0,0,0,0
686,1000685,Direct_Combined_25pctPower_BG16,Direct_Earth_to_Mars,Direct_Earth_to_Mars,0.98999999999999999,0.98999999999999999,0,202752,202752,0,570.50958054044565,570.50958054044565,0,2,2,0,0,0,0
687,1000686,Control,Direct_Earth_to_Mars,Direct_Earth_to_Mars,0.93000000000000005,0.93000000000000005,0,190464,190464,0,987.73264402870939,987.73264402870939,0,14,14,0,0,0,0
687,1000686,Direct_Background_16,Direct_Earth_to_Mars,Direct_Earth_to_Mars,0.93000000000000005,0.93000000000000005,0,190464,190464,0,987.73264402870939,987.73264402870939,0,14,14,0,0,0,0
687,1000686,Direct_Pointing_25pct_Power,Direct_Earth_to_Mars,Earth_Relay2_Mars,0,0.87,0.87,0,178176,178176,0,1053.9035553334791,1053.9035553334791,14,26,12,186,0,-186
687,1000686,Direct_Combined_25pctPower_BG16,Direct_Earth_to_Mars,Earth_Relay2_Mars,0,0.87,0.87,0,178176,178176,0,1053.9035553334791,1053.9035553334791,14,26,12,186,0,-186
688,1000687,Control,Direct_Earth_to_Mars,Direct_Earth_to_Mars,0.90000000000000002,0.90000000000000002,0,184320,184320,0,744.33328667159401,744.33328667159401,0,20,20,0,0,0,0
688,1000687,Direct_Background_16,Direct_Earth_to_Mars,Direct_Earth_to_Mars,0.90000000000000002,0.90000000000000002,0,184320,184320,0,744.33328667159401,744.33328667159401,0,20,20,0,0,0,0
688,1000687,Direct_Pointing_25pct_Power,Direct_Earth_to_Mars,Direct_Earth_to_Mars,0.90000000000000002,0.90000000000000002,0,184320,184320,0,744.33328667159401,744.33328667159401,0,20,20,0,0,0,0
688,1000687,Direct_Combined_25pctPower_BG16,Direct_Earth_to_Mars,Earth_Relay1_Mars,0.32500000000000001,0.79000000000000004,0.46500000000000002,66560,161792,95232,744.33328667159378,922.5709442649578,178.23765759336402,20,42,22,115,0,-115
689,1000688,Control,Direct_Earth_to_Mars,Direct_Earth_to_Mars,0.98499999999999999,0.98499999999999999,0,201728,201728,0,1005.0460795318946,1005.0460795318946,0,3,3,0,0,0,0
689,1000688,Direct_Background_16,Direct_Earth_to_Mars,Direct_Earth_to_Mars,0.98499999999999999,0.98499999999999999,0,201728,201728,0,1005.0460795318946,1005.0460795318946,0,3,3,0,0,0,0
689,1000688,Direct_Pointing_25pct_Power,Direct_Earth_to_Mars,Earth_Relay2_Mars,0,0.94999999999999996,0.94999999999999996,0,194560,194560,0,1071.2651267241251,1071.2651267241251,3,10,7,197,0,-197
689,1000688,Direct_Combined_25pctPower_BG16,Direct_Earth_to_Mars,Earth_Relay2_Mars,0,0.94999999999999996,0.94999999999999996,0,194560,194560,0,1071.2651267241251,1071.2651267241251,3,10,7,197,0,-197
690,1000689,Control,Direct_Earth_to_Mars,Direct_Earth_to_Mars,0.80500000000000005,0.80500000000000005,0,164864,164864,0,1084.8825996010862,1084.8825996010862,0,39,39,0,0,0,0
690,1000689,Direct_Background_16,Direct_Earth_to_Mars,Direct_Earth_to_Mars,0.80500000000000005,0.80500000000000005,0,164864,164864,0,1084.8825996010862,1084.8825996010862,0,39,39,0,0,0,0
690,1000689,Direct_Pointing_25pct_Power,Direct_Earth_to_Mars,Earth_Relay2_Mars,0,0.67000000000000004,0.67000000000000004,0,137216,137216,0,1151.1551762532008,1151.1551762532008,39,66,27,161,0,-161
690,1000689,Direct_Combined_25pctPower_BG16,Direct_Earth_to_Mars,Earth_Relay2_Mars,0,0.67000000000000004,0.67000000000000004,0,137216,137216,0,1151.1551762532008,1151.1551762532008,39,66,27,161,0,-161
691,1000690,Control,Direct_Earth_to_Mars,Direct_Earth_to_Mars,0.88500000000000001,0.88500000000000001,0,181248,181248,0,375.02779795381349,375.02779795381349,0,23,23,0,0,0,0
691,1000690,Direct_Background_16,Direct_Earth_to_Mars,Direct_Earth_to_Mars,0.88500000000000001,0.88500000000000001,0,181248,181248,0,375.02779795381349,375.02779795381349,0,23,23,0,0,0,0
691,1000690,Direct_Pointing_25pct_Power,Direct_Earth_to_Mars,Direct_Earth_to_Mars,0.88500000000000001,0.88500000000000001,0,181248,181248,0,375.02779795381349,375.02779795381349,0,23,23,0,0,0,0
691,1000690,Direct_Combined_25pctPower_BG16,Direct_Earth_to_Mars,Direct_Earth_to_Mars,0.88500000000000001,0.88500000000000001,0,181248,181248,0,375.02779795381349,375.02779795381349,0,23,23,0,0,0,0
692,1000691,Control,Direct_Earth_to_Mars,Direct_Earth_to_Mars,0.92000000000000004,0.92000000000000004,0,188416,188416,0,294.68088399670478,294.68088399670478,0,16,16,0,0,0,0
692,1000691,Direct_Background_16,Direct_Earth_to_Mars,Direct_Earth_to_Mars,0.92000000000000004,0.92000000000000004,0,188416,188416,0,294.68088399670478,294.68088399670478,0,16,16,0,0,0,0
692,1000691,Direct_Pointing_25pct_Power,Direct_Earth_to_Mars,Direct_Earth_to_Mars,0.92000000000000004,0.92000000000000004,0,188416,188416,0,294.68088399670478,294.68088399670478,0,16,16,0,0,0,0
692,1000691,Direct_Combined_25pctPower_BG16,Direct_Earth_to_Mars,Direct_Earth_to_Mars,0.92000000000000004,0.92000000000000004,0,188416,188416,0,294.68088399670478,294.68088399670478,0,16,16,0,0,0,0
693,1000692,Control,Direct_Earth_to_Mars,Direct_Earth_to_Mars,0.88500000000000001,0.88500000000000001,0,181248,181248,0,965.42685644577978,965.42685644577978,0,23,23,0,0,0,0
693,1000692,Direct_Background_16,Direct_Earth_to_Mars,Direct_Earth_to_Mars,0.88500000000000001,0.88500000000000001,0,181248,181248,0,965.42685644577978,965.42685644577978,0,23,23,0,0,0,0
693,1000692,Direct_Pointing_25pct_Power,Direct_Earth_to_Mars,Earth_Relay2_Mars,0.215,0.76500000000000001,0.55000000000000004,44032,156672,112640,965.42685644577887,1031.5644319471874,66.137575501408492,23,47,24,134,0,-134
693,1000692,Direct_Combined_25pctPower_BG16,Direct_Earth_to_Mars,Earth_Relay2_Mars,0,0.76500000000000001,0.76500000000000001,0,156672,156672,0,1031.5644319471874,1031.5644319471874,23,47,24,177,0,-177
694,1000693,Control,Direct_Earth_to_Mars,Direct_Earth_to_Mars,0.84499999999999997,0.84499999999999997,0,173056,173056,0,1229.7894459496292,1229.7894459496292,0,31,31,0,0,0,0
694,1000693,Direct_Background_16,Direct_Earth_to_Mars,Direct_Earth_to_Mars,0.84499999999999997,0.84499999999999997,0,173056,173056,0,1229.7894459496292,1229.7894459496292,0,31,31,0,0,0,0
694,1000693,Direct_Pointing_25pct_Power,Direct_Earth_to_Mars,Earth_Relay2_Mars,0,0.745,0.745,0,152576,152576,0,1296.2352130012387,1296.2352130012387,31,51,20,169,0,-169
694,1000693,Direct_Combined_25pctPower_BG16,Direct_Earth_to_Mars,Earth_Relay2_Mars,0,0.745,0.745,0,152576,152576,0,1296.2352130012387,1296.2352130012387,31,51,20,169,0,-169
695,1000694,Control,Direct_Earth_to_Mars,Direct_Earth_to_Mars,0.96999999999999997,0.96999999999999997,0,198656,198656,0,1289.3516179675426,1289.3516179675426,0,6,6,0,0,0,0
695,1000694,Direct_Background_16,Direct_Earth_to_Mars,Direct_Earth_to_Mars,0.96999999999999997,0.96999999999999997,0,198656,198656,0,1289.3516179675426,1289.3516179675426,0,6,6,0,0,0,0
695,1000694,Direct_Pointing_25pct_Power,Direct_Earth_to_Mars,Earth_Relay2_Mars,0,0.89500000000000002,0.89500000000000002,0,183296,183296,0,1355.9647176585854,1355.9647176585854,6,21,15,194,0,-194
695,1000694,Direct_Combined_25pctPower_BG16,Direct_Earth_to_Mars,Earth_Relay2_Mars,0,0.89500000000000002,0.89500000000000002,0,183296,183296,0,1355.9647176585854,1355.9647176585854,6,21,15,194,0,-194
696,1000695,Control,Direct_Earth_to_Mars,Direct_Earth_to_Mars,0.94499999999999995,0.94499999999999995,0,193536,193536,0,1067.1049182379591,1067.1049182379591,0,11,11,0,0,0,0
696,1000695,Direct_Background_16,Direct_Earth_to_Mars,Direct_Earth_to_Mars,0.94499999999999995,0.94499999999999995,0,193536,193536,0,1067.1049182379591,1067.1049182379591,0,11,11,0,0,0,0
696,1000695,Direct_Pointing_25pct_Power,Direct_Earth_to_Mars,Earth_Relay2_Mars,0,0.875,0.875,0,179200,179200,0,1133.4235363287535,1133.4235363287535,11,25,14,189,0,-189
696,1000695,Direct_Combined_25pctPower_BG16,Direct_Earth_to_Mars,Earth_Relay2_Mars,0,0.875,0.875,0,179200,179200,0,1133.4235363287535,1133.4235363287535,11,25,14,189,0,-189
697,1000696,Control,Direct_Earth_to_Mars,Direct_Earth_to_Mars,0.94999999999999996,0.94999999999999996,0,194560,194560,0,901.60777419578244,901.60777419578244,0,10,10,0,0,0,0
697,1000696,Direct_Background_16,Direct_Earth_to_Mars,Direct_Earth_to_Mars,0.94999999999999996,0.94999999999999996,0,194560,194560,0,901.60777419578244,901.60777419578244,0,10,10,0,0,0,0
697,1000696,Direct_Pointing_25pct_Power,Direct_Earth_to_Mars,Direct_Earth_to_Mars,0.55000000000000004,0.55000000000000004,0,112640,112640,0,901.60777419578039,901.60777419578039,0,10,10,0,80,80,0
697,1000696,Direct_Combined_25pctPower_BG16,Direct_Earth_to_Mars,Earth_Relay2_Mars,0,0.87,0.87,0,178176,178176,0,967.65849319588472,967.65849319588472,10,26,16,190,0,-190
698,1000697,Control,Direct_Earth_to_Mars,Direct_Earth_to_Mars,0.95999999999999996,0.95999999999999996,0,196608,196608,0,1334.1083994731305,1334.1083994731305,0,8,8,0,0,0,0
698,1000697,Direct_Background_16,Direct_Earth_to_Mars,Direct_Earth_to_Mars,0.90000000000000002,0.90000000000000002,0,184320,184320,0,1334.1083994731305,1334.1083994731305,0,8,8,0,12,12,0
698,1000697,Direct_Pointing_25pct_Power,Direct_Earth_to_Mars,Earth_Relay2_Mars,0,0.90000000000000002,0.90000000000000002,0,184320,184320,0,1400.7009330821527,1400.7009330821527,8,20,12,192,0,-192
698,1000697,Direct_Combined_25pctPower_BG16,Direct_Earth_to_Mars,Earth_Relay2_Mars,0,0.90000000000000002,0.90000000000000002,0,184320,184320,0,1400.7009330821527,1400.7009330821527,8,20,12,192,0,-192
699,1000698,Control,Direct_Earth_to_Mars,Direct_Earth_to_Mars,0.93000000000000005,0.93000000000000005,0,190464,190464,0,525.29869815404993,525.29869815404993,0,14,14,0,0,0,0
699,1000698,Direct_Background_16,Direct_Earth_to_Mars,Direct_Earth_to_Mars,0.93000000000000005,0.93000000000000005,0,190464,190464,0,525.29869815404993,525.29869815404993,0,14,14,0,0,0,0
699,1000698,Direct_Pointing_25pct_Power,Direct_Earth_to_Mars,Direct_Earth_to_Mars,0.93000000000000005,0.93000000000000005,0,190464,190464,0,525.29869815404993,525.29869815404993,0,14,14,0,0,0,0
699,1000698,Direct_Combined_25pctPower_BG16,Direct_Earth_to_Mars,Direct_Earth_to_Mars,0.93000000000000005,0.93000000000000005,0,190464,190464,0,525.29869815404993,525.29869815404993,0,14,14,0,0,0,0
700,1000699,Control,Direct_Earth_to_Mars,Direct_Earth_to_Mars,0.83499999999999996,0.83499999999999996,0,171008,171008,0,673.71644483420403,673.71644483420403,0,33,33,0,0,0,0
700,1000699,Direct_Background_16,Direct_Earth_to_Mars,Direct_Earth_to_Mars,0.83499999999999996,0.83499999999999996,0,171008,171008,0,673.71644483420403,673.71644483420403,0,33,33,0,0,0,0
700,1000699,Direct_Pointing_25pct_Power,Direct_Earth_to_Mars,Direct_Earth_to_Mars,0.83499999999999996,0.83499999999999996,0,171008,171008,0,673.71644483420403,673.71644483420403,0,33,33,0,0,0,0
700,1000699,Direct_Combined_25pctPower_BG16,Direct_Earth_to_Mars,Direct_Earth_to_Mars,0.78500000000000003,0.78500000000000003,0,160768,160768,0,673.7164448342038,673.7164448342038,0,33,33,0,10,10,0
701,1000700,Control,Direct_Earth_to_Mars,Direct_Earth_to_Mars,0.85499999999999998,0.85499999999999998,0,175104,175104,0,400.74880448214554,400.74880448214554,0,29,29,0,0,0,0
701,1000700,Direct_Background_16,Direct_Earth_to_Mars,Direct_Earth_to_Mars,0.85499999999999998,0.85499999999999998,0,175104,175104,0,400.74880448214554,400.74880448214554,0,29,29,0,0,0,0
701,1000700,Direct_Pointing_25pct_Power,Direct_Earth_to_Mars,Direct_Earth_to_Mars,0.85499999999999998,0.85499999999999998,0,175104,175104,0,400.74880448214554,400.74880448214554,0,29,29,0,0,0,0
701,1000700,Direct_Combined_25pctPower_BG16,Direct_Earth_to_Mars,Direct_Earth_to_Mars,0.85499999999999998,0.85499999999999998,0,175104,175104,0,400.74880448214554,400.74880448214554,0,29,29,0,0,0,0
702,1000701,Control,Direct_Earth_to_Mars,Direct_Earth_to_Mars,0.90000000000000002,0.90000000000000002,0,184320,184320,0,347.58111507535017,347.58111507535017,0,20,20,0,0,0,0
702,1000701,Direct_Background_16,Direct_Earth_to_Mars,Direct_Earth_to_Mars,0.90000000000000002,0.90000000000000002,0,184320,184320,0,347.58111507535017,347.58111507535017,0,20,20,0,0,0,0
702,1000701,Direct_Pointing_25pct_Power,Direct_Earth_to_Mars,Direct_Earth_to_Mars,0.90000000000000002,0.90000000000000002,0,184320,184320,0,347.58111507535017,347.58111507535017,0,20,20,0,0,0,0
702,1000701,Direct_Combined_25pctPower_BG16,Direct_Earth_to_Mars,Direct_Earth_to_Mars,0.90000000000000002,0.90000000000000002,0,184320,184320,0,347.58111507535017,347.58111507535017,0,20,20,0,0,0,0
703,1000702,Control,Direct_Earth_to_Mars,Direct_Earth_to_Mars,0.93999999999999995,0.93999999999999995,0,192512,192512,0,285.12418385909581,285.12418385909581,0,12,12,0,0,0,0
703,1000702,Direct_Background_16,Direct_Earth_to_Mars,Direct_Earth_to_Mars,0.93999999999999995,0.93999999999999995,0,192512,192512,0,285.12418385909581,285.12418385909581,0,12,12,0,0,0,0
703,1000702,Direct_Pointing_25pct_Power,Direct_Earth_to_Mars,Direct_Earth_to_Mars,0.93999999999999995,0.93999999999999995,0,192512,192512,0,285.12418385909581,285.12418385909581,0,12,12,0,0,0,0
703,1000702,Direct_Combined_25pctPower_BG16,Direct_Earth_to_Mars,Direct_Earth_to_Mars,0.93999999999999995,0.93999999999999995,0,192512,192512,0,285.12418385909581,285.12418385909581,0,12,12,0,0,0,0
704,1000703,Control,Direct_Earth_to_Mars,Direct_Earth_to_Mars,0.97999999999999998,0.97999999999999998,0,200704,200704,0,1365.8394912131487,1365.8394912131487,0,4,4,0,0,0,0
704,1000703,Direct_Background_16,Direct_Earth_to_Mars,Direct_Earth_to_Mars,0.94499999999999995,0.94499999999999995,0,193536,193536,0,1365.8394912131484,1365.8394912131484,0,4,4,0,7,7,0
704,1000703,Direct_Pointing_25pct_Power,Direct_Earth_to_Mars,Earth_Relay2_Mars,0,0.95499999999999996,0.95499999999999996,0,195584,195584,0,1432.4931417277619,1432.4931417277619,4,9,5,196,0,-196
704,1000703,Direct_Combined_25pctPower_BG16,Direct_Earth_to_Mars,Earth_Relay2_Mars,0,0.95499999999999996,0.95499999999999996,0,195584,195584,0,1432.4931417277619,1432.4931417277619,4,9,5,196,0,-196
705,1000704,Control,Direct_Earth_to_Mars,Direct_Earth_to_Mars,0.82999999999999996,0.82999999999999996,0,169984,169984,0,410.75632484868567,410.75632484868567,0,34,34,0,0,0,0
705,1000704,Direct_Background_16,Direct_Earth_to_Mars,Direct_Earth_to_Mars,0.82999999999999996,0.82999999999999996,0,169984,169984,0,410.75632484868567,410.75632484868567,0,34,34,0,0,0,0
705,1000704,Direct_Pointing_25pct_Power,Direct_Earth_to_Mars,Direct_Earth_to_Mars,0.82999999999999996,0.82999999999999996,0,169984,169984,0,410.75632484868567,410.75632484868567,0,34,34,0,0,0,0
705,1000704,Direct_Combined_25pctPower_BG16,Direct_Earth_to_Mars,Direct_Earth_to_Mars,0.82999999999999996,0.82999999999999996,0,169984,169984,0,410.75632484868567,410.75632484868567,0,34,34,0,0,0,0
706,1000705,Control,Direct_Earth_to_Mars,Direct_Earth_to_Mars,0.88500000000000001,0.88500000000000001,0,181248,181248,0,356.32339176416468,356.32339176416468,0,23,23,0,0,0,0
706,1000705,Direct_Background_16,Direct_Earth_to_Mars,Direct_Earth_to_Mars,0.88500000000000001,0.88500000000000001,0,181248,181248,0,356.32339176416468,356.32339176416468,0,23,23,0,0,0,0
706,1000705,Direct_Pointing_25pct_Power,Direct_Earth_to_Mars,Direct_Earth_to_Mars,0.88500000000000001,0.88500000000000001,0,181248,181248,0,356.32339176416468,356.32339176416468,0,23,23,0,0,0,0
706,1000705,Direct_Combined_25pctPower_BG16,Direct_Earth_to_Mars,Direct_Earth_to_Mars,0.88500000000000001,0.88500000000000001,0,181248,181248,0,356.32339176416468,356.32339176416468,0,23,23,0,0,0,0
707,1000706,Control,Direct_Earth_to_Mars,Direct_Earth_to_Mars,0.875,0.875,0,179200,179200,0,594.90734838405115,594.90734838405115,0,25,25,0,0,0,0
707,1000706,Direct_Background_16,Direct_Earth_to_Mars,Direct_Earth_to_Mars,0.875,0.875,0,179200,179200,0,594.90734838405115,594.90734838405115,0,25,25,0,0,0,0
707,1000706,Direct_Pointing_25pct_Power,Direct_Earth_to_Mars,Direct_Earth_to_Mars,0.875,0.875,0,179200,179200,0,594.90734838405115,594.90734838405115,0,25,25,0,0,0,0
707,1000706,Direct_Combined_25pctPower_BG16,Direct_Earth_to_Mars,Direct_Earth_to_Mars,0.875,0.875,0,179200,179200,0,594.90734838405115,594.90734838405115,0,25,25,0,0,0,0
708,1000707,Control,Direct_Earth_to_Mars,Direct_Earth_to_Mars,0.87,0.87,0,178176,178176,0,377.06485100585991,377.06485100585991,0,26,26,0,0,0,0
708,1000707,Direct_Background_16,Direct_Earth_to_Mars,Direct_Earth_to_Mars,0.87,0.87,0,178176,178176,0,377.06485100585991,377.06485100585991,0,26,26,0,0,0,0
708,1000707,Direct_Pointing_25pct_Power,Direct_Earth_to_Mars,Direct_Earth_to_Mars,0.87,0.87,0,178176,178176,0,377.06485100585991,377.06485100585991,0,26,26,0,0,0,0
708,1000707,Direct_Combined_25pctPower_BG16,Direct_Earth_to_Mars,Direct_Earth_to_Mars,0.87,0.87,0,178176,178176,0,377.06485100585991,377.06485100585991,0,26,26,0,0,0,0
709,1000708,Control,Direct_Earth_to_Mars,Direct_Earth_to_Mars,0.88500000000000001,0.88500000000000001,0,181248,181248,0,394.19650812968069,394.19650812968069,0,23,23,0,0,0,0
709,1000708,Direct_Background_16,Direct_Earth_to_Mars,Direct_Earth_to_Mars,0.88500000000000001,0.88500000000000001,0,181248,181248,0,394.19650812968069,394.19650812968069,0,23,23,0,0,0,0
709,1000708,Direct_Pointing_25pct_Power,Direct_Earth_to_Mars,Direct_Earth_to_Mars,0.88500000000000001,0.88500000000000001,0,181248,181248,0,394.19650812968069,394.19650812968069,0,23,23,0,0,0,0
709,1000708,Direct_Combined_25pctPower_BG16,Direct_Earth_to_Mars,Direct_Earth_to_Mars,0.88500000000000001,0.88500000000000001,0,181248,181248,0,394.19650812968069,394.19650812968069,0,23,23,0,0,0,0
710,1000709,Control,Direct_Earth_to_Mars,Direct_Earth_to_Mars,0.90000000000000002,0.90000000000000002,0,184320,184320,0,1365.3261298084403,1365.3261298084403,0,20,20,0,0,0,0
710,1000709,Direct_Background_16,Direct_Earth_to_Mars,Direct_Earth_to_Mars,0.80000000000000004,0.80000000000000004,0,163840,163840,0,1365.3261298084403,1365.3261298084403,0,20,20,0,20,20,0
710,1000709,Direct_Pointing_25pct_Power,Direct_Earth_to_Mars,Earth_Relay2_Mars,0,0.80000000000000004,0.80000000000000004,0,163840,163840,0,1431.9964479625132,1431.9964479625132,20,40,20,180,0,-180
710,1000709,Direct_Combined_25pctPower_BG16,Direct_Earth_to_Mars,Earth_Relay2_Mars,0,0.80000000000000004,0.80000000000000004,0,163840,163840,0,1431.9964479625132,1431.9964479625132,20,40,20,180,0,-180
711,1000710,Control,Direct_Earth_to_Mars,Direct_Earth_to_Mars,0.96499999999999997,0.96499999999999997,0,197632,197632,0,1253.5023642185779,1253.5023642185779,0,7,7,0,0,0,0
711,1000710,Direct_Background_16,Direct_Earth_to_Mars,Direct_Earth_to_Mars,0.95999999999999996,0.95999999999999996,0,196608,196608,0,1253.5023642185779,1253.5023642185779,0,7,7,0,1,1,0
711,1000710,Direct_Pointing_25pct_Power,Direct_Earth_to_Mars,Earth_Relay2_Mars,0,0.91000000000000003,0.91000000000000003,0,186368,186368,0,1320.0759781586025,1320.0759781586025,7,18,11,193,0,-193
711,1000710,Direct_Combined_25pctPower_BG16,Direct_Earth_to_Mars,Earth_Relay2_Mars,0,0.91000000000000003,0.91000000000000003,0,186368,186368,0,1320.0759781586025,1320.0759781586025,7,18,11,193,0,-193
712,1000711,Control,Direct_Earth_to_Mars,Direct_Earth_to_Mars,0.83999999999999997,0.83999999999999997,0,172032,172032,0,1362.189374416811,1362.189374416811,0,32,32,0,0,0,0
712,1000711,Direct_Background_16,Direct_Earth_to_Mars,Direct_Earth_to_Mars,0.79000000000000004,0.79000000000000004,0,161792,161792,0,1362.1893744168115,1362.1893744168115,0,32,32,0,10,10,0
712,1000711,Direct_Pointing_25pct_Power,Direct_Earth_to_Mars,Earth_Relay2_Mars,0,0.69499999999999995,0.69499999999999995,0,142336,142336,0,1428.8603367191481,1428.8603367191481,32,61,29,168,0,-168
712,1000711,Direct_Combined_25pctPower_BG16,Direct_Earth_to_Mars,Earth_Relay2_Mars,0,0.69499999999999995,0.69499999999999995,0,142336,142336,0,1428.8603367191481,1428.8603367191481,32,61,29,168,0,-168
713,1000712,Control,Direct_Earth_to_Mars,Direct_Earth_to_Mars,0.85499999999999998,0.85499999999999998,0,175104,175104,0,391.14465420803003,391.14465420803003,0,29,29,0,0,0,0
713,1000712,Direct_Background_16,Direct_Earth_to_Mars,Direct_Earth_to_Mars,0.85499999999999998,0.85499999999999998,0,175104,175104,0,391.14465420803003,391.14465420803003,0,29,29,0,0,0,0
713,1000712,Direct_Pointing_25pct_Power,Direct_Earth_to_Mars,Direct_Earth_to_Mars,0.85499999999999998,0.85499999999999998,0,175104,175104,0,391.14465420803003,391.14465420803003,0,29,29,0,0,0,0
713,1000712,Direct_Combined_25pctPower_BG16,Direct_Earth_to_Mars,Direct_Earth_to_Mars,0.85499999999999998,0.85499999999999998,0,175104,175104,0,391.14465420803003,391.14465420803003,0,29,29,0,0,0,0
714,1000713,Control,Direct_Earth_to_Mars,Direct_Earth_to_Mars,0.95999999999999996,0.95999999999999996,0,196608,196608,0,459.23169769975362,459.23169769975362,0,8,8,0,0,0,0
714,1000713,Direct_Background_16,Direct_Earth_to_Mars,Direct_Earth_to_Mars,0.95999999999999996,0.95999999999999996,0,196608,196608,0,459.23169769975362,459.23169769975362,0,8,8,0,0,0,0
714,1000713,Direct_Pointing_25pct_Power,Direct_Earth_to_Mars,Direct_Earth_to_Mars,0.95999999999999996,0.95999999999999996,0,196608,196608,0,459.23169769975362,459.23169769975362,0,8,8,0,0,0,0
714,1000713,Direct_Combined_25pctPower_BG16,Direct_Earth_to_Mars,Direct_Earth_to_Mars,0.95999999999999996,0.95999999999999996,0,196608,196608,0,459.23169769975362,459.23169769975362,0,8,8,0,0,0,0
715,1000714,Control,Direct_Earth_to_Mars,Direct_Earth_to_Mars,0.89000000000000001,0.89000000000000001,0,182272,182272,0,1043.0744433305781,1043.0744433305781,0,22,22,0,0,0,0
715,1000714,Direct_Background_16,Direct_Earth_to_Mars,Direct_Earth_to_Mars,0.89000000000000001,0.89000000000000001,0,182272,182272,0,1043.0744433305781,1043.0744433305781,0,22,22,0,0,0,0
715,1000714,Direct_Pointing_25pct_Power,Direct_Earth_to_Mars,Earth_Relay2_Mars,0,0.745,0.745,0,152576,152576,0,1109.3552192266529,1109.3552192266529,22,51,29,178,0,-178
715,1000714,Direct_Combined_25pctPower_BG16,Direct_Earth_to_Mars,Earth_Relay2_Mars,0,0.745,0.745,0,152576,152576,0,1109.3552192266529,1109.3552192266529,22,51,29,178,0,-178
716,1000715,Control,Direct_Earth_to_Mars,Direct_Earth_to_Mars,0.94499999999999995,0.94499999999999995,0,193536,193536,0,1361.650073537545,1361.650073537545,0,11,11,0,0,0,0
716,1000715,Direct_Background_16,Direct_Earth_to_Mars,Direct_Earth_to_Mars,0.85999999999999999,0.85999999999999999,0,176128,176128,0,1361.650073537545,1361.650073537545,0,11,11,0,17,17,0
716,1000715,Direct_Pointing_25pct_Power,Direct_Earth_to_Mars,Earth_Relay2_Mars,0,0.89000000000000001,0.89000000000000001,0,182272,182272,0,1428.2927935294556,1428.2927935294556,11,22,11,189,0,-189
716,1000715,Direct_Combined_25pctPower_BG16,Direct_Earth_to_Mars,Earth_Relay2_Mars,0,0.89000000000000001,0.89000000000000001,0,182272,182272,0,1428.2927935294556,1428.2927935294556,11,22,11,189,0,-189
717,1000716,Control,Direct_Earth_to_Mars,Direct_Earth_to_Mars,0.91500000000000004,0.91500000000000004,0,187392,187392,0,1333.2397238339768,1333.2397238339768,0,17,17,0,0,0,0
717,1000716,Direct_Background_16,Direct_Earth_to_Mars,Direct_Earth_to_Mars,0.89500000000000002,0.89500000000000002,0,183296,183296,0,1333.2397238339768,1333.2397238339768,0,17,17,0,4,4,0
717,1000716,Direct_Pointing_25pct_Power,Direct_Earth_to_Mars,Earth_Relay2_Mars,0,0.79000000000000004,0.79000000000000004,0,161792,161792,0,1399.8941305303806,1399.8941305303806,17,42,25,183,0,-183
717,1000716,Direct_Combined_25pctPower_BG16,Direct_Earth_to_Mars,Earth_Relay2_Mars,0,0.79000000000000004,0.79000000000000004,0,161792,161792,0,1399.8941305303806,1399.8941305303806,17,42,25,183,0,-183
718,1000717,Control,Direct_Earth_to_Mars,Direct_Earth_to_Mars,0.79500000000000004,0.79500000000000004,0,162816,162816,0,323.60760817078523,323.60760817078523,0,41,41,0,0,0,0
718,1000717,Direct_Background_16,Direct_Earth_to_Mars,Direct_Earth_to_Mars,0.79500000000000004,0.79500000000000004,0,162816,162816,0,323.60760817078523,323.60760817078523,0,41,41,0,0,0,0
718,1000717,Direct_Pointing_25pct_Power,Direct_Earth_to_Mars,Direct_Earth_to_Mars,0.79500000000000004,0.79500000000000004,0,162816,162816,0,323.60760817078523,323.60760817078523,0,41,41,0,0,0,0
718,1000717,Direct_Combined_25pctPower_BG16,Direct_Earth_to_Mars,Direct_Earth_to_Mars,0.79500000000000004,0.79500000000000004,0,162816,162816,0,323.60760817078523,323.60760817078523,0,41,41,0,0,0,0
719,1000718,Control,Direct_Earth_to_Mars,Direct_Earth_to_Mars,0.93500000000000005,0.93500000000000005,0,191488,191488,0,1087.5658817191431,1087.5658817191431,0,13,13,0,0,0,0
719,1000718,Direct_Background_16,Direct_Earth_to_Mars,Direct_Earth_to_Mars,0.93500000000000005,0.93500000000000005,0,191488,191488,0,1087.5658817191431,1087.5658817191431,0,13,13,0,0,0,0
719,1000718,Direct_Pointing_25pct_Power,Direct_Earth_to_Mars,Earth_Relay2_Mars,0,0.88500000000000001,0.88500000000000001,0,181248,181248,0,1153.8414343360655,1153.8414343360655,13,23,10,187,0,-187
719,1000718,Direct_Combined_25pctPower_BG16,Direct_Earth_to_Mars,Earth_Relay2_Mars,0,0.88500000000000001,0.88500000000000001,0,181248,181248,0,1153.8414343360655,1153.8414343360655,13,23,10,187,0,-187
720,1000719,Control,Direct_Earth_to_Mars,Direct_Earth_to_Mars,0.875,0.875,0,179200,179200,0,1305.6625512167807,1305.6625512167807,0,25,25,0,0,0,0
720,1000719,Direct_Background_16,Direct_Earth_to_Mars,Direct_Earth_to_Mars,0.85499999999999998,0.85499999999999998,0,175104,175104,0,1305.6625512167807,1305.6625512167807,0,25,25,0,4,4,0
720,1000719,Direct_Pointing_25pct_Power,Direct_Earth_to_Mars,Earth_Relay2_Mars,0,0.745,0.745,0,152576,152576,0,1372.2117007108193,1372.2117007108193,25,51,26,175,0,-175
720,1000719,Direct_Combined_25pctPower_BG16,Direct_Earth_to_Mars,Earth_Relay2_Mars,0,0.745,0.745,0,152576,152576,0,1372.2117007108193,1372.2117007108193,25,51,26,175,0,-175
721,1000720,Control,Direct_Earth_to_Mars,Direct_Earth_to_Mars,0.94499999999999995,0.94499999999999995,0,193536,193536,0,1167.5556865416518,1167.5556865416518,0,11,11,0,0,0,0
721,1000720,Direct_Background_16,Direct_Earth_to_Mars,Direct_Earth_to_Mars,0.94499999999999995,0.94499999999999995,0,193536,193536,0,1167.5556865416518,1167.5556865416518,0,11,11,0,0,0,0
721,1000720,Direct_Pointing_25pct_Power,Direct_Earth_to_Mars,Earth_Relay2_Mars,0,0.86499999999999999,0.86499999999999999,0,177152,177152,0,1234.0209092922155,1234.0209092922155,11,27,16,189,0,-189
721,1000720,Direct_Combined_25pctPower_BG16,Direct_Earth_to_Mars,Earth_Relay2_Mars,0,0.86499999999999999,0.86499999999999999,0,177152,177152,0,1234.0209092922155,1234.0209092922155,11,27,16,189,0,-189
722,1000721,Control,Direct_Earth_to_Mars,Direct_Earth_to_Mars,0.86499999999999999,0.86499999999999999,0,177152,177152,0,1349.7762304460714,1349.7762304460714,0,27,27,0,0,0,0
722,1000721,Direct_Background_16,Direct_Earth_to_Mars,Direct_Earth_to_Mars,0.70999999999999996,0.70999999999999996,0,145408,145408,0,1349.7762304460732,1349.7762304460732,0,27,27,0,31,31,0
722,1000721,Direct_Pointing_25pct_Power,Direct_Earth_to_Mars,Earth_Relay2_Mars,0,0.67000000000000004,0.67000000000000004,0,137216,137216,0,1416.4424121518384,1416.4424121518384,27,66,39,173,0,-173
722,1000721,Direct_Combined_25pctPower_BG16,Direct_Earth_to_Mars,Earth_Relay2_Mars,0,0.67000000000000004,0.67000000000000004,0,137216,137216,0,1416.4424121518384,1416.4424121518384,27,66,39,173,0,-173
723,1000722,Control,Direct_Earth_to_Mars,Direct_Earth_to_Mars,0.96999999999999997,0.96999999999999997,0,198656,198656,0,650.15745229477841,650.15745229477841,0,6,6,0,0,0,0
723,1000722,Direct_Background_16,Direct_Earth_to_Mars,Direct_Earth_to_Mars,0.96999999999999997,0.96999999999999997,0,198656,198656,0,650.15745229477841,650.15745229477841,0,6,6,0,0,0,0
723,1000722,Direct_Pointing_25pct_Power,Direct_Earth_to_Mars,Direct_Earth_to_Mars,0.96999999999999997,0.96999999999999997,0,198656,198656,0,650.15745229477841,650.15745229477841,0,6,6,0,0,0,0
723,1000722,Direct_Combined_25pctPower_BG16,Direct_Earth_to_Mars,Direct_Earth_to_Mars,0.96999999999999997,0.96999999999999997,0,198656,198656,0,650.15745229477841,650.15745229477841,0,6,6,0,0,0,0
724,1000723,Control,Direct_Earth_to_Mars,Direct_Earth_to_Mars,0.93999999999999995,0.93999999999999995,0,192512,192512,0,535.29268587113972,535.29268587113972,0,12,12,0,0,0,0
724,1000723,Direct_Background_16,Direct_Earth_to_Mars,Direct_Earth_to_Mars,0.93999999999999995,0.93999999999999995,0,192512,192512,0,535.29268587113972,535.29268587113972,0,12,12,0,0,0,0
724,1000723,Direct_Pointing_25pct_Power,Direct_Earth_to_Mars,Direct_Earth_to_Mars,0.93999999999999995,0.93999999999999995,0,192512,192512,0,535.29268587113972,535.29268587113972,0,12,12,0,0,0,0
724,1000723,Direct_Combined_25pctPower_BG16,Direct_Earth_to_Mars,Direct_Earth_to_Mars,0.93999999999999995,0.93999999999999995,0,192512,192512,0,535.29268587113972,535.29268587113972,0,12,12,0,0,0,0
725,1000724,Control,Direct_Earth_to_Mars,Direct_Earth_to_Mars,0.83499999999999996,0.83499999999999996,0,171008,171008,0,1238.4074004555496,1238.4074004555496,0,33,33,0,0,0,0
725,1000724,Direct_Background_16,Direct_Earth_to_Mars,Direct_Earth_to_Mars,0.83499999999999996,0.83499999999999996,0,171008,171008,0,1238.4074004555496,1238.4074004555496,0,33,33,0,0,0,0
725,1000724,Direct_Pointing_25pct_Power,Direct_Earth_to_Mars,Earth_Relay2_Mars,0,0.70999999999999996,0.70999999999999996,0,145408,145408,0,1304.8643419792836,1304.8643419792836,33,58,25,167,0,-167
725,1000724,Direct_Combined_25pctPower_BG16,Direct_Earth_to_Mars,Earth_Relay2_Mars,0,0.70999999999999996,0.70999999999999996,0,145408,145408,0,1304.8643419792836,1304.8643419792836,33,58,25,167,0,-167
726,1000725,Control,Direct_Earth_to_Mars,Direct_Earth_to_Mars,0.91500000000000004,0.91500000000000004,0,187392,187392,0,550.54706957743213,550.54706957743213,0,17,17,0,0,0,0
726,1000725,Direct_Background_16,Direct_Earth_to_Mars,Direct_Earth_to_Mars,0.91500000000000004,0.91500000000000004,0,187392,187392,0,550.54706957743213,550.54706957743213,0,17,17,0,0,0,0
726,1000725,Direct_Pointing_25pct_Power,Direct_Earth_to_Mars,Direct_Earth_to_Mars,0.91500000000000004,0.91500000000000004,0,187392,187392,0,550.54706957743213,550.54706957743213,0,17,17,0,0,0,0
726,1000725,Direct_Combined_25pctPower_BG16,Direct_Earth_to_Mars,Direct_Earth_to_Mars,0.91500000000000004,0.91500000000000004,0,187392,187392,0,550.54706957743213,550.54706957743213,0,17,17,0,0,0,0
727,1000726,Control,Direct_Earth_to_Mars,Direct_Earth_to_Mars,0.83499999999999996,0.83499999999999996,0,171008,171008,0,1329.0369516541539,1329.0369516541539,0,33,33,0,0,0,0
727,1000726,Direct_Background_16,Direct_Earth_to_Mars,Direct_Earth_to_Mars,0.80500000000000005,0.80500000000000005,0,164864,164864,0,1329.0369516541539,1329.0369516541539,0,33,33,0,6,6,0
727,1000726,Direct_Pointing_25pct_Power,Direct_Earth_to_Mars,Earth_Relay2_Mars,0,0.69499999999999995,0.69499999999999995,0,142336,142336,0,1395.6214117148193,1395.6214117148193,33,61,28,167,0,-167
727,1000726,Direct_Combined_25pctPower_BG16,Direct_Earth_to_Mars,Earth_Relay2_Mars,0,0.69499999999999995,0.69499999999999995,0,142336,142336,0,1395.6214117148193,1395.6214117148193,33,61,28,167,0,-167
728,1000727,Control,Direct_Earth_to_Mars,Direct_Earth_to_Mars,0.88,0.88,0,180224,180224,0,993.98583631583972,993.98583631583972,0,24,24,0,0,0,0
728,1000727,Direct_Background_16,Direct_Earth_to_Mars,Direct_Earth_to_Mars,0.88,0.88,0,180224,180224,0,993.98583631583972,993.98583631583972,0,24,24,0,0,0,0
728,1000727,Direct_Pointing_25pct_Power,Direct_Earth_to_Mars,Earth_Relay2_Mars,0,0.73499999999999999,0.73499999999999999,0,150528,150528,0,1060.1629152210655,1060.1629152210655,24,53,29,176,0,-176
728,1000727,Direct_Combined_25pctPower_BG16,Direct_Earth_to_Mars,Earth_Relay2_Mars,0,0.73499999999999999,0.73499999999999999,0,150528,150528,0,1060.1629152210655,1060.1629152210655,24,53,29,176,0,-176
729,1000728,Control,Direct_Earth_to_Mars,Direct_Earth_to_Mars,0.83999999999999997,0.83999999999999997,0,172032,172032,0,658.28313044313131,658.28313044313131,0,32,32,0,0,0,0
729,1000728,Direct_Background_16,Direct_Earth_to_Mars,Direct_Earth_to_Mars,0.83999999999999997,0.83999999999999997,0,172032,172032,0,658.28313044313131,658.28313044313131,0,32,32,0,0,0,0
729,1000728,Direct_Pointing_25pct_Power,Direct_Earth_to_Mars,Direct_Earth_to_Mars,0.83999999999999997,0.83999999999999997,0,172032,172032,0,658.28313044313131,658.28313044313131,0,32,32,0,0,0,0
729,1000728,Direct_Combined_25pctPower_BG16,Direct_Earth_to_Mars,Direct_Earth_to_Mars,0.83499999999999996,0.83499999999999996,0,171008,171008,0,658.28313044313131,658.28313044313131,0,32,32,0,1,1,0
730,1000729,Control,Direct_Earth_to_Mars,Direct_Earth_to_Mars,0.85999999999999999,0.85999999999999999,0,176128,176128,0,839.16720454270671,839.16720454270671,0,28,28,0,0,0,0
730,1000729,Direct_Background_16,Direct_Earth_to_Mars,Direct_Earth_to_Mars,0.85999999999999999,0.85999999999999999,0,176128,176128,0,839.16720454270671,839.16720454270671,0,28,28,0,0,0,0
730,1000729,Direct_Pointing_25pct_Power,Direct_Earth_to_Mars,Direct_Earth_to_Mars,0.85499999999999998,0.85499999999999998,0,175104,175104,0,839.16720454270671,839.16720454270671,0,28,28,0,1,1,0
730,1000729,Direct_Combined_25pctPower_BG16,Direct_Earth_to_Mars,Earth_Relay2_Mars,0,0.72999999999999998,0.72999999999999998,0,149504,149504,0,905.2103763330407,905.2103763330407,28,54,26,172,0,-172
731,1000730,Control,Direct_Earth_to_Mars,Direct_Earth_to_Mars,0.96499999999999997,0.96499999999999997,0,197632,197632,0,1211.2242137246587,1211.2242137246587,0,7,7,0,0,0,0
731,1000730,Direct_Background_16,Direct_Earth_to_Mars,Direct_Earth_to_Mars,0.95999999999999996,0.95999999999999996,0,196608,196608,0,1211.2242137246587,1211.2242137246587,0,7,7,0,1,1,0
731,1000730,Direct_Pointing_25pct_Power,Direct_Earth_to_Mars,Earth_Relay2_Mars,0,0.92000000000000004,0.92000000000000004,0,188416,188416,0,1277.7466784209846,1277.7466784209846,7,16,9,193,0,-193
731,1000730,Direct_Combined_25pctPower_BG16,Direct_Earth_to_Mars,Earth_Relay2_Mars,0,0.92000000000000004,0.92000000000000004,0,188416,188416,0,1277.7466784209846,1277.7466784209846,7,16,9,193,0,-193
732,1000731,Control,Direct_Earth_to_Mars,Direct_Earth_to_Mars,0.91000000000000003,0.91000000000000003,0,186368,186368,0,995.38449573345144,995.38449573345144,0,18,18,0,0,0,0
732,1000731,Direct_Background_16,Direct_Earth_to_Mars,Direct_Earth_to_Mars,0.91000000000000003,0.91000000000000003,0,186368,186368,0,995.38449573345144,995.38449573345144,0,18,18,0,0,0,0
732,1000731,Direct_Pointing_25pct_Power,Direct_Earth_to_Mars,Earth_Relay2_Mars,0,0.83499999999999996,0.83499999999999996,0,171008,171008,0,1061.5875458586934,1061.5875458586934,18,33,15,182,0,-182
732,1000731,Direct_Combined_25pctPower_BG16,Direct_Earth_to_Mars,Earth_Relay2_Mars,0,0.83499999999999996,0.83499999999999996,0,171008,171008,0,1061.5875458586934,1061.5875458586934,18,33,15,182,0,-182
733,1000732,Control,Direct_Earth_to_Mars,Direct_Earth_to_Mars,0.89500000000000002,0.89500000000000002,0,183296,183296,0,443.94031759907375,443.94031759907375,0,21,21,0,0,0,0
733,1000732,Direct_Background_16,Direct_Earth_to_Mars,Direct_Earth_to_Mars,0.89500000000000002,0.89500000000000002,0,183296,183296,0,443.94031759907375,443.94031759907375,0,21,21,0,0,0,0
733,1000732,Direct_Pointing_25pct_Power,Direct_Earth_to_Mars,Direct_Earth_to_Mars,0.89500000000000002,0.89500000000000002,0,183296,183296,0,443.94031759907375,443.94031759907375,0,21,21,0,0,0,0
733,1000732,Direct_Combined_25pctPower_BG16,Direct_Earth_to_Mars,Direct_Earth_to_Mars,0.89500000000000002,0.89500000000000002,0,183296,183296,0,443.94031759907375,443.94031759907375,0,21,21,0,0,0,0
734,1000733,Control,Direct_Earth_to_Mars,Direct_Earth_to_Mars,0.98499999999999999,0.98499999999999999,0,201728,201728,0,1227.9703996841195,1227.9703996841195,0,3,3,0,0,0,0
734,1000733,Direct_Background_16,Direct_Earth_to_Mars,Direct_Earth_to_Mars,0.97499999999999998,0.97499999999999998,0,199680,199680,0,1227.9703996841192,1227.9703996841192,0,3,3,0,2,2,0
734,1000733,Direct_Pointing_25pct_Power,Direct_Earth_to_Mars,Earth_Relay2_Mars,0,0.92500000000000004,0.92500000000000004,0,189440,189440,0,1294.513658285804,1294.513658285804,3,15,12,197,0,-197
734,1000733,Direct_Combined_25pctPower_BG16,Direct_Earth_to_Mars,Earth_Relay2_Mars,0,0.92500000000000004,0.92500000000000004,0,189440,189440,0,1294.513658285804,1294.513658285804,3,15,12,197,0,-197
735,1000734,Control,Direct_Earth_to_Mars,Direct_Earth_to_Mars,0.77000000000000002,0.77000000000000002,0,157696,157696,0,876.76489614823731,876.76489614823731,0,46,46,0,0,0,0
735,1000734,Direct_Background_16,Direct_Earth_to_Mars,Direct_Earth_to_Mars,0.77000000000000002,0.77000000000000002,0,157696,157696,0,876.76489614823731,876.76489614823731,0,46,46,0,0,0,0
735,1000734,Direct_Pointing_25pct_Power,Direct_Earth_to_Mars,Direct_Earth_to_Mars,0.75,0.75,0,153600,153600,0,876.76489614823731,876.76489614823731,0,46,46,0,4,4,0
735,1000734,Direct_Combined_25pctPower_BG16,Direct_Earth_to_Mars,Earth_Relay2_Mars,0,0.64000000000000001,0.64000000000000001,0,131072,131072,0,942.83656165429068,942.83656165429068,46,72,26,154,0,-154
736,1000735,Control,Direct_Earth_to_Mars,Direct_Earth_to_Mars,0.90500000000000003,0.90500000000000003,0,185344,185344,0,1139.6882411944882,1139.6882411944882,0,19,19,0,0,0,0
736,1000735,Direct_Background_16,Direct_Earth_to_Mars,Direct_Earth_to_Mars,0.90500000000000003,0.90500000000000003,0,185344,185344,0,1139.6882411944882,1139.6882411944882,0,19,19,0,0,0,0
736,1000735,Direct_Pointing_25pct_Power,Direct_Earth_to_Mars,Earth_Relay2_Mars,0,0.85499999999999998,0.85499999999999998,0,175104,175104,0,1206.1147927257202,1206.1147927257202,19,29,10,181,0,-181
736,1000735,Direct_Combined_25pctPower_BG16,Direct_Earth_to_Mars,Earth_Relay2_Mars,0,0.85499999999999998,0.85499999999999998,0,175104,175104,0,1206.1147927257202,1206.1147927257202,19,29,10,181,0,-181
737,1000736,Control,Direct_Earth_to_Mars,Direct_Earth_to_Mars,0.88,0.88,0,180224,180224,0,891.93150316588878,891.93150316588878,0,24,24,0,0,0,0
737,1000736,Direct_Background_16,Direct_Earth_to_Mars,Direct_Earth_to_Mars,0.88,0.88,0,180224,180224,0,891.93150316588878,891.93150316588878,0,24,24,0,0,0,0
737,1000736,Direct_Pointing_25pct_Power,Direct_Earth_to_Mars,Direct_Earth_to_Mars,0.83999999999999997,0.83999999999999997,0,172032,172032,0,891.93150316588867,891.93150316588867,0,24,24,0,8,8,0
737,1000736,Direct_Combined_25pctPower_BG16,Direct_Earth_to_Mars,Earth_Relay2_Mars,0,0.76500000000000001,0.76500000000000001,0,156672,156672,0,957.96901714009118,957.96901714009118,24,47,23,176,0,-176
738,1000737,Control,Direct_Earth_to_Mars,Direct_Earth_to_Mars,0.96499999999999997,0.96499999999999997,0,197632,197632,0,1155.5251574912465,1155.5251574912465,0,7,7,0,0,0,0
738,1000737,Direct_Background_16,Direct_Earth_to_Mars,Direct_Earth_to_Mars,0.96499999999999997,0.96499999999999997,0,197632,197632,0,1155.5251574912465,1155.5251574912465,0,7,7,0,0,0,0
738,1000737,Direct_Pointing_25pct_Power,Direct_Earth_to_Mars,Earth_Relay2_Mars,0,0.93000000000000005,0.93000000000000005,0,190464,190464,0,1221.9738836016641,1221.9738836016641,7,14,7,193,0,-193
738,1000737,Direct_Combined_25pctPower_BG16,Direct_Earth_to_Mars,Earth_Relay2_Mars,0,0.93000000000000005,0.93000000000000005,0,190464,190464,0,1221.9738836016641,1221.9738836016641,7,14,7,193,0,-193
739,1000738,Control,Direct_Earth_to_Mars,Direct_Earth_to_Mars,0.86499999999999999,0.86499999999999999,0,177152,177152,0,399.64078390148802,399.64078390148802,0,27,27,0,0,0,0
739,1000738,Direct_Background_16,Direct_Earth_to_Mars,Direct_Earth_to_Mars,0.86499999999999999,0.86499999999999999,0,177152,177152,0,399.64078390148802,399.64078390148802,0,27,27,0,0,0,0
739,1000738,Direct_Pointing_25pct_Power,Direct_Earth_to_Mars,Direct_Earth_to_Mars,0.86499999999999999,0.86499999999999999,0,177152,177152,0,399.64078390148802,399.64078390148802,0,27,27,0,0,0,0
739,1000738,Direct_Combined_25pctPower_BG16,Direct_Earth_to_Mars,Direct_Earth_to_Mars,0.86499999999999999,0.86499999999999999,0,177152,177152,0,399.64078390148802,399.64078390148802,0,27,27,0,0,0,0
740,1000739,Control,Direct_Earth_to_Mars,Direct_Earth_to_Mars,0.82499999999999996,0.82499999999999996,0,168960,168960,0,479.75142940861519,479.75142940861519,0,35,35,0,0,0,0
740,1000739,Direct_Background_16,Direct_Earth_to_Mars,Direct_Earth_to_Mars,0.82499999999999996,0.82499999999999996,0,168960,168960,0,479.75142940861519,479.75142940861519,0,35,35,0,0,0,0
740,1000739,Direct_Pointing_25pct_Power,Direct_Earth_to_Mars,Direct_Earth_to_Mars,0.82499999999999996,0.82499999999999996,0,168960,168960,0,479.75142940861519,479.75142940861519,0,35,35,0,0,0,0
740,1000739,Direct_Combined_25pctPower_BG16,Direct_Earth_to_Mars,Direct_Earth_to_Mars,0.82499999999999996,0.82499999999999996,0,168960,168960,0,479.75142940861519,479.75142940861519,0,35,35,0,0,0,0
741,1000740,Control,Direct_Earth_to_Mars,Direct_Earth_to_Mars,0.81999999999999995,0.81999999999999995,0,167936,167936,0,1303.3468515354823,1303.3468515354823,0,36,36,0,0,0,0
741,1000740,Direct_Background_16,Direct_Earth_to_Mars,Direct_Earth_to_Mars,0.77000000000000002,0.77000000000000002,0,157696,157696,0,1303.3468515354818,1303.3468515354818,0,36,36,0,10,10,0
741,1000740,Direct_Pointing_25pct_Power,Direct_Earth_to_Mars,Earth_Relay2_Mars,0,0.68500000000000005,0.68500000000000005,0,140288,140288,0,1369.9741609365731,1369.9741609365731,36,63,27,164,0,-164
741,1000740,Direct_Combined_25pctPower_BG16,Direct_Earth_to_Mars,Earth_Relay2_Mars,0,0.68500000000000005,0.68500000000000005,0,140288,140288,0,1369.9741609365731,1369.9741609365731,36,63,27,164,0,-164
742,1000741,Control,Direct_Earth_to_Mars,Direct_Earth_to_Mars,0.93000000000000005,0.93000000000000005,0,190464,190464,0,704.32426413168673,704.32426413168673,0,14,14,0,0,0,0
742,1000741,Direct_Background_16,Direct_Earth_to_Mars,Direct_Earth_to_Mars,0.93000000000000005,0.93000000000000005,0,190464,190464,0,704.32426413168673,704.32426413168673,0,14,14,0,0,0,0
742,1000741,Direct_Pointing_25pct_Power,Direct_Earth_to_Mars,Direct_Earth_to_Mars,0.93000000000000005,0.93000000000000005,0,190464,190464,0,704.32426413168673,704.32426413168673,0,14,14,0,0,0,0
742,1000741,Direct_Combined_25pctPower_BG16,Direct_Earth_to_Mars,Direct_Earth_to_Mars,0.77000000000000002,0.77000000000000002,0,157696,157696,0,704.32426413168594,704.32426413168594,0,14,14,0,32,32,0
743,1000742,Control,Direct_Earth_to_Mars,Direct_Earth_to_Mars,0.81000000000000005,0.81000000000000005,0,165888,165888,0,405.14039302215832,405.14039302215832,0,38,38,0,0,0,0
743,1000742,Direct_Background_16,Direct_Earth_to_Mars,Direct_Earth_to_Mars,0.81000000000000005,0.81000000000000005,0,165888,165888,0,405.14039302215832,405.14039302215832,0,38,38,0,0,0,0
743,1000742,Direct_Pointing_25pct_Power,Direct_Earth_to_Mars,Direct_Earth_to_Mars,0.81000000000000005,0.81000000000000005,0,165888,165888,0,405.14039302215832,405.14039302215832,0,38,38,0,0,0,0
743,1000742,Direct_Combined_25pctPower_BG16,Direct_Earth_to_Mars,Direct_Earth_to_Mars,0.81000000000000005,0.81000000000000005,0,165888,165888,0,405.14039302215832,405.14039302215832,0,38,38,0,0,0,0
744,1000743,Control,Direct_Earth_to_Mars,Direct_Earth_to_Mars,0.89500000000000002,0.89500000000000002,0,183296,183296,0,1366.6643458749531,1366.6643458749531,0,21,21,0,0,0,0
744,1000743,Direct_Background_16,Direct_Earth_to_Mars,Direct_Earth_to_Mars,0.84499999999999997,0.84499999999999997,0,173056,173056,0,1366.6643458749536,1366.6643458749536,0,21,21,0,10,10,0
744,1000743,Direct_Pointing_25pct_Power,Direct_Earth_to_Mars,Earth_Relay2_Mars,0,0.83499999999999996,0.83499999999999996,0,171008,171008,0,1433.3208024463613,1433.3208024463613,21,33,12,179,0,-179
744,1000743,Direct_Combined_25pctPower_BG16,Direct_Earth_to_Mars,Earth_Relay2_Mars,0,0.83499999999999996,0.83499999999999996,0,171008,171008,0,1433.3208024463613,1433.3208024463613,21,33,12,179,0,-179
745,1000744,Control,Direct_Earth_to_Mars,Direct_Earth_to_Mars,0.86499999999999999,0.86499999999999999,0,177152,177152,0,824.31268787423448,824.31268787423448,0,27,27,0,0,0,0
745,1000744,Direct_Background_16,Direct_Earth_to_Mars,Direct_Earth_to_Mars,0.86499999999999999,0.86499999999999999,0,177152,177152,0,824.31268787423448,824.31268787423448,0,27,27,0,0,0,0
745,1000744,Direct_Pointing_25pct_Power,Direct_Earth_to_Mars,Direct_Earth_to_Mars,0.84999999999999998,0.84999999999999998,0,174080,174080,0,824.31268787423426,824.31268787423426,0,27,27,0,3,3,0
745,1000744,Direct_Combined_25pctPower_BG16,Direct_Earth_to_Mars,Earth_Relay2_Mars,0,0.78000000000000003,0.78000000000000003,0,159744,159744,0,890.34545850288407,890.34545850288407,27,44,17,173,0,-173
746,1000745,Control,Direct_Earth_to_Mars,Direct_Earth_to_Mars,0.93000000000000005,0.93000000000000005,0,190464,190464,0,1182.0059587758237,1182.0059587758237,0,14,14,0,0,0,0
746,1000745,Direct_Background_16,Direct_Earth_to_Mars,Direct_Earth_to_Mars,0.93000000000000005,0.93000000000000005,0,190464,190464,0,1182.0059587758237,1182.0059587758237,0,14,14,0,0,0,0
746,1000745,Direct_Pointing_25pct_Power,Direct_Earth_to_Mars,Earth_Relay2_Mars,0,0.81499999999999995,0.81499999999999995,0,166912,166912,0,1248.4905890618609,1248.4905890618609,14,37,23,186,0,-186
746,1000745,Direct_Combined_25pctPower_BG16,Direct_Earth_to_Mars,Earth_Relay2_Mars,0,0.81499999999999995,0.81499999999999995,0,166912,166912,0,1248.4905890618609,1248.4905890618609,14,37,23,186,0,-186
747,1000746,Control,Direct_Earth_to_Mars,Direct_Earth_to_Mars,0.97499999999999998,0.97499999999999998,0,199680,199680,0,1234.2410122242575,1234.2410122242575,0,5,5,0,0,0,0
747,1000746,Direct_Background_16,Direct_Earth_to_Mars,Direct_Earth_to_Mars,0.97499999999999998,0.97499999999999998,0,199680,199680,0,1234.2410122242575,1234.2410122242575,0,5,5,0,0,0,0
747,1000746,Direct_Pointing_25pct_Power,Direct_Earth_to_Mars,Earth_Relay2_Mars,0,0.92500000000000004,0.92500000000000004,0,189440,189440,0,1300.6925367811616,1300.6925367811616,5,15,10,195,0,-195
747,1000746,Direct_Combined_25pctPower_BG16,Direct_Earth_to_Mars,Earth_Relay2_Mars,0,0.92500000000000004,0.92500000000000004,0,189440,189440,0,1300.6925367811616,1300.6925367811616,5,15,10,195,0,-195
748,1000747,Control,Direct_Earth_to_Mars,Direct_Earth_to_Mars,0.97999999999999998,0.97999999999999998,0,200704,200704,0,1042.5205667116975,1042.5205667116975,0,4,4,0,0,0,0
748,1000747,Direct_Background_16,Direct_Earth_to_Mars,Direct_Earth_to_Mars,0.97999999999999998,0.97999999999999998,0,200704,200704,0,1042.5205667116975,1042.5205667116975,0,4,4,0,0,0,0
748,1000747,Direct_Pointing_25pct_Power,Direct_Earth_to_Mars,Earth_Relay2_Mars,0,0.95999999999999996,0.95999999999999996,0,196608,196608,0,1108.8004591358749,1108.8004591358749,4,8,4,196,0,-196
748,1000747,Direct_Combined_25pctPower_BG16,Direct_Earth_to_Mars,Earth_Relay2_Mars,0,0.95999999999999996,0.95999999999999996,0,196608,196608,0,1108.8004591358749,1108.8004591358749,4,8,4,196,0,-196
749,1000748,Control,Direct_Earth_to_Mars,Direct_Earth_to_Mars,0.87,0.87,0,178176,178176,0,1353.7041263944413,1353.7041263944413,0,26,26,0,0,0,0
749,1000748,Direct_Background_16,Direct_Earth_to_Mars,Direct_Earth_to_Mars,0.85999999999999999,0.85999999999999999,0,176128,176128,0,1353.7041263944413,1353.7041263944413,0,26,26,0,2,2,0
749,1000748,Direct_Pointing_25pct_Power,Direct_Earth_to_Mars,Earth_Relay2_Mars,0,0.79000000000000004,0.79000000000000004,0,161792,161792,0,1420.3724394962505,1420.3724394962505,26,42,16,174,0,-174
749,1000748,Direct_Combined_25pctPower_BG16,Direct_Earth_to_Mars,Earth_Relay2_Mars,0,0.79000000000000004,0.79000000000000004,0,161792,161792,0,1420.3724394962505,1420.3724394962505,26,42,16,174,0,-174
750,1000749,Control,Direct_Earth_to_Mars,Direct_Earth_to_Mars,0.98499999999999999,0.98499999999999999,0,201728,201728,0,1195.6005514905632,1195.6005514905632,0,3,3,0,0,0,0
750,1000749,Direct_Background_16,Direct_Earth_to_Mars,Direct_Earth_to_Mars,0.97499999999999998,0.97499999999999998,0,199680,199680,0,1195.6005514905632,1195.6005514905632,0,3,3,0,2,2,0
750,1000749,Direct_Pointing_25pct_Power,Direct_Earth_to_Mars,Earth_Relay2_Mars,0,0.95499999999999996,0.95499999999999996,0,195584,195584,0,1262.0030643655632,1262.0030643655632,3,9,6,197,0,-197
750,1000749,Direct_Combined_25pctPower_BG16,Direct_Earth_to_Mars,Earth_Relay2_Mars,0,0.95499999999999996,0.95499999999999996,0,195584,195584,0,1262.0030643655632,1262.0030643655632,3,9,6,197,0,-197
751,1000750,Control,Direct_Earth_to_Mars,Direct_Earth_to_Mars,0.93000000000000005,0.93000000000000005,0,190464,190464,0,1061.2966938534537,1061.2966938534537,0,14,14,0,0,0,0
751,1000750,Direct_Background_16,Direct_Earth_to_Mars,Direct_Earth_to_Mars,0.93000000000000005,0.93000000000000005,0,190464,190464,0,1061.2966938534537,1061.2966938534537,0,14,14,0,0,0,0
751,1000750,Direct_Pointing_25pct_Power,Direct_Earth_to_Mars,Earth_Relay2_Mars,0,0.85499999999999998,0.85499999999999998,0,175104,175104,0,1127.6062548656166,1127.6062548656166,14,29,15,186,0,-186
751,1000750,Direct_Combined_25pctPower_BG16,Direct_Earth_to_Mars,Earth_Relay2_Mars,0,0.85499999999999998,0.85499999999999998,0,175104,175104,0,1127.6062548656166,1127.6062548656166,14,29,15,186,0,-186
752,1000751,Control,Direct_Earth_to_Mars,Direct_Earth_to_Mars,0.81499999999999995,0.81499999999999995,0,166912,166912,0,692.64475786908599,692.64475786908599,0,37,37,0,0,0,0
752,1000751,Direct_Background_16,Direct_Earth_to_Mars,Direct_Earth_to_Mars,0.81499999999999995,0.81499999999999995,0,166912,166912,0,692.64475786908599,692.64475786908599,0,37,37,0,0,0,0
752,1000751,Direct_Pointing_25pct_Power,Direct_Earth_to_Mars,Direct_Earth_to_Mars,0.81499999999999995,0.81499999999999995,0,166912,166912,0,692.64475786908599,692.64475786908599,0,37,37,0,0,0,0
752,1000751,Direct_Combined_25pctPower_BG16,Direct_Earth_to_Mars,Direct_Earth_to_Mars,0.80000000000000004,0.80000000000000004,0,163840,163840,0,692.64475786908599,692.64475786908599,0,37,37,0,3,3,0
753,1000752,Control,Direct_Earth_to_Mars,Direct_Earth_to_Mars,0.85999999999999999,0.85999999999999999,0,176128,176128,0,318.29212676459991,318.29212676459991,0,28,28,0,0,0,0
753,1000752,Direct_Background_16,Direct_Earth_to_Mars,Direct_Earth_to_Mars,0.85999999999999999,0.85999999999999999,0,176128,176128,0,318.29212676459991,318.29212676459991,0,28,28,0,0,0,0
753,1000752,Direct_Pointing_25pct_Power,Direct_Earth_to_Mars,Direct_Earth_to_Mars,0.85999999999999999,0.85999999999999999,0,176128,176128,0,318.29212676459991,318.29212676459991,0,28,28,0,0,0,0
753,1000752,Direct_Combined_25pctPower_BG16,Direct_Earth_to_Mars,Direct_Earth_to_Mars,0.85999999999999999,0.85999999999999999,0,176128,176128,0,318.29212676459991,318.29212676459991,0,28,28,0,0,0,0
754,1000753,Control,Direct_Earth_to_Mars,Direct_Earth_to_Mars,0.995,0.995,0,203776,203776,0,905.62062027344189,905.62062027344189,0,1,1,0,0,0,0
754,1000753,Direct_Background_16,Direct_Earth_to_Mars,Direct_Earth_to_Mars,0.995,0.995,0,203776,203776,0,905.62062027344189,905.62062027344189,0,1,1,0,0,0,0
754,1000753,Direct_Pointing_25pct_Power,Direct_Earth_to_Mars,Direct_Earth_to_Mars,0.82499999999999996,0.82499999999999996,0,168960,168960,0,905.62062027344405,905.62062027344405,0,1,1,0,34,34,0
754,1000753,Direct_Combined_25pctPower_BG16,Direct_Earth_to_Mars,Earth_Relay2_Mars,0,0.995,0.995,0,203776,203776,0,971.71607085195194,971.71607085195194,1,1,0,199,0,-199
755,1000754,Control,Direct_Earth_to_Mars,Direct_Earth_to_Mars,0.96999999999999997,0.96999999999999997,0,198656,198656,0,1283.3005641217228,1283.3005641217228,0,6,6,0,0,0,0
755,1000754,Direct_Background_16,Direct_Earth_to_Mars,Direct_Earth_to_Mars,0.95499999999999996,0.95499999999999996,0,195584,195584,0,1283.3005641217228,1283.3005641217228,0,6,6,0,3,3,0
755,1000754,Direct_Pointing_25pct_Power,Direct_Earth_to_Mars,Earth_Relay2_Mars,0,0.93999999999999995,0.93999999999999995,0,192512,192512,0,1349.9072899895564,1349.9072899895564,6,12,6,194,0,-194
755,1000754,Direct_Combined_25pctPower_BG16,Direct_Earth_to_Mars,Earth_Relay2_Mars,0,0.93999999999999995,0.93999999999999995,0,192512,192512,0,1349.9072899895564,1349.9072899895564,6,12,6,194,0,-194
756,1000755,Control,Direct_Earth_to_Mars,Direct_Earth_to_Mars,0.82499999999999996,0.82499999999999996,0,168960,168960,0,1002.7814881744088,1002.7814881744088,0,35,35,0,0,0,0
756,1000755,Direct_Background_16,Direct_Earth_to_Mars,Direct_Earth_to_Mars,0.82499999999999996,0.82499999999999996,0,168960,168960,0,1002.7814881744088,1002.7814881744088,0,35,35,0,0,0,0
756,1000755,Direct_Pointing_25pct_Power,Direct_Earth_to_Mars,Earth_Relay2_Mars,0,0.69499999999999995,0.69499999999999995,0,142336,142336,0,1068.9967960991651,1068.9967960991651,35,61,26,165,0,-165
756,1000755,Direct_Combined_25pctPower_BG16,Direct_Earth_to_Mars,Earth_Relay2_Mars,0,0.69499999999999995,0.69499999999999995,0,142336,142336,0,1068.9967960991651,1068.9967960991651,35,61,26,165,0,-165
757,1000756,Control,Direct_Earth_to_Mars,Direct_Earth_to_Mars,0.96999999999999997,0.96999999999999997,0,198656,198656,0,1255.881686050823,1255.881686050823,0,6,6,0,0,0,0
757,1000756,Direct_Background_16,Direct_Earth_to_Mars,Direct_Earth_to_Mars,0.96999999999999997,0.96999999999999997,0,198656,198656,0,1255.881686050823,1255.881686050823,0,6,6,0,0,0,0
757,1000756,Direct_Pointing_25pct_Power,Direct_Earth_to_Mars,Earth_Relay2_Mars,0,0.93999999999999995,0.93999999999999995,0,192512,192512,0,1322.3616634484436,1322.3616634484436,6,12,6,194,0,-194
757,1000756,Direct_Combined_25pctPower_BG16,Direct_Earth_to_Mars,Earth_Relay2_Mars,0,0.93999999999999995,0.93999999999999995,0,192512,192512,0,1322.3616634484436,1322.3616634484436,6,12,6,194,0,-194
758,1000757,Control,Direct_Earth_to_Mars,Direct_Earth_to_Mars,0.97499999999999998,0.97499999999999998,0,199680,199680,0,1249.0069690151217,1249.0069690151217,0,5,5,0,0,0,0
758,1000757,Direct_Background_16,Direct_Earth_to_Mars,Direct_Earth_to_Mars,0.96499999999999997,0.96499999999999997,0,197632,197632,0,1249.0069690151217,1249.0069690151217,0,5,5,0,2,2,0
758,1000757,Direct_Pointing_25pct_Power,Direct_Earth_to_Mars,Earth_Relay2_Mars,0,0.93000000000000005,0.93000000000000005,0,190464,190464,0,1315.5753626351363,1315.5753626351363,5,14,9,195,0,-195
758,1000757,Direct_Combined_25pctPower_BG16,Direct_Earth_to_Mars,Earth_Relay2_Mars,0,0.93000000000000005,0.93000000000000005,0,190464,190464,0,1315.5753626351363,1315.5753626351363,5,14,9,195,0,-195
759,1000758,Control,Direct_Earth_to_Mars,Direct_Earth_to_Mars,0.86499999999999999,0.86499999999999999,0,177152,177152,0,301.56515276340542,301.56515276340542,0,27,27,0,0,0,0
759,1000758,Direct_Background_16,Direct_Earth_to_Mars,Direct_Earth_to_Mars,0.86499999999999999,0.86499999999999999,0,177152,177152,0,301.56515276340542,301.56515276340542,0,27,27,0,0,0,0
759,1000758,Direct_Pointing_25pct_Power,Direct_Earth_to_Mars,Direct_Earth_to_Mars,0.86499999999999999,0.86499999999999999,0,177152,177152,0,301.56515276340542,301.56515276340542,0,27,27,0,0,0,0
759,1000758,Direct_Combined_25pctPower_BG16,Direct_Earth_to_Mars,Direct_Earth_to_Mars,0.86499999999999999,0.86499999999999999,0,177152,177152,0,301.56515276340542,301.56515276340542,0,27,27,0,0,0,0
760,1000759,Control,Direct_Earth_to_Mars,Direct_Earth_to_Mars,0.96999999999999997,0.96999999999999997,0,198656,198656,0,573.10579915338928,573.10579915338928,0,6,6,0,0,0,0
760,1000759,Direct_Background_16,Direct_Earth_to_Mars,Direct_Earth_to_Mars,0.96999999999999997,0.96999999999999997,0,198656,198656,0,573.10579915338928,573.10579915338928,0,6,6,0,0,0,0
760,1000759,Direct_Pointing_25pct_Power,Direct_Earth_to_Mars,Direct_Earth_to_Mars,0.96999999999999997,0.96999999999999997,0,198656,198656,0,573.10579915338928,573.10579915338928,0,6,6,0,0,0,0
760,1000759,Direct_Combined_25pctPower_BG16,Direct_Earth_to_Mars,Direct_Earth_to_Mars,0.96999999999999997,0.96999999999999997,0,198656,198656,0,573.10579915338928,573.10579915338928,0,6,6,0,0,0,0
761,1000760,Control,Direct_Earth_to_Mars,Direct_Earth_to_Mars,0.82999999999999996,0.82999999999999996,0,169984,169984,0,1168.0140831943934,1168.0140831943934,0,34,34,0,0,0,0
761,1000760,Direct_Background_16,Direct_Earth_to_Mars,Direct_Earth_to_Mars,0.82999999999999996,0.82999999999999996,0,169984,169984,0,1168.0140831943934,1168.0140831943934,0,34,34,0,0,0,0
761,1000760,Direct_Pointing_25pct_Power,Direct_Earth_to_Mars,Earth_Relay2_Mars,0,0.76000000000000001,0.76000000000000001,0,155648,155648,0,1234.479928471643,1234.479928471643,34,48,14,166,0,-166
761,1000760,Direct_Combined_25pctPower_BG16,Direct_Earth_to_Mars,Earth_Relay2_Mars,0,0.76000000000000001,0.76000000000000001,0,155648,155648,0,1234.479928471643,1234.479928471643,34,48,14,166,0,-166
762,1000761,Control,Direct_Earth_to_Mars,Direct_Earth_to_Mars,0.86499999999999999,0.86499999999999999,0,177152,177152,0,580.90218412538616,580.90218412538616,0,27,27,0,0,0,0
762,1000761,Direct_Background_16,Direct_Earth_to_Mars,Direct_Earth_to_Mars,0.86499999999999999,0.86499999999999999,0,177152,177152,0,580.90218412538616,580.90218412538616,0,27,27,0,0,0,0
762,1000761,Direct_Pointing_25pct_Power,Direct_Earth_to_Mars,Direct_Earth_to_Mars,0.86499999999999999,0.86499999999999999,0,177152,177152,0,580.90218412538616,580.90218412538616,0,27,27,0,0,0,0
762,1000761,Direct_Combined_25pctPower_BG16,Direct_Earth_to_Mars,Direct_Earth_to_Mars,0.86499999999999999,0.86499999999999999,0,177152,177152,0,580.90218412538616,580.90218412538616,0,27,27,0,0,0,0
763,1000762,Control,Direct_Earth_to_Mars,Direct_Earth_to_Mars,0.81499999999999995,0.81499999999999995,0,166912,166912,0,1074.2491668773182,1074.2491668773182,0,37,37,0,0,0,0
763,1000762,Direct_Background_16,Direct_Earth_to_Mars,Direct_Earth_to_Mars,0.81499999999999995,0.81499999999999995,0,166912,166912,0,1074.2491668773182,1074.2491668773182,0,37,37,0,0,0,0
763,1000762,Direct_Pointing_25pct_Power,Direct_Earth_to_Mars,Earth_Relay2_Mars,0,0.64500000000000002,0.64500000000000002,0,132096,132096,0,1140.5788444616005,1140.5788444616005,37,71,34,163,0,-163
763,1000762,Direct_Combined_25pctPower_BG16,Direct_Earth_to_Mars,Earth_Relay2_Mars,0,0.64500000000000002,0.64500000000000002,0,132096,132096,0,1140.5788444616005,1140.5788444616005,37,71,34,163,0,-163
764,1000763,Control,Direct_Earth_to_Mars,Direct_Earth_to_Mars,0.90000000000000002,0.90000000000000002,0,184320,184320,0,315.9475812459055,315.9475812459055,0,20,20,0,0,0,0
764,1000763,Direct_Background_16,Direct_Earth_to_Mars,Direct_Earth_to_Mars,0.90000000000000002,0.90000000000000002,0,184320,184320,0,315.9475812459055,315.9475812459055,0,20,20,0,0,0,0
764,1000763,Direct_Pointing_25pct_Power,Direct_Earth_to_Mars,Direct_Earth_to_Mars,0.90000000000000002,0.90000000000000002,0,184320,184320,0,315.9475812459055,315.9475812459055,0,20,20,0,0,0,0
764,1000763,Direct_Combined_25pctPower_BG16,Direct_Earth_to_Mars,Direct_Earth_to_Mars,0.90000000000000002,0.90000000000000002,0,184320,184320,0,315.9475812459055,315.9475812459055,0,20,20,0,0,0,0
765,1000764,Control,Direct_Earth_to_Mars,Direct_Earth_to_Mars,0.88,0.88,0,180224,180224,0,313.71732161105359,313.71732161105359,0,24,24,0,0,0,0
765,1000764,Direct_Background_16,Direct_Earth_to_Mars,Direct_Earth_to_Mars,0.88,0.88,0,180224,180224,0,313.71732161105359,313.71732161105359,0,24,24,0,0,0,0
765,1000764,Direct_Pointing_25pct_Power,Direct_Earth_to_Mars,Direct_Earth_to_Mars,0.88,0.88,0,180224,180224,0,313.71732161105359,313.71732161105359,0,24,24,0,0,0,0
765,1000764,Direct_Combined_25pctPower_BG16,Direct_Earth_to_Mars,Direct_Earth_to_Mars,0.88,0.88,0,180224,180224,0,313.71732161105359,313.71732161105359,0,24,24,0,0,0,0
766,1000765,Control,Direct_Earth_to_Mars,Direct_Earth_to_Mars,0.89500000000000002,0.89500000000000002,0,183296,183296,0,688.61513250600524,688.61513250600524,0,21,21,0,0,0,0
766,1000765,Direct_Background_16,Direct_Earth_to_Mars,Direct_Earth_to_Mars,0.89500000000000002,0.89500000000000002,0,183296,183296,0,688.61513250600524,688.61513250600524,0,21,21,0,0,0,0
766,1000765,Direct_Pointing_25pct_Power,Direct_Earth_to_Mars,Direct_Earth_to_Mars,0.89500000000000002,0.89500000000000002,0,183296,183296,0,688.61513250600524,688.61513250600524,0,21,21,0,0,0,0
766,1000765,Direct_Combined_25pctPower_BG16,Direct_Earth_to_Mars,Direct_Earth_to_Mars,0.89000000000000001,0.89000000000000001,0,182272,182272,0,688.61513250600524,688.61513250600524,0,21,21,0,1,1,0
767,1000766,Control,Direct_Earth_to_Mars,Direct_Earth_to_Mars,0.97499999999999998,0.97499999999999998,0,199680,199680,0,1002.268021346912,1002.268021346912,0,5,5,0,0,0,0
767,1000766,Direct_Background_16,Direct_Earth_to_Mars,Direct_Earth_to_Mars,0.97499999999999998,0.97499999999999998,0,199680,199680,0,1002.268021346912,1002.268021346912,0,5,5,0,0,0,0
767,1000766,Direct_Pointing_25pct_Power,Direct_Earth_to_Mars,Earth_Relay2_Mars,0,0.95999999999999996,0.95999999999999996,0,196608,196608,0,1068.4533533155825,1068.4533533155825,5,8,3,195,0,-195
767,1000766,Direct_Combined_25pctPower_BG16,Direct_Earth_to_Mars,Earth_Relay2_Mars,0,0.95999999999999996,0.95999999999999996,0,196608,196608,0,1068.4533533155825,1068.4533533155825,5,8,3,195,0,-195
768,1000767,Control,Direct_Earth_to_Mars,Direct_Earth_to_Mars,0.90500000000000003,0.90500000000000003,0,185344,185344,0,307.65402310025871,307.65402310025871,0,19,19,0,0,0,0
768,1000767,Direct_Background_16,Direct_Earth_to_Mars,Direct_Earth_to_Mars,0.90500000000000003,0.90500000000000003,0,185344,185344,0,307.65402310025871,307.65402310025871,0,19,19,0,0,0,0
768,1000767,Direct_Pointing_25pct_Power,Direct_Earth_to_Mars,Direct_Earth_to_Mars,0.90500000000000003,0.90500000000000003,0,185344,185344,0,307.65402310025871,307.65402310025871,0,19,19,0,0,0,0
768,1000767,Direct_Combined_25pctPower_BG16,Direct_Earth_to_Mars,Direct_Earth_to_Mars,0.90500000000000003,0.90500000000000003,0,185344,185344,0,307.65402310025871,307.65402310025871,0,19,19,0,0,0,0
769,1000768,Control,Direct_Earth_to_Mars,Direct_Earth_to_Mars,0.875,0.875,0,179200,179200,0,578.68943063086874,578.68943063086874,0,25,25,0,0,0,0
769,1000768,Direct_Background_16,Direct_Earth_to_Mars,Direct_Earth_to_Mars,0.875,0.875,0,179200,179200,0,578.68943063086874,578.68943063086874,0,25,25,0,0,0,0
769,1000768,Direct_Pointing_25pct_Power,Direct_Earth_to_Mars,Direct_Earth_to_Mars,0.875,0.875,0,179200,179200,0,578.68943063086874,578.68943063086874,0,25,25,0,0,0,0
769,1000768,Direct_Combined_25pctPower_BG16,Direct_Earth_to_Mars,Direct_Earth_to_Mars,0.875,0.875,0,179200,179200,0,578.68943063086874,578.68943063086874,0,25,25,0,0,0,0
770,1000769,Control,Direct_Earth_to_Mars,Direct_Earth_to_Mars,0.87,0.87,0,178176,178176,0,941.64770086515932,941.64770086515932,0,26,26,0,0,0,0
770,1000769,Direct_Background_16,Direct_Earth_to_Mars,Direct_Earth_to_Mars,0.87,0.87,0,178176,178176,0,941.64770086515932,941.64770086515932,0,26,26,0,0,0,0
770,1000769,Direct_Pointing_25pct_Power,Direct_Earth_to_Mars,Earth_Relay2_Mars,0,0.77000000000000002,0.77000000000000002,0,157696,157696,0,1007.7749340047014,1007.7749340047014,26,46,20,174,0,-174
770,1000769,Direct_Combined_25pctPower_BG16,Direct_Earth_to_Mars,Earth_Relay2_Mars,0,0.77000000000000002,0.77000000000000002,0,157696,157696,0,1007.7749340047014,1007.7749340047014,26,46,20,174,0,-174
771,1000770,Control,Direct_Earth_to_Mars,Direct_Earth_to_Mars,0.92000000000000004,0.92000000000000004,0,188416,188416,0,286.96385502559133,286.96385502559133,0,16,16,0,0,0,0
771,1000770,Direct_Background_16,Direct_Earth_to_Mars,Direct_Earth_to_Mars,0.92000000000000004,0.92000000000000004,0,188416,188416,0,286.96385502559133,286.96385502559133,0,16,16,0,0,0,0
771,1000770,Direct_Pointing_25pct_Power,Direct_Earth_to_Mars,Direct_Earth_to_Mars,0.92000000000000004,0.92000000000000004,0,188416,188416,0,286.96385502559133,286.96385502559133,0,16,16,0,0,0,0
771,1000770,Direct_Combined_25pctPower_BG16,Direct_Earth_to_Mars,Direct_Earth_to_Mars,0.92000000000000004,0.92000000000000004,0,188416,188416,0,286.96385502559133,286.96385502559133,0,16,16,0,0,0,0
772,1000771,Control,Direct_Earth_to_Mars,Direct_Earth_to_Mars,0.88500000000000001,0.88500000000000001,0,181248,181248,0,1107.3508599899064,1107.3508599899064,0,23,23,0,0,0,0
772,1000771,Direct_Background_16,Direct_Earth_to_Mars,Direct_Earth_to_Mars,0.88500000000000001,0.88500000000000001,0,181248,181248,0,1107.3508599899064,1107.3508599899064,0,23,23,0,0,0,0
772,1000771,Direct_Pointing_25pct_Power,Direct_Earth_to_Mars,Earth_Relay2_Mars,0,0.77500000000000002,0.77500000000000002,0,158720,158720,0,1173.6486208153076,1173.6486208153076,23,45,22,177,0,-177
772,1000771,Direct_Combined_25pctPower_BG16,Direct_Earth_to_Mars,Earth_Relay2_Mars,0,0.77500000000000002,0.77500000000000002,0,158720,158720,0,1173.6486208153076,1173.6486208153076,23,45,22,177,0,-177
773,1000772,Control,Direct_Earth_to_Mars,Direct_Earth_to_Mars,0.92000000000000004,0.92000000000000004,0,188416,188416,0,629.38330267675747,629.38330267675747,0,16,16,0,0,0,0
773,1000772,Direct_Background_16,Direct_Earth_to_Mars,Direct_Earth_to_Mars,0.92000000000000004,0.92000000000000004,0,188416,188416,0,629.38330267675747,629.38330267675747,0,16,16,0,0,0,0
773,1000772,Direct_Pointing_25pct_Power,Direct_Earth_to_Mars,Direct_Earth_to_Mars,0.92000000000000004,0.92000000000000004,0,188416,188416,0,629.38330267675747,629.38330267675747,0,16,16,0,0,0,0
773,1000772,Direct_Combined_25pctPower_BG16,Direct_Earth_to_Mars,Direct_Earth_to_Mars,0.92000000000000004,0.92000000000000004,0,188416,188416,0,629.38330267675747,629.38330267675747,0,16,16,0,0,0,0
774,1000773,Control,Direct_Earth_to_Mars,Direct_Earth_to_Mars,0.84999999999999998,0.84999999999999998,0,174080,174080,0,1046.2707900786218,1046.2707900786218,0,30,30,0,0,0,0
774,1000773,Direct_Background_16,Direct_Earth_to_Mars,Direct_Earth_to_Mars,0.84999999999999998,0.84999999999999998,0,174080,174080,0,1046.2707900786218,1046.2707900786218,0,30,30,0,0,0,0
774,1000773,Direct_Pointing_25pct_Power,Direct_Earth_to_Mars,Earth_Relay2_Mars,0,0.75,0.75,0,153600,153600,0,1112.5015131775554,1112.5015131775554,30,50,20,170,0,-170
774,1000773,Direct_Combined_25pctPower_BG16,Direct_Earth_to_Mars,Earth_Relay2_Mars,0,0.75,0.75,0,153600,153600,0,1112.5015131775554,1112.5015131775554,30,50,20,170,0,-170
775,1000774,Control,Direct_Earth_to_Mars,Direct_Earth_to_Mars,0.875,0.875,0,179200,179200,0,966.02361122608932,966.02361122608932,0,25,25,0,0,0,0
775,1000774,Direct_Background_16,Direct_Earth_to_Mars,Direct_Earth_to_Mars,0.875,0.875,0,179200,179200,0,966.02361122608932,966.02361122608932,0,25,25,0,0,0,0
775,1000774,Direct_Pointing_25pct_Power,Direct_Earth_to_Mars,Earth_Relay2_Mars,0,0.77500000000000002,0.77500000000000002,0,158720,158720,0,1032.173548132708,1032.173548132708,25,45,20,175,0,-175
775,1000774,Direct_Combined_25pctPower_BG16,Direct_Earth_to_Mars,Earth_Relay2_Mars,0,0.77500000000000002,0.77500000000000002,0,158720,158720,0,1032.173548132708,1032.173548132708,25,45,20,175,0,-175
776,1000775,Control,Direct_Earth_to_Mars,Direct_Earth_to_Mars,0.88500000000000001,0.88500000000000001,0,181248,181248,0,1335.5225154689458,1335.5225154689458,0,23,23,0,0,0,0
776,1000775,Direct_Background_16,Direct_Earth_to_Mars,Direct_Earth_to_Mars,0.875,0.875,0,179200,179200,0,1335.5225154689458,1335.5225154689458,0,23,23,0,2,2,0
776,1000775,Direct_Pointing_25pct_Power,Direct_Earth_to_Mars,Earth_Relay2_Mars,0,0.755,0.755,0,154624,154624,0,1402.1173361291087,1402.1173361291087,23,49,26,177,0,-177
776,1000775,Direct_Combined_25pctPower_BG16,Direct_Earth_to_Mars,Earth_Relay2_Mars,0,0.755,0.755,0,154624,154624,0,1402.1173361291087,1402.1173361291087,23,49,26,177,0,-177
777,1000776,Control,Direct_Earth_to_Mars,Direct_Earth_to_Mars,0.89500000000000002,0.89500000000000002,0,183296,183296,0,1367.2183362243247,1367.2183362243247,0,21,21,0,0,0,0
777,1000776,Direct_Background_16,Direct_Earth_to_Mars,Direct_Earth_to_Mars,0.64000000000000001,0.64000000000000001,0,131072,131072,0,1367.2183362243254,1367.2183362243254,0,21,21,0,51,51,0
777,1000776,Direct_Pointing_25pct_Power,Direct_Earth_to_Mars,Earth_Relay2_Mars,0,0.76500000000000001,0.76500000000000001,0,156672,156672,0,1433.877064698723,1433.877064698723,21,47,26,179,0,-179
777,1000776,Direct_Combined_25pctPower_BG16,Direct_Earth_to_Mars,Earth_Relay2_Mars,0,0.76500000000000001,0.76500000000000001,0,156672,156672,0,1433.877064698723,1433.877064698723,21,47,26,179,0,-179
778,1000777,Control,Direct_Earth_to_Mars,Direct_Earth_to_Mars,0.88,0.88,0,180224,180224,0,481.72984205499228,481.72984205499228,0,24,24,0,0,0,0
778,1000777,Direct_Background_16,Direct_Earth_to_Mars,Direct_Earth_to_Mars,0.88,0.88,0,180224,180224,0,481.72984205499228,481.72984205499228,0,24,24,0,0,0,0
778,1000777,Direct_Pointing_25pct_Power,Direct_Earth_to_Mars,Direct_Earth_to_Mars,0.88,0.88,0,180224,180224,0,481.72984205499228,481.72984205499228,0,24,24,0,0,0,0
778,1000777,Direct_Combined_25pctPower_BG16,Direct_Earth_to_Mars,Direct_Earth_to_Mars,0.88,0.88,0,180224,180224,0,481.72984205499228,481.72984205499228,0,24,24,0,0,0,0
779,1000778,Control,Direct_Earth_to_Mars,Direct_Earth_to_Mars,0.90000000000000002,0.90000000000000002,0,184320,184320,0,1307.8924218657423,1307.8924218657423,0,20,20,0,0,0,0
779,1000778,Direct_Background_16,Direct_Earth_to_Mars,Direct_Earth_to_Mars,0.89500000000000002,0.89500000000000002,0,183296,183296,0,1307.8924218657423,1307.8924218657423,0,20,20,0,1,1,0
779,1000778,Direct_Pointing_25pct_Power,Direct_Earth_to_Mars,Earth_Relay2_Mars,0,0.80000000000000004,0.80000000000000004,0,163840,163840,0,1374.524168817848,1374.524168817848,20,40,20,180,0,-180
779,1000778,Direct_Combined_25pctPower_BG16,Direct_Earth_to_Mars,Earth_Relay2_Mars,0,0.80000000000000004,0.80000000000000004,0,163840,163840,0,1374.524168817848,1374.524168817848,20,40,20,180,0,-180
780,1000779,Control,Direct_Earth_to_Mars,Direct_Earth_to_Mars,0.93500000000000005,0.93500000000000005,0,191488,191488,0,963.75233625312046,963.75233625312046,0,13,13,0,0,0,0
780,1000779,Direct_Background_16,Direct_Earth_to_Mars,Direct_Earth_to_Mars,0.93500000000000005,0.93500000000000005,0,191488,191488,0,963.75233625312046,963.75233625312046,0,13,13,0,0,0,0
780,1000779,Direct_Pointing_25pct_Power,Direct_Earth_to_Mars,Earth_Relay2_Mars,0,0.875,0.875,0,179200,179200,0,1029.8876424148598,1029.8876424148598,13,25,12,187,0,-187
780,1000779,Direct_Combined_25pctPower_BG16,Direct_Earth_to_Mars,Earth_Relay2_Mars,0,0.875,0.875,0,179200,179200,0,1029.8876424148598,1029.8876424148598,13,25,12,187,0,-187
781,1000780,Control,Direct_Earth_to_Mars,Direct_Earth_to_Mars,0.96499999999999997,0.96499999999999997,0,197632,197632,0,655.13057547637334,655.13057547637334,0,7,7,0,0,0,0
781,1000780,Direct_Background_16,Direct_Earth_to_Mars,Direct_Earth_to_Mars,0.96499999999999997,0.96499999999999997,0,197632,197632,0,655.13057547637334,655.13057547637334,0,7,7,0,0,0,0
781,1000780,Direct_Pointing_25pct_Power,Direct_Earth_to_Mars,Direct_Earth_to_Mars,0.96499999999999997,0.96499999999999997,0,197632,197632,0,655.13057547637334,655.13057547637334,0,7,7,0,0,0,0
781,1000780,Direct_Combined_25pctPower_BG16,Direct_Earth_to_Mars,Direct_Earth_to_Mars,0.95999999999999996,0.95999999999999996,0,196608,196608,0,655.13057547637334,655.13057547637334,0,7,7,0,1,1,0
782,1000781,Control,Direct_Earth_to_Mars,Direct_Earth_to_Mars,0.96999999999999997,0.96999999999999997,0,198656,198656,0,1357.0619382598597,1357.0619382598597,0,6,6,0,0,0,0
782,1000781,Direct_Background_16,Direct_Earth_to_Mars,Direct_Earth_to_Mars,0.91000000000000003,0.91000000000000003,0,186368,186368,0,1357.0619382598593,1357.0619382598593,0,6,6,0,12,12,0
782,1000781,Direct_Pointing_25pct_Power,Direct_Earth_to_Mars,Earth_Relay2_Mars,0,0.92000000000000004,0.92000000000000004,0,188416,188416,0,1423.6948570279696,1423.6948570279696,6,16,10,194,0,-194
782,1000781,Direct_Combined_25pctPower_BG16,Direct_Earth_to_Mars,Earth_Relay2_Mars,0,0.92000000000000004,0.92000000000000004,0,188416,188416,0,1423.6948570279696,1423.6948570279696,6,16,10,194,0,-194
783,1000782,Control,Direct_Earth_to_Mars,Direct_Earth_to_Mars,0.90500000000000003,0.90500000000000003,0,185344,185344,0,981.7180413113756,981.7180413113756,0,19,19,0,0,0,0
783,1000782,Direct_Background_16,Direct_Earth_to_Mars,Direct_Earth_to_Mars,0.90500000000000003,0.90500000000000003,0,185344,185344,0,981.7180413113756,981.7180413113756,0,19,19,0,0,0,0
783,1000782,Direct_Pointing_25pct_Power,Direct_Earth_to_Mars,Earth_Relay2_Mars,0,0.79000000000000004,0.79000000000000004,0,161792,161792,0,1047.8776563534245,1047.8776563534245,19,42,23,181,0,-181
783,1000782,Direct_Combined_25pctPower_BG16,Direct_Earth_to_Mars,Earth_Relay2_Mars,0,0.79000000000000004,0.79000000000000004,0,161792,161792,0,1047.8776563534245,1047.8776563534245,19,42,23,181,0,-181
784,1000783,Control,Direct_Earth_to_Mars,Direct_Earth_to_Mars,0.83999999999999997,0.83999999999999997,0,172032,172032,0,972.49234204524203,972.49234204524203,0,32,32,0,0,0,0
784,1000783,Direct_Background_16,Direct_Earth_to_Mars,Direct_Earth_to_Mars,0.83999999999999997,0.83999999999999997,0,172032,172032,0,972.49234204524203,972.49234204524203,0,32,32,0,0,0,0
784,1000783,Direct_Pointing_25pct_Power,Direct_Earth_to_Mars,Earth_Relay2_Mars,0,0.68000000000000005,0.68000000000000005,0,139264,139264,0,1038.6484564421962,1038.6484564421962,32,64,32,168,0,-168
784,1000783,Direct_Combined_25pctPower_BG16,Direct_Earth_to_Mars,Earth_Relay2_Mars,0,0.68000000000000005,0.68000000000000005,0,139264,139264,0,1038.6484564421962,1038.6484564421962,32,64,32,168,0,-168
785,1000784,Control,Direct_Earth_to_Mars,Direct_Earth_to_Mars,0.81999999999999995,0.81999999999999995,0,167936,167936,0,1133.0568718674165,1133.0568718674165,0,36,36,0,0,0,0
785,1000784,Direct_Background_16,Direct_Earth_to_Mars,Direct_Earth_to_Mars,0.81999999999999995,0.81999999999999995,0,167936,167936,0,1133.0568718674165,1133.0568718674165,0,36,36,0,0,0,0
785,1000784,Direct_Pointing_25pct_Power,Direct_Earth_to_Mars,Earth_Relay2_Mars,0,0.64500000000000002,0.64500000000000002,0,132096,132096,0,1199.3841796405729,1199.3841796405729,36,71,35,164,0,-164
785,1000784,Direct_Combined_25pctPower_BG16,Direct_Earth_to_Mars,Earth_Relay2_Mars,0,0.64500000000000002,0.64500000000000002,0,132096,132096,0,1199.3841796405729,1199.3841796405729,36,71,35,164,0,-164
786,1000785,Control,Direct_Earth_to_Mars,Direct_Earth_to_Mars,1,1,0,204800,204800,0,1362.6590920515962,1362.6590920515962,0,0,0,0,0,0,0
786,1000785,Direct_Background_16,Direct_Earth_to_Mars,Direct_Earth_to_Mars,0.90000000000000002,0.90000000000000002,0,184320,184320,0,1362.6590920515957,1362.6590920515957,0,0,0,0,20,20,0
786,1000785,Direct_Pointing_25pct_Power,Direct_Earth_to_Mars,Earth_Relay2_Mars,0,1,1,0,204800,204800,0,1429.3041807894797,1429.3041807894797,0,0,0,200,0,-200
786,1000785,Direct_Combined_25pctPower_BG16,Direct_Earth_to_Mars,Earth_Relay2_Mars,0,1,1,0,204800,204800,0,1429.3041807894797,1429.3041807894797,0,0,0,200,0,-200
787,1000786,Control,Direct_Earth_to_Mars,Direct_Earth_to_Mars,0.95999999999999996,0.95999999999999996,0,196608,196608,0,504.49260094107035,504.49260094107035,0,8,8,0,0,0,0
787,1000786,Direct_Background_16,Direct_Earth_to_Mars,Direct_Earth_to_Mars,0.95999999999999996,0.95999999999999996,0,196608,196608,0,504.49260094107035,504.49260094107035,0,8,8,0,0,0,0
787,1000786,Direct_Pointing_25pct_Power,Direct_Earth_to_Mars,Direct_Earth_to_Mars,0.95999999999999996,0.95999999999999996,0,196608,196608,0,504.49260094107035,504.49260094107035,0,8,8,0,0,0,0
787,1000786,Direct_Combined_25pctPower_BG16,Direct_Earth_to_Mars,Direct_Earth_to_Mars,0.95999999999999996,0.95999999999999996,0,196608,196608,0,504.49260094107035,504.49260094107035,0,8,8,0,0,0,0
788,1000787,Control,Direct_Earth_to_Mars,Direct_Earth_to_Mars,0.96999999999999997,0.96999999999999997,0,198656,198656,0,421.88363305072278,421.88363305072278,0,6,6,0,0,0,0
788,1000787,Direct_Background_16,Direct_Earth_to_Mars,Direct_Earth_to_Mars,0.96999999999999997,0.96999999999999997,0,198656,198656,0,421.88363305072278,421.88363305072278,0,6,6,0,0,0,0
788,1000787,Direct_Pointing_25pct_Power,Direct_Earth_to_Mars,Direct_Earth_to_Mars,0.96999999999999997,0.96999999999999997,0,198656,198656,0,421.88363305072278,421.88363305072278,0,6,6,0,0,0,0
788,1000787,Direct_Combined_25pctPower_BG16,Direct_Earth_to_Mars,Direct_Earth_to_Mars,0.96999999999999997,0.96999999999999997,0,198656,198656,0,421.88363305072278,421.88363305072278,0,6,6,0,0,0,0
789,1000788,Control,Direct_Earth_to_Mars,Direct_Earth_to_Mars,0.98499999999999999,0.98499999999999999,0,201728,201728,0,953.73260072724281,953.73260072724281,0,3,3,0,0,0,0
789,1000788,Direct_Background_16,Direct_Earth_to_Mars,Direct_Earth_to_Mars,0.98499999999999999,0.98499999999999999,0,201728,201728,0,953.73260072724281,953.73260072724281,0,3,3,0,0,0,0
789,1000788,Direct_Pointing_25pct_Power,Direct_Earth_to_Mars,Earth_Relay2_Mars,0,0.95499999999999996,0.95499999999999996,0,195584,195584,0,1019.8709742843541,1019.8709742843541,3,9,6,197,0,-197
789,1000788,Direct_Combined_25pctPower_BG16,Direct_Earth_to_Mars,Earth_Relay2_Mars,0,0.95499999999999996,0.95499999999999996,0,195584,195584,0,1019.8709742843541,1019.8709742843541,3,9,6,197,0,-197
790,1000789,Control,Direct_Earth_to_Mars,Direct_Earth_to_Mars,0.78500000000000003,0.78500000000000003,0,160768,160768,0,307.58844492583501,307.58844492583501,0,43,43,0,0,0,0
790,1000789,Direct_Background_16,Direct_Earth_to_Mars,Direct_Earth_to_Mars,0.78500000000000003,0.78500000000000003,0,160768,160768,0,307.58844492583501,307.58844492583501,0,43,43,0,0,0,0
790,1000789,Direct_Pointing_25pct_Power,Direct_Earth_to_Mars,Direct_Earth_to_Mars,0.78500000000000003,0.78500000000000003,0,160768,160768,0,307.58844492583501,307.58844492583501,0,43,43,0,0,0,0
790,1000789,Direct_Combined_25pctPower_BG16,Direct_Earth_to_Mars,Direct_Earth_to_Mars,0.78500000000000003,0.78500000000000003,0,160768,160768,0,307.58844492583501,307.58844492583501,0,43,43,0,0,0,0
791,1000790,Control,Direct_Earth_to_Mars,Direct_Earth_to_Mars,0.995,0.995,0,203776,203776,0,547.23985720283576,547.23985720283576,0,1,1,0,0,0,0
791,1000790,Direct_Background_16,Direct_Earth_to_Mars,Direct_Earth_to_Mars,0.995,0.995,0,203776,203776,0,547.23985720283576,547.23985720283576,0,1,1,0,0,0,0
791,1000790,Direct_Pointing_25pct_Power,Direct_Earth_to_Mars,Direct_Earth_to_Mars,0.995,0.995,0,203776,203776,0,547.23985720283576,547.23985720283576,0,1,1,0,0,0,0
791,1000790,Direct_Combined_25pctPower_BG16,Direct_Earth_to_Mars,Direct_Earth_to_Mars,0.995,0.995,0,203776,203776,0,547.23985720283576,547.23985720283576,0,1,1,0,0,0,0
792,1000791,Control,Direct_Earth_to_Mars,Direct_Earth_to_Mars,0.79500000000000004,0.79500000000000004,0,162816,162816,0,422.68329333959281,422.68329333959281,0,41,41,0,0,0,0
792,1000791,Direct_Background_16,Direct_Earth_to_Mars,Direct_Earth_to_Mars,0.79500000000000004,0.79500000000000004,0,162816,162816,0,422.68329333959281,422.68329333959281,0,41,41,0,0,0,0
792,1000791,Direct_Pointing_25pct_Power,Direct_Earth_to_Mars,Direct_Earth_to_Mars,0.79500000000000004,0.79500000000000004,0,162816,162816,0,422.68329333959281,422.68329333959281,0,41,41,0,0,0,0
792,1000791,Direct_Combined_25pctPower_BG16,Direct_Earth_to_Mars,Direct_Earth_to_Mars,0.79500000000000004,0.79500000000000004,0,162816,162816,0,422.68329333959281,422.68329333959281,0,41,41,0,0,0,0
793,1000792,Control,Direct_Earth_to_Mars,Direct_Earth_to_Mars,0.87,0.87,0,178176,178176,0,1283.3572730961607,1283.3572730961607,0,26,26,0,0,0,0
793,1000792,Direct_Background_16,Direct_Earth_to_Mars,Direct_Earth_to_Mars,0.82499999999999996,0.82499999999999996,0,168960,168960,0,1283.3572730961607,1283.3572730961607,0,26,26,0,9,9,0
793,1000792,Direct_Pointing_25pct_Power,Direct_Earth_to_Mars,Earth_Relay2_Mars,0,0.70999999999999996,0.70999999999999996,0,145408,145408,0,1349.8746624765924,1349.8746624765924,26,58,32,174,0,-174
793,1000792,Direct_Combined_25pctPower_BG16,Direct_Earth_to_Mars,Earth_Relay2_Mars,0,0.70999999999999996,0.70999999999999996,0,145408,145408,0,1349.8746624765924,1349.8746624765924,26,58,32,174,0,-174
794,1000793,Control,Direct_Earth_to_Mars,Direct_Earth_to_Mars,0.85499999999999998,0.85499999999999998,0,175104,175104,0,1356.6548602956984,1356.6548602956984,0,29,29,0,0,0,0
794,1000793,Direct_Background_16,Direct_Earth_to_Mars,Direct_Earth_to_Mars,0.81999999999999995,0.81999999999999995,0,167936,167936,0,1356.6548602956982,1356.6548602956982,0,29,29,0,7,7,0
794,1000793,Direct_Pointing_25pct_Power,Direct_Earth_to_Mars,Earth_Relay2_Mars,0,0.69999999999999996,0.69999999999999996,0,143360,143360,0,1423.2869626537147,1423.2869626537147,29,60,31,171,0,-171
794,1000793,Direct_Combined_25pctPower_BG16,Direct_Earth_to_Mars,Earth_Relay2_Mars,0,0.69999999999999996,0.69999999999999996,0,143360,143360,0,1423.2869626537147,1423.2869626537147,29,60,31,171,0,-171
795,1000794,Control,Direct_Earth_to_Mars,Direct_Earth_to_Mars,0.96999999999999997,0.96999999999999997,0,198656,198656,0,1030.6597002330891,1030.6597002330891,0,6,6,0,0,0,0
795,1000794,Direct_Background_16,Direct_Earth_to_Mars,Direct_Earth_to_Mars,0.96999999999999997,0.96999999999999997,0,198656,198656,0,1030.6597002330891,1030.6597002330891,0,6,6,0,0,0,0
795,1000794,Direct_Pointing_25pct_Power,Direct_Earth_to_Mars,Earth_Relay2_Mars,0,0.92000000000000004,0.92000000000000004,0,188416,188416,0,1096.9205580748653,1096.9205580748653,6,16,10,194,0,-194
795,1000794,Direct_Combined_25pctPower_BG16,Direct_Earth_to_Mars,Earth_Relay2_Mars,0,0.92000000000000004,0.92000000000000004,0,188416,188416,0,1096.9205580748653,1096.9205580748653,6,16,10,194,0,-194
796,1000795,Control,Direct_Earth_to_Mars,Direct_Earth_to_Mars,0.79500000000000004,0.79500000000000004,0,162816,162816,0,614.25703051683001,614.25703051683001,0,41,41,0,0,0,0
796,1000795,Direct_Background_16,Direct_Earth_to_Mars,Direct_Earth_to_Mars,0.79500000000000004,0.79500000000000004,0,162816,162816,0,614.25703051683001,614.25703051683001,0,41,41,0,0,0,0
796,1000795,Direct_Pointing_25pct_Power,Direct_Earth_to_Mars,Direct_Earth_to_Mars,0.79500000000000004,0.79500000000000004,0,162816,162816,0,614.25703051683001,614.25703051683001,0,41,41,0,0,0,0
796,1000795,Direct_Combined_25pctPower_BG16,Direct_Earth_to_Mars,Direct_Earth_to_Mars,0.79500000000000004,0.79500000000000004,0,162816,162816,0,614.25703051683001,614.25703051683001,0,41,41,0,0,0,0
797,1000796,Control,Direct_Earth_to_Mars,Direct_Earth_to_Mars,0.84999999999999998,0.84999999999999998,0,174080,174080,0,1361.0336996924098,1361.0336996924098,0,30,30,0,0,0,0
797,1000796,Direct_Background_16,Direct_Earth_to_Mars,Direct_Earth_to_Mars,0.79500000000000004,0.79500000000000004,0,162816,162816,0,1361.0336996924104,1361.0336996924104,0,30,30,0,11,11,0
797,1000796,Direct_Pointing_25pct_Power,Direct_Earth_to_Mars,Earth_Relay2_Mars,0,0.73999999999999999,0.73999999999999999,0,151552,151552,0,1427.7045574780859,1427.7045574780859,30,52,22,170,0,-170
797,1000796,Direct_Combined_25pctPower_BG16,Direct_Earth_to_Mars,Earth_Relay2_Mars,0,0.73999999999999999,0.73999999999999999,0,151552,151552,0,1427.7045574780859,1427.7045574780859,30,52,22,170,0,-170
798,1000797,Control,Direct_Earth_to_Mars,Direct_Earth_to_Mars,0.94499999999999995,0.94499999999999995,0,193536,193536,0,1069.4649771474949,1069.4649771474949,0,11,11,0,0,0,0
798,1000797,Direct_Background_16,Direct_Earth_to_Mars,Direct_Earth_to_Mars,0.94499999999999995,0.94499999999999995,0,193536,193536,0,1069.4649771474949,1069.4649771474949,0,11,11,0,0,0,0
798,1000797,Direct_Pointing_25pct_Power,Direct_Earth_to_Mars,Earth_Relay2_Mars,0,0.88,0.88,0,180224,180224,0,1135.7872586280259,1135.7872586280259,11,24,13,189,0,-189
798,1000797,Direct_Combined_25pctPower_BG16,Direct_Earth_to_Mars,Earth_Relay2_Mars,0,0.88,0.88,0,180224,180224,0,1135.7872586280259,1135.7872586280259,11,24,13,189,0,-189
799,1000798,Control,Direct_Earth_to_Mars,Direct_Earth_to_Mars,0.89500000000000002,0.89500000000000002,0,183296,183296,0,379.93877841982544,379.93877841982544,0,21,21,0,0,0,0
799,1000798,Direct_Background_16,Direct_Earth_to_Mars,Direct_Earth_to_Mars,0.89500000000000002,0.89500000000000002,0,183296,183296,0,379.93877841982544,379.93877841982544,0,21,21,0,0,0,0
799,1000798,Direct_Pointing_25pct_Power,Direct_Earth_to_Mars,Direct_Earth_to_Mars,0.89500000000000002,0.89500000000000002,0,183296,183296,0,379.93877841982544,379.93877841982544,0,21,21,0,0,0,0
799,1000798,Direct_Combined_25pctPower_BG16,Direct_Earth_to_Mars,Direct_Earth_to_Mars,0.89500000000000002,0.89500000000000002,0,183296,183296,0,379.93877841982544,379.93877841982544,0,21,21,0,0,0,0
800,1000799,Control,Direct_Earth_to_Mars,Direct_Earth_to_Mars,0.92500000000000004,0.92500000000000004,0,189440,189440,0,315.84534594067424,315.84534594067424,0,15,15,0,0,0,0
800,1000799,Direct_Background_16,Direct_Earth_to_Mars,Direct_Earth_to_Mars,0.92500000000000004,0.92500000000000004,0,189440,189440,0,315.84534594067424,315.84534594067424,0,15,15,0,0,0,0
800,1000799,Direct_Pointing_25pct_Power,Direct_Earth_to_Mars,Direct_Earth_to_Mars,0.92500000000000004,0.92500000000000004,0,189440,189440,0,315.84534594067424,315.84534594067424,0,15,15,0,0,0,0
800,1000799,Direct_Combined_25pctPower_BG16,Direct_Earth_to_Mars,Direct_Earth_to_Mars,0.92500000000000004,0.92500000000000004,0,189440,189440,0,315.84534594067424,315.84534594067424,0,15,15,0,0,0,0
801,1000800,Control,Direct_Earth_to_Mars,Direct_Earth_to_Mars,0.995,0.995,0,203776,203776,0,831.43873389776479,831.43873389776479,0,1,1,0,0,0,0
801,1000800,Direct_Background_16,Direct_Earth_to_Mars,Direct_Earth_to_Mars,0.995,0.995,0,203776,203776,0,831.43873389776479,831.43873389776479,0,1,1,0,0,0,0
801,1000800,Direct_Pointing_25pct_Power,Direct_Earth_to_Mars,Direct_Earth_to_Mars,0.97999999999999998,0.97999999999999998,0,200704,200704,0,831.43873389776502,831.43873389776502,0,1,1,0,3,3,0
801,1000800,Direct_Combined_25pctPower_BG16,Direct_Earth_to_Mars,Earth_Relay2_Mars,0,0.98999999999999999,0.98999999999999999,0,202752,202752,0,897.39392859063605,897.39392859063605,1,2,1,199,0,-199
802,1000801,Control,Direct_Earth_to_Mars,Direct_Earth_to_Mars,0.81000000000000005,0.81000000000000005,0,165888,165888,0,973.46969488923855,973.46969488923855,0,38,38,0,0,0,0
802,1000801,Direct_Background_16,Direct_Earth_to_Mars,Direct_Earth_to_Mars,0.81000000000000005,0.81000000000000005,0,165888,165888,0,973.46969488923855,973.46969488923855,0,38,38,0,0,0,0
802,1000801,Direct_Pointing_25pct_Power,Direct_Earth_to_Mars,Earth_Relay2_Mars,0,0.68500000000000005,0.68500000000000005,0,140288,140288,0,1039.6267480410877,1039.6267480410877,38,63,25,162,0,-162
802,1000801,Direct_Combined_25pctPower_BG16,Direct_Earth_to_Mars,Earth_Relay2_Mars,0,0.68500000000000005,0.68500000000000005,0,140288,140288,0,1039.6267480410877,1039.6267480410877,38,63,25,162,0,-162
803,1000802,Control,Direct_Earth_to_Mars,Direct_Earth_to_Mars,0.92000000000000004,0.92000000000000004,0,188416,188416,0,1294.0715329449179,1294.0715329449179,0,16,16,0,0,0,0
803,1000802,Direct_Background_16,Direct_Earth_to_Mars,Direct_Earth_to_Mars,0.85999999999999999,0.85999999999999999,0,176128,176128,0,1294.0715329449181,1294.0715329449181,0,16,16,0,12,12,0
803,1000802,Direct_Pointing_25pct_Power,Direct_Earth_to_Mars,Earth_Relay2_Mars,0,0.80000000000000004,0.80000000000000004,0,163840,163840,0,1360.6895114816948,1360.6895114816948,16,40,24,184,0,-184
803,1000802,Direct_Combined_25pctPower_BG16,Direct_Earth_to_Mars,Earth_Relay2_Mars,0,0.80000000000000004,0.80000000000000004,0,163840,163840,0,1360.6895114816948,1360.6895114816948,16,40,24,184,0,-184
804,1000803,Control,Direct_Earth_to_Mars,Direct_Earth_to_Mars,0.86499999999999999,0.86499999999999999,0,177152,177152,0,1207.6868676848899,1207.6868676848899,0,27,27,0,0,0,0
804,1000803,Direct_Background_16,Direct_Earth_to_Mars,Direct_Earth_to_Mars,0.86499999999999999,0.86499999999999999,0,177152,177152,0,1207.6868676848899,1207.6868676848899,0,27,27,0,0,0,0
804,1000803,Direct_Pointing_25pct_Power,Direct_Earth_to_Mars,Earth_Relay2_Mars,0,0.70999999999999996,0.70999999999999996,0,145408,145408,0,1274.2048551087771,1274.2048551087771,27,58,31,173,0,-173
804,1000803,Direct_Combined_25pctPower_BG16,Direct_Earth_to_Mars,Earth_Relay2_Mars,0,0.70999999999999996,0.70999999999999996,0,145408,145408,0,1274.2048551087771,1274.2048551087771,27,58,31,173,0,-173
805,1000804,Control,Direct_Earth_to_Mars,Direct_Earth_to_Mars,0.875,0.875,0,179200,179200,0,988.10130094242311,988.10130094242311,0,25,25,0,0,0,0
805,1000804,Direct_Background_16,Direct_Earth_to_Mars,Direct_Earth_to_Mars,0.875,0.875,0,179200,179200,0,988.10130094242311,988.10130094242311,0,25,25,0,0,0,0
805,1000804,Direct_Pointing_25pct_Power,Direct_Earth_to_Mars,Earth_Relay2_Mars,0,0.73999999999999999,0.73999999999999999,0,151552,151552,0,1054.2695310876104,1054.2695310876104,25,52,27,175,0,-175
805,1000804,Direct_Combined_25pctPower_BG16,Direct_Earth_to_Mars,Earth_Relay2_Mars,0,0.73999999999999999,0.73999999999999999,0,151552,151552,0,1054.2695310876104,1054.2695310876104,25,52,27,175,0,-175
806,1000805,Control,Direct_Earth_to_Mars,Direct_Earth_to_Mars,0.81499999999999995,0.81499999999999995,0,166912,166912,0,1306.3948962963473,1306.3948962963473,0,37,37,0,0,0,0
806,1000805,Direct_Background_16,Direct_Earth_to_Mars,Direct_Earth_to_Mars,0.77500000000000002,0.77500000000000002,0,158720,158720,0,1306.3948962963473,1306.3948962963473,0,37,37,0,8,8,0
806,1000805,Direct_Pointing_25pct_Power,Direct_Earth_to_Mars,Earth_Relay2_Mars,0,0.66000000000000003,0.66000000000000003,0,135168,135168,0,1372.9451155292145,1372.9451155292145,37,68,31,163,0,-163
806,1000805,Direct_Combined_25pctPower_BG16,Direct_Earth_to_Mars,Earth_Relay2_Mars,0,0.66000000000000003,0.66000000000000003,0,135168,135168,0,1372.9451155292145,1372.9451155292145,37,68,31,163,0,-163
807,1000806,Control,Direct_Earth_to_Mars,Direct_Earth_to_Mars,0.86499999999999999,0.86499999999999999,0,177152,177152,0,672.7601982249721,672.7601982249721,0,27,27,0,0,0,0
807,1000806,Direct_Background_16,Direct_Earth_to_Mars,Direct_Earth_to_Mars,0.86499999999999999,0.86499999999999999,0,177152,177152,0,672.7601982249721,672.7601982249721,0,27,27,0,0,0,0
807,1000806,Direct_Pointing_25pct_Power,Direct_Earth_to_Mars,Direct_Earth_to_Mars,0.86499999999999999,0.86499999999999999,0,177152,177152,0,672.7601982249721,672.7601982249721,0,27,27,0,0,0,0
807,1000806,Direct_Combined_25pctPower_BG16,Direct_Earth_to_Mars,Direct_Earth_to_Mars,0.83999999999999997,0.83999999999999997,0,172032,172032,0,672.76019822497199,672.76019822497199,0,27,27,0,5,5,0
808,1000807,Control,Direct_Earth_to_Mars,Direct_Earth_to_Mars,0.96999999999999997,0.96999999999999997,0,198656,198656,0,461.53744109425941,461.53744109425941,0,6,6,0,0,0,0
808,1000807,Direct_Background_16,Direct_Earth_to_Mars,Direct_Earth_to_Mars,0.96999999999999997,0.96999999999999997,0,198656,198656,0,461.53744109425941,461.53744109425941,0,6,6,0,0,0,0
808,1000807,Direct_Pointing_25pct_Power,Direct_Earth_to_Mars,Direct_Earth_to_Mars,0.96999999999999997,0.96999999999999997,0,198656,198656,0,461.53744109425941,461.53744109425941,0,6,6,0,0,0,0
808,1000807,Direct_Combined_25pctPower_BG16,Direct_Earth_to_Mars,Direct_Earth_to_Mars,0.96999999999999997,0.96999999999999997,0,198656,198656,0,461.53744109425941,461.53744109425941,0,6,6,0,0,0,0
809,1000808,Control,Direct_Earth_to_Mars,Direct_Earth_to_Mars,0.79000000000000004,0.79000000000000004,0,161792,161792,0,1086.0333572791312,1086.0333572791312,0,42,42,0,0,0,0
809,1000808,Direct_Background_16,Direct_Earth_to_Mars,Direct_Earth_to_Mars,0.79000000000000004,0.79000000000000004,0,161792,161792,0,1086.0333572791312,1086.0333572791312,0,42,42,0,0,0,0
809,1000808,Direct_Pointing_25pct_Power,Direct_Earth_to_Mars,Earth_Relay2_Mars,0,0.66000000000000003,0.66000000000000003,0,135168,135168,0,1152.3810774796882,1152.3810774796882,42,68,26,158,0,-158
809,1000808,Direct_Combined_25pctPower_BG16,Direct_Earth_to_Mars,Earth_Relay2_Mars,0,0.66000000000000003,0.66000000000000003,0,135168,135168,0,1152.3810774796882,1152.3810774796882,42,68,26,158,0,-158
810,1000809,Control,Direct_Earth_to_Mars,Direct_Earth_to_Mars,1,1,0,204800,204800,0,1319.9915648050303,1319.9915648050303,0,0,0,0,0,0,0
810,1000809,Direct_Background_16,Direct_Earth_to_Mars,Direct_Earth_to_Mars,0.97999999999999998,0.97999999999999998,0,200704,200704,0,1319.9915648050303,1319.9915648050303,0,0,0,0,4,4,0
810,1000809,Direct_Pointing_25pct_Power,Direct_Earth_to_Mars,Earth_Relay2_Mars,0,0.98499999999999999,0.98499999999999999,0,201728,201728,0,1386.5620406445744,1386.5620406445744,0,3,3,200,0,-200
810,1000809,Direct_Combined_25pctPower_BG16,Direct_Earth_to_Mars,Earth_Relay2_Mars,0,0.98499999999999999,0.98499999999999999,0,201728,201728,0,1386.5620406445744,1386.5620406445744,0,3,3,200,0,-200
811,1000810,Control,Direct_Earth_to_Mars,Direct_Earth_to_Mars,0.85999999999999999,0.85999999999999999,0,176128,176128,0,1082.4303899012366,1082.4303899012366,0,28,28,0,0,0,0
811,1000810,Direct_Background_16,Direct_Earth_to_Mars,Direct_Earth_to_Mars,0.85999999999999999,0.85999999999999999,0,176128,176128,0,1082.4303899012366,1082.4303899012366,0,28,28,0,0,0,0
811,1000810,Direct_Pointing_25pct_Power,Direct_Earth_to_Mars,Earth_Relay2_Mars,0,0.76000000000000001,0.76000000000000001,0,155648,155648,0,1148.7726203825123,1148.7726203825123,28,48,20,172,0,-172
811,1000810,Direct_Combined_25pctPower_BG16,Direct_Earth_to_Mars,Earth_Relay2_Mars,0,0.76000000000000001,0.76000000000000001,0,155648,155648,0,1148.7726203825123,1148.7726203825123,28,48,20,172,0,-172
812,1000811,Control,Direct_Earth_to_Mars,Direct_Earth_to_Mars,0.78500000000000003,0.78500000000000003,0,160768,160768,0,924.46114200963507,924.46114200963507,0,43,43,0,0,0,0
812,1000811,Direct_Background_16,Direct_Earth_to_Mars,Direct_Earth_to_Mars,0.78500000000000003,0.78500000000000003,0,160768,160768,0,924.46114200963507,924.46114200963507,0,43,43,0,0,0,0
812,1000811,Direct_Pointing_25pct_Power,Direct_Earth_to_Mars,Direct_Earth_to_Mars,0.375,0.375,0,76800,76800,0,924.46114200963382,924.46114200963382,0,43,43,0,82,82,0
812,1000811,Direct_Combined_25pctPower_BG16,Direct_Earth_to_Mars,Earth_Relay2_Mars,0,0.59499999999999997,0.59499999999999997,0,121856,121856,0,990.54303060452992,990.54303060452992,43,81,38,157,0,-157
813,1000812,Control,Direct_Earth_to_Mars,Direct_Earth_to_Mars,0.88500000000000001,0.88500000000000001,0,181248,181248,0,981.83216264790678,981.83216264790678,0,23,23,0,0,0,0
813,1000812,Direct_Background_16,Direct_Earth_to_Mars,Direct_Earth_to_Mars,0.88500000000000001,0.88500000000000001,0,181248,181248,0,981.83216264790678,981.83216264790678,0,23,23,0,0,0,0
813,1000812,Direct_Pointing_25pct_Power,Direct_Earth_to_Mars,Earth_Relay2_Mars,0,0.78000000000000003,0.78000000000000003,0,159744,159744,0,1047.9919318185516,1047.9919318185516,23,44,21,177,0,-177
813,1000812,Direct_Combined_25pctPower_BG16,Direct_Earth_to_Mars,Earth_Relay2_Mars,0,0.78000000000000003,0.78000000000000003,0,159744,159744,0,1047.9919318185516,1047.9919318185516,23,44,21,177,0,-177
814,1000813,Control,Direct_Earth_to_Mars,Direct_Earth_to_Mars,1,1,0,204800,204800,0,783.19336301442206,783.19336301442206,0,0,0,0,0,0,0
814,1000813,Direct_Background_16,Direct_Earth_to_Mars,Direct_Earth_to_Mars,1,1,0,204800,204800,0,783.19336301442206,783.19336301442206,0,0,0,0,0,0,0
814,1000813,Direct_Pointing_25pct_Power,Direct_Earth_to_Mars,Direct_Earth_to_Mars,0.98999999999999999,0.98999999999999999,0,202752,202752,0,783.19336301442195,783.19336301442195,0,0,0,0,2,2,0
814,1000813,Direct_Combined_25pctPower_BG16,Direct_Earth_to_Mars,Earth_Relay2_Mars,0,0.98999999999999999,0.98999999999999999,0,202752,202752,0,849.20018491955977,849.20018491955977,0,2,2,200,0,-200
815,1000814,Control,Direct_Earth_to_Mars,Direct_Earth_to_Mars,0.90000000000000002,0.90000000000000002,0,184320,184320,0,566.64440121590576,566.64440121590576,0,20,20,0,0,0,0
815,1000814,Direct_Background_16,Direct_Earth_to_Mars,Direct_Earth_to_Mars,0.90000000000000002,0.90000000000000002,0,184320,184320,0,566.64440121590576,566.64440121590576,0,20,20,0,0,0,0
815,1000814,Direct_Pointing_25pct_Power,Direct_Earth_to_Mars,Direct_Earth_to_Mars,0.90000000000000002,0.90000000000000002,0,184320,184320,0,566.64440121590576,566.64440121590576,0,20,20,0,0,0,0
815,1000814,Direct_Combined_25pctPower_BG16,Direct_Earth_to_Mars,Direct_Earth_to_Mars,0.90000000000000002,0.90000000000000002,0,184320,184320,0,566.64440121590576,566.64440121590576,0,20,20,0,0,0,0
816,1000815,Control,Direct_Earth_to_Mars,Direct_Earth_to_Mars,0.96499999999999997,0.96499999999999997,0,197632,197632,0,966.57607662265309,966.57607662265309,0,7,7,0,0,0,0
816,1000815,Direct_Background_16,Direct_Earth_to_Mars,Direct_Earth_to_Mars,0.96499999999999997,0.96499999999999997,0,197632,197632,0,966.57607662265309,966.57607662265309,0,7,7,0,0,0,0
816,1000815,Direct_Pointing_25pct_Power,Direct_Earth_to_Mars,Earth_Relay0_Mars,0,0.90000000000000002,0.90000000000000002,0,184320,184320,0,1150.983501933493,1150.983501933493,7,20,13,193,0,-193
816,1000815,Direct_Combined_25pctPower_BG16,Direct_Earth_to_Mars,Earth_Relay0_Mars,0,0.90000000000000002,0.90000000000000002,0,184320,184320,0,1150.983501933493,1150.983501933493,7,20,13,193,0,-193
817,1000816,Control,Direct_Earth_to_Mars,Direct_Earth_to_Mars,0.94499999999999995,0.94499999999999995,0,193536,193536,0,1180.1562467303322,1180.1562467303322,0,11,11,0,0,0,0
817,1000816,Direct_Background_16,Direct_Earth_to_Mars,Direct_Earth_to_Mars,0.94499999999999995,0.94499999999999995,0,193536,193536,0,1180.1562467303322,1180.1562467303322,0,11,11,0,0,0,0
817,1000816,Direct_Pointing_25pct_Power,Direct_Earth_to_Mars,Earth_Relay2_Mars,0,0.89500000000000002,0.89500000000000002,0,183296,183296,0,1246.539738329275,1246.539738329275,11,21,10,189,0,-189
817,1000816,Direct_Combined_25pctPower_BG16,Direct_Earth_to_Mars,Earth_Relay2_Mars,0,0.89500000000000002,0.89500000000000002,0,183296,183296,0,1246.539738329275,1246.539738329275,11,21,10,189,0,-189
818,1000817,Control,Direct_Earth_to_Mars,Direct_Earth_to_Mars,0.84999999999999998,0.84999999999999998,0,174080,174080,0,1089.6797230662989,1089.6797230662989,0,30,30,0,0,0,0
818,1000817,Direct_Background_16,Direct_Earth_to_Mars,Direct_Earth_to_Mars,0.84999999999999998,0.84999999999999998,0,174080,174080,0,1089.6797230662989,1089.6797230662989,0,30,30,0,0,0,0
818,1000817,Direct_Pointing_25pct_Power,Direct_Earth_to_Mars,Earth_Relay0_Mars,0,0.76500000000000001,0.76500000000000001,0,156672,156672,0,1297.3549263183966,1297.3549263183966,30,47,17,170,0,-170
818,1000817,Direct_Combined_25pctPower_BG16,Direct_Earth_to_Mars,Earth_Relay0_Mars,0,0.76500000000000001,0.76500000000000001,0,156672,156672,0,1297.3549263183966,1297.3549263183966,30,47,17,170,0,-170
819,1000818,Control,Direct_Earth_to_Mars,Direct_Earth_to_Mars,0.89000000000000001,0.89000000000000001,0,182272,182272,0,1273.7910130341193,1273.7910130341193,0,22,22,0,0,0,0
819,1000818,Direct_Background_16,Direct_Earth_to_Mars,Direct_Earth_to_Mars,0.88,0.88,0,180224,180224,0,1273.7910130341193,1273.7910130341193,0,22,22,0,2,2,0
819,1000818,Direct_Pointing_25pct_Power,Direct_Earth_to_Mars,Earth_Relay2_Mars,0,0.72999999999999998,0.72999999999999998,0,149504,149504,0,1340.3874697994304,1340.3874697994304,22,54,32,178,0,-178
819,1000818,Direct_Combined_25pctPower_BG16,Direct_Earth_to_Mars,Earth_Relay2_Mars,0,0.72999999999999998,0.72999999999999998,0,149504,149504,0,1340.3874697994304,1340.3874697994304,22,54,32,178,0,-178
820,1000819,Control,Direct_Earth_to_Mars,Direct_Earth_to_Mars,0.88500000000000001,0.88500000000000001,0,181248,181248,0,1081.7683941092187,1081.7683941092187,0,23,23,0,0,0,0
820,1000819,Direct_Background_16,Direct_Earth_to_Mars,Direct_Earth_to_Mars,0.88500000000000001,0.88500000000000001,0,181248,181248,0,1081.7683941092187,1081.7683941092187,0,23,23,0,0,0,0
820,1000819,Direct_Pointing_25pct_Power,Direct_Earth_to_Mars,Earth_Relay2_Mars,0,0.77000000000000002,0.77000000000000002,0,157696,157696,0,1148.1096133530475,1148.1096133530475,23,46,23,177,0,-177
820,1000819,Direct_Combined_25pctPower_BG16,Direct_Earth_to_Mars,Earth_Relay2_Mars,0,0.77000000000000002,0.77000000000000002,0,157696,157696,0,1148.1096133530475,1148.1096133530475,23,46,23,177,0,-177
821,1000820,Control,Direct_Earth_to_Mars,Direct_Earth_to_Mars,0.98499999999999999,0.98499999999999999,0,201728,201728,0,448.0674956071411,448.0674956071411,0,3,3,0,0,0,0
821,1000820,Direct_Background_16,Direct_Earth_to_Mars,Direct_Earth_to_Mars,0.98499999999999999,0.98499999999999999,0,201728,201728,0,448.0674956071411,448.0674956071411,0,3,3,0,0,0,0
821,1000820,Direct_Pointing_25pct_Power,Direct_Earth_to_Mars,Direct_Earth_to_Mars,0.98499999999999999,0.98499999999999999,0,201728,201728,0,448.0674956071411,448.0674956071411,0,3,3,0,0,0,0
821,1000820,Direct_Combined_25pctPower_BG16,Direct_Earth_to_Mars,Direct_Earth_to_Mars,0.98499999999999999,0.98499999999999999,0,201728,201728,0,448.0674956071411,448.0674956071411,0,3,3,0,0,0,0
822,1000821,Control,Direct_Earth_to_Mars,Direct_Earth_to_Mars,0.96499999999999997,0.96499999999999997,0,197632,197632,0,1122.5711128836558,1122.5711128836558,0,7,7,0,0,0,0
822,1000821,Direct_Background_16,Direct_Earth_to_Mars,Direct_Earth_to_Mars,0.96499999999999997,0.96499999999999997,0,197632,197632,0,1122.5711128836558,1122.5711128836558,0,7,7,0,0,0,0
822,1000821,Direct_Pointing_25pct_Power,Direct_Earth_to_Mars,Earth_Relay2_Mars,0,0.91000000000000003,0.91000000000000003,0,186368,186368,0,1188.9731253151822,1188.9731253151822,7,18,11,193,0,-193
822,1000821,Direct_Combined_25pctPower_BG16,Direct_Earth_to_Mars,Earth_Relay2_Mars,0,0.91000000000000003,0.91000000000000003,0,186368,186368,0,1188.9731253151822,1188.9731253151822,7,18,11,193,0,-193
823,1000822,Control,Direct_Earth_to_Mars,Direct_Earth_to_Mars,0.91500000000000004,0.91500000000000004,0,187392,187392,0,1305.3686163720831,1305.3686163720831,0,17,17,0,0,0,0
823,1000822,Direct_Background_16,Direct_Earth_to_Mars,Direct_Earth_to_Mars,0.88,0.88,0,180224,180224,0,1305.3686163720829,1305.3686163720829,0,17,17,0,7,7,0
823,1000822,Direct_Pointing_25pct_Power,Direct_Earth_to_Mars,Earth_Relay2_Mars,0,0.85499999999999998,0.85499999999999998,0,175104,175104,0,1371.9173370638243,1371.9173370638243,17,29,12,183,0,-183
823,1000822,Direct_Combined_25pctPower_BG16,Direct_Earth_to_Mars,Earth_Relay2_Mars,0,0.85499999999999998,0.85499999999999998,0,175104,175104,0,1371.9173370638243,1371.9173370638243,17,29,12,183,0,-183
824,1000823,Control,Direct_Earth_to_Mars,Direct_Earth_to_Mars,0.90000000000000002,0.90000000000000002,0,184320,184320,0,795.95005683238412,795.95005683238412,0,20,20,0,0,0,0
824,1000823,Direct_Background_16,Direct_Earth_to_Mars,Direct_Earth_to_Mars,0.90000000000000002,0.90000000000000002,0,184320,184320,0,795.95005683238412,795.95005683238412,0,20,20,0,0,0,0
824,1000823,Direct_Pointing_25pct_Power,Direct_Earth_to_Mars,Direct_Earth_to_Mars,0.90000000000000002,0.90000000000000002,0,184320,184320,0,795.95005683238412,795.95005683238412,0,20,20,0,0,0,0
824,1000823,Direct_Combined_25pctPower_BG16,Direct_Earth_to_Mars,Earth_Relay0_Mars,0,0.78000000000000003,0.78000000000000003,0,159744,159744,0,955.95579926874962,955.95579926874962,20,44,24,180,0,-180
825,1000824,Control,Direct_Earth_to_Mars,Direct_Earth_to_Mars,0.84999999999999998,0.84999999999999998,0,174080,174080,0,1360.3631593284099,1360.3631593284099,0,30,30,0,0,0,0
825,1000824,Direct_Background_16,Direct_Earth_to_Mars,Direct_Earth_to_Mars,0.79000000000000004,0.79000000000000004,0,161792,161792,0,1360.3631593284099,1360.3631593284099,0,30,30,0,12,12,0
825,1000824,Direct_Pointing_25pct_Power,Direct_Earth_to_Mars,Earth_Relay2_Mars,0,0.73999999999999999,0.73999999999999999,0,151552,151552,0,1427.0339041590119,1427.0339041590119,30,52,22,170,0,-170
825,1000824,Direct_Combined_25pctPower_BG16,Direct_Earth_to_Mars,Earth_Relay2_Mars,0,0.73999999999999999,0.73999999999999999,0,151552,151552,0,1427.0339041590119,1427.0339041590119,30,52,22,170,0,-170
826,1000825,Control,Direct_Earth_to_Mars,Direct_Earth_to_Mars,0.90000000000000002,0.90000000000000002,0,184320,184320,0,1320.5759631033309,1320.5759631033309,0,20,20,0,0,0,0
826,1000825,Direct_Background_16,Direct_Earth_to_Mars,Direct_Earth_to_Mars,0.78500000000000003,0.78500000000000003,0,160768,160768,0,1320.5759631033311,1320.5759631033311,0,20,20,0,23,23,0
826,1000825,Direct_Pointing_25pct_Power,Direct_Earth_to_Mars,Earth_Relay2_Mars,0,0.83499999999999996,0.83499999999999996,0,171008,171008,0,1387.1473285520544,1387.1473285520544,20,33,13,180,0,-180
826,1000825,Direct_Combined_25pctPower_BG16,Direct_Earth_to_Mars,Earth_Relay2_Mars,0,0.83499999999999996,0.83499999999999996,0,171008,171008,0,1387.1473285520544,1387.1473285520544,20,33,13,180,0,-180
827,1000826,Control,Direct_Earth_to_Mars,Direct_Earth_to_Mars,1,1,0,204800,204800,0,863.29583222730707,863.29583222730707,0,0,0,0,0,0,0
827,1000826,Direct_Background_16,Direct_Earth_to_Mars,Direct_Earth_to_Mars,1,1,0,204800,204800,0,863.29583222730707,863.29583222730707,0,0,0,0,0,0,0
827,1000826,Direct_Pointing_25pct_Power,Direct_Earth_to_Mars,Direct_Earth_to_Mars,0.97499999999999998,0.97499999999999998,0,199680,199680,0,863.29583222730719,863.29583222730719,0,0,0,0,5,5,0
827,1000826,Direct_Combined_25pctPower_BG16,Direct_Earth_to_Mars,Earth_Relay2_Mars,0,0.995,0.995,0,203776,203776,0,929.2942942953357,929.2942942953357,0,1,1,200,0,-200
828,1000827,Control,Direct_Earth_to_Mars,Direct_Earth_to_Mars,0.92500000000000004,0.92500000000000004,0,189440,189440,0,509.91237823179074,509.91237823179074,0,15,15,0,0,0,0
828,1000827,Direct_Background_16,Direct_Earth_to_Mars,Direct_Earth_to_Mars,0.92500000000000004,0.92500000000000004,0,189440,189440,0,509.91237823179074,509.91237823179074,0,15,15,0,0,0,0
828,1000827,Direct_Pointing_25pct_Power,Direct_Earth_to_Mars,Direct_Earth_to_Mars,0.92500000000000004,0.92500000000000004,0,189440,189440,0,509.91237823179074,509.91237823179074,0,15,15,0,0,0,0
828,1000827,Direct_Combined_25pctPower_BG16,Direct_Earth_to_Mars,Direct_Earth_to_Mars,0.92500000000000004,0.92500000000000004,0,189440,189440,0,509.91237823179074,509.91237823179074,0,15,15,0,0,0,0
829,1000828,Control,Direct_Earth_to_Mars,Direct_Earth_to_Mars,0.98499999999999999,0.98499999999999999,0,201728,201728,0,906.75416417725501,906.75416417725501,0,3,3,0,0,0,0
829,1000828,Direct_Background_16,Direct_Earth_to_Mars,Direct_Earth_to_Mars,0.98499999999999999,0.98499999999999999,0,201728,201728,0,906.75416417725501,906.75416417725501,0,3,3,0,0,0,0
829,1000828,Direct_Pointing_25pct_Power,Direct_Earth_to_Mars,Direct_Earth_to_Mars,0.81999999999999995,0.81999999999999995,0,167936,167936,0,906.75416417725501,906.75416417725501,0,3,3,0,33,33,0
829,1000828,Direct_Combined_25pctPower_BG16,Direct_Earth_to_Mars,Earth_Relay2_Mars,0,0.95999999999999996,0.95999999999999996,0,196608,196608,0,972.85058057179367,972.85058057179367,3,8,5,197,0,-197
830,1000829,Control,Direct_Earth_to_Mars,Direct_Earth_to_Mars,0.79500000000000004,0.79500000000000004,0,162816,162816,0,448.02804339489364,448.02804339489364,0,41,41,0,0,0,0
830,1000829,Direct_Background_16,Direct_Earth_to_Mars,Direct_Earth_to_Mars,0.79500000000000004,0.79500000000000004,0,162816,162816,0,448.02804339489364,448.02804339489364,0,41,41,0,0,0,0
830,1000829,Direct_Pointing_25pct_Power,Direct_Earth_to_Mars,Direct_Earth_to_Mars,0.79500000000000004,0.79500000000000004,0,162816,162816,0,448.02804339489364,448.02804339489364,0,41,41,0,0,0,0
830,1000829,Direct_Combined_25pctPower_BG16,Direct_Earth_to_Mars,Direct_Earth_to_Mars,0.79500000000000004,0.79500000000000004,0,162816,162816,0,448.02804339489364,448.02804339489364,0,41,41,0,0,0,0
831,1000830,Control,Direct_Earth_to_Mars,Direct_Earth_to_Mars,0.82499999999999996,0.82499999999999996,0,168960,168960,0,432.0067793659058,432.0067793659058,0,35,35,0,0,0,0
831,1000830,Direct_Background_16,Direct_Earth_to_Mars,Direct_Earth_to_Mars,0.82499999999999996,0.82499999999999996,0,168960,168960,0,432.0067793659058,432.0067793659058,0,35,35,0,0,0,0
831,1000830,Direct_Pointing_25pct_Power,Direct_Earth_to_Mars,Direct_Earth_to_Mars,0.82499999999999996,0.82499999999999996,0,168960,168960,0,432.0067793659058,432.0067793659058,0,35,35,0,0,0,0
831,1000830,Direct_Combined_25pctPower_BG16,Direct_Earth_to_Mars,Direct_Earth_to_Mars,0.82499999999999996,0.82499999999999996,0,168960,168960,0,432.0067793659058,432.0067793659058,0,35,35,0,0,0,0
832,1000831,Control,Direct_Earth_to_Mars,Direct_Earth_to_Mars,0.84999999999999998,0.84999999999999998,0,174080,174080,0,1343.09490943214,1343.09490943214,0,30,30,0,0,0,0
832,1000831,Direct_Background_16,Direct_Earth_to_Mars,Direct_Earth_to_Mars,0.75,0.75,0,153600,153600,0,1343.0949094321397,1343.0949094321397,0,30,30,0,20,20,0
832,1000831,Direct_Pointing_25pct_Power,Direct_Earth_to_Mars,Earth_Relay2_Mars,0,0.77500000000000002,0.77500000000000002,0,158720,158720,0,1409.7567669752464,1409.7567669752464,30,45,15,170,0,-170
832,1000831,Direct_Combined_25pctPower_BG16,Direct_Earth_to_Mars,Earth_Relay2_Mars,0,0.77500000000000002,0.77500000000000002,0,158720,158720,0,1409.7567669752464,1409.7567669752464,30,45,15,170,0,-170
833,1000832,Control,Direct_Earth_to_Mars,Direct_Earth_to_Mars,0.875,0.875,0,179200,179200,0,1087.2200237261206,1087.2200237261206,0,25,25,0,0,0,0
833,1000832,Direct_Background_16,Direct_Earth_to_Mars,Direct_Earth_to_Mars,0.875,0.875,0,179200,179200,0,1087.2200237261206,1087.2200237261206,0,25,25,0,0,0,0
833,1000832,Direct_Pointing_25pct_Power,Direct_Earth_to_Mars,Earth_Relay1_Mars,0,0.755,0.755,0,154624,154624,0,1295.3264813035878,1295.3264813035878,25,49,24,175,0,-175
833,1000832,Direct_Combined_25pctPower_BG16,Direct_Earth_to_Mars,Earth_Relay1_Mars,0,0.755,0.755,0,154624,154624,0,1295.3264813035878,1295.3264813035878,25,49,24,175,0,-175
834,1000833,Control,Direct_Earth_to_Mars,Direct_Earth_to_Mars,0.88,0.88,0,180224,180224,0,287.83382830125407,287.83382830125407,0,24,24,0,0,0,0
834,1000833,Direct_Background_16,Direct_Earth_to_Mars,Direct_Earth_to_Mars,0.88,0.88,0,180224,180224,0,287.83382830125407,287.83382830125407,0,24,24,0,0,0,0
834,1000833,Direct_Pointing_25pct_Power,Direct_Earth_to_Mars,Direct_Earth_to_Mars,0.88,0.88,0,180224,180224,0,287.83382830125407,287.83382830125407,0,24,24,0,0,0,0
834,1000833,Direct_Combined_25pctPower_BG16,Direct_Earth_to_Mars,Direct_Earth_to_Mars,0.88,0.88,0,180224,180224,0,287.83382830125407,287.83382830125407,0,24,24,0,0,0,0
835,1000834,Control,Direct_Earth_to_Mars,Direct_Earth_to_Mars,0.87,0.87,0,178176,178176,0,455.22279921989951,455.22279921989951,0,26,26,0,0,0,0
835,1000834,Direct_Background_16,Direct_Earth_to_Mars,Direct_Earth_to_Mars,0.87,0.87,0,178176,178176,0,455.22279921989951,455.22279921989951,0,26,26,0,0,0,0
835,1000834,Direct_Pointing_25pct_Power,Direct_Earth_to_Mars,Direct_Earth_to_Mars,0.87,0.87,0,178176,178176,0,455.22279921989951,455.22279921989951,0,26,26,0,0,0,0
835,1000834,Direct_Combined_25pctPower_BG16,Direct_Earth_to_Mars,Direct_Earth_to_Mars,0.87,0.87,0,178176,178176,0,455.22279921989951,455.22279921989951,0,26,26,0,0,0,0
836,1000835,Control,Direct_Earth_to_Mars,Direct_Earth_to_Mars,0.89500000000000002,0.89500000000000002,0,183296,183296,0,285.91663964070671,285.91663964070671,0,21,21,0,0,0,0
836,1000835,Direct_Background_16,Direct_Earth_to_Mars,Direct_Earth_to_Mars,0.89500000000000002,0.89500000000000002,0,183296,183296,0,285.91663964070671,285.91663964070671,0,21,21,0,0,0,0
836,1000835,Direct_Pointing_25pct_Power,Direct_Earth_to_Mars,Direct_Earth_to_Mars,0.89500000000000002,0.89500000000000002,0,183296,183296,0,285.91663964070671,285.91663964070671,0,21,21,0,0,0,0
836,1000835,Direct_Combined_25pctPower_BG16,Direct_Earth_to_Mars,Direct_Earth_to_Mars,0.89500000000000002,0.89500000000000002,0,183296,183296,0,285.91663964070671,285.91663964070671,0,21,21,0,0,0,0
837,1000836,Control,Direct_Earth_to_Mars,Direct_Earth_to_Mars,0.94999999999999996,0.94999999999999996,0,194560,194560,0,1063.2321450337188,1063.2321450337188,0,10,10,0,0,0,0
837,1000836,Direct_Background_16,Direct_Earth_to_Mars,Direct_Earth_to_Mars,0.94999999999999996,0.94999999999999996,0,194560,194560,0,1063.2321450337188,1063.2321450337188,0,10,10,0,0,0,0
837,1000836,Direct_Pointing_25pct_Power,Direct_Earth_to_Mars,Earth_Relay2_Mars,0,0.82999999999999996,0.82999999999999996,0,169984,169984,0,1129.5447305815255,1129.5447305815255,10,34,24,190,0,-190
837,1000836,Direct_Combined_25pctPower_BG16,Direct_Earth_to_Mars,Earth_Relay2_Mars,0,0.82999999999999996,0.82999999999999996,0,169984,169984,0,1129.5447305815255,1129.5447305815255,10,34,24,190,0,-190
838,1000837,Control,Direct_Earth_to_Mars,Direct_Earth_to_Mars,0.90500000000000003,0.90500000000000003,0,185344,185344,0,632.93888083809338,632.93888083809338,0,19,19,0,0,0,0
838,1000837,Direct_Background_16,Direct_Earth_to_Mars,Direct_Earth_to_Mars,0.90500000000000003,0.90500000000000003,0,185344,185344,0,632.93888083809338,632.93888083809338,0,19,19,0,0,0,0
838,1000837,Direct_Pointing_25pct_Power,Direct_Earth_to_Mars,Direct_Earth_to_Mars,0.90500000000000003,0.90500000000000003,0,185344,185344,0,632.93888083809338,632.93888083809338,0,19,19,0,0,0,0
838,1000837,Direct_Combined_25pctPower_BG16,Direct_Earth_to_Mars,Direct_Earth_to_Mars,0.90500000000000003,0.90500000000000003,0,185344,185344,0,632.93888083809338,632.93888083809338,0,19,19,0,0,0,0
839,1000838,Control,Direct_Earth_to_Mars,Direct_Earth_to_Mars,0.80500000000000005,0.80500000000000005,0,164864,164864,0,286.5844152951052,286.5844152951052,0,39,39,0,0,0,0
839,1000838,Direct_Background_16,Direct_Earth_to_Mars,Direct_Earth_to_Mars,0.80500000000000005,0.80500000000000005,0,164864,164864,0,286.5844152951052,286.5844152951052,0,39,39,0,0,0,0
839,1000838,Direct_Pointing_25pct_Power,Direct_Earth_to_Mars,Direct_Earth_to_Mars,0.80500000000000005,0.80500000000000005,0,164864,164864,0,286.5844152951052,286.5844152951052,0,39,39,0,0,0,0
839,1000838,Direct_Combined_25pctPower_BG16,Direct_Earth_to_Mars,Direct_Earth_to_Mars,0.80500000000000005,0.80500000000000005,0,164864,164864,0,286.5844152951052,286.5844152951052,0,39,39,0,0,0,0
840,1000839,Control,Direct_Earth_to_Mars,Direct_Earth_to_Mars,0.86499999999999999,0.86499999999999999,0,177152,177152,0,1214.6506318528466,1214.6506318528466,0,27,27,0,0,0,0
840,1000839,Direct_Background_16,Direct_Earth_to_Mars,Direct_Earth_to_Mars,0.86499999999999999,0.86499999999999999,0,177152,177152,0,1214.6506318528466,1214.6506318528466,0,27,27,0,0,0,0
840,1000839,Direct_Pointing_25pct_Power,Direct_Earth_to_Mars,Earth_Relay2_Mars,0,0.78500000000000003,0.78500000000000003,0,160768,160768,0,1281.0770421463167,1281.0770421463167,27,43,16,173,0,-173
840,1000839,Direct_Combined_25pctPower_BG16,Direct_Earth_to_Mars,Earth_Relay2_Mars,0,0.78500000000000003,0.78500000000000003,0,160768,160768,0,1281.0770421463167,1281.0770421463167,27,43,16,173,0,-173
841,1000840,Control,Direct_Earth_to_Mars,Direct_Earth_to_Mars,0.97499999999999998,0.97499999999999998,0,199680,199680,0,509.06815439468477,509.06815439468477,0,5,5,0,0,0,0
841,1000840,Direct_Background_16,Direct_Earth_to_Mars,Direct_Earth_to_Mars,0.97499999999999998,0.97499999999999998,0,199680,199680,0,509.06815439468477,509.06815439468477,0,5,5,0,0,0,0
841,1000840,Direct_Pointing_25pct_Power,Direct_Earth_to_Mars,Direct_Earth_to_Mars,0.97499999999999998,0.97499999999999998,0,199680,199680,0,509.06815439468477,509.06815439468477,0,5,5,0,0,0,0
841,1000840,Direct_Combined_25pctPower_BG16,Direct_Earth_to_Mars,Direct_Earth_to_Mars,0.97499999999999998,0.97499999999999998,0,199680,199680,0,509.06815439468477,509.06815439468477,0,5,5,0,0,0,0
842,1000841,Control,Direct_Earth_to_Mars,Direct_Earth_to_Mars,0.93000000000000005,0.93000000000000005,0,190464,190464,0,1367.9057405042697,1367.9057405042697,0,14,14,0,0,0,0
842,1000841,Direct_Background_16,Direct_Earth_to_Mars,Direct_Earth_to_Mars,0.88,0.88,0,180224,180224,0,1367.9057405042697,1367.9057405042697,0,14,14,0,10,10,0
842,1000841,Direct_Pointing_25pct_Power,Direct_Earth_to_Mars,Earth_Relay2_Mars,0,0.89000000000000001,0.89000000000000001,0,182272,182272,0,1434.5696729433039,1434.5696729433039,14,22,8,186,0,-186
842,1000841,Direct_Combined_25pctPower_BG16,Direct_Earth_to_Mars,Earth_Relay2_Mars,0,0.89000000000000001,0.89000000000000001,0,182272,182272,0,1434.5696729433039,1434.5696729433039,14,22,8,186,0,-186
843,1000842,Control,Direct_Earth_to_Mars,Direct_Earth_to_Mars,0.88,0.88,0,180224,180224,0,565.82091954839325,565.82091954839325,0,24,24,0,0,0,0
843,1000842,Direct_Background_16,Direct_Earth_to_Mars,Direct_Earth_to_Mars,0.88,0.88,0,180224,180224,0,565.82091954839325,565.82091954839325,0,24,24,0,0,0,0
843,1000842,Direct_Pointing_25pct_Power,Direct_Earth_to_Mars,Direct_Earth_to_Mars,0.88,0.88,0,180224,180224,0,565.82091954839325,565.82091954839325,0,24,24,0,0,0,0
843,1000842,Direct_Combined_25pctPower_BG16,Direct_Earth_to_Mars,Direct_Earth_to_Mars,0.88,0.88,0,180224,180224,0,565.82091954839325,565.82091954839325,0,24,24,0,0,0,0
844,1000843,Control,Direct_Earth_to_Mars,Direct_Earth_to_Mars,0.93000000000000005,0.93000000000000005,0,190464,190464,0,419.51567531310019,419.51567531310019,0,14,14,0,0,0,0
844,1000843,Direct_Background_16,Direct_Earth_to_Mars,Direct_Earth_to_Mars,0.93000000000000005,0.93000000000000005,0,190464,190464,0,419.51567531310019,419.51567531310019,0,14,14,0,0,0,0
844,1000843,Direct_Pointing_25pct_Power,Direct_Earth_to_Mars,Direct_Earth_to_Mars,0.93000000000000005,0.93000000000000005,0,190464,190464,0,419.51567531310019,419.51567531310019,0,14,14,0,0,0,0
844,1000843,Direct_Combined_25pctPower_BG16,Direct_Earth_to_Mars,Direct_Earth_to_Mars,0.93000000000000005,0.93000000000000005,0,190464,190464,0,419.51567531310019,419.51567531310019,0,14,14,0,0,0,0
845,1000844,Control,Direct_Earth_to_Mars,Direct_Earth_to_Mars,0.84499999999999997,0.84499999999999997,0,173056,173056,0,1367.8870280876642,1367.8870280876642,0,31,31,0,0,0,0
845,1000844,Direct_Background_16,Direct_Earth_to_Mars,Direct_Earth_to_Mars,0.46500000000000002,0.46500000000000002,0,95232,95232,0,1367.887028087669,1367.887028087669,0,31,31,0,76,76,0
845,1000844,Direct_Pointing_25pct_Power,Direct_Earth_to_Mars,Earth_Relay2_Mars,0,0.72999999999999998,0.72999999999999998,0,149504,149504,0,1434.5504293843899,1434.5504293843899,31,54,23,169,0,-169
845,1000844,Direct_Combined_25pctPower_BG16,Direct_Earth_to_Mars,Earth_Relay2_Mars,0,0.72999999999999998,0.72999999999999998,0,149504,149504,0,1434.5504293843899,1434.5504293843899,31,54,23,169,0,-169
846,1000845,Control,Direct_Earth_to_Mars,Direct_Earth_to_Mars,0.83999999999999997,0.83999999999999997,0,172032,172032,0,864.68995898187529,864.68995898187529,0,32,32,0,0,0,0
846,1000845,Direct_Background_16,Direct_Earth_to_Mars,Direct_Earth_to_Mars,0.83999999999999997,0.83999999999999997,0,172032,172032,0,864.68995898187529,864.68995898187529,0,32,32,0,0,0,0
846,1000845,Direct_Pointing_25pct_Power,Direct_Earth_to_Mars,Direct_Earth_to_Mars,0.71499999999999997,0.71499999999999997,0,146432,146432,0,864.68995898187472,864.68995898187472,0,32,32,0,25,25,0
846,1000845,Direct_Combined_25pctPower_BG16,Direct_Earth_to_Mars,Earth_Relay2_Mars,0,0.70499999999999996,0.70499999999999996,0,144384,144384,0,930.69032010786748,930.69032010786748,32,59,27,168,0,-168
847,1000846,Control,Direct_Earth_to_Mars,Direct_Earth_to_Mars,0.84499999999999997,0.84499999999999997,0,173056,173056,0,722.53067746873046,722.53067746873046,0,31,31,0,0,0,0
847,1000846,Direct_Background_16,Direct_Earth_to_Mars,Direct_Earth_to_Mars,0.84499999999999997,0.84499999999999997,0,173056,173056,0,722.53067746873046,722.53067746873046,0,31,31,0,0,0,0
847,1000846,Direct_Pointing_25pct_Power,Direct_Earth_to_Mars,Direct_Earth_to_Mars,0.84499999999999997,0.84499999999999997,0,173056,173056,0,722.53067746873046,722.53067746873046,0,31,31,0,0,0,0
847,1000846,Direct_Combined_25pctPower_BG16,Direct_Earth_to_Mars,Direct_Earth_to_Mars,0.53000000000000003,0.53000000000000003,0,108544,108544,0,722.53067746872819,722.53067746872819,0,31,31,0,63,63,0
848,1000847,Control,Direct_Earth_to_Mars,Direct_Earth_to_Mars,0.995,0.995,0,203776,203776,0,367.5492425198604,367.5492425198604,0,1,1,0,0,0,0
848,1000847,Direct_Background_16,Direct_Earth_to_Mars,Direct_Earth_to_Mars,0.995,0.995,0,203776,203776,0,367.5492425198604,367.5492425198604,0,1,1,0,0,0,0
848,1000847,Direct_Pointing_25pct_Power,Direct_Earth_to_Mars,Direct_Earth_to_Mars,0.995,0.995,0,203776,203776,0,367.5492425198604,367.5492425198604,0,1,1,0,0,0,0
848,1000847,Direct_Combined_25pctPower_BG16,Direct_Earth_to_Mars,Direct_Earth_to_Mars,0.995,0.995,0,203776,203776,0,367.5492425198604,367.5492425198604,0,1,1,0,0,0,0
849,1000848,Control,Direct_Earth_to_Mars,Direct_Earth_to_Mars,0.90000000000000002,0.90000000000000002,0,184320,184320,0,731.97796770246009,731.97796770246009,0,20,20,0,0,0,0
849,1000848,Direct_Background_16,Direct_Earth_to_Mars,Direct_Earth_to_Mars,0.90000000000000002,0.90000000000000002,0,184320,184320,0,731.97796770246009,731.97796770246009,0,20,20,0,0,0,0
849,1000848,Direct_Pointing_25pct_Power,Direct_Earth_to_Mars,Direct_Earth_to_Mars,0.90000000000000002,0.90000000000000002,0,184320,184320,0,731.97796770246009,731.97796770246009,0,20,20,0,0,0,0
849,1000848,Direct_Combined_25pctPower_BG16,Direct_Earth_to_Mars,Direct_Earth_to_Mars,0.65000000000000002,0.65000000000000002,0,133120,133120,0,731.97796770245884,731.97796770245884,0,20,20,0,50,50,0
850,1000849,Control,Direct_Earth_to_Mars,Direct_Earth_to_Mars,0.85499999999999998,0.85499999999999998,0,175104,175104,0,1352.7599138283613,1352.7599138283613,0,29,29,0,0,0,0
850,1000849,Direct_Background_16,Direct_Earth_to_Mars,Direct_Earth_to_Mars,0.66500000000000004,0.66500000000000004,0,136192,136192,0,1352.759913828359,1352.759913828359,0,29,29,0,38,38,0
850,1000849,Direct_Pointing_25pct_Power,Direct_Earth_to_Mars,Earth_Relay1_Mars,0,0,0,0,0,0,0,0,0,29,53,24,171,0,-171
850,1000849,Direct_Combined_25pctPower_BG16,Direct_Earth_to_Mars,Earth_Relay1_Mars,0,0,0,0,0,0,0,0,0,29,53,24,171,0,-171
851,1000850,Control,Direct_Earth_to_Mars,Direct_Earth_to_Mars,0.81999999999999995,0.81999999999999995,0,167936,167936,0,1020.9342939623564,1020.9342939623564,0,36,36,0,0,0,0
851,1000850,Direct_Background_16,Direct_Earth_to_Mars,Direct_Earth_to_Mars,0.81999999999999995,0.81999999999999995,0,167936,167936,0,1020.9342939623564,1020.9342939623564,0,36,36,0,0,0,0
851,1000850,Direct_Pointing_25pct_Power,Direct_Earth_to_Mars,Earth_Relay2_Mars,0,0.66000000000000003,0.66000000000000003,0,135168,135168,0,1087.1385698629144,1087.1385698629144,36,68,32,164,0,-164
851,1000850,Direct_Combined_25pctPower_BG16,Direct_Earth_to_Mars,Earth_Relay2_Mars,0,0.66000000000000003,0.66000000000000003,0,135168,135168,0,1087.1385698629144,1087.1385698629144,36,68,32,164,0,-164
852,1000851,Control,Direct_Earth_to_Mars,Direct_Earth_to_Mars,0.82999999999999996,0.82999999999999996,0,169984,169984,0,1038.4424131708117,1038.4424131708117,0,34,34,0,0,0,0
852,1000851,Direct_Background_16,Direct_Earth_to_Mars,Direct_Earth_to_Mars,0.82999999999999996,0.82999999999999996,0,169984,169984,0,1038.4424131708117,1038.4424131708117,0,34,34,0,0,0,0
852,1000851,Direct_Pointing_25pct_Power,Direct_Earth_to_Mars,Earth_Relay2_Mars,0,0.73499999999999999,0.73499999999999999,0,150528,150528,0,1104.7157856383717,1104.7157856383717,34,53,19,166,0,-166
852,1000851,Direct_Combined_25pctPower_BG16,Direct_Earth_to_Mars,Earth_Relay2_Mars,0,0.73499999999999999,0.73499999999999999,0,150528,150528,0,1104.7157856383717,1104.7157856383717,34,53,19,166,0,-166
853,1000852,Control,Direct_Earth_to_Mars,Direct_Earth_to_Mars,0.93999999999999995,0.93999999999999995,0,192512,192512,0,532.34859827212858,532.34859827212858,0,12,12,0,0,0,0
853,1000852,Direct_Background_16,Direct_Earth_to_Mars,Direct_Earth_to_Mars,0.93999999999999995,0.93999999999999995,0,192512,192512,0,532.34859827212858,532.34859827212858,0,12,12,0,0,0,0
853,1000852,Direct_Pointing_25pct_Power,Direct_Earth_to_Mars,Direct_Earth_to_Mars,0.93999999999999995,0.93999999999999995,0,192512,192512,0,532.34859827212858,532.34859827212858,0,12,12,0,0,0,0
853,1000852,Direct_Combined_25pctPower_BG16,Direct_Earth_to_Mars,Direct_Earth_to_Mars,0.93999999999999995,0.93999999999999995,0,192512,192512,0,532.34859827212858,532.34859827212858,0,12,12,0,0,0,0
854,1000853,Control,Direct_Earth_to_Mars,Direct_Earth_to_Mars,0.88500000000000001,0.88500000000000001,0,181248,181248,0,817.30121572088672,817.30121572088672,0,23,23,0,0,0,0
854,1000853,Direct_Background_16,Direct_Earth_to_Mars,Direct_Earth_to_Mars,0.88500000000000001,0.88500000000000001,0,181248,181248,0,817.30121572088672,817.30121572088672,0,23,23,0,0,0,0
854,1000853,Direct_Pointing_25pct_Power,Direct_Earth_to_Mars,Direct_Earth_to_Mars,0.88,0.88,0,180224,180224,0,817.30121572088672,817.30121572088672,0,23,23,0,1,1,0
854,1000853,Direct_Combined_25pctPower_BG16,Direct_Earth_to_Mars,Earth_Relay2_Mars,0,0.77000000000000002,0.77000000000000002,0,157696,157696,0,883.2373255300738,883.2373255300738,23,46,23,177,0,-177
855,1000854,Control,Direct_Earth_to_Mars,Direct_Earth_to_Mars,0.82499999999999996,0.82499999999999996,0,168960,168960,0,1229.182719737903,1229.182719737903,0,35,35,0,0,0,0
855,1000854,Direct_Background_16,Direct_Earth_to_Mars,Direct_Earth_to_Mars,0.81999999999999995,0.81999999999999995,0,167936,167936,0,1229.182719737903,1229.182719737903,0,35,35,0,1,1,0
855,1000854,Direct_Pointing_25pct_Power,Direct_Earth_to_Mars,Earth_Relay2_Mars,0,0.65000000000000002,0.65000000000000002,0,133120,133120,0,1295.7274573352747,1295.7274573352747,35,70,35,165,0,-165
855,1000854,Direct_Combined_25pctPower_BG16,Direct_Earth_to_Mars,Earth_Relay2_Mars,0,0.65000000000000002,0.65000000000000002,0,133120,133120,0,1295.7274573352747,1295.7274573352747,35,70,35,165,0,-165
856,1000855,Control,Direct_Earth_to_Mars,Direct_Earth_to_Mars,0.84999999999999998,0.84999999999999998,0,174080,174080,0,1191.9670854479116,1191.9670854479116,0,30,30,0,0,0,0
856,1000855,Direct_Background_16,Direct_Earth_to_Mars,Direct_Earth_to_Mars,0.84999999999999998,0.84999999999999998,0,174080,174080,0,1191.9670854479116,1191.9670854479116,0,30,30,0,0,0,0
856,1000855,Direct_Pointing_25pct_Power,Direct_Earth_to_Mars,Earth_Relay2_Mars,0,0.76500000000000001,0.76500000000000001,0,156672,156672,0,1258.4648295196146,1258.4648295196146,30,47,17,170,0,-170
856,1000855,Direct_Combined_25pctPower_BG16,Direct_Earth_to_Mars,Earth_Relay2_Mars,0,0.76500000000000001,0.76500000000000001,0,156672,156672,0,1258.4648295196146,1258.4648295196146,30,47,17,170,0,-170
857,1000856,Control,Direct_Earth_to_Mars,Direct_Earth_to_Mars,0.86499999999999999,0.86499999999999999,0,177152,177152,0,1291.8495834895214,1291.8495834895214,0,27,27,0,0,0,0
857,1000856,Direct_Background_16,Direct_Earth_to_Mars,Direct_Earth_to_Mars,0.85999999999999999,0.85999999999999999,0,176128,176128,0,1291.8495834895214,1291.8495834895214,0,27,27,0,1,1,0
857,1000856,Direct_Pointing_25pct_Power,Direct_Earth_to_Mars,Earth_Relay2_Mars,0,0.72999999999999998,0.72999999999999998,0,149504,149504,0,1358.4652757190368,1358.4652757190368,27,54,27,173,0,-173
857,1000856,Direct_Combined_25pctPower_BG16,Direct_Earth_to_Mars,Earth_Relay2_Mars,0,0.72999999999999998,0.72999999999999998,0,149504,149504,0,1358.4652757190368,1358.4652757190368,27,54,27,173,0,-173
858,1000857,Control,Direct_Earth_to_Mars,Direct_Earth_to_Mars,0.96499999999999997,0.96499999999999997,0,197632,197632,0,1316.4445335131666,1316.4445335131666,0,7,7,0,0,0,0
858,1000857,Direct_Background_16,Direct_Earth_to_Mars,Direct_Earth_to_Mars,0.93500000000000005,0.93500000000000005,0,191488,191488,0,1316.4445335131666,1316.4445335131666,0,7,7,0,6,6,0
858,1000857,Direct_Pointing_25pct_Power,Direct_Earth_to_Mars,Earth_Relay2_Mars,0,0.91500000000000004,0.91500000000000004,0,187392,187392,0,1383.0843574941318,1383.0843574941318,7,17,10,193,0,-193
858,1000857,Direct_Combined_25pctPower_BG16,Direct_Earth_to_Mars,Earth_Relay2_Mars,0,0.91500000000000004,0.91500000000000004,0,187392,187392,0,1383.0843574941318,1383.0843574941318,7,17,10,193,0,-193
859,1000858,Control,Direct_Earth_to_Mars,Direct_Earth_to_Mars,0.93000000000000005,0.93000000000000005,0,190464,190464,0,1206.1803675896144,1206.1803675896144,0,14,14,0,0,0,0
859,1000858,Direct_Background_16,Direct_Earth_to_Mars,Direct_Earth_to_Mars,0.93000000000000005,0.93000000000000005,0,190464,190464,0,1206.1803675896144,1206.1803675896144,0,14,14,0,0,0,0
859,1000858,Direct_Pointing_25pct_Power,Direct_Earth_to_Mars,Earth_Relay2_Mars,0,0.86499999999999999,0.86499999999999999,0,177152,177152,0,1272.5960911603538,1272.5960911603538,14,27,13,186,0,-186
859,1000858,Direct_Combined_25pctPower_BG16,Direct_Earth_to_Mars,Earth_Relay2_Mars,0,0.86499999999999999,0.86499999999999999,0,177152,177152,0,1272.5960911603538,1272.5960911603538,14,27,13,186,0,-186
860,1000859,Control,Direct_Earth_to_Mars,Direct_Earth_to_Mars,0.90500000000000003,0.90500000000000003,0,185344,185344,0,1366.1392353002082,1366.1392353002082,0,19,19,0,0,0,0
860,1000859,Direct_Background_16,Direct_Earth_to_Mars,Direct_Earth_to_Mars,0.85999999999999999,0.85999999999999999,0,176128,176128,0,1366.1392353002077,1366.1392353002077,0,19,19,0,9,9,0
860,1000859,Direct_Pointing_25pct_Power,Direct_Earth_to_Mars,Earth_Relay2_Mars,0,0.84999999999999998,0.84999999999999998,0,174080,174080,0,1432.8089614829587,1432.8089614829587,19,30,11,181,0,-181
860,1000859,Direct_Combined_25pctPower_BG16,Direct_Earth_to_Mars,Earth_Relay2_Mars,0,0.84999999999999998,0.84999999999999998,0,174080,174080,0,1432.8089614829587,1432.8089614829587,19,30,11,181,0,-181
861,1000860,Control,Direct_Earth_to_Mars,Direct_Earth_to_Mars,0.93500000000000005,0.93500000000000005,0,191488,191488,0,1146.1450791157329,1146.1450791157329,0,13,13,0,0,0,0
861,1000860,Direct_Background_16,Direct_Earth_to_Mars,Direct_Earth_to_Mars,0.93500000000000005,0.93500000000000005,0,191488,191488,0,1146.1450791157329,1146.1450791157329,0,13,13,0,0,0,0
861,1000860,Direct_Pointing_25pct_Power,Direct_Earth_to_Mars,Earth_Relay2_Mars,0,0.91000000000000003,0.91000000000000003,0,186368,186368,0,1212.4877312514873,1212.4877312514873,13,18,5,187,0,-187
861,1000860,Direct_Combined_25pctPower_BG16,Direct_Earth_to_Mars,Earth_Relay2_Mars,0,0.91000000000000003,0.91000000000000003,0,186368,186368,0,1212.4877312514873,1212.4877312514873,13,18,5,187,0,-187
862,1000861,Control,Direct_Earth_to_Mars,Direct_Earth_to_Mars,1,1,0,204800,204800,0,450.72450307230929,450.72450307230929,0,0,0,0,0,0,0
862,1000861,Direct_Background_16,Direct_Earth_to_Mars,Direct_Earth_to_Mars,1,1,0,204800,204800,0,450.72450307230929,450.72450307230929,0,0,0,0,0,0,0
862,1000861,Direct_Pointing_25pct_Power,Direct_Earth_to_Mars,Direct_Earth_to_Mars,1,1,0,204800,204800,0,450.72450307230929,450.72450307230929,0,0,0,0,0,0,0
862,1000861,Direct_Combined_25pctPower_BG16,Direct_Earth_to_Mars,Direct_Earth_to_Mars,1,1,0,204800,204800,0,450.72450307230929,450.72450307230929,0,0,0,0,0,0,0
863,1000862,Control,Direct_Earth_to_Mars,Direct_Earth_to_Mars,0.96499999999999997,0.96499999999999997,0,197632,197632,0,732.22250745524332,732.22250745524332,0,7,7,0,0,0,0
863,1000862,Direct_Background_16,Direct_Earth_to_Mars,Direct_Earth_to_Mars,0.96499999999999997,0.96499999999999997,0,197632,197632,0,732.22250745524332,732.22250745524332,0,7,7,0,0,0,0
863,1000862,Direct_Pointing_25pct_Power,Direct_Earth_to_Mars,Direct_Earth_to_Mars,0.96499999999999997,0.96499999999999997,0,197632,197632,0,732.22250745524332,732.22250745524332,0,7,7,0,0,0,0
863,1000862,Direct_Combined_25pctPower_BG16,Direct_Earth_to_Mars,Earth_Relay2_Mars,0.10000000000000001,0.93999999999999995,0.83999999999999997,20480,192512,172032,732.22250745524479,798.20385764940954,65.981350194164747,7,12,5,173,0,-173
864,1000863,Control,Direct_Earth_to_Mars,Direct_Earth_to_Mars,0.92000000000000004,0.92000000000000004,0,188416,188416,0,326.71050891404053,326.71050891404053,0,16,16,0,0,0,0
864,1000863,Direct_Background_16,Direct_Earth_to_Mars,Direct_Earth_to_Mars,0.92000000000000004,0.92000000000000004,0,188416,188416,0,326.71050891404053,326.71050891404053,0,16,16,0,0,0,0
864,1000863,Direct_Pointing_25pct_Power,Direct_Earth_to_Mars,Direct_Earth_to_Mars,0.92000000000000004,0.92000000000000004,0,188416,188416,0,326.71050891404053,326.71050891404053,0,16,16,0,0,0,0
864,1000863,Direct_Combined_25pctPower_BG16,Direct_Earth_to_Mars,Direct_Earth_to_Mars,0.92000000000000004,0.92000000000000004,0,188416,188416,0,326.71050891404053,326.71050891404053,0,16,16,0,0,0,0
865,1000864,Control,Direct_Earth_to_Mars,Direct_Earth_to_Mars,0.79000000000000004,0.79000000000000004,0,161792,161792,0,1078.830365214613,1078.830365214613,0,42,42,0,0,0,0
865,1000864,Direct_Background_16,Direct_Earth_to_Mars,Direct_Earth_to_Mars,0.79000000000000004,0.79000000000000004,0,161792,161792,0,1078.830365214613,1078.830365214613,0,42,42,0,0,0,0
865,1000864,Direct_Pointing_25pct_Power,Direct_Earth_to_Mars,Earth_Relay2_Mars,0,0.64000000000000001,0.64000000000000001,0,131072,131072,0,1145.0962612480796,1145.0962612480796,42,72,30,158,0,-158
865,1000864,Direct_Combined_25pctPower_BG16,Direct_Earth_to_Mars,Earth_Relay2_Mars,0,0.64000000000000001,0.64000000000000001,0,131072,131072,0,1145.0962612480796,1145.0962612480796,42,72,30,158,0,-158
866,1000865,Control,Direct_Earth_to_Mars,Direct_Earth_to_Mars,0.95499999999999996,0.95499999999999996,0,195584,195584,0,398.59348662098608,398.59348662098608,0,9,9,0,0,0,0
866,1000865,Direct_Background_16,Direct_Earth_to_Mars,Direct_Earth_to_Mars,0.95499999999999996,0.95499999999999996,0,195584,195584,0,398.59348662098608,398.59348662098608,0,9,9,0,0,0,0
866,1000865,Direct_Pointing_25pct_Power,Direct_Earth_to_Mars,Direct_Earth_to_Mars,0.95499999999999996,0.95499999999999996,0,195584,195584,0,398.59348662098608,398.59348662098608,0,9,9,0,0,0,0
866,1000865,Direct_Combined_25pctPower_BG16,Direct_Earth_to_Mars,Direct_Earth_to_Mars,0.95499999999999996,0.95499999999999996,0,195584,195584,0,398.59348662098608,398.59348662098608,0,9,9,0,0,0,0
867,1000866,Control,Direct_Earth_to_Mars,Direct_Earth_to_Mars,0.93999999999999995,0.93999999999999995,0,192512,192512,0,1332.573237933422,1332.573237933422,0,12,12,0,0,0,0
867,1000866,Direct_Background_16,Direct_Earth_to_Mars,Direct_Earth_to_Mars,0.92000000000000004,0.92000000000000004,0,188416,188416,0,1332.573237933422,1332.573237933422,0,12,12,0,4,4,0
867,1000866,Direct_Pointing_25pct_Power,Direct_Earth_to_Mars,Earth_Relay2_Mars,0,0.88500000000000001,0.88500000000000001,0,181248,181248,0,1399.1633072308689,1399.1633072308689,12,23,11,188,0,-188
867,1000866,Direct_Combined_25pctPower_BG16,Direct_Earth_to_Mars,Earth_Relay2_Mars,0,0.88500000000000001,0.88500000000000001,0,181248,181248,0,1399.1633072308689,1399.1633072308689,12,23,11,188,0,-188
868,1000867,Control,Direct_Earth_to_Mars,Direct_Earth_to_Mars,0.92000000000000004,0.92000000000000004,0,188416,188416,0,1081.1328256282454,1081.1328256282454,0,16,16,0,0,0,0
868,1000867,Direct_Background_16,Direct_Earth_to_Mars,Direct_Earth_to_Mars,0.92000000000000004,0.92000000000000004,0,188416,188416,0,1081.1328256282454,1081.1328256282454,0,16,16,0,0,0,0
868,1000867,Direct_Pointing_25pct_Power,Direct_Earth_to_Mars,Earth_Relay2_Mars,0,0.87,0.87,0,178176,178176,0,1147.4730732542153,1147.4730732542153,16,26,10,184,0,-184
868,1000867,Direct_Combined_25pctPower_BG16,Direct_Earth_to_Mars,Earth_Relay2_Mars,0,0.87,0.87,0,178176,178176,0,1147.4730732542153,1147.4730732542153,16,26,10,184,0,-184
869,1000868,Control,Direct_Earth_to_Mars,Direct_Earth_to_Mars,0.875,0.875,0,179200,179200,0,1254.6248073760344,1254.6248073760344,0,25,25,0,0,0,0
869,1000868,Direct_Background_16,Direct_Earth_to_Mars,Direct_Earth_to_Mars,0.84499999999999997,0.84499999999999997,0,173056,173056,0,1254.6248073760344,1254.6248073760344,0,25,25,0,6,6,0
869,1000868,Direct_Pointing_25pct_Power,Direct_Earth_to_Mars,Earth_Relay2_Mars,0,0.80500000000000005,0.80500000000000005,0,164864,164864,0,1321.1997161080274,1321.1997161080274,25,39,14,175,0,-175
869,1000868,Direct_Combined_25pctPower_BG16,Direct_Earth_to_Mars,Earth_Relay2_Mars,0,0.80500000000000005,0.80500000000000005,0,164864,164864,0,1321.1997161080274,1321.1997161080274,25,39,14,175,0,-175
870,1000869,Control,Direct_Earth_to_Mars,Direct_Earth_to_Mars,0.93500000000000005,0.93500000000000005,0,191488,191488,0,1237.0518559055422,1237.0518559055422,0,13,13,0,0,0,0
870,1000869,Direct_Background_16,Direct_Earth_to_Mars,Direct_Earth_to_Mars,0.93500000000000005,0.93500000000000005,0,191488,191488,0,1237.0518559055422,1237.0518559055422,0,13,13,0,0,0,0
870,1000869,Direct_Pointing_25pct_Power,Direct_Earth_to_Mars,Earth_Relay2_Mars,0,0.875,0.875,0,179200,179200,0,1303.6061044585449,1303.6061044585449,13,25,12,187,0,-187
870,1000869,Direct_Combined_25pctPower_BG16,Direct_Earth_to_Mars,Earth_Relay2_Mars,0,0.875,0.875,0,179200,179200,0,1303.6061044585449,1303.6061044585449,13,25,12,187,0,-187
871,1000870,Control,Direct_Earth_to_Mars,Direct_Earth_to_Mars,0.90500000000000003,0.90500000000000003,0,185344,185344,0,1055.9581760056633,1055.9581760056633,0,19,19,0,0,0,0
871,1000870,Direct_Background_16,Direct_Earth_to_Mars,Direct_Earth_to_Mars,0.90500000000000003,0.90500000000000003,0,185344,185344,0,1055.9581760056633,1055.9581760056633,0,19,19,0,0,0,0
871,1000870,Direct_Pointing_25pct_Power,Direct_Earth_to_Mars,Earth_Relay2_Mars,0,0.83499999999999996,0.83499999999999996,0,171008,171008,0,1122.199227161057,1122.199227161057,19,33,14,181,0,-181
871,1000870,Direct_Combined_25pctPower_BG16,Direct_Earth_to_Mars,Earth_Relay2_Mars,0,0.83499999999999996,0.83499999999999996,0,171008,171008,0,1122.199227161057,1122.199227161057,19,33,14,181,0,-181
872,1000871,Control,Direct_Earth_to_Mars,Direct_Earth_to_Mars,0.90000000000000002,0.90000000000000002,0,184320,184320,0,838.13641648700548,838.13641648700548,0,20,20,0,0,0,0
872,1000871,Direct_Background_16,Direct_Earth_to_Mars,Direct_Earth_to_Mars,0.90000000000000002,0.90000000000000002,0,184320,184320,0,838.13641648700548,838.13641648700548,0,20,20,0,0,0,0
872,1000871,Direct_Pointing_25pct_Power,Direct_Earth_to_Mars,Direct_Earth_to_Mars,0.89000000000000001,0.89000000000000001,0,182272,182272,0,838.13641648700536,838.13641648700536,0,20,20,0,2,2,0
872,1000871,Direct_Combined_25pctPower_BG16,Direct_Earth_to_Mars,Earth_Relay2_Mars,0,0.78000000000000003,0.78000000000000003,0,159744,159744,0,904.17885011456815,904.17885011456815,20,44,24,180,0,-180
873,1000872,Control,Direct_Earth_to_Mars,Direct_Earth_to_Mars,0.82999999999999996,0.82999999999999996,0,169984,169984,0,394.4993233050559,394.4993233050559,0,34,34,0,0,0,0
873,1000872,Direct_Background_16,Direct_Earth_to_Mars,Direct_Earth_to_Mars,0.82999999999999996,0.82999999999999996,0,169984,169984,0,394.4993233050559,394.4993233050559,0,34,34,0,0,0,0
873,1000872,Direct_Pointing_25pct_Power,Direct_Earth_to_Mars,Direct_Earth_to_Mars,0.82999999999999996,0.82999999999999996,0,169984,169984,0,394.4993233050559,394.4993233050559,0,34,34,0,0,0,0
873,1000872,Direct_Combined_25pctPower_BG16,Direct_Earth_to_Mars,Direct_Earth_to_Mars,0.82999999999999996,0.82999999999999996,0,169984,169984,0,394.4993233050559,394.4993233050559,0,34,34,0,0,0,0
874,1000873,Control,Direct_Earth_to_Mars,Direct_Earth_to_Mars,0.98999999999999999,0.98999999999999999,0,202752,202752,0,1044.9376026910024,1044.9376026910024,0,2,2,0,0,0,0
874,1000873,Direct_Background_16,Direct_Earth_to_Mars,Direct_Earth_to_Mars,0.98999999999999999,0.98999999999999999,0,202752,202752,0,1044.9376026910024,1044.9376026910024,0,2,2,0,0,0,0
874,1000873,Direct_Pointing_25pct_Power,Direct_Earth_to_Mars,Earth_Relay2_Mars,0,0.97499999999999998,0.97499999999999998,0,199680,199680,0,1111.1669136592311,1111.1669136592311,2,5,3,198,0,-198
874,1000873,Direct_Combined_25pctPower_BG16,Direct_Earth_to_Mars,Earth_Relay2_Mars,0,0.97499999999999998,0.97499999999999998,0,199680,199680,0,1111.1669136592311,1111.1669136592311,2,5,3,198,0,-198
875,1000874,Control,Direct_Earth_to_Mars,Direct_Earth_to_Mars,0.84999999999999998,0.84999999999999998,0,174080,174080,0,774.18674264254241,774.18674264254241,0,30,30,0,0,0,0
875,1000874,Direct_Background_16,Direct_Earth_to_Mars,Direct_Earth_to_Mars,0.84999999999999998,0.84999999999999998,0,174080,174080,0,774.18674264254241,774.18674264254241,0,30,30,0,0,0,0
875,1000874,Direct_Pointing_25pct_Power,Direct_Earth_to_Mars,Direct_Earth_to_Mars,0.84999999999999998,0.84999999999999998,0,174080,174080,0,774.18674264254241,774.18674264254241,0,30,30,0,0,0,0
875,1000874,Direct_Combined_25pctPower_BG16,Direct_Earth_to_Mars,Earth_Relay0_Mars,0.16500000000000001,0.73999999999999999,0.57499999999999996,33792,151552,117760,774.18674264254116,932.24927805622053,158.06253541367937,30,52,22,137,0,-137
876,1000875,Control,Direct_Earth_to_Mars,Direct_Earth_to_Mars,0.84499999999999997,0.84499999999999997,0,173056,173056,0,427.87065830467947,427.87065830467947,0,31,31,0,0,0,0
876,1000875,Direct_Background_16,Direct_Earth_to_Mars,Direct_Earth_to_Mars,0.84499999999999997,0.84499999999999997,0,173056,173056,0,427.87065830467947,427.87065830467947,0,31,31,0,0,0,0
876,1000875,Direct_Pointing_25pct_Power,Direct_Earth_to_Mars,Direct_Earth_to_Mars,0.84499999999999997,0.84499999999999997,0,173056,173056,0,427.87065830467947,427.87065830467947,0,31,31,0,0,0,0
876,1000875,Direct_Combined_25pctPower_BG16,Direct_Earth_to_Mars,Direct_Earth_to_Mars,0.84499999999999997,0.84499999999999997,0,173056,173056,0,427.87065830467947,427.87065830467947,0,31,31,0,0,0,0
877,1000876,Control,Direct_Earth_to_Mars,Direct_Earth_to_Mars,0.995,0.995,0,203776,203776,0,485.2541233058725,485.2541233058725,0,1,1,0,0,0,0
877,1000876,Direct_Background_16,Direct_Earth_to_Mars,Direct_Earth_to_Mars,0.995,0.995,0,203776,203776,0,485.2541233058725,485.2541233058725,0,1,1,0,0,0,0
877,1000876,Direct_Pointing_25pct_Power,Direct_Earth_to_Mars,Direct_Earth_to_Mars,0.995,0.995,0,203776,203776,0,485.2541233058725,485.2541233058725,0,1,1,0,0,0,0
877,1000876,Direct_Combined_25pctPower_BG16,Direct_Earth_to_Mars,Direct_Earth_to_Mars,0.995,0.995,0,203776,203776,0,485.2541233058725,485.2541233058725,0,1,1,0,0,0,0
878,1000877,Control,Direct_Earth_to_Mars,Direct_Earth_to_Mars,0.89500000000000002,0.89500000000000002,0,183296,183296,0,1353.565871786848,1353.565871786848,0,21,21,0,0,0,0
878,1000877,Direct_Background_16,Direct_Earth_to_Mars,Direct_Earth_to_Mars,0.80000000000000004,0.80000000000000004,0,163840,163840,0,1353.5658717868478,1353.5658717868478,0,21,21,0,19,19,0
878,1000877,Direct_Pointing_25pct_Power,Direct_Earth_to_Mars,Earth_Relay2_Mars,0,0.81499999999999995,0.81499999999999995,0,166912,166912,0,1420.2341165839671,1420.2341165839671,21,37,16,179,0,-179
878,1000877,Direct_Combined_25pctPower_BG16,Direct_Earth_to_Mars,Earth_Relay2_Mars,0,0.81499999999999995,0.81499999999999995,0,166912,166912,0,1420.2341165839671,1420.2341165839671,21,37,16,179,0,-179
879,1000878,Control,Direct_Earth_to_Mars,Direct_Earth_to_Mars,0.995,0.995,0,203776,203776,0,1196.3585419515746,1196.3585419515746,0,1,1,0,0,0,0
879,1000878,Direct_Background_16,Direct_Earth_to_Mars,Direct_Earth_to_Mars,0.995,0.995,0,203776,203776,0,1196.3585419515746,1196.3585419515746,0,1,1,0,0,0,0
879,1000878,Direct_Pointing_25pct_Power,Direct_Earth_to_Mars,Earth_Relay2_Mars,0,0.995,0.995,0,203776,203776,0,1262.8619974406886,1262.8619974406886,1,1,0,199,0,-199
879,1000878,Direct_Combined_25pctPower_BG16,Direct_Earth_to_Mars,Earth_Relay2_Mars,0,0.995,0.995,0,203776,203776,0,1262.8619974406886,1262.8619974406886,1,1,0,199,0,-199
880,1000879,Control,Direct_Earth_to_Mars,Direct_Earth_to_Mars,0.88,0.88,0,180224,180224,0,1367.7005610266644,1367.7005610266644,0,24,24,0,0,0,0
880,1000879,Direct_Background_16,Direct_Earth_to_Mars,Direct_Earth_to_Mars,0.85999999999999999,0.85999999999999999,0,176128,176128,0,1367.7005610266644,1367.7005610266644,0,24,24,0,4,4,0
880,1000879,Direct_Pointing_25pct_Power,Direct_Earth_to_Mars,Earth_Relay2_Mars,0,0.72499999999999998,0.72499999999999998,0,148480,148480,0,1434.3671915692469,1434.3671915692469,24,55,31,176,0,-176
880,1000879,Direct_Combined_25pctPower_BG16,Direct_Earth_to_Mars,Earth_Relay2_Mars,0,0.72499999999999998,0.72499999999999998,0,148480,148480,0,1434.3671915692469,1434.3671915692469,24,55,31,176,0,-176
881,1000880,Control,Direct_Earth_to_Mars,Direct_Earth_to_Mars,0.82499999999999996,0.82499999999999996,0,168960,168960,0,1007.2468679736684,1007.2468679736684,0,35,35,0,0,0,0
881,1000880,Direct_Background_16,Direct_Earth_to_Mars,Direct_Earth_to_Mars,0.82499999999999996,0.82499999999999996,0,168960,168960,0,1007.2468679736684,1007.2468679736684,0,35,35,0,0,0,0
881,1000880,Direct_Pointing_25pct_Power,Direct_Earth_to_Mars,Earth_Relay2_Mars,0,0.67000000000000004,0.67000000000000004,0,137216,137216,0,1073.4695428248097,1073.4695428248097,35,66,31,165,0,-165
881,1000880,Direct_Combined_25pctPower_BG16,Direct_Earth_to_Mars,Earth_Relay2_Mars,0,0.67000000000000004,0.67000000000000004,0,137216,137216,0,1073.4695428248097,1073.4695428248097,35,66,31,165,0,-165
882,1000881,Control,Direct_Earth_to_Mars,Direct_Earth_to_Mars,0.85499999999999998,0.85499999999999998,0,175104,175104,0,1323.0694714015328,1323.0694714015328,0,29,29,0,0,0,0
882,1000881,Direct_Background_16,Direct_Earth_to_Mars,Direct_Earth_to_Mars,0.82499999999999996,0.82499999999999996,0,168960,168960,0,1323.0694714015326,1323.0694714015326,0,29,29,0,6,6,0
882,1000881,Direct_Pointing_25pct_Power,Direct_Earth_to_Mars,Earth_Relay1_Mars,0,0,0,0,0,0,0,0,0,29,48,19,171,0,-171
882,1000881,Direct_Combined_25pctPower_BG16,Direct_Earth_to_Mars,Earth_Relay1_Mars,0,0,0,0,0,0,0,0,0,29,48,19,171,0,-171
883,1000882,Control,Direct_Earth_to_Mars,Direct_Earth_to_Mars,0.83499999999999996,0.83499999999999996,0,171008,171008,0,1222.7655785366665,1222.7655785366665,0,33,33,0,0,0,0
883,1000882,Direct_Background_16,Direct_Earth_to_Mars,Direct_Earth_to_Mars,0.83499999999999996,0.83499999999999996,0,171008,171008,0,1222.7655785366665,1222.7655785366665,0,33,33,0,0,0,0
883,1000882,Direct_Pointing_25pct_Power,Direct_Earth_to_Mars,Earth_Relay2_Mars,0,0.67000000000000004,0.67000000000000004,0,137216,137216,0,1289.3024464573243,1289.3024464573243,33,66,33,167,0,-167
883,1000882,Direct_Combined_25pctPower_BG16,Direct_Earth_to_Mars,Earth_Relay2_Mars,0,0.67000000000000004,0.67000000000000004,0,137216,137216,0,1289.3024464573243,1289.3024464573243,33,66,33,167,0,-167
884,1000883,Control,Direct_Earth_to_Mars,Direct_Earth_to_Mars,0.90000000000000002,0.90000000000000002,0,184320,184320,0,1361.5972450403513,1361.5972450403513,0,20,20,0,0,0,0
884,1000883,Direct_Background_16,Direct_Earth_to_Mars,Direct_Earth_to_Mars,0.66000000000000003,0.66000000000000003,0,135168,135168,0,1361.5972450403519,1361.5972450403519,0,20,20,0,48,48,0
884,1000883,Direct_Pointing_25pct_Power,Direct_Earth_to_Mars,Earth_Relay2_Mars,0,0.81999999999999995,0.81999999999999995,0,167936,167936,0,1428.2398438466485,1428.2398438466485,20,36,16,180,0,-180
884,1000883,Direct_Combined_25pctPower_BG16,Direct_Earth_to_Mars,Earth_Relay2_Mars,0,0.81499999999999995,0.81499999999999995,0,166912,166912,0,1428.2398438466485,1428.2398438466485,20,36,16,180,1,-179
885,1000884,Control,Direct_Earth_to_Mars,Direct_Earth_to_Mars,0.93500000000000005,0.93500000000000005,0,191488,191488,0,287.7192045431143,287.7192045431143,0,13,13,0,0,0,0
885,1000884,Direct_Background_16,Direct_Earth_to_Mars,Direct_Earth_to_Mars,0.93500000000000005,0.93500000000000005,0,191488,191488,0,287.7192045431143,287.7192045431143,0,13,13,0,0,0,0
885,1000884,Direct_Pointing_25pct_Power,Direct_Earth_to_Mars,Direct_Earth_to_Mars,0.93500000000000005,0.93500000000000005,0,191488,191488,0,287.7192045431143,287.7192045431143,0,13,13,0,0,0,0
885,1000884,Direct_Combined_25pctPower_BG16,Direct_Earth_to_Mars,Direct_Earth_to_Mars,0.93500000000000005,0.93500000000000005,0,191488,191488,0,287.7192045431143,287.7192045431143,0,13,13,0,0,0,0
886,1000885,Control,Direct_Earth_to_Mars,Direct_Earth_to_Mars,0.91500000000000004,0.91500000000000004,0,187392,187392,0,648.51080447936295,648.51080447936295,0,17,17,0,0,0,0
886,1000885,Direct_Background_16,Direct_Earth_to_Mars,Direct_Earth_to_Mars,0.91500000000000004,0.91500000000000004,0,187392,187392,0,648.51080447936295,648.51080447936295,0,17,17,0,0,0,0
886,1000885,Direct_Pointing_25pct_Power,Direct_Earth_to_Mars,Direct_Earth_to_Mars,0.91500000000000004,0.91500000000000004,0,187392,187392,0,648.51080447936295,648.51080447936295,0,17,17,0,0,0,0
886,1000885,Direct_Combined_25pctPower_BG16,Direct_Earth_to_Mars,Direct_Earth_to_Mars,0.91000000000000003,0.91000000000000003,0,186368,186368,0,648.51080447936295,648.51080447936295,0,17,17,0,1,1,0
887,1000886,Control,Direct_Earth_to_Mars,Direct_Earth_to_Mars,0.85999999999999999,0.85999999999999999,0,176128,176128,0,485.19191763636366,485.19191763636366,0,28,28,0,0,0,0
887,1000886,Direct_Background_16,Direct_Earth_to_Mars,Direct_Earth_to_Mars,0.85999999999999999,0.85999999999999999,0,176128,176128,0,485.19191763636366,485.19191763636366,0,28,28,0,0,0,0
887,1000886,Direct_Pointing_25pct_Power,Direct_Earth_to_Mars,Direct_Earth_to_Mars,0.85999999999999999,0.85999999999999999,0,176128,176128,0,485.19191763636366,485.19191763636366,0,28,28,0,0,0,0
887,1000886,Direct_Combined_25pctPower_BG16,Direct_Earth_to_Mars,Direct_Earth_to_Mars,0.85999999999999999,0.85999999999999999,0,176128,176128,0,485.19191763636366,485.19191763636366,0,28,28,0,0,0,0
888,1000887,Control,Direct_Earth_to_Mars,Direct_Earth_to_Mars,0.93500000000000005,0.93500000000000005,0,191488,191488,0,747.76360439392397,747.76360439392397,0,13,13,0,0,0,0
888,1000887,Direct_Background_16,Direct_Earth_to_Mars,Direct_Earth_to_Mars,0.93500000000000005,0.93500000000000005,0,191488,191488,0,747.76360439392397,747.76360439392397,0,13,13,0,0,0,0
888,1000887,Direct_Pointing_25pct_Power,Direct_Earth_to_Mars,Direct_Earth_to_Mars,0.93000000000000005,0.93000000000000005,0,190464,190464,0,747.76360439392397,747.76360439392397,0,13,13,0,1,1,0
888,1000887,Direct_Combined_25pctPower_BG16,Direct_Earth_to_Mars,Direct_Earth_to_Mars,0.46999999999999997,0.46999999999999997,0,96256,96256,0,747.76360439392067,747.76360439392067,0,13,13,0,93,93,0
889,1000888,Control,Direct_Earth_to_Mars,Direct_Earth_to_Mars,0.83499999999999996,0.83499999999999996,0,171008,171008,0,285.2387582518009,285.2387582518009,0,33,33,0,0,0,0
889,1000888,Direct_Background_16,Direct_Earth_to_Mars,Direct_Earth_to_Mars,0.83499999999999996,0.83499999999999996,0,171008,171008,0,285.2387582518009,285.2387582518009,0,33,33,0,0,0,0
889,1000888,Direct_Pointing_25pct_Power,Direct_Earth_to_Mars,Direct_Earth_to_Mars,0.83499999999999996,0.83499999999999996,0,171008,171008,0,285.2387582518009,285.2387582518009,0,33,33,0,0,0,0
889,1000888,Direct_Combined_25pctPower_BG16,Direct_Earth_to_Mars,Direct_Earth_to_Mars,0.83499999999999996,0.83499999999999996,0,171008,171008,0,285.2387582518009,285.2387582518009,0,33,33,0,0,0,0
890,1000889,Control,Direct_Earth_to_Mars,Direct_Earth_to_Mars,0.95499999999999996,0.95499999999999996,0,195584,195584,0,1366.0321053731607,1366.0321053731607,0,9,9,0,0,0,0
890,1000889,Direct_Background_16,Direct_Earth_to_Mars,Direct_Earth_to_Mars,0.82499999999999996,0.82499999999999996,0,168960,168960,0,1366.0321053731607,1366.0321053731607,0,9,9,0,26,26,0
890,1000889,Direct_Pointing_25pct_Power,Direct_Earth_to_Mars,Earth_Relay1_Mars,0,0,0,0,0,0,0,0,0,9,20,11,191,0,-191
890,1000889,Direct_Combined_25pctPower_BG16,Direct_Earth_to_Mars,Earth_Relay1_Mars,0,0,0,0,0,0,0,0,0,9,20,11,191,0,-191
891,1000890,Control,Direct_Earth_to_Mars,Direct_Earth_to_Mars,0.89500000000000002,0.89500000000000002,0,183296,183296,0,788.6881115317974,788.6881115317974,0,21,21,0,0,0,0
891,1000890,Direct_Background_16,Direct_Earth_to_Mars,Direct_Earth_to_Mars,0.89500000000000002,0.89500000000000002,0,183296,183296,0,788.6881115317974,788.6881115317974,0,21,21,0,0,0,0
891,1000890,Direct_Pointing_25pct_Power,Direct_Earth_to_Mars,Direct_Earth_to_Mars,0.89500000000000002,0.89500000000000002,0,183296,183296,0,788.6881115317974,788.6881115317974,0,21,21,0,0,0,0
891,1000890,Direct_Combined_25pctPower_BG16,Direct_Earth_to_Mars,Earth_Relay2_Mars,0,0.76500000000000001,0.76500000000000001,0,156672,156672,0,854.69814293166928,854.69814293166928,21,47,26,179,0,-179
892,1000891,Control,Direct_Earth_to_Mars,Direct_Earth_to_Mars,0.875,0.875,0,179200,179200,0,1325.7101591297312,1325.7101591297312,0,25,25,0,0,0,0
892,1000891,Direct_Background_16,Direct_Earth_to_Mars,Direct_Earth_to_Mars,0.81000000000000005,0.81000000000000005,0,165888,165888,0,1325.7101591297317,1325.7101591297317,0,25,25,0,13,13,0
892,1000891,Direct_Pointing_25pct_Power,Direct_Earth_to_Mars,Earth_Relay2_Mars,0,0.79500000000000004,0.79500000000000004,0,162816,162816,0,1392.2894197258286,1392.2894197258286,25,41,16,175,0,-175
892,1000891,Direct_Combined_25pctPower_BG16,Direct_Earth_to_Mars,Earth_Relay2_Mars,0,0.79500000000000004,0.79500000000000004,0,162816,162816,0,1392.2894197258286,1392.2894197258286,25,41,16,175,0,-175
893,1000892,Control,Direct_Earth_to_Mars,Direct_Earth_to_Mars,0.92500000000000004,0.92500000000000004,0,189440,189440,0,478.25838570755133,478.25838570755133,0,15,15,0,0,0,0
893,1000892,Direct_Background_16,Direct_Earth_to_Mars,Direct_Earth_to_Mars,0.92500000000000004,0.92500000000000004,0,189440,189440,0,478.25838570755133,478.25838570755133,0,15,15,0,0,0,0
893,1000892,Direct_Pointing_25pct_Power,Direct_Earth_to_Mars,Direct_Earth_to_Mars,0.92500000000000004,0.92500000000000004,0,189440,189440,0,478.25838570755133,478.25838570755133,0,15,15,0,0,0,0
893,1000892,Direct_Combined_25pctPower_BG16,Direct_Earth_to_Mars,Direct_Earth_to_Mars,0.92500000000000004,0.92500000000000004,0,189440,189440,0,478.25838570755133,478.25838570755133,0,15,15,0,0,0,0
894,1000893,Control,Direct_Earth_to_Mars,Direct_Earth_to_Mars,0.875,0.875,0,179200,179200,0,883.58282965613989,883.58282965613989,0,25,25,0,0,0,0
894,1000893,Direct_Background_16,Direct_Earth_to_Mars,Direct_Earth_to_Mars,0.875,0.875,0,179200,179200,0,883.58282965613989,883.58282965613989,0,25,25,0,0,0,0
894,1000893,Direct_Pointing_25pct_Power,Direct_Earth_to_Mars,Direct_Earth_to_Mars,0.76000000000000001,0.76000000000000001,0,155648,155648,0,883.58282965614035,883.58282965614035,0,25,25,0,23,23,0
894,1000893,Direct_Combined_25pctPower_BG16,Direct_Earth_to_Mars,Earth_Relay2_Mars,0,0.755,0.755,0,154624,154624,0,949.6089513747321,949.6089513747321,25,49,24,175,0,-175
895,1000894,Control,Direct_Earth_to_Mars,Direct_Earth_to_Mars,0.83499999999999996,0.83499999999999996,0,171008,171008,0,1357.6602908232292,1357.6602908232292,0,33,33,0,0,0,0
895,1000894,Direct_Background_16,Direct_Earth_to_Mars,Direct_Earth_to_Mars,0.755,0.755,0,154624,154624,0,1357.6602908232289,1357.6602908232289,0,33,33,0,16,16,0
895,1000894,Direct_Pointing_25pct_Power,Direct_Earth_to_Mars,Earth_Relay2_Mars,0,0.63500000000000001,0.63500000000000001,0,130048,130048,0,1424.2944222249519,1424.2944222249519,33,73,40,167,0,-167
895,1000894,Direct_Combined_25pctPower_BG16,Direct_Earth_to_Mars,Earth_Relay2_Mars,0,0.63500000000000001,0.63500000000000001,0,130048,130048,0,1424.2944222249519,1424.2944222249519,33,73,40,167,0,-167
896,1000895,Control,Direct_Earth_to_Mars,Direct_Earth_to_Mars,0.96499999999999997,0.96499999999999997,0,197632,197632,0,1280.4126875627533,1280.4126875627533,0,7,7,0,0,0,0
896,1000895,Direct_Background_16,Direct_Earth_to_Mars,Direct_Earth_to_Mars,0.94999999999999996,0.94999999999999996,0,194560,194560,0,1280.4126875627533,1280.4126875627533,0,7,7,0,3,3,0
896,1000895,Direct_Pointing_25pct_Power,Direct_Earth_to_Mars,Earth_Relay2_Mars,0,0.94499999999999995,0.94499999999999995,0,193536,193536,0,1347.0163265805238,1347.0163265805238,7,11,4,193,0,-193
896,1000895,Direct_Combined_25pctPower_BG16,Direct_Earth_to_Mars,Earth_Relay2_Mars,0,0.94499999999999995,0.94499999999999995,0,193536,193536,0,1347.0163265805238,1347.0163265805238,7,11,4,193,0,-193
897,1000896,Control,Direct_Earth_to_Mars,Direct_Earth_to_Mars,0.89000000000000001,0.89000000000000001,0,182272,182272,0,1262.2380248062259,1262.2380248062259,0,22,22,0,0,0,0
897,1000896,Direct_Background_16,Direct_Earth_to_Mars,Direct_Earth_to_Mars,0.89000000000000001,0.89000000000000001,0,182272,182272,0,1262.2380248062259,1262.2380248062259,0,22,22,0,0,0,0
897,1000896,Direct_Pointing_25pct_Power,Direct_Earth_to_Mars,Earth_Relay2_Mars,0,0.80500000000000005,0.80500000000000005,0,164864,164864,0,1328.7265179498086,1328.7265179498086,22,39,17,178,0,-178
897,1000896,Direct_Combined_25pctPower_BG16,Direct_Earth_to_Mars,Earth_Relay2_Mars,0,0.80500000000000005,0.80500000000000005,0,164864,164864,0,1328.7265179498086,1328.7265179498086,22,39,17,178,0,-178
898,1000897,Control,Direct_Earth_to_Mars,Direct_Earth_to_Mars,0.91000000000000003,0.91000000000000003,0,186368,186368,0,949.62622677442721,949.62622677442721,0,18,18,0,0,0,0
898,1000897,Direct_Background_16,Direct_Earth_to_Mars,Direct_Earth_to_Mars,0.91000000000000003,0.91000000000000003,0,186368,186368,0,949.62622677442721,949.62622677442721,0,18,18,0,0,0,0
898,1000897,Direct_Pointing_25pct_Power,Direct_Earth_to_Mars,Earth_Relay2_Mars,0,0.80500000000000005,0.80500000000000005,0,164864,164864,0,1015.7607890255167,1015.7607890255167,18,39,21,182,0,-182
898,1000897,Direct_Combined_25pctPower_BG16,Direct_Earth_to_Mars,Earth_Relay2_Mars,0,0.80500000000000005,0.80500000000000005,0,164864,164864,0,1015.7607890255167,1015.7607890255167,18,39,21,182,0,-182
899,1000898,Control,Direct_Earth_to_Mars,Direct_Earth_to_Mars,0.93000000000000005,0.93000000000000005,0,190464,190464,0,1026.5018254280126,1026.5018254280126,0,14,14,0,0,0,0
899,1000898,Direct_Background_16,Direct_Earth_to_Mars,Direct_Earth_to_Mars,0.93000000000000005,0.93000000000000005,0,190464,190464,0,1026.5018254280126,1026.5018254280126,0,14,14,0,0,0,0
899,1000898,Direct_Pointing_25pct_Power,Direct_Earth_to_Mars,Earth_Relay2_Mars,0,0.82999999999999996,0.82999999999999996,0,169984,169984,0,1092.7118416351414,1092.7118416351414,14,34,20,186,0,-186
899,1000898,Direct_Combined_25pctPower_BG16,Direct_Earth_to_Mars,Earth_Relay2_Mars,0,0.82999999999999996,0.82999999999999996,0,169984,169984,0,1092.7118416351414,1092.7118416351414,14,34,20,186,0,-186
900,1000899,Control,Direct_Earth_to_Mars,Direct_Earth_to_Mars,0.89500000000000002,0.89500000000000002,0,183296,183296,0,436.41400712055713,436.41400712055713,0,21,21,0,0,0,0
900,1000899,Direct_Background_16,Direct_Earth_to_Mars,Direct_Earth_to_Mars,0.89500000000000002,0.89500000000000002,0,183296,183296,0,436.41400712055713,436.41400712055713,0,21,21,0,0,0,0
900,1000899,Direct_Pointing_25pct_Power,Direct_Earth_to_Mars,Direct_Earth_to_Mars,0.89500000000000002,0.89500000000000002,0,183296,183296,0,436.41400712055713,436.41400712055713,0,21,21,0,0,0,0
900,1000899,Direct_Combined_25pctPower_BG16,Direct_Earth_to_Mars,Direct_Earth_to_Mars,0.89500000000000002,0.89500000000000002,0,183296,183296,0,436.41400712055713,436.41400712055713,0,21,21,0,0,0,0
901,1000900,Control,Direct_Earth_to_Mars,Direct_Earth_to_Mars,0.82999999999999996,0.82999999999999996,0,169984,169984,0,641.14025431114726,641.14025431114726,0,34,34,0,0,0,0
901,1000900,Direct_Background_16,Direct_Earth_to_Mars,Direct_Earth_to_Mars,0.82999999999999996,0.82999999999999996,0,169984,169984,0,641.14025431114726,641.14025431114726,0,34,34,0,0,0,0
901,1000900,Direct_Pointing_25pct_Power,Direct_Earth_to_Mars,Direct_Earth_to_Mars,0.82999999999999996,0.82999999999999996,0,169984,169984,0,641.14025431114726,641.14025431114726,0,34,34,0,0,0,0
901,1000900,Direct_Combined_25pctPower_BG16,Direct_Earth_to_Mars,Direct_Earth_to_Mars,0.82499999999999996,0.82499999999999996,0,168960,168960,0,641.14025431114726,641.14025431114726,0,34,34,0,1,1,0
902,1000901,Control,Direct_Earth_to_Mars,Direct_Earth_to_Mars,0.88,0.88,0,180224,180224,0,791.59770752234738,791.59770752234738,0,24,24,0,0,0,0
902,1000901,Direct_Background_16,Direct_Earth_to_Mars,Direct_Earth_to_Mars,0.88,0.88,0,180224,180224,0,791.59770752234738,791.59770752234738,0,24,24,0,0,0,0
902,1000901,Direct_Pointing_25pct_Power,Direct_Earth_to_Mars,Direct_Earth_to_Mars,0.87,0.87,0,178176,178176,0,791.5977075223476,791.5977075223476,0,24,24,0,2,2,0
902,1000901,Direct_Combined_25pctPower_BG16,Direct_Earth_to_Mars,Earth_Relay2_Mars,0,0.755,0.755,0,154624,154624,0,857.49940761848404,857.49940761848404,24,49,25,176,0,-176
903,1000902,Control,Direct_Earth_to_Mars,Direct_Earth_to_Mars,1,1,0,204800,204800,0,704.56863518078274,704.56863518078274,0,0,0,0,0,0,0
903,1000902,Direct_Background_16,Direct_Earth_to_Mars,Direct_Earth_to_Mars,1,1,0,204800,204800,0,704.56863518078274,704.56863518078274,0,0,0,0,0,0,0
903,1000902,Direct_Pointing_25pct_Power,Direct_Earth_to_Mars,Direct_Earth_to_Mars,1,1,0,204800,204800,0,704.56863518078274,704.56863518078274,0,0,0,0,0,0,0
903,1000902,Direct_Combined_25pctPower_BG16,Direct_Earth_to_Mars,Direct_Earth_to_Mars,0.98499999999999999,0.98499999999999999,0,201728,201728,0,704.56863518078251,704.56863518078251,0,0,0,0,3,3,0
904,1000903,Control,Direct_Earth_to_Mars,Direct_Earth_to_Mars,0.76500000000000001,0.76500000000000001,0,156672,156672,0,1348.0808053544386,1348.0808053544386,0,47,47,0,0,0,0
904,1000903,Direct_Background_16,Direct_Earth_to_Mars,Direct_Earth_to_Mars,0.68500000000000005,0.68500000000000005,0,140288,140288,0,1348.0808053544395,1348.0808053544395,0,47,47,0,16,16,0
904,1000903,Direct_Pointing_25pct_Power,Direct_Earth_to_Mars,Earth_Relay2_Mars,0,0.65000000000000002,0.65000000000000002,0,133120,133120,0,1414.6968602833831,1414.6968602833831,47,70,23,153,0,-153
904,1000903,Direct_Combined_25pctPower_BG16,Direct_Earth_to_Mars,Earth_Relay2_Mars,0,0.65000000000000002,0.65000000000000002,0,133120,133120,0,1414.6968602833831,1414.6968602833831,47,70,23,153,0,-153
905,1000904,Control,Direct_Earth_to_Mars,Direct_Earth_to_Mars,0.93500000000000005,0.93500000000000005,0,191488,191488,0,1091.3543832894554,1091.3543832894554,0,13,13,0,0,0,0
905,1000904,Direct_Background_16,Direct_Earth_to_Mars,Direct_Earth_to_Mars,0.93500000000000005,0.93500000000000005,0,191488,191488,0,1091.3543832894554,1091.3543832894554,0,13,13,0,0,0,0
905,1000904,Direct_Pointing_25pct_Power,Direct_Earth_to_Mars,Earth_Relay2_Mars,0,0.91000000000000003,0.91000000000000003,0,186368,186368,0,1157.6341523243166,1157.6341523243166,13,18,5,187,0,-187
905,1000904,Direct_Combined_25pctPower_BG16,Direct_Earth_to_Mars,Earth_Relay2_Mars,0,0.91000000000000003,0.91000000000000003,0,186368,186368,0,1157.6341523243166,1157.6341523243166,13,18,5,187,0,-187
906,1000905,Control,Direct_Earth_to_Mars,Direct_Earth_to_Mars,0.98499999999999999,0.98499999999999999,0,201728,201728,0,1362.6953813348312,1362.6953813348312,0,3,3,0,0,0,0
906,1000905,Direct_Background_16,Direct_Earth_to_Mars,Direct_Earth_to_Mars,0.65500000000000003,0.65500000000000003,0,134144,134144,0,1362.6953813348291,1362.6953813348291,0,3,3,0,66,66,0
906,1000905,Direct_Pointing_25pct_Power,Direct_Earth_to_Mars,Earth_Relay2_Mars,0,0.96999999999999997,0.96999999999999997,0,198656,198656,0,1429.3405573696357,1429.3405573696357,3,6,3,197,0,-197
906,1000905,Direct_Combined_25pctPower_BG16,Direct_Earth_to_Mars,Earth_Relay2_Mars,0,0.96999999999999997,0.96999999999999997,0,198656,198656,0,1429.3405573696357,1429.3405573696357,3,6,3,197,0,-197
907,1000906,Control,Direct_Earth_to_Mars,Direct_Earth_to_Mars,0.82999999999999996,0.82999999999999996,0,169984,169984,0,557.01931526799615,557.01931526799615,0,34,34,0,0,0,0
907,1000906,Direct_Background_16,Direct_Earth_to_Mars,Direct_Earth_to_Mars,0.82999999999999996,0.82999999999999996,0,169984,169984,0,557.01931526799615,557.01931526799615,0,34,34,0,0,0,0
907,1000906,Direct_Pointing_25pct_Power,Direct_Earth_to_Mars,Direct_Earth_to_Mars,0.82999999999999996,0.82999999999999996,0,169984,169984,0,557.01931526799615,557.01931526799615,0,34,34,0,0,0,0
907,1000906,Direct_Combined_25pctPower_BG16,Direct_Earth_to_Mars,Direct_Earth_to_Mars,0.82999999999999996,0.82999999999999996,0,169984,169984,0,557.01931526799615,557.01931526799615,0,34,34,0,0,0,0
908,1000907,Control,Direct_Earth_to_Mars,Direct_Earth_to_Mars,1,1,0,204800,204800,0,983.51514442786947,983.51514442786947,0,0,0,0,0,0,0
908,1000907,Direct_Background_16,Direct_Earth_to_Mars,Direct_Earth_to_Mars,1,1,0,204800,204800,0,983.51514442786947,983.51514442786947,0,0,0,0,0,0,0
908,1000907,Direct_Pointing_25pct_Power,Direct_Earth_to_Mars,Earth_Relay2_Mars,0,0.98999999999999999,0.98999999999999999,0,202752,202752,0,1049.6983943038879,1049.6983943038879,0,2,2,200,0,-200
908,1000907,Direct_Combined_25pctPower_BG16,Direct_Earth_to_Mars,Earth_Relay2_Mars,0,0.98999999999999999,0.98999999999999999,0,202752,202752,0,1049.6983943038879,1049.6983943038879,0,2,2,200,0,-200
909,1000908,Control,Direct_Earth_to_Mars,Direct_Earth_to_Mars,0.95999999999999996,0.95999999999999996,0,196608,196608,0,565.32281391482593,565.32281391482593,0,8,8,0,0,0,0
909,1000908,Direct_Background_16,Direct_Earth_to_Mars,Direct_Earth_to_Mars,0.95999999999999996,0.95999999999999996,0,196608,196608,0,565.32281391482593,565.32281391482593,0,8,8,0,0,0,0
909,1000908,Direct_Pointing_25pct_Power,Direct_Earth_to_Mars,Direct_Earth_to_Mars,0.95999999999999996,0.95999999999999996,0,196608,196608,0,565.32281391482593,565.32281391482593,0,8,8,0,0,0,0
909,1000908,Direct_Combined_25pctPower_BG16,Direct_Earth_to_Mars,Direct_Earth_to_Mars,0.95999999999999996,0.95999999999999996,0,196608,196608,0,565.32281391482593,565.32281391482593,0,8,8,0,0,0,0
910,1000909,Control,Direct_Earth_to_Mars,Direct_Earth_to_Mars,0.82999999999999996,0.82999999999999996,0,169984,169984,0,773.66935973946215,773.66935973946215,0,34,34,0,0,0,0
910,1000909,Direct_Background_16,Direct_Earth_to_Mars,Direct_Earth_to_Mars,0.82999999999999996,0.82999999999999996,0,169984,169984,0,773.66935973946215,773.66935973946215,0,34,34,0,0,0,0
910,1000909,Direct_Pointing_25pct_Power,Direct_Earth_to_Mars,Direct_Earth_to_Mars,0.82999999999999996,0.82999999999999996,0,169984,169984,0,773.66935973946215,773.66935973946215,0,34,34,0,0,0,0
910,1000909,Direct_Combined_25pctPower_BG16,Direct_Earth_to_Mars,Earth_Relay2_Mars,0,0.68999999999999995,0.68999999999999995,0,141312,141312,0,839.54735798145293,839.54735798145293,34,62,28,166,0,-166
911,1000910,Control,Direct_Earth_to_Mars,Direct_Earth_to_Mars,0.91000000000000003,0.91000000000000003,0,186368,186368,0,1121.0814444341011,1121.0814444341011,0,18,18,0,0,0,0
911,1000910,Direct_Background_16,Direct_Earth_to_Mars,Direct_Earth_to_Mars,0.91000000000000003,0.91000000000000003,0,186368,186368,0,1121.0814444341011,1121.0814444341011,0,18,18,0,0,0,0
911,1000910,Direct_Pointing_25pct_Power,Direct_Earth_to_Mars,Earth_Relay2_Mars,0,0.87,0.87,0,178176,178176,0,1187.4812936916935,1187.4812936916935,18,26,8,182,0,-182
911,1000910,Direct_Combined_25pctPower_BG16,Direct_Earth_to_Mars,Earth_Relay2_Mars,0,0.87,0.87,0,178176,178176,0,1187.4812936916935,1187.4812936916935,18,26,8,182,0,-182
912,1000911,Control,Direct_Earth_to_Mars,Direct_Earth_to_Mars,0.83499999999999996,0.83499999999999996,0,171008,171008,0,1234.4600741328834,1234.4600741328834,0,33,33,0,0,0,0
912,1000911,Direct_Background_16,Direct_Earth_to_Mars,Direct_Earth_to_Mars,0.83499999999999996,0.83499999999999996,0,171008,171008,0,1234.4600741328834,1234.4600741328834,0,33,33,0,0,0,0
912,1000911,Direct_Pointing_25pct_Power,Direct_Earth_to_Mars,Earth_Relay2_Mars,0,0.72999999999999998,0.72999999999999998,0,149504,149504,0,1300.9118828168355,1300.9118828168355,33,54,21,167,0,-167
912,1000911,Direct_Combined_25pctPower_BG16,Direct_Earth_to_Mars,Earth_Relay2_Mars,0,0.72999999999999998,0.72999999999999998,0,149504,149504,0,1300.9118828168355,1300.9118828168355,33,54,21,167,0,-167
913,1000912,Control,Direct_Earth_to_Mars,Direct_Earth_to_Mars,0.97999999999999998,0.97999999999999998,0,200704,200704,0,846.29960840955016,846.29960840955016,0,4,4,0,0,0,0
913,1000912,Direct_Background_16,Direct_Earth_to_Mars,Direct_Earth_to_Mars,0.97999999999999998,0.97999999999999998,0,200704,200704,0,846.29960840955016,846.29960840955016,0,4,4,0,0,0,0
913,1000912,Direct_Pointing_25pct_Power,Direct_Earth_to_Mars,Direct_Earth_to_Mars,0.81999999999999995,0.81999999999999995,0,167936,167936,0,846.29960840955005,846.29960840955005,0,4,4,0,32,32,0
913,1000912,Direct_Combined_25pctPower_BG16,Direct_Earth_to_Mars,Earth_Relay2_Mars,0,0.96499999999999997,0.96499999999999997,0,197632,197632,0,912.27495087224224,912.27495087224224,4,7,3,196,0,-196
914,1000913,Control,Direct_Earth_to_Mars,Direct_Earth_to_Mars,0.995,0.995,0,203776,203776,0,1366.9307799908779,1366.9307799908779,0,1,1,0,0,0,0
914,1000913,Direct_Background_16,Direct_Earth_to_Mars,Direct_Earth_to_Mars,0.84999999999999998,0.84999999999999998,0,174080,174080,0,1366.9307799908779,1366.9307799908779,0,1,1,0,29,29,0
914,1000913,Direct_Pointing_25pct_Power,Direct_Earth_to_Mars,Earth_Relay2_Mars,0,0.98999999999999999,0.98999999999999999,0,202752,202752,0,1433.5995176554757,1433.5995176554757,1,2,1,199,0,-199
914,1000913,Direct_Combined_25pctPower_BG16,Direct_Earth_to_Mars,Earth_Relay2_Mars,0,0.98999999999999999,0.98999999999999999,0,202752,202752,0,1433.5995176554757,1433.5995176554757,1,2,1,199,0,-199
915,1000914,Control,Direct_Earth_to_Mars,Direct_Earth_to_Mars,0.89500000000000002,0.89500000000000002,0,183296,183296,0,302.58434024999764,302.58434024999764,0,21,21,0,0,0,0
915,1000914,Direct_Background_16,Direct_Earth_to_Mars,Direct_Earth_to_Mars,0.89500000000000002,0.89500000000000002,0,183296,183296,0,302.58434024999764,302.58434024999764,0,21,21,0,0,0,0
915,1000914,Direct_Pointing_25pct_Power,Direct_Earth_to_Mars,Direct_Earth_to_Mars,0.89500000000000002,0.89500000000000002,0,183296,183296,0,302.58434024999764,302.58434024999764,0,21,21,0,0,0,0
915,1000914,Direct_Combined_25pctPower_BG16,Direct_Earth_to_Mars,Direct_Earth_to_Mars,0.89500000000000002,0.89500000000000002,0,183296,183296,0,302.58434024999764,302.58434024999764,0,21,21,0,0,0,0
916,1000915,Control,Direct_Earth_to_Mars,Direct_Earth_to_Mars,0.95499999999999996,0.95499999999999996,0,195584,195584,0,1283.4114930894011,1283.4114930894011,0,9,9,0,0,0,0
916,1000915,Direct_Background_16,Direct_Earth_to_Mars,Direct_Earth_to_Mars,0.93999999999999995,0.93999999999999995,0,192512,192512,0,1283.4114930894011,1283.4114930894011,0,9,9,0,3,3,0
916,1000915,Direct_Pointing_25pct_Power,Direct_Earth_to_Mars,Earth_Relay2_Mars,0,0.93000000000000005,0.93000000000000005,0,190464,190464,0,1349.9289579761394,1349.9289579761394,9,14,5,191,0,-191
916,1000915,Direct_Combined_25pctPower_BG16,Direct_Earth_to_Mars,Earth_Relay2_Mars,0,0.93000000000000005,0.93000000000000005,0,190464,190464,0,1349.9289579761394,1349.9289579761394,9,14,5,191,0,-191
917,1000916,Control,Direct_Earth_to_Mars,Direct_Earth_to_Mars,0.90000000000000002,0.90000000000000002,0,184320,184320,0,1238.6156258824064,1238.6156258824064,0,20,20,0,0,0,0
917,1000916,Direct_Background_16,Direct_Earth_to_Mars,Direct_Earth_to_Mars,0.90000000000000002,0.90000000000000002,0,184320,184320,0,1238.6156258824064,1238.6156258824064,0,20,20,0,0,0,0
917,1000916,Direct_Pointing_25pct_Power,Direct_Earth_to_Mars,Earth_Relay2_Mars,0,0.77000000000000002,0.77000000000000002,0,157696,157696,0,1305.0728388638745,1305.0728388638745,20,46,26,180,0,-180
917,1000916,Direct_Combined_25pctPower_BG16,Direct_Earth_to_Mars,Earth_Relay2_Mars,0,0.77000000000000002,0.77000000000000002,0,157696,157696,0,1305.0728388638745,1305.0728388638745,20,46,26,180,0,-180
918,1000917,Control,Direct_Earth_to_Mars,Direct_Earth_to_Mars,0.97999999999999998,0.97999999999999998,0,200704,200704,0,1356.2835431797996,1356.2835431797996,0,4,4,0,0,0,0
918,1000917,Direct_Background_16,Direct_Earth_to_Mars,Direct_Earth_to_Mars,0.89000000000000001,0.89000000000000001,0,182272,182272,0,1356.2835431797996,1356.2835431797996,0,4,4,0,18,18,0
918,1000917,Direct_Pointing_25pct_Power,Direct_Earth_to_Mars,Earth_Relay2_Mars,0,0.96999999999999997,0.96999999999999997,0,198656,198656,0,1422.9149065485915,1422.9149065485915,4,6,2,196,0,-196
918,1000917,Direct_Combined_25pctPower_BG16,Direct_Earth_to_Mars,Earth_Relay2_Mars,0,0.96999999999999997,0.96999999999999997,0,198656,198656,0,1422.9149065485915,1422.9149065485915,4,6,2,196,0,-196
919,1000918,Control,Direct_Earth_to_Mars,Direct_Earth_to_Mars,0.81499999999999995,0.81499999999999995,0,166912,166912,0,1302.3348737372708,1302.3348737372708,0,37,37,0,0,0,0
919,1000918,Direct_Background_16,Direct_Earth_to_Mars,Direct_Earth_to_Mars,0.77000000000000002,0.77000000000000002,0,157696,157696,0,1302.3348737372708,1302.3348737372708,0,37,37,0,9,9,0
919,1000918,Direct_Pointing_25pct_Power,Direct_Earth_to_Mars,Earth_Relay2_Mars,0,0.64000000000000001,0.64000000000000001,0,131072,131072,0,1368.9611826103067,1368.9611826103067,37,72,35,163,0,-163
919,1000918,Direct_Combined_25pctPower_BG16,Direct_Earth_to_Mars,Earth_Relay2_Mars,0,0.64000000000000001,0.64000000000000001,0,131072,131072,0,1368.9611826103067,1368.9611826103067,37,72,35,163,0,-163
920,1000919,Control,Direct_Earth_to_Mars,Direct_Earth_to_Mars,0.93000000000000005,0.93000000000000005,0,190464,190464,0,993.29733832061106,993.29733832061106,0,14,14,0,0,0,0
920,1000919,Direct_Background_16,Direct_Earth_to_Mars,Direct_Earth_to_Mars,0.93000000000000005,0.93000000000000005,0,190464,190464,0,993.29733832061106,993.29733832061106,0,14,14,0,0,0,0
920,1000919,Direct_Pointing_25pct_Power,Direct_Earth_to_Mars,Earth_Relay2_Mars,0,0.83999999999999997,0.83999999999999997,0,172032,172032,0,1059.4737354518704,1059.4737354518704,14,32,18,186,0,-186
920,1000919,Direct_Combined_25pctPower_BG16,Direct_Earth_to_Mars,Earth_Relay2_Mars,0,0.83999999999999997,0.83999999999999997,0,172032,172032,0,1059.4737354518704,1059.4737354518704,14,32,18,186,0,-186
921,1000920,Control,Direct_Earth_to_Mars,Direct_Earth_to_Mars,0.84999999999999998,0.84999999999999998,0,174080,174080,0,1004.2729868014956,1004.2729868014956,0,30,30,0,0,0,0
921,1000920,Direct_Background_16,Direct_Earth_to_Mars,Direct_Earth_to_Mars,0.84999999999999998,0.84999999999999998,0,174080,174080,0,1004.2729868014956,1004.2729868014956,0,30,30,0,0,0,0
921,1000920,Direct_Pointing_25pct_Power,Direct_Earth_to_Mars,Earth_Relay2_Mars,0,0.67500000000000004,0.67500000000000004,0,138240,138240,0,1070.4603309353142,1070.4603309353142,30,65,35,170,0,-170
921,1000920,Direct_Combined_25pctPower_BG16,Direct_Earth_to_Mars,Earth_Relay2_Mars,0,0.67500000000000004,0.67500000000000004,0,138240,138240,0,1070.4603309353142,1070.4603309353142,30,65,35,170,0,-170
922,1000921,Control,Direct_Earth_to_Mars,Direct_Earth_to_Mars,0.81499999999999995,0.81499999999999995,0,166912,166912,0,844.32281106409346,844.32281106409346,0,37,37,0,0,0,0
922,1000921,Direct_Background_16,Direct_Earth_to_Mars,Direct_Earth_to_Mars,0.81499999999999995,0.81499999999999995,0,166912,166912,0,844.32281106409346,844.32281106409346,0,37,37,0,0,0,0
922,1000921,Direct_Pointing_25pct_Power,Direct_Earth_to_Mars,Direct_Earth_to_Mars,0.79000000000000004,0.79000000000000004,0,161792,161792,0,844.322811064093,844.322811064093,0,37,37,0,5,5,0
922,1000921,Direct_Combined_25pctPower_BG16,Direct_Earth_to_Mars,Earth_Relay2_Mars,0,0.63500000000000001,0.63500000000000001,0,130048,130048,0,910.36971068025355,910.36971068025355,37,73,36,163,0,-163
923,1000922,Control,Direct_Earth_to_Mars,Direct_Earth_to_Mars,0.95999999999999996,0.95999999999999996,0,196608,196608,0,1034.6442666585795,1034.6442666585795,0,8,8,0,0,0,0
923,1000922,Direct_Background_16,Direct_Earth_to_Mars,Direct_Earth_to_Mars,0.95999999999999996,0.95999999999999996,0,196608,196608,0,1034.6442666585795,1034.6442666585795,0,8,8,0,0,0,0
923,1000922,Direct_Pointing_25pct_Power,Direct_Earth_to_Mars,Earth_Relay2_Mars,0,0.92000000000000004,0.92000000000000004,0,188416,188416,0,1100.9115433513164,1100.9115433513164,8,16,8,192,0,-192
923,1000922,Direct_Combined_25pctPower_BG16,Direct_Earth_to_Mars,Earth_Relay2_Mars,0,0.92000000000000004,0.92000000000000004,0,188416,188416,0,1100.9115433513164,1100.9115433513164,8,16,8,192,0,-192
924,1000923,Control,Direct_Earth_to_Mars,Direct_Earth_to_Mars,0.995,0.995,0,203776,203776,0,306.44021243823761,306.44021243823761,0,1,1,0,0,0,0
924,1000923,Direct_Background_16,Direct_Earth_to_Mars,Direct_Earth_to_Mars,0.995,0.995,0,203776,203776,0,306.44021243823761,306.44021243823761,0,1,1,0,0,0,0
924,1000923,Direct_Pointing_25pct_Power,Direct_Earth_to_Mars,Direct_Earth_to_Mars,0.995,0.995,0,203776,203776,0,306.44021243823761,306.44021243823761,0,1,1,0,0,0,0
924,1000923,Direct_Combined_25pctPower_BG16,Direct_Earth_to_Mars,Direct_Earth_to_Mars,0.995,0.995,0,203776,203776,0,306.44021243823761,306.44021243823761,0,1,1,0,0,0,0
925,1000924,Control,Direct_Earth_to_Mars,Direct_Earth_to_Mars,0.88500000000000001,0.88500000000000001,0,181248,181248,0,1128.8039304554984,1128.8039304554984,0,23,23,0,0,0,0
925,1000924,Direct_Background_16,Direct_Earth_to_Mars,Direct_Earth_to_Mars,0.88500000000000001,0.88500000000000001,0,181248,181248,0,1128.8039304554984,1128.8039304554984,0,23,23,0,0,0,0
925,1000924,Direct_Pointing_25pct_Power,Direct_Earth_to_Mars,Earth_Relay2_Mars,0,0.76000000000000001,0.76000000000000001,0,155648,155648,0,1195.2149460540675,1195.2149460540675,23,48,25,177,0,-177
925,1000924,Direct_Combined_25pctPower_BG16,Direct_Earth_to_Mars,Earth_Relay2_Mars,0,0.76000000000000001,0.76000000000000001,0,155648,155648,0,1195.2149460540675,1195.2149460540675,23,48,25,177,0,-177
926,1000925,Control,Direct_Earth_to_Mars,Direct_Earth_to_Mars,0.86499999999999999,0.86499999999999999,0,177152,177152,0,582.27087074421695,582.27087074421695,0,27,27,0,0,0,0
926,1000925,Direct_Background_16,Direct_Earth_to_Mars,Direct_Earth_to_Mars,0.86499999999999999,0.86499999999999999,0,177152,177152,0,582.27087074421695,582.27087074421695,0,27,27,0,0,0,0
926,1000925,Direct_Pointing_25pct_Power,Direct_Earth_to_Mars,Direct_Earth_to_Mars,0.86499999999999999,0.86499999999999999,0,177152,177152,0,582.27087074421695,582.27087074421695,0,27,27,0,0,0,0
926,1000925,Direct_Combined_25pctPower_BG16,Direct_Earth_to_Mars,Direct_Earth_to_Mars,0.86499999999999999,0.86499999999999999,0,177152,177152,0,582.27087074421695,582.27087074421695,0,27,27,0,0,0,0
927,1000926,Control,Direct_Earth_to_Mars,Direct_Earth_to_Mars,0.85999999999999999,0.85999999999999999,0,176128,176128,0,1167.0632652597637,1167.0632652597637,0,28,28,0,0,0,0
927,1000926,Direct_Background_16,Direct_Earth_to_Mars,Direct_Earth_to_Mars,0.85999999999999999,0.85999999999999999,0,176128,176128,0,1167.0632652597637,1167.0632652597637,0,28,28,0,0,0,0
927,1000926,Direct_Pointing_25pct_Power,Direct_Earth_to_Mars,Earth_Relay2_Mars,0,0.75,0.75,0,153600,153600,0,1233.4308677274171,1233.4308677274171,28,50,22,172,0,-172
927,1000926,Direct_Combined_25pctPower_BG16,Direct_Earth_to_Mars,Earth_Relay2_Mars,0,0.75,0.75,0,153600,153600,0,1233.4308677274171,1233.4308677274171,28,50,22,172,0,-172
928,1000927,Control,Direct_Earth_to_Mars,Direct_Earth_to_Mars,0.91500000000000004,0.91500000000000004,0,187392,187392,0,1349.9217123272326,1349.9217123272326,0,17,17,0,0,0,0
928,1000927,Direct_Background_16,Direct_Earth_to_Mars,Direct_Earth_to_Mars,0.73499999999999999,0.73499999999999999,0,150528,150528,0,1349.9217123272347,1349.9217123272347,0,17,17,0,36,36,0
928,1000927,Direct_Pointing_25pct_Power,Direct_Earth_to_Mars,Earth_Relay2_Mars,0,0.83999999999999997,0.83999999999999997,0,172032,172032,0,1416.5879793275885,1416.5879793275885,17,32,15,183,0,-183
928,1000927,Direct_Combined_25pctPower_BG16,Direct_Earth_to_Mars,Earth_Relay2_Mars,0,0.83999999999999997,0.83999999999999997,0,172032,172032,0,1416.5879793275885,1416.5879793275885,17,32,15,183,0,-183
929,1000928,Control,Direct_Earth_to_Mars,Direct_Earth_to_Mars,0.98999999999999999,0.98999999999999999,0,202752,202752,0,814.09018243424418,814.09018243424418,0,2,2,0,0,0,0
929,1000928,Direct_Background_16,Direct_Earth_to_Mars,Direct_Earth_to_Mars,0.98999999999999999,0.98999999999999999,0,202752,202752,0,814.09018243424418,814.09018243424418,0,2,2,0,0,0,0
929,1000928,Direct_Pointing_25pct_Power,Direct_Earth_to_Mars,Direct_Earth_to_Mars,0.95999999999999996,0.95999999999999996,0,196608,196608,0,814.09018243424418,814.09018243424418,0,2,2,0,6,6,0
929,1000928,Direct_Combined_25pctPower_BG16,Direct_Earth_to_Mars,Earth_Relay2_Mars,0,0.97499999999999998,0.97499999999999998,0,199680,199680,0,880.11609936873106,880.11609936873106,2,5,3,198,0,-198
930,1000929,Control,Direct_Earth_to_Mars,Direct_Earth_to_Mars,0.88500000000000001,0.88500000000000001,0,181248,181248,0,433.45859254809369,433.45859254809369,0,23,23,0,0,0,0
930,1000929,Direct_Background_16,Direct_Earth_to_Mars,Direct_Earth_to_Mars,0.88500000000000001,0.88500000000000001,0,181248,181248,0,433.45859254809369,433.45859254809369,0,23,23,0,0,0,0
930,1000929,Direct_Pointing_25pct_Power,Direct_Earth_to_Mars,Direct_Earth_to_Mars,0.88500000000000001,0.88500000000000001,0,181248,181248,0,433.45859254809369,433.45859254809369,0,23,23,0,0,0,0
930,1000929,Direct_Combined_25pctPower_BG16,Direct_Earth_to_Mars,Direct_Earth_to_Mars,0.88500000000000001,0.88500000000000001,0,181248,181248,0,433.45859254809369,433.45859254809369,0,23,23,0,0,0,0
931,1000930,Control,Direct_Earth_to_Mars,Direct_Earth_to_Mars,0.91000000000000003,0.91000000000000003,0,186368,186368,0,995.57317636525045,995.57317636525045,0,18,18,0,0,0,0
931,1000930,Direct_Background_16,Direct_Earth_to_Mars,Direct_Earth_to_Mars,0.91000000000000003,0.91000000000000003,0,186368,186368,0,995.57317636525045,995.57317636525045,0,18,18,0,0,0,0
931,1000930,Direct_Pointing_25pct_Power,Direct_Earth_to_Mars,Earth_Relay2_Mars,0,0.81000000000000005,0.81000000000000005,0,165888,165888,0,1061.7765399720029,1061.7765399720029,18,38,20,182,0,-182
931,1000930,Direct_Combined_25pctPower_BG16,Direct_Earth_to_Mars,Earth_Relay2_Mars,0,0.81000000000000005,0.81000000000000005,0,165888,165888,0,1061.7765399720029,1061.7765399720029,18,38,20,182,0,-182
932,1000931,Control,Direct_Earth_to_Mars,Direct_Earth_to_Mars,0.98999999999999999,0.98999999999999999,0,202752,202752,0,1124.5464306664339,1124.5464306664339,0,2,2,0,0,0,0
932,1000931,Direct_Background_16,Direct_Earth_to_Mars,Direct_Earth_to_Mars,0.98999999999999999,0.98999999999999999,0,202752,202752,0,1124.5464306664339,1124.5464306664339,0,2,2,0,0,0,0
932,1000931,Direct_Pointing_25pct_Power,Direct_Earth_to_Mars,Earth_Relay2_Mars,0,0.96499999999999997,0.96499999999999997,0,197632,197632,0,1190.8638699210196,1190.8638699210196,2,7,5,198,0,-198
932,1000931,Direct_Combined_25pctPower_BG16,Direct_Earth_to_Mars,Earth_Relay2_Mars,0,0.96499999999999997,0.96499999999999997,0,197632,197632,0,1190.8638699210196,1190.8638699210196,2,7,5,198,0,-198
933,1000932,Control,Direct_Earth_to_Mars,Direct_Earth_to_Mars,0.95999999999999996,0.95999999999999996,0,196608,196608,0,581.00944991281801,581.00944991281801,0,8,8,0,0,0,0
933,1000932,Direct_Background_16,Direct_Earth_to_Mars,Direct_Earth_to_Mars,0.95999999999999996,0.95999999999999996,0,196608,196608,0,581.00944991281801,581.00944991281801,0,8,8,0,0,0,0
933,1000932,Direct_Pointing_25pct_Power,Direct_Earth_to_Mars,Direct_Earth_to_Mars,0.95999999999999996,0.95999999999999996,0,196608,196608,0,581.00944991281801,581.00944991281801,0,8,8,0,0,0,0
933,1000932,Direct_Combined_25pctPower_BG16,Direct_Earth_to_Mars,Direct_Earth_to_Mars,0.95999999999999996,0.95999999999999996,0,196608,196608,0,581.00944991281801,581.00944991281801,0,8,8,0,0,0,0
934,1000933,Control,Direct_Earth_to_Mars,Direct_Earth_to_Mars,0.85499999999999998,0.85499999999999998,0,175104,175104,0,570.13849581618467,570.13849581618467,0,29,29,0,0,0,0
934,1000933,Direct_Background_16,Direct_Earth_to_Mars,Direct_Earth_to_Mars,0.85499999999999998,0.85499999999999998,0,175104,175104,0,570.13849581618467,570.13849581618467,0,29,29,0,0,0,0
934,1000933,Direct_Pointing_25pct_Power,Direct_Earth_to_Mars,Direct_Earth_to_Mars,0.85499999999999998,0.85499999999999998,0,175104,175104,0,570.13849581618467,570.13849581618467,0,29,29,0,0,0,0
934,1000933,Direct_Combined_25pctPower_BG16,Direct_Earth_to_Mars,Direct_Earth_to_Mars,0.85499999999999998,0.85499999999999998,0,175104,175104,0,570.13849581618467,570.13849581618467,0,29,29,0,0,0,0
935,1000934,Control,Direct_Earth_to_Mars,Direct_Earth_to_Mars,0.93000000000000005,0.93000000000000005,0,190464,190464,0,1245.574714637557,1245.574714637557,0,14,14,0,0,0,0
935,1000934,Direct_Background_16,Direct_Earth_to_Mars,Direct_Earth_to_Mars,0.92000000000000004,0.92000000000000004,0,188416,188416,0,1245.574714637557,1245.574714637557,0,14,14,0,2,2,0
935,1000934,Direct_Pointing_25pct_Power,Direct_Earth_to_Mars,Earth_Relay2_Mars,0,0.88,0.88,0,180224,180224,0,1312.1390857576337,1312.1390857576337,14,24,10,186,0,-186
935,1000934,Direct_Combined_25pctPower_BG16,Direct_Earth_to_Mars,Earth_Relay2_Mars,0,0.88,0.88,0,180224,180224,0,1312.1390857576337,1312.1390857576337,14,24,10,186,0,-186
936,1000935,Control,Direct_Earth_to_Mars,Direct_Earth_to_Mars,0.83499999999999996,0.83499999999999996,0,171008,171008,0,823.86374937267021,823.86374937267021,0,33,33,0,0,0,0
936,1000935,Direct_Background_16,Direct_Earth_to_Mars,Direct_Earth_to_Mars,0.83499999999999996,0.83499999999999996,0,171008,171008,0,823.86374937267021,823.86374937267021,0,33,33,0,0,0,0
936,1000935,Direct_Pointing_25pct_Power,Direct_Earth_to_Mars,Direct_Earth_to_Mars,0.81000000000000005,0.81000000000000005,0,165888,165888,0,823.86374937267067,823.86374937267067,0,33,33,0,5,5,0
936,1000935,Direct_Combined_25pctPower_BG16,Direct_Earth_to_Mars,Earth_Relay2_Mars,0,0.70499999999999996,0.70499999999999996,0,144384,144384,0,889.89621370406508,889.89621370406508,33,59,26,167,0,-167
937,1000936,Control,Direct_Earth_to_Mars,Direct_Earth_to_Mars,0.90000000000000002,0.90000000000000002,0,184320,184320,0,364.03025198605661,364.03025198605661,0,20,20,0,0,0,0
937,1000936,Direct_Background_16,Direct_Earth_to_Mars,Direct_Earth_to_Mars,0.90000000000000002,0.90000000000000002,0,184320,184320,0,364.03025198605661,364.03025198605661,0,20,20,0,0,0,0
937,1000936,Direct_Pointing_25pct_Power,Direct_Earth_to_Mars,Direct_Earth_to_Mars,0.90000000000000002,0.90000000000000002,0,184320,184320,0,364.03025198605661,364.03025198605661,0,20,20,0,0,0,0
937,1000936,Direct_Combined_25pctPower_BG16,Direct_Earth_to_Mars,Direct_Earth_to_Mars,0.90000000000000002,0.90000000000000002,0,184320,184320,0,364.03025198605661,364.03025198605661,0,20,20,0,0,0,0
938,1000937,Control,Direct_Earth_to_Mars,Direct_Earth_to_Mars,0.85999999999999999,0.85999999999999999,0,176128,176128,0,1358.497653128368,1358.497653128368,0,28,28,0,0,0,0
938,1000937,Direct_Background_16,Direct_Earth_to_Mars,Direct_Earth_to_Mars,0.78500000000000003,0.78500000000000003,0,160768,160768,0,1358.4976531283671,1358.4976531283671,0,28,28,0,15,15,0
938,1000937,Direct_Pointing_25pct_Power,Direct_Earth_to_Mars,Earth_Relay2_Mars,0,0.68500000000000005,0.68500000000000005,0,140288,140288,0,1425.1335090363259,1425.1335090363259,28,63,35,172,0,-172
938,1000937,Direct_Combined_25pctPower_BG16,Direct_Earth_to_Mars,Earth_Relay2_Mars,0,0.68500000000000005,0.68500000000000005,0,140288,140288,0,1425.1335090363259,1425.1335090363259,28,63,35,172,0,-172
939,1000938,Control,Direct_Earth_to_Mars,Direct_Earth_to_Mars,0.91500000000000004,0.91500000000000004,0,187392,187392,0,428.1016226384005,428.1016226384005,0,17,17,0,0,0,0
939,1000938,Direct_Background_16,Direct_Earth_to_Mars,Direct_Earth_to_Mars,0.91500000000000004,0.91500000000000004,0,187392,187392,0,428.1016226384005,428.1016226384005,0,17,17,0,0,0,0
939,1000938,Direct_Pointing_25pct_Power,Direct_Earth_to_Mars,Direct_Earth_to_Mars,0.91500000000000004,0.91500000000000004,0,187392,187392,0,428.1016226384005,428.1016226384005,0,17,17,0,0,0,0
939,1000938,Direct_Combined_25pctPower_BG16,Direct_Earth_to_Mars,Direct_Earth_to_Mars,0.91500000000000004,0.91500000000000004,0,187392,187392,0,428.1016226384005,428.1016226384005,0,17,17,0,0,0,0
940,1000939,Control,Direct_Earth_to_Mars,Direct_Earth_to_Mars,0.89500000000000002,0.89500000000000002,0,183296,183296,0,1098.5143472389416,1098.5143472389416,0,21,21,0,0,0,0
940,1000939,Direct_Background_16,Direct_Earth_to_Mars,Direct_Earth_to_Mars,0.89500000000000002,0.89500000000000002,0,183296,183296,0,1098.5143472389416,1098.5143472389416,0,21,21,0,0,0,0
940,1000939,Direct_Pointing_25pct_Power,Direct_Earth_to_Mars,Earth_Relay2_Mars,0,0.81499999999999995,0.81499999999999995,0,166912,166912,0,1164.8808986904039,1164.8808986904039,21,37,16,179,0,-179
940,1000939,Direct_Combined_25pctPower_BG16,Direct_Earth_to_Mars,Earth_Relay2_Mars,0,0.81499999999999995,0.81499999999999995,0,166912,166912,0,1164.8808986904039,1164.8808986904039,21,37,16,179,0,-179
941,1000940,Control,Direct_Earth_to_Mars,Direct_Earth_to_Mars,0.95499999999999996,0.95499999999999996,0,195584,195584,0,289.58050608137313,289.58050608137313,0,9,9,0,0,0,0
941,1000940,Direct_Background_16,Direct_Earth_to_Mars,Direct_Earth_to_Mars,0.95499999999999996,0.95499999999999996,0,195584,195584,0,289.58050608137313,289.58050608137313,0,9,9,0,0,0,0
941,1000940,Direct_Pointing_25pct_Power,Direct_Earth_to_Mars,Direct_Earth_to_Mars,0.95499999999999996,0.95499999999999996,0,195584,195584,0,289.58050608137313,289.58050608137313,0,9,9,0,0,0,0
941,1000940,Direct_Combined_25pctPower_BG16,Direct_Earth_to_Mars,Direct_Earth_to_Mars,0.95499999999999996,0.95499999999999996,0,195584,195584,0,289.58050608137313,289.58050608137313,0,9,9,0,0,0,0
942,1000941,Control,Direct_Earth_to_Mars,Direct_Earth_to_Mars,0.875,0.875,0,179200,179200,0,912.59924809375946,912.59924809375946,0,25,25,0,0,0,0
942,1000941,Direct_Background_16,Direct_Earth_to_Mars,Direct_Earth_to_Mars,0.875,0.875,0,179200,179200,0,912.59924809375946,912.59924809375946,0,25,25,0,0,0,0
942,1000941,Direct_Pointing_25pct_Power,Direct_Earth_to_Mars,Direct_Earth_to_Mars,0.70499999999999996,0.70499999999999996,0,144384,144384,0,912.59924809376014,912.59924809376014,0,25,25,0,34,34,0
942,1000941,Direct_Combined_25pctPower_BG16,Direct_Earth_to_Mars,Earth_Relay1_Mars,0,0.77000000000000002,0.77000000000000002,0,157696,157696,0,1102.3138965423093,1102.3138965423093,25,46,21,175,0,-175
943,1000942,Control,Direct_Earth_to_Mars,Direct_Earth_to_Mars,0.88,0.88,0,180224,180224,0,624.74627937136302,624.74627937136302,0,24,24,0,0,0,0
943,1000942,Direct_Background_16,Direct_Earth_to_Mars,Direct_Earth_to_Mars,0.88,0.88,0,180224,180224,0,624.74627937136302,624.74627937136302,0,24,24,0,0,0,0
943,1000942,Direct_Pointing_25pct_Power,Direct_Earth_to_Mars,Direct_Earth_to_Mars,0.88,0.88,0,180224,180224,0,624.74627937136302,624.74627937136302,0,24,24,0,0,0,0
943,1000942,Direct_Combined_25pctPower_BG16,Direct_Earth_to_Mars,Direct_Earth_to_Mars,0.88,0.88,0,180224,180224,0,624.74627937136302,624.74627937136302,0,24,24,0,0,0,0
944,1000943,Control,Direct_Earth_to_Mars,Direct_Earth_to_Mars,0.89000000000000001,0.89000000000000001,0,182272,182272,0,422.12548015097224,422.12548015097224,0,22,22,0,0,0,0
944,1000943,Direct_Background_16,Direct_Earth_to_Mars,Direct_Earth_to_Mars,0.89000000000000001,0.89000000000000001,0,182272,182272,0,422.12548015097224,422.12548015097224,0,22,22,0,0,0,0
944,1000943,Direct_Pointing_25pct_Power,Direct_Earth_to_Mars,Direct_Earth_to_Mars,0.89000000000000001,0.89000000000000001,0,182272,182272,0,422.12548015097224,422.12548015097224,0,22,22,0,0,0,0
944,1000943,Direct_Combined_25pctPower_BG16,Direct_Earth_to_Mars,Direct_Earth_to_Mars,0.89000000000000001,0.89000000000000001,0,182272,182272,0,422.12548015097224,422.12548015097224,0,22,22,0,0,0,0
945,1000944,Control,Direct_Earth_to_Mars,Direct_Earth_to_Mars,0.90500000000000003,0.90500000000000003,0,185344,185344,0,1086.3799861261793,1086.3799861261793,0,19,19,0,0,0,0
945,1000944,Direct_Background_16,Direct_Earth_to_Mars,Direct_Earth_to_Mars,0.90500000000000003,0.90500000000000003,0,185344,185344,0,1086.3799861261793,1086.3799861261793,0,19,19,0,0,0,0
945,1000944,Direct_Pointing_25pct_Power,Direct_Earth_to_Mars,Earth_Relay2_Mars,0,0.81000000000000005,0.81000000000000005,0,165888,165888,0,1152.7282332192217,1152.7282332192217,19,38,19,181,0,-181
945,1000944,Direct_Combined_25pctPower_BG16,Direct_Earth_to_Mars,Earth_Relay2_Mars,0,0.81000000000000005,0.81000000000000005,0,165888,165888,0,1152.7282332192217,1152.7282332192217,19,38,19,181,0,-181
946,1000945,Control,Direct_Earth_to_Mars,Direct_Earth_to_Mars,0.90500000000000003,0.90500000000000003,0,185344,185344,0,711.78960360772544,711.78960360772544,0,19,19,0,0,0,0
946,1000945,Direct_Background_16,Direct_Earth_to_Mars,Direct_Earth_to_Mars,0.90500000000000003,0.90500000000000003,0,185344,185344,0,711.78960360772544,711.78960360772544,0,19,19,0,0,0,0
946,1000945,Direct_Pointing_25pct_Power,Direct_Earth_to_Mars,Direct_Earth_to_Mars,0.90500000000000003,0.90500000000000003,0,185344,185344,0,711.78960360772544,711.78960360772544,0,19,19,0,0,0,0
946,1000945,Direct_Combined_25pctPower_BG16,Direct_Earth_to_Mars,Direct_Earth_to_Mars,0.70999999999999996,0.70999999999999996,0,145408,145408,0,711.78960360772442,711.78960360772442,0,19,19,0,39,39,0
947,1000946,Control,Direct_Earth_to_Mars,Direct_Earth_to_Mars,0.88,0.88,0,180224,180224,0,453.0266618722091,453.0266618722091,0,24,24,0,0,0,0
947,1000946,Direct_Background_16,Direct_Earth_to_Mars,Direct_Earth_to_Mars,0.88,0.88,0,180224,180224,0,453.0266618722091,453.0266618722091,0,24,24,0,0,0,0
947,1000946,Direct_Pointing_25pct_Power,Direct_Earth_to_Mars,Direct_Earth_to_Mars,0.88,0.88,0,180224,180224,0,453.0266618722091,453.0266618722091,0,24,24,0,0,0,0
947,1000946,Direct_Combined_25pctPower_BG16,Direct_Earth_to_Mars,Direct_Earth_to_Mars,0.88,0.88,0,180224,180224,0,453.0266618722091,453.0266618722091,0,24,24,0,0,0,0
948,1000947,Control,Direct_Earth_to_Mars,Direct_Earth_to_Mars,0.85999999999999999,0.85999999999999999,0,176128,176128,0,1261.8672937150318,1261.8672937150318,0,28,28,0,0,0,0
948,1000947,Direct_Background_16,Direct_Earth_to_Mars,Direct_Earth_to_Mars,0.85999999999999999,0.85999999999999999,0,176128,176128,0,1261.8672937150318,1261.8672937150318,0,28,28,0,0,0,0
948,1000947,Direct_Pointing_25pct_Power,Direct_Earth_to_Mars,Earth_Relay1_Mars,0,0.76500000000000001,0.76500000000000001,0,156672,156672,0,1493.5264408038345,1493.5264408038345,28,47,19,172,0,-172
948,1000947,Direct_Combined_25pctPower_BG16,Direct_Earth_to_Mars,Earth_Relay1_Mars,0,0.76500000000000001,0.76500000000000001,0,156672,156672,0,1493.5264408038345,1493.5264408038345,28,47,19,172,0,-172
949,1000948,Control,Direct_Earth_to_Mars,Direct_Earth_to_Mars,0.79500000000000004,0.79500000000000004,0,162816,162816,0,368.52943746920977,368.52943746920977,0,41,41,0,0,0,0
949,1000948,Direct_Background_16,Direct_Earth_to_Mars,Direct_Earth_to_Mars,0.79500000000000004,0.79500000000000004,0,162816,162816,0,368.52943746920977,368.52943746920977,0,41,41,0,0,0,0
949,1000948,Direct_Pointing_25pct_Power,Direct_Earth_to_Mars,Direct_Earth_to_Mars,0.79500000000000004,0.79500000000000004,0,162816,162816,0,368.52943746920977,368.52943746920977,0,41,41,0,0,0,0
949,1000948,Direct_Combined_25pctPower_BG16,Direct_Earth_to_Mars,Direct_Earth_to_Mars,0.79500000000000004,0.79500000000000004,0,162816,162816,0,368.52943746920977,368.52943746920977,0,41,41,0,0,0,0
950,1000949,Control,Direct_Earth_to_Mars,Direct_Earth_to_Mars,0.87,0.87,0,178176,178176,0,349.62033798094649,349.62033798094649,0,26,26,0,0,0,0
950,1000949,Direct_Background_16,Direct_Earth_to_Mars,Direct_Earth_to_Mars,0.87,0.87,0,178176,178176,0,349.62033798094649,349.62033798094649,0,26,26,0,0,0,0
950,1000949,Direct_Pointing_25pct_Power,Direct_Earth_to_Mars,Direct_Earth_to_Mars,0.87,0.87,0,178176,178176,0,349.62033798094649,349.62033798094649,0,26,26,0,0,0,0
950,1000949,Direct_Combined_25pctPower_BG16,Direct_Earth_to_Mars,Direct_Earth_to_Mars,0.87,0.87,0,178176,178176,0,349.62033798094649,349.62033798094649,0,26,26,0,0,0,0
951,1000950,Control,Direct_Earth_to_Mars,Direct_Earth_to_Mars,0.92500000000000004,0.92500000000000004,0,189440,189440,0,820.6582119239124,820.6582119239124,0,15,15,0,0,0,0
951,1000950,Direct_Background_16,Direct_Earth_to_Mars,Direct_Earth_to_Mars,0.92500000000000004,0.92500000000000004,0,189440,189440,0,820.6582119239124,820.6582119239124,0,15,15,0,0,0,0
951,1000950,Direct_Pointing_25pct_Power,Direct_Earth_to_Mars,Direct_Earth_to_Mars,0.92500000000000004,0.92500000000000004,0,189440,189440,0,820.6582119239124,820.6582119239124,0,15,15,0,0,0,0
951,1000950,Direct_Combined_25pctPower_BG16,Direct_Earth_to_Mars,Earth_Relay2_Mars,0,0.82499999999999996,0.82499999999999996,0,168960,168960,0,886.59884494664095,886.59884494664095,15,35,20,185,0,-185
952,1000951,Control,Direct_Earth_to_Mars,Direct_Earth_to_Mars,0.88500000000000001,0.88500000000000001,0,181248,181248,0,1367.3980369258143,1367.3980369258143,0,23,23,0,0,0,0
952,1000951,Direct_Background_16,Direct_Earth_to_Mars,Direct_Earth_to_Mars,0.78000000000000003,0.78000000000000003,0,159744,159744,0,1367.3980369258134,1367.3980369258134,0,23,23,0,21,21,0
952,1000951,Direct_Pointing_25pct_Power,Direct_Earth_to_Mars,Earth_Relay2_Mars,0,0.82999999999999996,0.82999999999999996,0,169984,169984,0,1434.0576389944197,1434.0576389944197,23,34,11,177,0,-177
952,1000951,Direct_Combined_25pctPower_BG16,Direct_Earth_to_Mars,Earth_Relay2_Mars,0,0.82999999999999996,0.82999999999999996,0,169984,169984,0,1434.0576389944197,1434.0576389944197,23,34,11,177,0,-177
953,1000952,Control,Direct_Earth_to_Mars,Direct_Earth_to_Mars,0.92500000000000004,0.92500000000000004,0,189440,189440,0,321.65625496497483,321.65625496497483,0,15,15,0,0,0,0
953,1000952,Direct_Background_16,Direct_Earth_to_Mars,Direct_Earth_to_Mars,0.92500000000000004,0.92500000000000004,0,189440,189440,0,321.65625496497483,321.65625496497483,0,15,15,0,0,0,0
953,1000952,Direct_Pointing_25pct_Power,Direct_Earth_to_Mars,Direct_Earth_to_Mars,0.92500000000000004,0.92500000000000004,0,189440,189440,0,321.65625496497483,321.65625496497483,0,15,15,0,0,0,0
953,1000952,Direct_Combined_25pctPower_BG16,Direct_Earth_to_Mars,Direct_Earth_to_Mars,0.92500000000000004,0.92500000000000004,0,189440,189440,0,321.65625496497483,321.65625496497483,0,15,15,0,0,0,0
954,1000953,Control,Direct_Earth_to_Mars,Direct_Earth_to_Mars,0.92000000000000004,0.92000000000000004,0,188416,188416,0,1077.1655601512755,1077.1655601512755,0,16,16,0,0,0,0
954,1000953,Direct_Background_16,Direct_Earth_to_Mars,Direct_Earth_to_Mars,0.92000000000000004,0.92000000000000004,0,188416,188416,0,1077.1655601512755,1077.1655601512755,0,16,16,0,0,0,0
954,1000953,Direct_Pointing_25pct_Power,Direct_Earth_to_Mars,Earth_Relay2_Mars,0,0.84499999999999997,0.84499999999999997,0,173056,173056,0,1143.4997263395423,1143.4997263395423,16,31,15,184,0,-184
954,1000953,Direct_Combined_25pctPower_BG16,Direct_Earth_to_Mars,Earth_Relay2_Mars,0,0.84499999999999997,0.84499999999999997,0,173056,173056,0,1143.4997263395423,1143.4997263395423,16,31,15,184,0,-184
955,1000954,Control,Direct_Earth_to_Mars,Direct_Earth_to_Mars,0.83499999999999996,0.83499999999999996,0,171008,171008,0,399.81054141120126,399.81054141120126,0,33,33,0,0,0,0
955,1000954,Direct_Background_16,Direct_Earth_to_Mars,Direct_Earth_to_Mars,0.83499999999999996,0.83499999999999996,0,171008,171008,0,399.81054141120126,399.81054141120126,0,33,33,0,0,0,0
955,1000954,Direct_Pointing_25pct_Power,Direct_Earth_to_Mars,Direct_Earth_to_Mars,0.83499999999999996,0.83499999999999996,0,171008,171008,0,399.81054141120126,399.81054141120126,0,33,33,0,0,0,0
955,1000954,Direct_Combined_25pctPower_BG16,Direct_Earth_to_Mars,Direct_Earth_to_Mars,0.83499999999999996,0.83499999999999996,0,171008,171008,0,399.81054141120126,399.81054141120126,0,33,33,0,0,0,0
956,1000955,Control,Direct_Earth_to_Mars,Direct_Earth_to_Mars,0.84499999999999997,0.84499999999999997,0,173056,173056,0,287.63573414748492,287.63573414748492,0,31,31,0,0,0,0
956,1000955,Direct_Background_16,Direct_Earth_to_Mars,Direct_Earth_to_Mars,0.84499999999999997,0.84499999999999997,0,173056,173056,0,287.63573414748492,287.63573414748492,0,31,31,0,0,0,0
956,1000955,Direct_Pointing_25pct_Power,Direct_Earth_to_Mars,Direct_Earth_to_Mars,0.84499999999999997,0.84499999999999997,0,173056,173056,0,287.63573414748492,287.63573414748492,0,31,31,0,0,0,0
956,1000955,Direct_Combined_25pctPower_BG16,Direct_Earth_to_Mars,Direct_Earth_to_Mars,0.84499999999999997,0.84499999999999997,0,173056,173056,0,287.63573414748492,287.63573414748492,0,31,31,0,0,0,0
957,1000956,Control,Direct_Earth_to_Mars,Direct_Earth_to_Mars,0.97999999999999998,0.97999999999999998,0,200704,200704,0,1159.6084794782578,1159.6084794782578,0,4,4,0,0,0,0
957,1000956,Direct_Background_16,Direct_Earth_to_Mars,Direct_Earth_to_Mars,0.97999999999999998,0.97999999999999998,0,200704,200704,0,1159.6084794782578,1159.6084794782578,0,4,4,0,0,0,0
957,1000956,Direct_Pointing_25pct_Power,Direct_Earth_to_Mars,Earth_Relay2_Mars,0,0.97999999999999998,0.97999999999999998,0,200704,200704,0,1226.0628388503455,1226.0628388503455,4,4,0,196,0,-196
957,1000956,Direct_Combined_25pctPower_BG16,Direct_Earth_to_Mars,Earth_Relay2_Mars,0,0.97999999999999998,0.97999999999999998,0,200704,200704,0,1226.0628388503455,1226.0628388503455,4,4,0,196,0,-196
958,1000957,Control,Direct_Earth_to_Mars,Direct_Earth_to_Mars,0.93000000000000005,0.93000000000000005,0,190464,190464,0,1356.9068142806952,1356.9068142806952,0,14,14,0,0,0,0
958,1000957,Direct_Background_16,Direct_Earth_to_Mars,Direct_Earth_to_Mars,0.875,0.875,0,179200,179200,0,1356.9068142806952,1356.9068142806952,0,14,14,0,11,11,0
958,1000957,Direct_Pointing_25pct_Power,Direct_Earth_to_Mars,Earth_Relay2_Mars,0,0.89000000000000001,0.89000000000000001,0,182272,182272,0,1423.5765364827234,1423.5765364827234,14,22,8,186,0,-186
958,1000957,Direct_Combined_25pctPower_BG16,Direct_Earth_to_Mars,Earth_Relay2_Mars,0,0.89000000000000001,0.89000000000000001,0,182272,182272,0,1423.5765364827234,1423.5765364827234,14,22,8,186,0,-186
959,1000958,Control,Direct_Earth_to_Mars,Direct_Earth_to_Mars,0.87,0.87,0,178176,178176,0,743.71886220609292,743.71886220609292,0,26,26,0,0,0,0
959,1000958,Direct_Background_16,Direct_Earth_to_Mars,Direct_Earth_to_Mars,0.87,0.87,0,178176,178176,0,743.71886220609292,743.71886220609292,0,26,26,0,0,0,0
959,1000958,Direct_Pointing_25pct_Power,Direct_Earth_to_Mars,Direct_Earth_to_Mars,0.87,0.87,0,178176,178176,0,743.71886220609292,743.71886220609292,0,26,26,0,0,0,0
959,1000958,Direct_Combined_25pctPower_BG16,Direct_Earth_to_Mars,Direct_Earth_to_Mars,0.58999999999999997,0.58999999999999997,0,120832,120832,0,743.71886220609292,743.71886220609292,0,26,26,0,56,56,0
960,1000959,Control,Direct_Earth_to_Mars,Direct_Earth_to_Mars,0.90500000000000003,0.90500000000000003,0,185344,185344,0,645.48361528250484,645.48361528250484,0,19,19,0,0,0,0
960,1000959,Direct_Background_16,Direct_Earth_to_Mars,Direct_Earth_to_Mars,0.90500000000000003,0.90500000000000003,0,185344,185344,0,645.48361528250484,645.48361528250484,0,19,19,0,0,0,0
960,1000959,Direct_Pointing_25pct_Power,Direct_Earth_to_Mars,Direct_Earth_to_Mars,0.90500000000000003,0.90500000000000003,0,185344,185344,0,645.48361528250484,645.48361528250484,0,19,19,0,0,0,0
960,1000959,Direct_Combined_25pctPower_BG16,Direct_Earth_to_Mars,Direct_Earth_to_Mars,0.90500000000000003,0.90500000000000003,0,185344,185344,0,645.48361528250484,645.48361528250484,0,19,19,0,0,0,0
961,1000960,Control,Direct_Earth_to_Mars,Direct_Earth_to_Mars,0.78000000000000003,0.78000000000000003,0,159744,159744,0,1055.3104324307526,1055.3104324307526,0,44,44,0,0,0,0
961,1000960,Direct_Background_16,Direct_Earth_to_Mars,Direct_Earth_to_Mars,0.78000000000000003,0.78000000000000003,0,159744,159744,0,1055.3104324307526,1055.3104324307526,0,44,44,0,0,0,0
961,1000960,Direct_Pointing_25pct_Power,Direct_Earth_to_Mars,Earth_Relay2_Mars,0,0.62,0.62,0,126976,126976,0,1121.6105982047159,1121.6105982047159,44,76,32,156,0,-156
961,1000960,Direct_Combined_25pctPower_BG16,Direct_Earth_to_Mars,Earth_Relay2_Mars,0,0.62,0.62,0,126976,126976,0,1121.6105982047159,1121.6105982047159,44,76,32,156,0,-156
962,1000961,Control,Direct_Earth_to_Mars,Direct_Earth_to_Mars,0.83499999999999996,0.83499999999999996,0,171008,171008,0,974.42707152817104,974.42707152817104,0,33,33,0,0,0,0
962,1000961,Direct_Background_16,Direct_Earth_to_Mars,Direct_Earth_to_Mars,0.83499999999999996,0.83499999999999996,0,171008,171008,0,974.42707152817104,974.42707152817104,0,33,33,0,0,0,0
962,1000961,Direct_Pointing_25pct_Power,Direct_Earth_to_Mars,Earth_Relay0_Mars,0,0.71999999999999997,0.71999999999999997,0,147456,147456,0,1160.2618343220702,1160.2618343220702,33,56,23,167,0,-167
962,1000961,Direct_Combined_25pctPower_BG16,Direct_Earth_to_Mars,Earth_Relay0_Mars,0,0.71999999999999997,0.71999999999999997,0,147456,147456,0,1160.2618343220702,1160.2618343220702,33,56,23,167,0,-167
963,1000962,Control,Direct_Earth_to_Mars,Direct_Earth_to_Mars,0.78500000000000003,0.78500000000000003,0,160768,160768,0,1292.2614797243243,1292.2614797243243,0,43,43,0,0,0,0
963,1000962,Direct_Background_16,Direct_Earth_to_Mars,Direct_Earth_to_Mars,0.78500000000000003,0.78500000000000003,0,160768,160768,0,1292.2614797243243,1292.2614797243243,0,43,43,0,0,0,0
963,1000962,Direct_Pointing_25pct_Power,Direct_Earth_to_Mars,Earth_Relay2_Mars,0,0.66000000000000003,0.66000000000000003,0,135168,135168,0,1358.8775972015758,1358.8775972015758,43,68,25,157,0,-157
963,1000962,Direct_Combined_25pctPower_BG16,Direct_Earth_to_Mars,Earth_Relay2_Mars,0,0.66000000000000003,0.66000000000000003,0,135168,135168,0,1358.8775972015758,1358.8775972015758,43,68,25,157,0,-157
964,1000963,Control,Direct_Earth_to_Mars,Direct_Earth_to_Mars,0.78500000000000003,0.78500000000000003,0,160768,160768,0,916.26658311557412,916.26658311557412,0,43,43,0,0,0,0
964,1000963,Direct_Background_16,Direct_Earth_to_Mars,Direct_Earth_to_Mars,0.78500000000000003,0.78500000000000003,0,160768,160768,0,916.26658311557412,916.26658311557412,0,43,43,0,0,0,0
964,1000963,Direct_Pointing_25pct_Power,Direct_Earth_to_Mars,Direct_Earth_to_Mars,0.59999999999999998,0.59999999999999998,0,122880,122880,0,916.26658311557537,916.26658311557537,0,43,43,0,37,37,0
964,1000963,Direct_Combined_25pctPower_BG16,Direct_Earth_to_Mars,Earth_Relay1_Mars,0,0.60999999999999999,0.60999999999999999,0,124928,124928,0,1106.3148551701745,1106.3148551701745,43,78,35,157,0,-157
965,1000964,Control,Direct_Earth_to_Mars,Direct_Earth_to_Mars,0.92000000000000004,0.92000000000000004,0,188416,188416,0,1236.3901398460164,1236.3901398460164,0,16,16,0,0,0,0
965,1000964,Direct_Background_16,Direct_Earth_to_Mars,Direct_Earth_to_Mars,0.92000000000000004,0.92000000000000004,0,188416,188416,0,1236.3901398460164,1236.3901398460164,0,16,16,0,0,0,0
965,1000964,Direct_Pointing_25pct_Power,Direct_Earth_to_Mars,Earth_Relay2_Mars,0,0.82499999999999996,0.82499999999999996,0,168960,168960,0,1302.8444551454154,1302.8444551454154,16,35,19,184,0,-184
965,1000964,Direct_Combined_25pctPower_BG16,Direct_Earth_to_Mars,Earth_Relay2_Mars,0,0.82499999999999996,0.82499999999999996,0,168960,168960,0,1302.8444551454154,1302.8444551454154,16,35,19,184,0,-184
966,1000965,Control,Direct_Earth_to_Mars,Direct_Earth_to_Mars,0.93000000000000005,0.93000000000000005,0,190464,190464,0,471.95094303041589,471.95094303041589,0,14,14,0,0,0,0
966,1000965,Direct_Background_16,Direct_Earth_to_Mars,Direct_Earth_to_Mars,0.93000000000000005,0.93000000000000005,0,190464,190464,0,471.95094303041589,471.95094303041589,0,14,14,0,0,0,0
966,1000965,Direct_Pointing_25pct_Power,Direct_Earth_to_Mars,Direct_Earth_to_Mars,0.93000000000000005,0.93000000000000005,0,190464,190464,0,471.95094303041589,471.95094303041589,0,14,14,0,0,0,0
966,1000965,Direct_Combined_25pctPower_BG16,Direct_Earth_to_Mars,Direct_Earth_to_Mars,0.93000000000000005,0.93000000000000005,0,190464,190464,0,471.95094303041589,471.95094303041589,0,14,14,0,0,0,0
967,1000966,Control,Direct_Earth_to_Mars,Direct_Earth_to_Mars,0.98999999999999999,0.98999999999999999,0,202752,202752,0,1032.0959792140277,1032.0959792140277,0,2,2,0,0,0,0
967,1000966,Direct_Background_16,Direct_Earth_to_Mars,Direct_Earth_to_Mars,0.98999999999999999,0.98999999999999999,0,202752,202752,0,1032.0959792140277,1032.0959792140277,0,2,2,0,0,0,0
967,1000966,Direct_Pointing_25pct_Power,Direct_Earth_to_Mars,Earth_Relay2_Mars,0,0.98499999999999999,0.98499999999999999,0,201728,201728,0,1098.3118039779342,1098.3118039779342,2,3,1,198,0,-198
967,1000966,Direct_Combined_25pctPower_BG16,Direct_Earth_to_Mars,Earth_Relay2_Mars,0,0.98499999999999999,0.98499999999999999,0,201728,201728,0,1098.3118039779342,1098.3118039779342,2,3,1,198,0,-198
968,1000967,Control,Direct_Earth_to_Mars,Direct_Earth_to_Mars,0.91000000000000003,0.91000000000000003,0,186368,186368,0,1083.5646005938786,1083.5646005938786,0,18,18,0,0,0,0
968,1000967,Direct_Background_16,Direct_Earth_to_Mars,Direct_Earth_to_Mars,0.91000000000000003,0.91000000000000003,0,186368,186368,0,1083.5646005938786,1083.5646005938786,0,18,18,0,0,0,0
968,1000967,Direct_Pointing_25pct_Power,Direct_Earth_to_Mars,Earth_Relay2_Mars,0,0.84499999999999997,0.84499999999999997,0,173056,173056,0,1149.9085617928915,1149.9085617928915,18,31,13,182,0,-182
968,1000967,Direct_Combined_25pctPower_BG16,Direct_Earth_to_Mars,Earth_Relay2_Mars,0,0.84499999999999997,0.84499999999999997,0,173056,173056,0,1149.9085617928915,1149.9085617928915,18,31,13,182,0,-182
969,1000968,Control,Direct_Earth_to_Mars,Direct_Earth_to_Mars,0.995,0.995,0,203776,203776,0,1333.8380882098936,1333.8380882098936,0,1,1,0,0,0,0
969,1000968,Direct_Background_16,Direct_Earth_to_Mars,Direct_Earth_to_Mars,0.98499999999999999,0.98499999999999999,0,201728,201728,0,1333.8380882098934,1333.8380882098934,0,1,1,0,2,2,0
969,1000968,Direct_Pointing_25pct_Power,Direct_Earth_to_Mars,Earth_Relay1_Mars,0,0,0,0,0,0,0,0,0,1,1,0,199,0,-199
969,1000968,Direct_Combined_25pctPower_BG16,Direct_Earth_to_Mars,Earth_Relay1_Mars,0,0,0,0,0,0,0,0,0,1,1,0,199,0,-199
970,1000969,Control,Direct_Earth_to_Mars,Direct_Earth_to_Mars,0.95499999999999996,0.95499999999999996,0,195584,195584,0,1345.3460227190221,1345.3460227190221,0,9,9,0,0,0,0
970,1000969,Direct_Background_16,Direct_Earth_to_Mars,Direct_Earth_to_Mars,0.91500000000000004,0.91500000000000004,0,187392,187392,0,1345.3460227190221,1345.3460227190221,0,9,9,0,8,8,0
970,1000969,Direct_Pointing_25pct_Power,Direct_Earth_to_Mars,Earth_Relay2_Mars,0,0.91000000000000003,0.91000000000000003,0,186368,186368,0,1411.9572818290017,1411.9572818290017,9,18,9,191,0,-191
970,1000969,Direct_Combined_25pctPower_BG16,Direct_Earth_to_Mars,Earth_Relay2_Mars,0,0.91000000000000003,0.91000000000000003,0,186368,186368,0,1411.9572818290017,1411.9572818290017,9,18,9,191,0,-191
971,1000970,Control,Direct_Earth_to_Mars,Direct_Earth_to_Mars,0.86499999999999999,0.86499999999999999,0,177152,177152,0,942.36208280569986,942.36208280569986,0,27,27,0,0,0,0
971,1000970,Direct_Background_16,Direct_Earth_to_Mars,Direct_Earth_to_Mars,0.86499999999999999,0.86499999999999999,0,177152,177152,0,942.36208280569986,942.36208280569986,0,27,27,0,0,0,0
971,1000970,Direct_Pointing_25pct_Power,Direct_Earth_to_Mars,Earth_Relay2_Mars,0,0.70999999999999996,0.70999999999999996,0,145408,145408,0,1008.4683441448989,1008.4683441448989,27,58,31,173,0,-173
971,1000970,Direct_Combined_25pctPower_BG16,Direct_Earth_to_Mars,Earth_Relay2_Mars,0,0.70999999999999996,0.70999999999999996,0,145408,145408,0,1008.4683441448989,1008.4683441448989,27,58,31,173,0,-173
972,1000971,Control,Direct_Earth_to_Mars,Direct_Earth_to_Mars,0.88,0.88,0,180224,180224,0,986.77142936681309,986.77142936681309,0,24,24,0,0,0,0
972,1000971,Direct_Background_16,Direct_Earth_to_Mars,Direct_Earth_to_Mars,0.88,0.88,0,180224,180224,0,986.77142936681309,986.77142936681309,0,24,24,0,0,0,0
972,1000971,Direct_Pointing_25pct_Power,Direct_Earth_to_Mars,Earth_Relay2_Mars,0,0.76000000000000001,0.76000000000000001,0,155648,155648,0,1052.9601264943576,1052.9601264943576,24,48,24,176,0,-176
972,1000971,Direct_Combined_25pctPower_BG16,Direct_Earth_to_Mars,Earth_Relay2_Mars,0,0.76000000000000001,0.76000000000000001,0,155648,155648,0,1052.9601264943576,1052.9601264943576,24,48,24,176,0,-176
973,1000972,Control,Direct_Earth_to_Mars,Direct_Earth_to_Mars,0.83999999999999997,0.83999999999999997,0,172032,172032,0,368.00974189413108,368.00974189413108,0,32,32,0,0,0,0
973,1000972,Direct_Background_16,Direct_Earth_to_Mars,Direct_Earth_to_Mars,0.83999999999999997,0.83999999999999997,0,172032,172032,0,368.00974189413108,368.00974189413108,0,32,32,0,0,0,0
973,1000972,Direct_Pointing_25pct_Power,Direct_Earth_to_Mars,Direct_Earth_to_Mars,0.83999999999999997,0.83999999999999997,0,172032,172032,0,368.00974189413108,368.00974189413108,0,32,32,0,0,0,0
973,1000972,Direct_Combined_25pctPower_BG16,Direct_Earth_to_Mars,Direct_Earth_to_Mars,0.83999999999999997,0.83999999999999997,0,172032,172032,0,368.00974189413108,368.00974189413108,0,32,32,0,0,0,0
974,1000973,Control,Direct_Earth_to_Mars,Direct_Earth_to_Mars,0.93000000000000005,0.93000000000000005,0,190464,190464,0,1365.4216269653984,1365.4216269653984,0,14,14,0,0,0,0
974,1000973,Direct_Background_16,Direct_Earth_to_Mars,Direct_Earth_to_Mars,0.76000000000000001,0.76000000000000001,0,155648,155648,0,1365.4216269653982,1365.4216269653982,0,14,14,0,34,34,0
974,1000973,Direct_Pointing_25pct_Power,Direct_Earth_to_Mars,Earth_Relay1_Mars,0,0,0,0,0,0,0,0,0,14,32,18,186,0,-186
974,1000973,Direct_Combined_25pctPower_BG16,Direct_Earth_to_Mars,Earth_Relay1_Mars,0,0,0,0,0,0,0,0,0,14,32,18,186,0,-186
975,1000974,Control,Direct_Earth_to_Mars,Direct_Earth_to_Mars,0.85999999999999999,0.85999999999999999,0,176128,176128,0,378.18619972474147,378.18619972474147,0,28,28,0,0,0,0
975,1000974,Direct_Background_16,Direct_Earth_to_Mars,Direct_Earth_to_Mars,0.85999999999999999,0.85999999999999999,0,176128,176128,0,378.18619972474147,378.18619972474147,0,28,28,0,0,0,0
975,1000974,Direct_Pointing_25pct_Power,Direct_Earth_to_Mars,Direct_Earth_to_Mars,0.85999999999999999,0.85999999999999999,0,176128,176128,0,378.18619972474147,378.18619972474147,0,28,28,0,0,0,0
975,1000974,Direct_Combined_25pctPower_BG16,Direct_Earth_to_Mars,Direct_Earth_to_Mars,0.85999999999999999,0.85999999999999999,0,176128,176128,0,378.18619972474147,378.18619972474147,0,28,28,0,0,0,0
976,1000975,Control,Direct_Earth_to_Mars,Direct_Earth_to_Mars,0.78500000000000003,0.78500000000000003,0,160768,160768,0,1232.8223297238294,1232.8223297238294,0,43,43,0,0,0,0
976,1000975,Direct_Background_16,Direct_Earth_to_Mars,Direct_Earth_to_Mars,0.78500000000000003,0.78500000000000003,0,160768,160768,0,1232.8223297238294,1232.8223297238294,0,43,43,0,0,0,0
976,1000975,Direct_Pointing_25pct_Power,Direct_Earth_to_Mars,Earth_Relay2_Mars,0,0.67500000000000004,0.67500000000000004,0,138240,138240,0,1299.3714856267623,1299.3714856267623,43,65,22,157,0,-157
976,1000975,Direct_Combined_25pctPower_BG16,Direct_Earth_to_Mars,Earth_Relay2_Mars,0,0.67500000000000004,0.67500000000000004,0,138240,138240,0,1299.3714856267623,1299.3714856267623,43,65,22,157,0,-157
977,1000976,Control,Direct_Earth_to_Mars,Direct_Earth_to_Mars,0.96999999999999997,0.96999999999999997,0,198656,198656,0,1254.2641416018885,1254.2641416018885,0,6,6,0,0,0,0
977,1000976,Direct_Background_16,Direct_Earth_to_Mars,Direct_Earth_to_Mars,0.94999999999999996,0.94999999999999996,0,194560,194560,0,1254.2641416018885,1254.2641416018885,0,6,6,0,4,4,0
977,1000976,Direct_Pointing_25pct_Power,Direct_Earth_to_Mars,Earth_Relay2_Mars,0,0.91500000000000004,0.91500000000000004,0,187392,187392,0,1320.8386346693962,1320.8386346693962,6,17,11,194,0,-194
977,1000976,Direct_Combined_25pctPower_BG16,Direct_Earth_to_Mars,Earth_Relay2_Mars,0,0.91500000000000004,0.91500000000000004,0,187392,187392,0,1320.8386346693962,1320.8386346693962,6,17,11,194,0,-194
978,1000977,Control,Direct_Earth_to_Mars,Direct_Earth_to_Mars,0.94499999999999995,0.94499999999999995,0,193536,193536,0,403.2078099392823,403.2078099392823,0,11,11,0,0,0,0
978,1000977,Direct_Background_16,Direct_Earth_to_Mars,Direct_Earth_to_Mars,0.94499999999999995,0.94499999999999995,0,193536,193536,0,403.2078099392823,403.2078099392823,0,11,11,0,0,0,0
978,1000977,Direct_Pointing_25pct_Power,Direct_Earth_to_Mars,Direct_Earth_to_Mars,0.94499999999999995,0.94499999999999995,0,193536,193536,0,403.2078099392823,403.2078099392823,0,11,11,0,0,0,0
978,1000977,Direct_Combined_25pctPower_BG16,Direct_Earth_to_Mars,Direct_Earth_to_Mars,0.94499999999999995,0.94499999999999995,0,193536,193536,0,403.2078099392823,403.2078099392823,0,11,11,0,0,0,0
979,1000978,Control,Direct_Earth_to_Mars,Direct_Earth_to_Mars,0.94999999999999996,0.94999999999999996,0,194560,194560,0,594.83461492163781,594.83461492163781,0,10,10,0,0,0,0
979,1000978,Direct_Background_16,Direct_Earth_to_Mars,Direct_Earth_to_Mars,0.94999999999999996,0.94999999999999996,0,194560,194560,0,594.83461492163781,594.83461492163781,0,10,10,0,0,0,0
979,1000978,Direct_Pointing_25pct_Power,Direct_Earth_to_Mars,Direct_Earth_to_Mars,0.94999999999999996,0.94999999999999996,0,194560,194560,0,594.83461492163781,594.83461492163781,0,10,10,0,0,0,0
979,1000978,Direct_Combined_25pctPower_BG16,Direct_Earth_to_Mars,Direct_Earth_to_Mars,0.94999999999999996,0.94999999999999996,0,194560,194560,0,594.83461492163781,594.83461492163781,0,10,10,0,0,0,0
980,1000979,Control,Direct_Earth_to_Mars,Direct_Earth_to_Mars,0.95499999999999996,0.95499999999999996,0,195584,195584,0,521.5511200993061,521.5511200993061,0,9,9,0,0,0,0
980,1000979,Direct_Background_16,Direct_Earth_to_Mars,Direct_Earth_to_Mars,0.95499999999999996,0.95499999999999996,0,195584,195584,0,521.5511200993061,521.5511200993061,0,9,9,0,0,0,0
980,1000979,Direct_Pointing_25pct_Power,Direct_Earth_to_Mars,Direct_Earth_to_Mars,0.95499999999999996,0.95499999999999996,0,195584,195584,0,521.5511200993061,521.5511200993061,0,9,9,0,0,0,0
980,1000979,Direct_Combined_25pctPower_BG16,Direct_Earth_to_Mars,Direct_Earth_to_Mars,0.95499999999999996,0.95499999999999996,0,195584,195584,0,521.5511200993061,521.5511200993061,0,9,9,0,0,0,0
981,1000980,Control,Direct_Earth_to_Mars,Direct_Earth_to_Mars,0.98999999999999999,0.98999999999999999,0,202752,202752,0,331.46018578280166,331.46018578280166,0,2,2,0,0,0,0
981,1000980,Direct_Background_16,Direct_Earth_to_Mars,Direct_Earth_to_Mars,0.98999999999999999,0.98999999999999999,0,202752,202752,0,331.46018578280166,331.46018578280166,0,2,2,0,0,0,0
981,1000980,Direct_Pointing_25pct_Power,Direct_Earth_to_Mars,Direct_Earth_to_Mars,0.98999999999999999,0.98999999999999999,0,202752,202752,0,331.46018578280166,331.46018578280166,0,2,2,0,0,0,0
981,1000980,Direct_Combined_25pctPower_BG16,Direct_Earth_to_Mars,Direct_Earth_to_Mars,0.98999999999999999,0.98999999999999999,0,202752,202752,0,331.46018578280166,331.46018578280166,0,2,2,0,0,0,0
982,1000981,Control,Direct_Earth_to_Mars,Direct_Earth_to_Mars,0.98499999999999999,0.98499999999999999,0,201728,201728,0,773.78126978622674,773.78126978622674,0,3,3,0,0,0,0
982,1000981,Direct_Background_16,Direct_Earth_to_Mars,Direct_Earth_to_Mars,0.98499999999999999,0.98499999999999999,0,201728,201728,0,773.78126978622674,773.78126978622674,0,3,3,0,0,0,0
982,1000981,Direct_Pointing_25pct_Power,Direct_Earth_to_Mars,Direct_Earth_to_Mars,0.98499999999999999,0.98499999999999999,0,201728,201728,0,773.78126978622674,773.78126978622674,0,3,3,0,0,0,0
982,1000981,Direct_Combined_25pctPower_BG16,Direct_Earth_to_Mars,Earth_Relay1_Mars,0.14000000000000001,0.97499999999999998,0.83499999999999996,28672,199680,171008,773.78126978622493,1247.9439024767473,474.1626326905224,3,5,2,169,0,-169
983,1000982,Control,Direct_Earth_to_Mars,Direct_Earth_to_Mars,0.89000000000000001,0.89000000000000001,0,182272,182272,0,295.48959741123508,295.48959741123508,0,22,22,0,0,0,0
983,1000982,Direct_Background_16,Direct_Earth_to_Mars,Direct_Earth_to_Mars,0.89000000000000001,0.89000000000000001,0,182272,182272,0,295.48959741123508,295.48959741123508,0,22,22,0,0,0,0
983,1000982,Direct_Pointing_25pct_Power,Direct_Earth_to_Mars,Direct_Earth_to_Mars,0.89000000000000001,0.89000000000000001,0,182272,182272,0,295.48959741123508,295.48959741123508,0,22,22,0,0,0,0
983,1000982,Direct_Combined_25pctPower_BG16,Direct_Earth_to_Mars,Direct_Earth_to_Mars,0.89000000000000001,0.89000000000000001,0,182272,182272,0,295.48959741123508,295.48959741123508,0,22,22,0,0,0,0
984,1000983,Control,Direct_Earth_to_Mars,Direct_Earth_to_Mars,0.88,0.88,0,180224,180224,0,1198.1593763345427,1198.1593763345427,0,24,24,0,0,0,0
984,1000983,Direct_Background_16,Direct_Earth_to_Mars,Direct_Earth_to_Mars,0.88,0.88,0,180224,180224,0,1198.1593763345427,1198.1593763345427,0,24,24,0,0,0,0
984,1000983,Direct_Pointing_25pct_Power,Direct_Earth_to_Mars,Earth_Relay2_Mars,0,0.73999999999999999,0.73999999999999999,0,151552,151552,0,1264.5650706150236,1264.5650706150236,24,52,28,176,0,-176
984,1000983,Direct_Combined_25pctPower_BG16,Direct_Earth_to_Mars,Earth_Relay2_Mars,0,0.73999999999999999,0.73999999999999999,0,151552,151552,0,1264.5650706150236,1264.5650706150236,24,52,28,176,0,-176
985,1000984,Control,Direct_Earth_to_Mars,Direct_Earth_to_Mars,0.92500000000000004,0.92500000000000004,0,189440,189440,0,892.20863020047273,892.20863020047273,0,15,15,0,0,0,0
985,1000984,Direct_Background_16,Direct_Earth_to_Mars,Direct_Earth_to_Mars,0.92500000000000004,0.92500000000000004,0,189440,189440,0,892.20863020047273,892.20863020047273,0,15,15,0,0,0,0
985,1000984,Direct_Pointing_25pct_Power,Direct_Earth_to_Mars,Direct_Earth_to_Mars,0.63500000000000001,0.63500000000000001,0,130048,130048,0,892.20863020047159,892.20863020047159,0,15,15,0,58,58,0
985,1000984,Direct_Combined_25pctPower_BG16,Direct_Earth_to_Mars,Earth_Relay2_Mars,0,0.83999999999999997,0.83999999999999997,0,172032,172032,0,958.29283083658106,958.29283083658106,15,32,17,185,0,-185
986,1000985,Control,Direct_Earth_to_Mars,Direct_Earth_to_Mars,0.94499999999999995,0.94499999999999995,0,193536,193536,0,625.51042328352617,625.51042328352617,0,11,11,0,0,0,0
986,1000985,Direct_Background_16,Direct_Earth_to_Mars,Direct_Earth_to_Mars,0.94499999999999995,0.94499999999999995,0,193536,193536,0,625.51042328352617,625.51042328352617,0,11,11,0,0,0,0
986,1000985,Direct_Pointing_25pct_Power,Direct_Earth_to_Mars,Direct_Earth_to_Mars,0.94499999999999995,0.94499999999999995,0,193536,193536,0,625.51042328352617,625.51042328352617,0,11,11,0,0,0,0
986,1000985,Direct_Combined_25pctPower_BG16,Direct_Earth_to_Mars,Direct_Earth_to_Mars,0.94499999999999995,0.94499999999999995,0,193536,193536,0,625.51042328352617,625.51042328352617,0,11,11,0,0,0,0
987,1000986,Control,Direct_Earth_to_Mars,Direct_Earth_to_Mars,0.83999999999999997,0.83999999999999997,0,172032,172032,0,377.81725543397442,377.81725543397442,0,32,32,0,0,0,0
987,1000986,Direct_Background_16,Direct_Earth_to_Mars,Direct_Earth_to_Mars,0.83999999999999997,0.83999999999999997,0,172032,172032,0,377.81725543397442,377.81725543397442,0,32,32,0,0,0,0
987,1000986,Direct_Pointing_25pct_Power,Direct_Earth_to_Mars,Direct_Earth_to_Mars,0.83999999999999997,0.83999999999999997,0,172032,172032,0,377.81725543397442,377.81725543397442,0,32,32,0,0,0,0
987,1000986,Direct_Combined_25pctPower_BG16,Direct_Earth_to_Mars,Direct_Earth_to_Mars,0.83999999999999997,0.83999999999999997,0,172032,172032,0,377.81725543397442,377.81725543397442,0,32,32,0,0,0,0
988,1000987,Control,Direct_Earth_to_Mars,Direct_Earth_to_Mars,0.82999999999999996,0.82999999999999996,0,169984,169984,0,797.53895772167311,797.53895772167311,0,34,34,0,0,0,0
988,1000987,Direct_Background_16,Direct_Earth_to_Mars,Direct_Earth_to_Mars,0.82999999999999996,0.82999999999999996,0,169984,169984,0,797.53895772167311,797.53895772167311,0,34,34,0,0,0,0
988,1000987,Direct_Pointing_25pct_Power,Direct_Earth_to_Mars,Direct_Earth_to_Mars,0.82499999999999996,0.82499999999999996,0,168960,168960,0,797.53895772167311,797.53895772167311,0,34,34,0,1,1,0
988,1000987,Direct_Combined_25pctPower_BG16,Direct_Earth_to_Mars,Earth_Relay2_Mars,0,0.68000000000000005,0.68000000000000005,0,139264,139264,0,863.55433218869837,863.55433218869837,34,64,30,166,0,-166
989,1000988,Control,Direct_Earth_to_Mars,Direct_Earth_to_Mars,0.93999999999999995,0.93999999999999995,0,192512,192512,0,1227.6218189279689,1227.6218189279689,0,12,12,0,0,0,0
989,1000988,Direct_Background_16,Direct_Earth_to_Mars,Direct_Earth_to_Mars,0.93999999999999995,0.93999999999999995,0,192512,192512,0,1227.6218189279689,1227.6218189279689,0,12,12,0,0,0,0
989,1000988,Direct_Pointing_25pct_Power,Direct_Earth_to_Mars,Earth_Relay2_Mars,0,0.90000000000000002,0.90000000000000002,0,184320,184320,0,1294.1646516002386,1294.1646516002386,12,20,8,188,0,-188
989,1000988,Direct_Combined_25pctPower_BG16,Direct_Earth_to_Mars,Earth_Relay2_Mars,0,0.90000000000000002,0.90000000000000002,0,184320,184320,0,1294.1646516002386,1294.1646516002386,12,20,8,188,0,-188
990,1000989,Control,Direct_Earth_to_Mars,Direct_Earth_to_Mars,0.94499999999999995,0.94499999999999995,0,193536,193536,0,1288.1660136709475,1288.1660136709475,0,11,11,0,0,0,0
990,1000989,Direct_Background_16,Direct_Earth_to_Mars,Direct_Earth_to_Mars,0.94499999999999995,0.94499999999999995,0,193536,193536,0,1288.1660136709475,1288.1660136709475,0,11,11,0,0,0,0
990,1000989,Direct_Pointing_25pct_Power,Direct_Earth_to_Mars,Earth_Relay1_Mars,0,0,0,0,0,0,0,0,0,11,18,7,189,0,-189
990,1000989,Direct_Combined_25pctPower_BG16,Direct_Earth_to_Mars,Earth_Relay1_Mars,0,0,0,0,0,0,0,0,0,11,18,7,189,0,-189
991,1000990,Control,Direct_Earth_to_Mars,Direct_Earth_to_Mars,0.80500000000000005,0.80500000000000005,0,164864,164864,0,371.56639984515652,371.56639984515652,0,39,39,0,0,0,0
991,1000990,Direct_Background_16,Direct_Earth_to_Mars,Direct_Earth_to_Mars,0.80500000000000005,0.80500000000000005,0,164864,164864,0,371.56639984515652,371.56639984515652,0,39,39,0,0,0,0
991,1000990,Direct_Pointing_25pct_Power,Direct_Earth_to_Mars,Direct_Earth_to_Mars,0.80500000000000005,0.80500000000000005,0,164864,164864,0,371.56639984515652,371.56639984515652,0,39,39,0,0,0,0
991,1000990,Direct_Combined_25pctPower_BG16,Direct_Earth_to_Mars,Direct_Earth_to_Mars,0.80500000000000005,0.80500000000000005,0,164864,164864,0,371.56639984515652,371.56639984515652,0,39,39,0,0,0,0
992,1000991,Control,Direct_Earth_to_Mars,Direct_Earth_to_Mars,0.81999999999999995,0.81999999999999995,0,167936,167936,0,1170.6507924051552,1170.6507924051552,0,36,36,0,0,0,0
992,1000991,Direct_Background_16,Direct_Earth_to_Mars,Direct_Earth_to_Mars,0.81999999999999995,0.81999999999999995,0,167936,167936,0,1170.6507924051552,1170.6507924051552,0,36,36,0,0,0,0
992,1000991,Direct_Pointing_25pct_Power,Direct_Earth_to_Mars,Earth_Relay2_Mars,0,0.66000000000000003,0.66000000000000003,0,135168,135168,0,1237.022727405641,1237.022727405641,36,68,32,164,0,-164
992,1000991,Direct_Combined_25pctPower_BG16,Direct_Earth_to_Mars,Earth_Relay2_Mars,0,0.66000000000000003,0.66000000000000003,0,135168,135168,0,1237.022727405641,1237.022727405641,36,68,32,164,0,-164
993,1000992,Control,Direct_Earth_to_Mars,Direct_Earth_to_Mars,0.90000000000000002,0.90000000000000002,0,184320,184320,0,908.21773944683378,908.21773944683378,0,20,20,0,0,0,0
993,1000992,Direct_Background_16,Direct_Earth_to_Mars,Direct_Earth_to_Mars,0.90000000000000002,0.90000000000000002,0,184320,184320,0,908.21773944683378,908.21773944683378,0,20,20,0,0,0,0
993,1000992,Direct_Pointing_25pct_Power,Direct_Earth_to_Mars,Direct_Earth_to_Mars,0.68000000000000005,0.68000000000000005,0,139264,139264,0,908.21773944683093,908.21773944683093,0,20,20,0,44,44,0
993,1000992,Direct_Combined_25pctPower_BG16,Direct_Earth_to_Mars,Direct_Earth_to_Mars,0,0,0,0,0,0,0,0,0,20,20,0,180,180,0
994,1000993,Control,Direct_Earth_to_Mars,Direct_Earth_to_Mars,0.89500000000000002,0.89500000000000002,0,183296,183296,0,857.08838086334924,857.08838086334924,0,21,21,0,0,0,0
994,1000993,Direct_Background_16,Direct_Earth_to_Mars,Direct_Earth_to_Mars,0.89500000000000002,0.89500000000000002,0,183296,183296,0,857.08838086334924,857.08838086334924,0,21,21,0,0,0,0
994,1000993,Direct_Pointing_25pct_Power,Direct_Earth_to_Mars,Direct_Earth_to_Mars,0.70499999999999996,0.70499999999999996,0,144384,144384,0,857.0883808633514,857.0883808633514,0,21,21,0,38,38,0
994,1000993,Direct_Combined_25pctPower_BG16,Direct_Earth_to_Mars,Earth_Relay1_Mars,0,0.80500000000000005,0.80500000000000005,0,164864,164864,0,1042.1106733153686,1042.1106733153686,21,39,18,179,0,-179
995,1000994,Control,Direct_Earth_to_Mars,Direct_Earth_to_Mars,0.81499999999999995,0.81499999999999995,0,166912,166912,0,1203.688959579556,1203.688959579556,0,37,37,0,0,0,0
995,1000994,Direct_Background_16,Direct_Earth_to_Mars,Direct_Earth_to_Mars,0.81499999999999995,0.81499999999999995,0,166912,166912,0,1203.688959579556,1203.688959579556,0,37,37,0,0,0,0
995,1000994,Direct_Pointing_25pct_Power,Direct_Earth_to_Mars,Earth_Relay2_Mars,0,0.68999999999999995,0.68999999999999995,0,141312,141312,0,1270.1015586423246,1270.1015586423246,37,62,25,163,0,-163
995,1000994,Direct_Combined_25pctPower_BG16,Direct_Earth_to_Mars,Earth_Relay2_Mars,0,0.68999999999999995,0.68999999999999995,0,141312,141312,0,1270.1015586423246,1270.1015586423246,37,62,25,163,0,-163
996,1000995,Control,Direct_Earth_to_Mars,Direct_Earth_to_Mars,0.79500000000000004,0.79500000000000004,0,162816,162816,0,773.85181182961992,773.85181182961992,0,41,41,0,0,0,0
996,1000995,Direct_Background_16,Direct_Earth_to_Mars,Direct_Earth_to_Mars,0.79500000000000004,0.79500000000000004,0,162816,162816,0,773.85181182961992,773.85181182961992,0,41,41,0,0,0,0
996,1000995,Direct_Pointing_25pct_Power,Direct_Earth_to_Mars,Direct_Earth_to_Mars,0.79500000000000004,0.79500000000000004,0,162816,162816,0,773.85181182961992,773.85181182961992,0,41,41,0,0,0,0
996,1000995,Direct_Combined_25pctPower_BG16,Direct_Earth_to_Mars,Direct_Earth_to_Mars,0.32000000000000001,0.32000000000000001,0,65536,65536,0,773.85181182962026,773.85181182962026,0,41,41,0,95,95,0
997,1000996,Control,Direct_Earth_to_Mars,Direct_Earth_to_Mars,0.94999999999999996,0.94999999999999996,0,194560,194560,0,982.46298675915307,982.46298675915307,0,10,10,0,0,0,0
997,1000996,Direct_Background_16,Direct_Earth_to_Mars,Direct_Earth_to_Mars,0.94999999999999996,0.94999999999999996,0,194560,194560,0,982.46298675915307,982.46298675915307,0,10,10,0,0,0,0
997,1000996,Direct_Pointing_25pct_Power,Direct_Earth_to_Mars,Earth_Relay2_Mars,0,0.86499999999999999,0.86499999999999999,0,177152,177152,0,1048.6236078319698,1048.6236078319698,10,27,17,190,0,-190
997,1000996,Direct_Combined_25pctPower_BG16,Direct_Earth_to_Mars,Earth_Relay2_Mars,0,0.86499999999999999,0.86499999999999999,0,177152,177152,0,1048.6236078319698,1048.6236078319698,10,27,17,190,0,-190
998,1000997,Control,Direct_Earth_to_Mars,Direct_Earth_to_Mars,0.94499999999999995,0.94499999999999995,0,193536,193536,0,1096.782407860386,1096.782407860386,0,11,11,0,0,0,0
998,1000997,Direct_Background_16,Direct_Earth_to_Mars,Direct_Earth_to_Mars,0.94499999999999995,0.94499999999999995,0,193536,193536,0,1096.782407860386,1096.782407860386,0,11,11,0,0,0,0
998,1000997,Direct_Pointing_25pct_Power,Direct_Earth_to_Mars,Earth_Relay2_Mars,0,0.88500000000000001,0.88500000000000001,0,181248,181248,0,1163.0682478845029,1163.0682478845029,11,23,12,189,0,-189
998,1000997,Direct_Combined_25pctPower_BG16,Direct_Earth_to_Mars,Earth_Relay2_Mars,0,0.88500000000000001,0.88500000000000001,0,181248,181248,0,1163.0682478845029,1163.0682478845029,11,23,12,189,0,-189
999,1000998,Control,Direct_Earth_to_Mars,Direct_Earth_to_Mars,0.98499999999999999,0.98499999999999999,0,201728,201728,0,295.47813717075206,295.47813717075206,0,3,3,0,0,0,0
999,1000998,Direct_Background_16,Direct_Earth_to_Mars,Direct_Earth_to_Mars,0.98499999999999999,0.98499999999999999,0,201728,201728,0,295.47813717075206,295.47813717075206,0,3,3,0,0,0,0
999,1000998,Direct_Pointing_25pct_Power,Direct_Earth_to_Mars,Direct_Earth_to_Mars,0.98499999999999999,0.98499999999999999,0,201728,201728,0,295.47813717075206,295.47813717075206,0,3,3,0,0,0,0
999,1000998,Direct_Combined_25pctPower_BG16,Direct_Earth_to_Mars,Direct_Earth_to_Mars,0.98499999999999999,0.98499999999999999,0,201728,201728,0,295.47813717075206,295.47813717075206,0,3,3,0,0,0,0
1000,1000999,Control,Direct_Earth_to_Mars,Direct_Earth_to_Mars,0.83999999999999997,0.83999999999999997,0,172032,172032,0,1014.1006048555425,1014.1006048555425,0,32,32,0,0,0,0
1000,1000999,Direct_Background_16,Direct_Earth_to_Mars,Direct_Earth_to_Mars,0.83999999999999997,0.83999999999999997,0,172032,172032,0,1014.1006048555425,1014.1006048555425,0,32,32,0,0,0,0
1000,1000999,Direct_Pointing_25pct_Power,Direct_Earth_to_Mars,Earth_Relay2_Mars,0,0.64500000000000002,0.64500000000000002,0,132096,132096,0,1080.2978910389322,1080.2978910389322,32,71,39,168,0,-168
1000,1000999,Direct_Combined_25pctPower_BG16,Direct_Earth_to_Mars,Earth_Relay2_Mars,0,0.64500000000000002,0.64500000000000002,0,132096,132096,0,1080.2978910389322,1080.2978910389322,32,71,39,168,0,-168
