Trial,Seed,Policy,Orbital_Phase_Radians,Simulation_Days_Since_J2000,Earth_X_km,Earth_Y_km,Earth_Z_km,Mars_X_km,Mars_Y_km,Mars_Z_km,Relay0_X_km,Relay0_Y_km,Relay0_Z_km,Relay1_X_km,Relay1_Y_km,Relay1_Z_km,Relay2_X_km,Relay2_Y_km,Relay2_Z_km,Earth_Mars_Distance_Meters,Optical_Degradation_Factor,Relay_0_Online,Relay_1_Online,Relay_2_Online,Contact_Realization_Probability,Generated_Packets,PAT_Delay_Seconds,First_Packet_Release_s,Last_Packet_Release_s,Direct_Available,Relay0_Route_Available,Relay1_Route_Available,Relay2_Route_Available,Available_Route_Count,Relay0_Earth_Hop_Distance_m,Relay0_Mars_Hop_Distance_m,Relay1_Earth_Hop_Distance_m,Relay1_Mars_Hop_Distance_m,Relay2_Earth_Hop_Distance_m,Relay2_Mars_Hop_Distance_m,Direct_Total_Route_Distance_m,Relay0_Total_Route_Distance_m,Relay1_Total_Route_Distance_m,Relay2_Total_Route_Distance_m,Direct_Propagation_Delay_s,Relay0_Propagation_Delay_s,Relay1_Propagation_Delay_s,Relay2_Propagation_Delay_s,Direct_Hop_Count,Relay0_Hop_Count,Relay1_Hop_Count,Relay2_Hop_Count,Direct_Route_Contact_Probability,Relay0_Route_Contact_Probability,Relay1_Route_Contact_Probability,Relay2_Route_Contact_Probability,Direct_PAT_Cost_s,Relay0_PAT_Cost_s,Relay1_PAT_Cost_s,Relay2_PAT_Cost_s,Direct_Hop1_Optical_Quality,Relay0_Hop1_Optical_Quality,Relay0_Hop2_Optical_Quality,Relay1_Hop1_Optical_Quality,Relay1_Hop2_Optical_Quality,Relay2_Hop1_Optical_Quality,Relay2_Hop2_Optical_Quality,Direct_Predicted_Optical_Quality,Relay0_Predicted_Optical_Quality,Relay1_Predicted_Optical_Quality,Relay2_Predicted_Optical_Quality,Direct_Link_Stability,Relay0_Link_Stability,Relay1_Link_Stability,Relay2_Link_Stability,Direct_Contact_Available,Relay0_Contact_Available,Relay1_Contact_Available,Relay2_Contact_Available,Selected_Route_Index,Selected_Route_Name,Selected_Route_Score,Direct_Policy_Score,Relay0_Policy_Score,Relay1_Policy_Score,Relay2_Policy_Score,Selected_Propagation_Delay_s,Selected_PAT_Cost_s,Selected_Optical_Quality,Selected_Link_Stability,Phase8_Packet_Index,Phase8_Packet_Release_s,Phase8_Packet_Size_bits,Phase8_Data_Rate_bps,Phase8_Transmission_Time_Per_Hop_s,Phase8_Total_Transmission_Time_s,Phase8_PAT_Time_s,Phase8_Propagation_Time_s,Phase8_End_To_End_Latency_s,Phase8_Arrival_Time_s,Phase8_TTL_s,Phase8_Deadline_s,Phase8_Outcome,Phase8_Delivered,Phase8_Expired,Phase8_Dropped,Phase9_Generated_Packets,Phase9_Delivered_Packets,Phase9_Expired_Packets,Phase9_Dropped_Packets,Phase9_Contact_Failure_Drops,Phase9_No_Route_Drops,Phase9_Route_Unavailable_Drops,Phase9_Invalid_State_Drops,Phase9_Reliability,Phase9_Delivered_Bits,Phase9_Delivered_Throughput_bps,Phase9_Mean_Delivered_Latency_s,Phase9_Median_Delivered_Latency_s,Phase9_P95_Delivered_Latency_s,Phase9_Total_PAT_Burden_s,Phase9_Mean_PAT_Per_Generated_Packet_s,Phase9_Direct_Selection_Count,Phase9_Relay0_Selection_Count,Phase9_Relay1_Selection_Count,Phase9_Relay2_Selection_Count,Phase9_No_Route_Selection_Count,Phase9_Route_Switch_Count
1,100000,B1,5.9027199807436777,732.71234202191249,-32143376.716084719,143543600.41521862,-689.02944175583059,189498998.91369951,98315108.173723087,-2597240.0887667672,148600708.5595623,161359867.94290271,-1763971.9862087066,206668899.76862699,24695845.733096544,20230796.037959475,190386579.83923283,98775599.338357061,-2609405.1174742258,226224890899.86777,0.91535498130280457,1,0,1,0.85134381764986822,200,60,23893.098475684965,6148.1591069478836,1,1,0,1,3,181628612606.97336,75153218320.811935,267517111940.19858,78966578570.133102,227003438045.67664,1000000000.0000001,226224890899.86777,256781830927.78528,346483690510.33167,228003438045.67664,754.58602701757093,856.51044338820975,1155.7161124427341,760.51847246723366,1,2,2,2,0.85134381764986822,0.72478629585065202,0.72478629585065202,0.72478629585065202,60,120,120,120,0.053320481161427465,0.082719195813283006,0.48314742368322977,0.038130429767926896,0.43761096130956822,0.052955364917800465,1,0.053320481161427465,0.082719195813283006,0.038130429767926896,0.052955364917800465,0.045394061990897537,0.059953739529254153,0,0.038381322784192165,1,1,0,1,0,Direct_Earth_to_Mars,0.85134381764986822,0.85134381764986822,0.72478629585065202,-1,0.72478629585065202,754.58602701757093,60,0.053320481161427465,0.045394061990897537,0,23893.098475684965,8192,100000000,8.1920000000000002e-05,8.1920000000000002e-05,60,754.58602701757093,814.58610893757088,24707.684584622537,1500,25393.098475684965,DELIVERED_MECHANICALLY,1,0,0,200,166,0,34,34,0,0,0,0.82999999999999996,1359872,31.47851851851852,814.58610893756918,814.58610893757088,814.58610893757088,12000,60,200,0,0,0,0,0
1,100000,B2,5.9027199807436777,732.71234202191249,-32143376.716084719,143543600.41521862,-689.02944175583059,189498998.91369951,98315108.173723087,-2597240.0887667672,148600708.5595623,161359867.94290271,-1763971.9862087066,206668899.76862699,24695845.733096544,20230796.037959475,190386579.83923283,98775599.338357061,-2609405.1174742258,226224890899.86777,0.91535498130280457,1,0,1,0.85134381764986822,200,60,23893.098475684965,6148.1591069478836,1,1,0,1,3,181628612606.97336,75153218320.811935,267517111940.19858,78966578570.133102,227003438045.67664,1000000000.0000001,226224890899.86777,256781830927.78528,346483690510.33167,228003438045.67664,754.58602701757093,856.51044338820975,1155.7161124427341,760.51847246723366,1,2,2,2,0.85134381764986822,0.72478629585065202,0.72478629585065202,0.72478629585065202,60,120,120,120,0.053320481161427465,0.082719195813283006,0.48314742368322977,0.038130429767926896,0.43761096130956822,0.052955364917800465,1,0.053320481161427465,0.082719195813283006,0.038130429767926896,0.052955364917800465,0.045394061990897537,0.059953739529254153,0,0.038381322784192165,1,1,0,1,0,Direct_Earth_to_Mars,0.85134381764986822,0.85134381764986822,0.36239314792532601,-1,0.36239314792532601,754.58602701757093,60,0.053320481161427465,0.045394061990897537,0,23893.098475684965,8192,100000000,8.1920000000000002e-05,8.1920000000000002e-05,60,754.58602701757093,814.58610893757088,24707.684584622537,1500,25393.098475684965,DELIVERED_MECHANICALLY,1,0,0,200,166,0,34,34,0,0,0,0.82999999999999996,1359872,31.47851851851852,814.58610893756918,814.58610893757088,814.58610893757088,12000,60,200,0,0,0,0,0
1,100000,B3,5.9027199807436777,732.71234202191249,-32143376.716084719,143543600.41521862,-689.02944175583059,189498998.91369951,98315108.173723087,-2597240.0887667672,148600708.5595623,161359867.94290271,-1763971.9862087066,206668899.76862699,24695845.733096544,20230796.037959475,190386579.83923283,98775599.338357061,-2609405.1174742258,226224890899.86777,0.91535498130280457,1,0,1,0.85134381764986822,200,60,23893.098475684965,6148.1591069478836,1,1,0,1,3,181628612606.97336,75153218320.811935,267517111940.19858,78966578570.133102,227003438045.67664,1000000000.0000001,226224890899.86777,256781830927.78528,346483690510.33167,228003438045.67664,754.58602701757093,856.51044338820975,1155.7161124427341,760.51847246723366,1,2,2,2,0.85134381764986822,0.72478629585065202,0.72478629585065202,0.72478629585065202,60,120,120,120,0.053320481161427465,0.082719195813283006,0.48314742368322977,0.038130429767926896,0.43761096130956822,0.052955364917800465,1,0.053320481161427465,0.082719195813283006,0.038130429767926896,0.052955364917800465,0.045394061990897537,0.059953739529254153,0,0.038381322784192165,1,1,0,1,0,Direct_Earth_to_Mars,0.045394061990897537,0.045394061990897537,0.029976869764627077,-1,0.019190661392096083,754.58602701757093,60,0.053320481161427465,0.045394061990897537,0,23893.098475684965,8192,100000000,8.1920000000000002e-05,8.1920000000000002e-05,60,754.58602701757093,814.58610893757088,24707.684584622537,1500,25393.098475684965,DELIVERED_MECHANICALLY,1,0,0,200,166,0,34,34,0,0,0,0.82999999999999996,1359872,31.47851851851852,814.58610893756918,814.58610893757088,814.58610893757088,12000,60,200,0,0,0,0,0
1,100000,B4,5.9027199807436777,732.71234202191249,-32143376.716084719,143543600.41521862,-689.02944175583059,189498998.91369951,98315108.173723087,-2597240.0887667672,148600708.5595623,161359867.94290271,-1763971.9862087066,206668899.76862699,24695845.733096544,20230796.037959475,190386579.83923283,98775599.338357061,-2609405.1174742258,226224890899.86777,0.91535498130280457,1,0,1,0.85134381764986822,200,60,23893.098475684965,6148.1591069478836,1,1,0,1,3,181628612606.97336,75153218320.811935,267517111940.19858,78966578570.133102,227003438045.67664,1000000000.0000001,226224890899.86777,256781830927.78528,346483690510.33167,228003438045.67664,754.58602701757093,856.51044338820975,1155.7161124427341,760.51847246723366,1,2,2,2,0.85134381764986822,0.72478629585065202,0.72478629585065202,0.72478629585065202,60,120,120,120,0.053320481161427465,0.082719195813283006,0.48314742368322977,0.038130429767926896,0.43761096130956822,0.052955364917800465,1,0.053320481161427465,0.082719195813283006,0.038130429767926896,0.052955364917800465,0.045394061990897537,0.059953739529254153,0,0.038381322784192165,1,1,0,1,0,Direct_Earth_to_Mars,0.045394061990897537,0.045394061990897537,0.026409633685996536,-1,0.019040964105346135,754.58602701757093,60,0.053320481161427465,0.045394061990897537,0,23893.098475684965,8192,100000000,8.1920000000000002e-05,8.1920000000000002e-05,60,754.58602701757093,814.58610893757088,24707.684584622537,1500,25393.098475684965,DELIVERED_MECHANICALLY,1,0,0,200,166,0,34,34,0,0,0,0.82999999999999996,1359872,31.47851851851852,814.58610893756918,814.58610893757088,814.58610893757088,12000,60,200,0,0,0,0,0
2,100001,B1,1.6078415250924314,199.58346885737467,68341082.339569435,-135796761.22789192,203.95785050912508,-75767952.714867294,228792405.16282591,6654975.3379159616,-133597338.52719516,200027284.50273725,48557434.949170023,-6809090.3556255596,234386006.1643149,-22517186.846809044,-76082207.226239398,229741342.58179864,6682577.456596408,392093050456.03699,0.93381665290172622,1,0,1,0.80392646849118699,200,60,7665.3823099149768,2571.11996556039,1,1,0,1,3,394860380634.21185,76990169187.327438,378404363900.47095,75084140246.636673,393091396524.23114,999999999.99999845,392093050456.03699,471850549821.53931,453488504147.1076,394091396524.23114,1307.848734009463,1573.8844223533665,1512.6367716714731,1314.5143313016383,1,2,2,2,0.80392646849118699,0.64629776674071149,0.64629776674071149,0.64629776674071149,60,120,120,120,0.018107921797430114,0.017854996946343633,0.46965219012163828,0.019441717465525889,0.49379930626835683,0.018016060128091073,1,0.018107921797430114,0.017854996946343633,0.019441717465525889,0.018016060128091073,0.014557437622322578,0.011539644651584113,0,0.011643739426251637,1,1,0,1,0,Direct_Earth_to_Mars,0.80392646849118699,0.80392646849118699,0.64629776674071149,-1,0.64629776674071149,1307.848734009463,60,0.018107921797430114,0.014557437622322578,0,7665.3823099149768,8192,100000000,8.1920000000000002e-05,8.1920000000000002e-05,60,1307.848734009463,1367.8488159294629,9033.2311258444388,1500,9165.3823099149777,DELIVERED_MECHANICALLY,1,0,0,200,162,0,38,38,0,0,0,0.81000000000000005,1327104,30.719999999999999,1367.8488159294645,1367.8488159294629,1367.8488159294629,12000,60,200,0,0,0,0,0
2,100001,B2,1.6078415250924314,199.58346885737467,68341082.339569435,-135796761.22789192,203.95785050912508,-75767952.714867294,228792405.16282591,6654975.3379159616,-133597338.52719516,200027284.50273725,48557434.949170023,-6809090.3556255596,234386006.1643149,-22517186.846809044,-76082207.226239398,229741342.58179864,6682577.456596408,392093050456.03699,0.93381665290172622,1,0,1,0.80392646849118699,200,60,7665.3823099149768,2571.11996556039,1,1,0,1,3,394860380634.21185,76990169187.327438,378404363900.47095,75084140246.636673,393091396524.23114,999999999.99999845,392093050456.03699,471850549821.53931,453488504147.1076,394091396524.23114,1307.848734009463,1573.8844223533665,1512.6367716714731,1314.5143313016383,1,2,2,2,0.80392646849118699,0.64629776674071149,0.64629776674071149,0.64629776674071149,60,120,120,120,0.018107921797430114,0.017854996946343633,0.46965219012163828,0.019441717465525889,0.49379930626835683,0.018016060128091073,1,0.018107921797430114,0.017854996946343633,0.019441717465525889,0.018016060128091073,0.014557437622322578,0.011539644651584113,0,0.011643739426251637,1,1,0,1,0,Direct_Earth_to_Mars,0.80392646849118699,0.80392646849118699,0.32314888337035574,-1,0.32314888337035574,1307.848734009463,60,0.018107921797430114,0.014557437622322578,0,7665.3823099149768,8192,100000000,8.1920000000000002e-05,8.1920000000000002e-05,60,1307.848734009463,1367.8488159294629,9033.2311258444388,1500,9165.3823099149777,DELIVERED_MECHANICALLY,1,0,0,200,162,0,38,38,0,0,0,0.81000000000000005,1327104,30.719999999999999,1367.8488159294645,1367.8488159294629,1367.8488159294629,12000,60,200,0,0,0,0,0
2,100001,B3,1.6078415250924314,199.58346885737467,68341082.339569435,-135796761.22789192,203.95785050912508,-75767952.714867294,228792405.16282591,6654975.3379159616,-133597338.52719516,200027284.50273725,48557434.949170023,-6809090.3556255596,234386006.1643149,-22517186.846809044,-76082207.226239398,229741342.58179864,6682577.456596408,392093050456.03699,0.93381665290172622,1,0,1,0.80392646849118699,200,60,7665.3823099149768,2571.11996556039,1,1,0,1,3,394860380634.21185,76990169187.327438,378404363900.47095,75084140246.636673,393091396524.23114,999999999.99999845,392093050456.03699,471850549821.53931,453488504147.1076,394091396524.23114,1307.848734009463,1573.8844223533665,1512.6367716714731,1314.5143313016383,1,2,2,2,0.80392646849118699,0.64629776674071149,0.64629776674071149,0.64629776674071149,60,120,120,120,0.018107921797430114,0.017854996946343633,0.46965219012163828,0.019441717465525889,0.49379930626835683,0.018016060128091073,1,0.018107921797430114,0.017854996946343633,0.019441717465525889,0.018016060128091073,0.014557437622322578,0.011539644651584113,0,0.011643739426251637,1,1,0,1,0,Direct_Earth_to_Mars,0.014557437622322578,0.014557437622322578,0.0057698223257920565,-1,0.0058218697131258183,1307.848734009463,60,0.018107921797430114,0.014557437622322578,0,7665.3823099149768,8192,100000000,8.1920000000000002e-05,8.1920000000000002e-05,60,1307.848734009463,1367.8488159294629,9033.2311258444388,1500,9165.3823099149777,DELIVERED_MECHANICALLY,1,0,0,200,162,0,38,38,0,0,0,0.81000000000000005,1327104,30.719999999999999,1367.8488159294645,1367.8488159294629,1367.8488159294629,12000,60,200,0,0,0,0,0
2,100001,B4,1.6078415250924314,199.58346885737467,68341082.339569435,-135796761.22789192,203.95785050912508,-75767952.714867294,228792405.16282591,6654975.3379159616,-133597338.52719516,200027284.50273725,48557434.949170023,-6809090.3556255596,234386006.1643149,-22517186.846809044,-76082207.226239398,229741342.58179864,6682577.456596408,392093050456.03699,0.93381665290172622,1,0,1,0.80392646849118699,200,60,7665.3823099149768,2571.11996556039,1,1,0,1,3,394860380634.21185,76990169187.327438,378404363900.47095,75084140246.636673,393091396524.23114,999999999.99999845,392093050456.03699,471850549821.53931,453488504147.1076,394091396524.23114,1307.848734009463,1573.8844223533665,1512.6367716714731,1314.5143313016383,1,2,2,2,0.80392646849118699,0.64629776674071149,0.64629776674071149,0.64629776674071149,60,120,120,120,0.018107921797430114,0.017854996946343633,0.46965219012163828,0.019441717465525889,0.49379930626835683,0.018016060128091073,1,0.018107921797430114,0.017854996946343633,0.019441717465525889,0.018016060128091073,0.014557437622322578,0.011539644651584113,0,0.011643739426251637,1,1,0,1,0,Direct_Earth_to_Mars,0.014557437622322578,0.014557437622322578,0.0047945419098585152,-1,0.0057923483621057934,1307.848734009463,60,0.018107921797430114,0.014557437622322578,0,7665.3823099149768,8192,100000000,8.1920000000000002e-05,8.1920000000000002e-05,60,1307.848734009463,1367.8488159294629,9033.2311258444388,1500,9165.3823099149777,DELIVERED_MECHANICALLY,1,0,0,200,162,0,38,38,0,0,0,0.81000000000000005,1327104,30.719999999999999,1367.8488159294645,1367.8488159294629,1367.8488159294629,12000,60,200,0,0,0,0,0
3,100002,B1,0.66808287704080471,82.930000253820651,-148793188.28017545,-10638401.168511849,8.3006868995257239,144525804.9448871,165736549.76267827,-80313.902109963412,87433603.400344446,208476779.49346966,14411940.511607964,186359094.35050181,104544595.95423317,10600704.497859823,145183037.06707403,166490237.89723668,-80679.130148962911,342263292735.57843,0.92420181873497187,1,1,1,0.90690630166538877,200,60,9773.9532189422971,9514.3494179550216,1,1,1,1,4,322524825857.26129,72775491428.33342,354551195370.42371,74890342951.873886,343215067205.9176,999999999.99999499,342263292735.57843,395300317285.59473,429441538322.29761,344215067205.9176,1141.6387349418894,1318.5467554556194,1432.426745571373,1148.1489900130673,1,2,2,2,0.90690630166538877,0.82247904000039318,0.82247904000039318,0.82247904000039318,60,120,120,120,0.023519682563651931,0.026486575149264883,0.52021373043848607,0.021917660542765994,0.49124762694233726,0.02338941791694877,1,0.023519682563651931,0.026486575149264883,0.021917660542765994,0.02338941791694877,0.021330148330145501,0.021784652901665653,0.018026816402268671,0.01923730599450002,1,1,1,1,0,Direct_Earth_to_Mars,0.90690630166538877,0.90690630166538877,0.82247904000039318,0.82247904000039318,0.82247904000039318,1141.6387349418894,60,0.023519682563651931,0.021330148330145501,0,9773.9532189422971,8192,100000000,8.1920000000000002e-05,8.1920000000000002e-05,60,1141.6387349418894,1201.6388168618894,10975.592035804186,1500,11273.953218942297,DELIVERED_MECHANICALLY,1,0,0,200,177,0,23,23,0,0,0,0.88500000000000001,1449984,33.564444444444447,1201.6388168618928,1201.6388168618894,1201.6388168618894,12000,60,200,0,0,0,0,0
3,100002,B2,0.66808287704080471,82.930000253820651,-148793188.28017545,-10638401.168511849,8.3006868995257239,144525804.9448871,165736549.76267827,-80313.902109963412,87433603.400344446,208476779.49346966,14411940.511607964,186359094.35050181,104544595.95423317,10600704.497859823,145183037.06707403,166490237.89723668,-80679.130148962911,342263292735.57843,0.92420181873497187,1,1,1,0.90690630166538877,200,60,9773.9532189422971,9514.3494179550216,1,1,1,1,4,322524825857.26129,72775491428.33342,354551195370.42371,74890342951.873886,343215067205.9176,999999999.99999499,342263292735.57843,395300317285.59473,429441538322.29761,344215067205.9176,1141.6387349418894,1318.5467554556194,1432.426745571373,1148.1489900130673,1,2,2,2,0.90690630166538877,0.82247904000039318,0.82247904000039318,0.82247904000039318,60,120,120,120,0.023519682563651931,0.026486575149264883,0.52021373043848607,0.021917660542765994,0.49124762694233726,0.02338941791694877,1,0.023519682563651931,0.026486575149264883,0.021917660542765994,0.02338941791694877,0.021330148330145501,0.021784652901665653,0.018026816402268671,0.01923730599450002,1,1,1,1,0,Direct_Earth_to_Mars,0.90690630166538877,0.90690630166538877,0.41123952000019659,0.41123952000019659,0.41123952000019659,1141.6387349418894,60,0.023519682563651931,0.021330148330145501,0,9773.9532189422971,8192,100000000,8.1920000000000002e-05,8.1920000000000002e-05,60,1141.6387349418894,1201.6388168618894,10975.592035804186,1500,11273.953218942297,DELIVERED_MECHANICALLY,1,0,0,200,177,0,23,23,0,0,0,0.88500000000000001,1449984,33.564444444444447,1201.6388168618928,1201.6388168618894,1201.6388168618894,12000,60,200,0,0,0,0,0
3,100002,B3,0.66808287704080471,82.930000253820651,-148793188.28017545,-10638401.168511849,8.3006868995257239,144525804.9448871,165736549.76267827,-80313.902109963412,87433603.400344446,208476779.49346966,14411940.511607964,186359094.35050181,104544595.95423317,10600704.497859823,145183037.06707403,166490237.89723668,-80679.130148962911,342263292735.57843,0.92420181873497187,1,1,1,0.90690630166538877,200,60,9773.9532189422971,9514.3494179550216,1,1,1,1,4,322524825857.26129,72775491428.33342,354551195370.42371,74890342951.873886,343215067205.9176,999999999.99999499,342263292735.57843,395300317285.59473,429441538322.29761,344215067205.9176,1141.6387349418894,1318.5467554556194,1432.426745571373,1148.1489900130673,1,2,2,2,0.90690630166538877,0.82247904000039318,0.82247904000039318,0.82247904000039318,60,120,120,120,0.023519682563651931,0.026486575149264883,0.52021373043848607,0.021917660542765994,0.49124762694233726,0.02338941791694877,1,0.023519682563651931,0.026486575149264883,0.021917660542765994,0.02338941791694877,0.021330148330145501,0.021784652901665653,0.018026816402268671,0.01923730599450002,1,1,1,1,0,Direct_Earth_to_Mars,0.021330148330145501,0.021330148330145501,0.010892326450832827,0.0090134082011343354,0.0096186529972500101,1141.6387349418894,60,0.023519682563651931,0.021330148330145501,0,9773.9532189422971,8192,100000000,8.1920000000000002e-05,8.1920000000000002e-05,60,1141.6387349418894,1201.6388168618894,10975.592035804186,1500,11273.953218942297,DELIVERED_MECHANICALLY,1,0,0,200,177,0,23,23,0,0,0,0.88500000000000001,1449984,33.564444444444447,1201.6388168618928,1201.6388168618894,1201.6388168618894,12000,60,200,0,0,0,0,0
3,100002,B4,0.66808287704080471,82.930000253820651,-148793188.28017545,-10638401.168511849,8.3006868995257239,144525804.9448871,165736549.76267827,-80313.902109963412,87433603.400344446,208476779.49346966,14411940.511607964,186359094.35050181,104544595.95423317,10600704.497859823,145183037.06707403,166490237.89723668,-80679.130148962911,342263292735.57843,0.92420181873497187,1,1,1,0.90690630166538877,200,60,9773.9532189422971,9514.3494179550216,1,1,1,1,4,322524825857.26129,72775491428.33342,354551195370.42371,74890342951.873886,343215067205.9176,999999999.99999499,342263292735.57843,395300317285.59473,429441538322.29761,344215067205.9176,1141.6387349418894,1318.5467554556194,1432.426745571373,1148.1489900130673,1,2,2,2,0.90690630166538877,0.82247904000039318,0.82247904000039318,0.82247904000039318,60,120,120,120,0.023519682563651931,0.026486575149264883,0.52021373043848607,0.021917660542765994,0.49124762694233726,0.02338941791694877,1,0.023519682563651931,0.026486575149264883,0.021917660542765994,0.02338941791694877,0.021330148330145501,0.021784652901665653,0.018026816402268671,0.01923730599450002,1,1,1,1,0,Direct_Earth_to_Mars,0.021330148330145501,0.021330148330145501,0.009430914556841757,0.0071836524751241713,0.0095641131378781576,1141.6387349418894,60,0.023519682563651931,0.021330148330145501,0,9773.9532189422971,8192,100000000,8.1920000000000002e-05,8.1920000000000002e-05,60,1141.6387349418894,1201.6388168618894,10975.592035804186,1500,11273.953218942297,DELIVERED_MECHANICALLY,1,0,0,200,177,0,23,23,0,0,0,0.88500000000000001,1449984,33.564444444444447,1201.6388168618928,1201.6388168618894,1201.6388168618894,12000,60,200,0,0,0,0,0
4,100003,B1,0.22145831672860922,27.489910149863846,-91459290.853801459,115508492.32160543,-50.509143338807384,202289547.1192154,59692730.97815036,-3721526.1243002373,172107319.49187994,130344695.83751431,-9743361.9112487976,205581032.2879954,-16519984.218448268,23942903.8656918,203248511.65922126,59975707.598145567,-3739168.2201906703,299027805405.45294,0.94224965905718827,1,1,1,0.95800402941676843,200,60,236.62492455589285,26587.352973436282,1,1,1,1,4,264163591626.39374,77064450359.955627,325941309523.45703,81145132441.356735,299917588751.40015,999999999.99998736,299027805405.45294,341228041986.34937,407086441964.81378,300917588751.40015,997.42430088543347,1138.1855970191773,1357.8600465804329,1003.7277810253507,1,2,2,2,0.95800402941676843,0.91777172037876453,0.91777172037876453,0.91777172037876453,60,120,120,120,0.031414353564078221,0.040253658045007822,0.47298035600602645,0.026440670388927237,0.4266053794284228,0.031228232400878485,1,0.031414353564078221,0.040253658045007822,0.026440670388927237,0.031228232400878485,0.030095077295909958,0.036943668995505323,0.024266499550813607,0.028660388574942124,1,1,1,1,0,Direct_Earth_to_Mars,0.95800402941676843,0.95800402941676843,0.91777172037876453,0.91777172037876453,0.91777172037876453,997.42430088543347,60,0.031414353564078221,0.030095077295909958,0,236.62492455589285,8192,100000000,8.1920000000000002e-05,8.1920000000000002e-05,60,997.42430088543347,1057.4243828054334,1294.0493073613263,1500,1736.6249245558929,DELIVERED_MECHANICALLY,1,0,0,200,194,0,6,6,0,0,0,0.96999999999999997,1589248,36.788148148148146,1057.4243828054371,1057.4243828054334,1057.4243828054334,12000,60,200,0,0,0,0,0
4,100003,B2,0.22145831672860922,27.489910149863846,-91459290.853801459,115508492.32160543,-50.509143338807384,202289547.1192154,59692730.97815036,-3721526.1243002373,172107319.49187994,130344695.83751431,-9743361.9112487976,205581032.2879954,-16519984.218448268,23942903.8656918,203248511.65922126,59975707.598145567,-3739168.2201906703,299027805405.45294,0.94224965905718827,1,1,1,0.95800402941676843,200,60,236.62492455589285,26587.352973436282,1,1,1,1,4,264163591626.39374,77064450359.955627,325941309523.45703,81145132441.356735,299917588751.40015,999999999.99998736,299027805405.45294,341228041986.34937,407086441964.81378,300917588751.40015,997.42430088543347,1138.1855970191773,1357.8600465804329,1003.7277810253507,1,2,2,2,0.95800402941676843,0.91777172037876453,0.91777172037876453,0.91777172037876453,60,120,120,120,0.031414353564078221,0.040253658045007822,0.47298035600602645,0.026440670388927237,0.4266053794284228,0.031228232400878485,1,0.031414353564078221,0.040253658045007822,0.026440670388927237,0.031228232400878485,0.030095077295909958,0.036943668995505323,0.024266499550813607,0.028660388574942124,1,1,1,1,0,Direct_Earth_to_Mars,0.95800402941676843,0.95800402941676843,0.45888586018938227,0.45888586018938227,0.45888586018938227,997.42430088543347,60,0.031414353564078221,0.030095077295909958,0,236.62492455589285,8192,100000000,8.1920000000000002e-05,8.1920000000000002e-05,60,997.42430088543347,1057.4243828054334,1294.0493073613263,1500,1736.6249245558929,DELIVERED_MECHANICALLY,1,0,0,200,194,0,6,6,0,0,0,0.96999999999999997,1589248,36.788148148148146,1057.4243828054371,1057.4243828054334,1057.4243828054334,12000,60,200,0,0,0,0,0
4,100003,B3,0.22145831672860922,27.489910149863846,-91459290.853801459,115508492.32160543,-50.509143338807384,202289547.1192154,59692730.97815036,-3721526.1243002373,172107319.49187994,130344695.83751431,-9743361.9112487976,205581032.2879954,-16519984.218448268,23942903.8656918,203248511.65922126,59975707.598145567,-3739168.2201906703,299027805405.45294,0.94224965905718827,1,1,1,0.95800402941676843,200,60,236.62492455589285,26587.352973436282,1,1,1,1,4,264163591626.39374,77064450359.955627,325941309523.45703,81145132441.356735,299917588751.40015,999999999.99998736,299027805405.45294,341228041986.34937,407086441964.81378,300917588751.40015,997.42430088543347,1138.1855970191773,1357.8600465804329,1003.7277810253507,1,2,2,2,0.95800402941676843,0.91777172037876453,0.91777172037876453,0.91777172037876453,60,120,120,120,0.031414353564078221,0.040253658045007822,0.47298035600602645,0.026440670388927237,0.4266053794284228,0.031228232400878485,1,0.031414353564078221,0.040253658045007822,0.026440670388927237,0.031228232400878485,0.030095077295909958,0.036943668995505323,0.024266499550813607,0.028660388574942124,1,1,1,1,0,Direct_Earth_to_Mars,0.030095077295909958,0.030095077295909958,0.018471834497752661,0.012133249775406803,0.014330194287471062,997.42430088543347,60,0.031414353564078221,0.030095077295909958,0,236.62492455589285,8192,100000000,8.1920000000000002e-05,8.1920000000000002e-05,60,997.42430088543347,1057.4243828054334,1294.0493073613263,1500,1736.6249245558929,DELIVERED_MECHANICALLY,1,0,0,200,194,0,6,6,0,0,0,0.96999999999999997,1589248,36.788148148148146,1057.4243828054371,1057.4243828054334,1057.4243828054334,12000,60,200,0,0,0,0,0
4,100003,B4,0.22145831672860922,27.489910149863846,-91459290.853801459,115508492.32160543,-50.509143338807384,202289547.1192154,59692730.97815036,-3721526.1243002373,172107319.49187994,130344695.83751431,-9743361.9112487976,205581032.2879954,-16519984.218448268,23942903.8656918,203248511.65922126,59975707.598145567,-3739168.2201906703,299027805405.45294,0.94224965905718827,1,1,1,0.95800402941676843,200,60,236.62492455589285,26587.352973436282,1,1,1,1,4,264163591626.39374,77064450359.955627,325941309523.45703,81145132441.356735,299917588751.40015,999999999.99998736,299027805405.45294,341228041986.34937,407086441964.81378,300917588751.40015,997.42430088543347,1138.1855970191773,1357.8600465804329,1003.7277810253507,1,2,2,2,0.95800402941676843,0.91777172037876453,0.91777172037876453,0.91777172037876453,60,120,120,120,0.031414353564078221,0.040253658045007822,0.47298035600602645,0.026440670388927237,0.4266053794284228,0.031228232400878485,1,0.031414353564078221,0.040253658045007822,0.026440670388927237,0.031228232400878485,0.030095077295909958,0.036943668995505323,0.024266499550813607,0.028660388574942124,1,1,1,1,0,Direct_Earth_to_Mars,0.030095077295909958,0.030095077295909958,0.016187392160157472,0.0089125519269681302,0.014240199672596545,997.42430088543347,60,0.031414353564078221,0.030095077295909958,0,236.62492455589285,8192,100000000,8.1920000000000002e-05,8.1920000000000002e-05,60,997.42430088543347,1057.4243828054334,1294.0493073613263,1500,1736.6249245558929,DELIVERED_MECHANICALLY,1,0,0,200,194,0,6,6,0,0,0,0.96999999999999997,1589248,36.788148148148146,1057.4243828054371,1057.4243828054334,1057.4243828054334,12000,60,200,0,0,0,0,0
5,100004,B1,4.999436336830354,620.58656332989449,148390569.46885696,-25247570.720423777,103.67847888784625,152850001.79254019,-140293883.35879666,-6695247.6993707716,190056370.11370349,-70697998.201699868,-39969700.466021776,91415364.166385055,-188014892.86700919,27432115.156256761,153586337.01081663,-140969731.09196228,-6727501.1937660305,115327222798.47296,0.86692347383739798,1,1,1,0.85884219693445063,200,60,27859.938249253239,20301.138126659727,1,1,1,1,4,73480375236.906433,85645141609.842407,174619272795.8345,84948139145.125336,116033939296.7558,1000000000.0000143,115327222798.47296,159125516846.74884,259567411940.95984,117033939296.75581,384.68052968136413,530.77223764759458,865.80190774169398,390.37337990912545,1,2,2,2,0.85884219693445063,0.7376099192351937,0.7376099192351937,0.7376099192351937,60,120,120,120,0.19431323414465587,0.47865579052693769,0.35233889211005154,0.084758194610799142,0.3581445184457196,0.19195347328116452,1,0.19431323414465587,0.35233889211005154,0.084758194610799142,0.19195347328116452,0.16688440490623455,0.25988866175271275,0.062518485081392391,0.14158678592383467,1,1,1,1,0,Direct_Earth_to_Mars,0.85884219693445063,0.85884219693445063,0.7376099192351937,0.7376099192351937,0.7376099192351937,384.68052968136413,60,0.19431323414465587,0.16688440490623455,0,27859.938249253239,8192,100000000,8.1920000000000002e-05,8.1920000000000002e-05,60,384.68052968136413,444.68061160136415,28304.618860854604,1500,29359.938249253239,DELIVERED_MECHANICALLY,1,0,0,200,174,0,26,26,0,0,0,0.87,1425408,32.995555555555555,444.68061160136273,444.68061160136415,444.68061160136415,12000,60,200,0,0,0,0,0
5,100004,B2,4.999436336830354,620.58656332989449,148390569.46885696,-25247570.720423777,103.67847888784625,152850001.79254019,-140293883.35879666,-6695247.6993707716,190056370.11370349,-70697998.201699868,-39969700.466021776,91415364.166385055,-188014892.86700919,27432115.156256761,153586337.01081663,-140969731.09196228,-6727501.1937660305,115327222798.47296,0.86692347383739798,1,1,1,0.85884219693445063,200,60,27859.938249253239,20301.138126659727,1,1,1,1,4,73480375236.906433,85645141609.842407,174619272795.8345,84948139145.125336,116033939296.7558,1000000000.0000143,115327222798.47296,159125516846.74884,259567411940.95984,117033939296.75581,384.68052968136413,530.77223764759458,865.80190774169398,390.37337990912545,1,2,2,2,0.85884219693445063,0.7376099192351937,0.7376099192351937,0.7376099192351937,60,120,120,120,0.19431323414465587,0.47865579052693769,0.35233889211005154,0.084758194610799142,0.3581445184457196,0.19195347328116452,1,0.19431323414465587,0.35233889211005154,0.084758194610799142,0.19195347328116452,0.16688440490623455,0.25988866175271275,0.062518485081392391,0.14158678592383467,1,1,1,1,0,Direct_Earth_to_Mars,0.85884219693445063,0.85884219693445063,0.36880495961759685,0.36880495961759685,0.36880495961759685,384.68052968136413,60,0.19431323414465587,0.16688440490623455,0,27859.938249253239,8192,100000000,8.1920000000000002e-05,8.1920000000000002e-05,60,384.68052968136413,444.68061160136415,28304.618860854604,1500,29359.938249253239,DELIVERED_MECHANICALLY,1,0,0,200,174,0,26,26,0,0,0,0.87,1425408,32.995555555555555,444.68061160136273,444.68061160136415,444.68061160136415,12000,60,200,0,0,0,0,0
5,100004,B3,4.999436336830354,620.58656332989449,148390569.46885696,-25247570.720423777,103.67847888784625,152850001.79254019,-140293883.35879666,-6695247.6993707716,190056370.11370349,-70697998.201699868,-39969700.466021776,91415364.166385055,-188014892.86700919,27432115.156256761,153586337.01081663,-140969731.09196228,-6727501.1937660305,115327222798.47296,0.86692347383739798,1,1,1,0.85884219693445063,200,60,27859.938249253239,20301.138126659727,1,1,1,1,4,73480375236.906433,85645141609.842407,174619272795.8345,84948139145.125336,116033939296.7558,1000000000.0000143,115327222798.47296,159125516846.74884,259567411940.95984,117033939296.75581,384.68052968136413,530.77223764759458,865.80190774169398,390.37337990912545,1,2,2,2,0.85884219693445063,0.7376099192351937,0.7376099192351937,0.7376099192351937,60,120,120,120,0.19431323414465587,0.47865579052693769,0.35233889211005154,0.084758194610799142,0.3581445184457196,0.19195347328116452,1,0.19431323414465587,0.35233889211005154,0.084758194610799142,0.19195347328116452,0.16688440490623455,0.25988866175271275,0.062518485081392391,0.14158678592383467,1,1,1,1,0,Direct_Earth_to_Mars,0.16688440490623455,0.16688440490623455,0.12994433087635637,0.031259242540696196,0.070793392961917334,384.68052968136413,60,0.19431323414465587,0.16688440490623455,0,27859.938249253239,8192,100000000,8.1920000000000002e-05,8.1920000000000002e-05,60,384.68052968136413,444.68061160136415,28304.618860854604,1500,29359.938249253239,DELIVERED_MECHANICALLY,1,0,0,200,174,0,26,26,0,0,0,0.87,1425408,32.995555555555555,444.68061160136273,444.68061160136415,444.68061160136415,12000,60,200,0,0,0,0,0
5,100004,B4,4.999436336830354,620.58656332989449,148390569.46885696,-25247570.720423777,103.67847888784625,152850001.79254019,-140293883.35879666,-6695247.6993707716,190056370.11370349,-70697998.201699868,-39969700.466021776,91415364.166385055,-188014892.86700919,27432115.156256761,153586337.01081663,-140969731.09196228,-6727501.1937660305,115327222798.47296,0.86692347383739798,1,1,1,0.85884219693445063,200,60,27859.938249253239,20301.138126659727,1,1,1,1,4,73480375236.906433,85645141609.842407,174619272795.8345,84948139145.125336,116033939296.7558,1000000000.0000143,115327222798.47296,159125516846.74884,259567411940.95984,117033939296.75581,384.68052968136413,530.77223764759458,865.80190774169398,390.37337990912545,1,2,2,2,0.85884219693445063,0.7376099192351937,0.7376099192351937,0.7376099192351937,60,120,120,120,0.19431323414465587,0.47865579052693769,0.35233889211005154,0.084758194610799142,0.3581445184457196,0.19195347328116452,1,0.19431323414465587,0.35233889211005154,0.084758194610799142,0.19195347328116452,0.16688440490623455,0.25988866175271275,0.062518485081392391,0.14158678592383467,1,1,1,1,0,Direct_Earth_to_Mars,0.16688440490623455,0.16688440490623455,0.094177974063134842,0.013888652670399019,0.06976100652373074,384.68052968136413,60,0.19431323414465587,0.16688440490623455,0,27859.938249253239,8192,100000000,8.1920000000000002e-05,8.1920000000000002e-05,60,384.68052968136413,444.68061160136415,28304.618860854604,1500,29359.938249253239,DELIVERED_MECHANICALLY,1,0,0,200,174,0,26,26,0,0,0,0.87,1425408,32.995555555555555,444.68061160136273,444.68061160136415,444.68061160136415,12000,60,200,0,0,0,0,0
6,100005,B1,2.7692198783925095,343.74688097858484,29418647.043587893,144348363.64131969,-345.54149243764914,-245920024.51514354,32917314.914671063,6733448.6175050465,-240657883.05783373,-34852837.905081578,33684436.0151297,-228141724.08197096,94514441.280276671,-33647448.33663778,-246910819.9182789,33049936.584522136,6760577.2336095124,297108745512.18353,0.93906211466991807,1,1,1,0.8212493325724588,200,60,28122.834207130167,20376.878876107447,1,1,1,1,4,325866640292.95074,73122086045.436966,264486090595.95016,75768666225.647873,297978227817.93579,999999999.99999475,297108745512.18353,398988726338.3877,340254756821.59802,298978227817.93579,991.02316715204643,1330.8496542307796,1134.9391488378853,997.25893201446229,1,2,2,2,0.8212493325724588,0.67445046625070904,0.67445046625070904,0.67445046625070904,60,120,120,120,0.031713832930353417,0.026363301666688866,0.5235792902918337,0.040019709392684816,0.48764112056186842,0.031529024890806633,1,0.031713832930353417,0.026363301666688866,0.040019709392684816,0.031529024890806633,0.026044964127367207,0.0177807411010064,0.026991311659114153,0.021264765538034743,1,1,1,1,0,Direct_Earth_to_Mars,0.8212493325724588,0.8212493325724588,0.67445046625070904,0.67445046625070904,0.67445046625070904,991.02316715204643,60,0.031713832930353417,0.026044964127367207,0,28122.834207130167,8192,100000000,8.1920000000000002e-05,8.1920000000000002e-05,60,991.02316715204643,1051.0232490720464,29173.857456202211,1500,29622.834207130167,DROPPED_CONTACT_NOT_REALIZED,0,0,1,200,174,0,26,26,0,0,0,0.87,1425408,32.995555555555555,1051.0232490720493,1051.0232490720464,1051.0232490720464,12000,60,200,0,0,0,0,0
6,100005,B2,2.7692198783925095,343.74688097858484,29418647.043587893,144348363.64131969,-345.54149243764914,-245920024.51514354,32917314.914671063,6733448.6175050465,-240657883.05783373,-34852837.905081578,33684436.0151297,-228141724.08197096,94514441.280276671,-33647448.33663778,-246910819.9182789,33049936.584522136,6760577.2336095124,297108745512.18353,0.93906211466991807,1,1,1,0.8212493325724588,200,60,28122.834207130167,20376.878876107447,1,1,1,1,4,325866640292.95074,73122086045.436966,264486090595.95016,75768666225.647873,297978227817.93579,999999999.99999475,297108745512.18353,398988726338.3877,340254756821.59802,298978227817.93579,991.02316715204643,1330.8496542307796,1134.9391488378853,997.25893201446229,1,2,2,2,0.8212493325724588,0.67445046625070904,0.67445046625070904,0.67445046625070904,60,120,120,120,0.031713832930353417,0.026363301666688866,0.5235792902918337,0.040019709392684816,0.48764112056186842,0.031529024890806633,1,0.031713832930353417,0.026363301666688866,0.040019709392684816,0.031529024890806633,0.026044964127367207,0.0177807411010064,0.026991311659114153,0.021264765538034743,1,1,1,1,0,Direct_Earth_to_Mars,0.8212493325724588,0.8212493325724588,0.33722523312535452,0.33722523312535452,0.33722523312535452,991.02316715204643,60,0.031713832930353417,0.026044964127367207,0,28122.834207130167,8192,100000000,8.1920000000000002e-05,8.1920000000000002e-05,60,991.02316715204643,1051.0232490720464,29173.857456202211,1500,29622.834207130167,DROPPED_CONTACT_NOT_REALIZED,0,0,1,200,174,0,26,26,0,0,0,0.87,1425408,32.995555555555555,1051.0232490720493,1051.0232490720464,1051.0232490720464,12000,60,200,0,0,0,0,0
6,100005,B3,2.7692198783925095,343.74688097858484,29418647.043587893,144348363.64131969,-345.54149243764914,-245920024.51514354,32917314.914671063,6733448.6175050465,-240657883.05783373,-34852837.905081578,33684436.0151297,-228141724.08197096,94514441.280276671,-33647448.33663778,-246910819.9182789,33049936.584522136,6760577.2336095124,297108745512.18353,0.93906211466991807,1,1,1,0.8212493325724588,200,60,28122.834207130167,20376.878876107447,1,1,1,1,4,325866640292.95074,73122086045.436966,264486090595.95016,75768666225.647873,297978227817.93579,999999999.99999475,297108745512.18353,398988726338.3877,340254756821.59802,298978227817.93579,991.02316715204643,1330.8496542307796,1134.9391488378853,997.25893201446229,1,2,2,2,0.8212493325724588,0.67445046625070904,0.67445046625070904,0.67445046625070904,60,120,120,120,0.031713832930353417,0.026363301666688866,0.5235792902918337,0.040019709392684816,0.48764112056186842,0.031529024890806633,1,0.031713832930353417,0.026363301666688866,0.040019709392684816,0.031529024890806633,0.026044964127367207,0.0177807411010064,0.026991311659114153,0.021264765538034743,1,1,1,1,0,Direct_Earth_to_Mars,0.026044964127367207,0.026044964127367207,0.0088903705505032002,0.013495655829557076,0.010632382769017372,991.02316715204643,60,0.031713832930353417,0.026044964127367207,0,28122.834207130167,8192,100000000,8.1920000000000002e-05,8.1920000000000002e-05,60,991.02316715204643,1051.0232490720464,29173.857456202211,1500,29622.834207130167,DROPPED_CONTACT_NOT_REALIZED,0,0,1,200,174,0,26,26,0,0,0,0.87,1425408,32.995555555555555,1051.0232490720493,1051.0232490720464,1051.0232490720464,12000,60,200,0,0,0,0,0
6,100005,B4,2.7692198783925095,343.74688097858484,29418647.043587893,144348363.64131969,-345.54149243764914,-245920024.51514354,32917314.914671063,6733448.6175050465,-240657883.05783373,-34852837.905081578,33684436.0151297,-228141724.08197096,94514441.280276671,-33647448.33663778,-246910819.9182789,33049936.584522136,6760577.2336095124,297108745512.18353,0.93906211466991807,1,1,1,0.8212493325724588,200,60,28122.834207130167,20376.878876107447,1,1,1,1,4,325866640292.95074,73122086045.436966,264486090595.95016,75768666225.647873,297978227817.93579,999999999.99999475,297108745512.18353,398988726338.3877,340254756821.59802,298978227817.93579,991.02316715204643,1330.8496542307796,1134.9391488378853,997.25893201446229,1,2,2,2,0.8212493325724588,0.67445046625070904,0.67445046625070904,0.67445046625070904,60,120,120,120,0.031713832930353417,0.026363301666688866,0.5235792902918337,0.040019709392684816,0.48764112056186842,0.031529024890806633,1,0.031713832930353417,0.026363301666688866,0.040019709392684816,0.031529024890806633,0.026044964127367207,0.0177807411010064,0.026991311659114153,0.021264765538034743,1,1,1,1,0,Direct_Earth_to_Mars,0.026044964127367207,0.026044964127367207,0.0066202543255777443,0.011784338919576776,0.010565899494968507,991.02316715204643,60,0.031713832930353417,0.026044964127367207,0,28122.834207130167,8192,100000000,8.1920000000000002e-05,8.1920000000000002e-05,60,991.02316715204643,1051.0232490720464,29173.857456202211,1500,29622.834207130167,DROPPED_CONTACT_NOT_REALIZED,0,0,1,200,174,0,26,26,0,0,0,0.87,1425408,32.995555555555555,1051.0232490720493,1051.0232490720464,1051.0232490720464,12000,60,200,0,0,0,0,0
7,100006,B1,1.8103566608323334,224.72193720534707,117392146.31484433,-95857164.688260093,158.87883145902688,-121716701.41171314,211784378.96450853,7427979.0163205508,-171880133.59753984,170819153.80410564,50695211.614464425,-56563278.559689716,231310806.22945699,-27654674.190866388,-122214759.8049075,212650989.59614187,7458373.9189973501,389706983455.74365,0.88740677265797896,1,1,1,0.95888382929065541,200,60,5857.6632233083546,1138.3385122708867,1,1,1,1,4,396692196976.72278,77888208464.48085,371569859958.80865,76531316643.081696,390697294195.68964,1000000000.0000106,389706983455.74365,474580405441.20361,448101176601.89038,391697294195.68964,1299.8898714334346,1582.9900114783309,1494.6670333618758,1306.5286664299188,1,2,2,2,0.95888382929065541,0.91945819807511076,0.91945819807511076,0.91945819807511076,60,120,120,120,0.017419338061039378,0.016811277172056088,0.43607841966330285,0.019161392489381538,0.45167874525304641,0.0173311434658945,1,0.017419338061039378,0.016811277172056088,0.019161392489381538,0.0173311434658945,0.016703121583677899,0.015457266615959933,0.017618099410896711,0.015935261941732587,1,1,1,1,0,Direct_Earth_to_Mars,0.95888382929065541,0.95888382929065541,0.91945819807511076,0.91945819807511076,0.91945819807511076,1299.8898714334346,60,0.017419338061039378,0.016703121583677899,0,5857.6632233083546,8192,100000000,8.1920000000000002e-05,8.1920000000000002e-05,60,1299.8898714334346,1359.8899533534345,7217.5531766617896,1500,7357.6632233083546,DELIVERED_MECHANICALLY,1,0,0,200,187,0,13,13,0,0,0,0.93500000000000005,1531904,35.460740740740739,1359.8899533534366,1359.8899533534345,1359.8899533534345,12000,60,200,0,0,0,0,0
7,100006,B2,1.8103566608323334,224.72193720534707,117392146.31484433,-95857164.688260093,158.87883145902688,-121716701.41171314,211784378.96450853,7427979.0163205508,-171880133.59753984,170819153.80410564,50695211.614464425,-56563278.559689716,231310806.22945699,-27654674.190866388,-122214759.8049075,212650989.59614187,7458373.9189973501,389706983455.74365,0.88740677265797896,1,1,1,0.95888382929065541,200,60,5857.6632233083546,1138.3385122708867,1,1,1,1,4,396692196976.72278,77888208464.48085,371569859958.80865,76531316643.081696,390697294195.68964,1000000000.0000106,389706983455.74365,474580405441.20361,448101176601.89038,391697294195.68964,1299.8898714334346,1582.9900114783309,1494.6670333618758,1306.5286664299188,1,2,2,2,0.95888382929065541,0.91945819807511076,0.91945819807511076,0.91945819807511076,60,120,120,120,0.017419338061039378,0.016811277172056088,0.43607841966330285,0.019161392489381538,0.45167874525304641,0.0173311434658945,1,0.017419338061039378,0.016811277172056088,0.019161392489381538,0.0173311434658945,0.016703121583677899,0.015457266615959933,0.017618099410896711,0.015935261941732587,1,1,1,1,0,Direct_Earth_to_Mars,0.95888382929065541,0.95888382929065541,0.45972909903755538,0.45972909903755538,0.45972909903755538,1299.8898714334346,60,0.017419338061039378,0.016703121583677899,0,5857.6632233083546,8192,100000000,8.1920000000000002e-05,8.1920000000000002e-05,60,1299.8898714334346,1359.8899533534345,7217.5531766617896,1500,7357.6632233083546,DELIVERED_MECHANICALLY,1,0,0,200,187,0,13,13,0,0,0,0.93500000000000005,1531904,35.460740740740739,1359.8899533534366,1359.8899533534345,1359.8899533534345,12000,60,200,0,0,0,0,0
7,100006,B3,1.8103566608323334,224.72193720534707,117392146.31484433,-95857164.688260093,158.87883145902688,-121716701.41171314,211784378.96450853,7427979.0163205508,-171880133.59753984,170819153.80410564,50695211.614464425,-56563278.559689716,231310806.22945699,-27654674.190866388,-122214759.8049075,212650989.59614187,7458373.9189973501,389706983455.74365,0.88740677265797896,1,1,1,0.95888382929065541,200,60,5857.6632233083546,1138.3385122708867,1,1,1,1,4,396692196976.72278,77888208464.48085,371569859958.80865,76531316643.081696,390697294195.68964,1000000000.0000106,389706983455.74365,474580405441.20361,448101176601.89038,391697294195.68964,1299.8898714334346,1582.9900114783309,1494.6670333618758,1306.5286664299188,1,2,2,2,0.95888382929065541,0.91945819807511076,0.91945819807511076,0.91945819807511076,60,120,120,120,0.017419338061039378,0.016811277172056088,0.43607841966330285,0.019161392489381538,0.45167874525304641,0.0173311434658945,1,0.017419338061039378,0.016811277172056088,0.019161392489381538,0.0173311434658945,0.016703121583677899,0.015457266615959933,0.017618099410896711,0.015935261941732587,1,1,1,1,0,Direct_Earth_to_Mars,0.016703121583677899,0.016703121583677899,0.0077286333079799666,0.0088090497054483553,0.0079676309708662935,1299.8898714334346,60,0.017419338061039378,0.016703121583677899,0,5857.6632233083546,8192,100000000,8.1920000000000002e-05,8.1920000000000002e-05,60,1299.8898714334346,1359.8899533534345,7217.5531766617896,1500,7357.6632233083546,DELIVERED_MECHANICALLY,1,0,0,200,187,0,13,13,0,0,0,0.93500000000000005,1531904,35.460740740740739,1359.8899533534366,1359.8899533534345,1359.8899533534345,12000,60,200,0,0,0,0,0
7,100006,B4,1.8103566608323334,224.72193720534707,117392146.31484433,-95857164.688260093,158.87883145902688,-121716701.41171314,211784378.96450853,7427979.0163205508,-171880133.59753984,170819153.80410564,50695211.614464425,-56563278.559689716,231310806.22945699,-27654674.190866388,-122214759.8049075,212650989.59614187,7458373.9189973501,389706983455.74365,0.88740677265797896,1,1,1,0.95888382929065541,200,60,5857.6632233083546,1138.3385122708867,1,1,1,1,4,396692196976.72278,77888208464.48085,371569859958.80865,76531316643.081696,390697294195.68964,1000000000.0000106,389706983455.74365,474580405441.20361,448101176601.89038,391697294195.68964,1299.8898714334346,1582.9900114783309,1494.6670333618758,1306.5286664299188,1,2,2,2,0.95888382929065541,0.91945819807511076,0.91945819807511076,0.91945819807511076,60,120,120,120,0.017419338061039378,0.016811277172056088,0.43607841966330285,0.019161392489381538,0.45167874525304641,0.0173311434658945,1,0.017419338061039378,0.016811277172056088,0.019161392489381538,0.0173311434658945,0.016703121583677899,0.015457266615959933,0.017618099410896711,0.015935261941732587,1,1,1,1,0,Direct_Earth_to_Mars,0.016703121583677899,0.016703121583677899,0.0063464532841139547,0.0076611005886109149,0.0079271454691070744,1299.8898714334346,60,0.017419338061039378,0.016703121583677899,0,5857.6632233083546,8192,100000000,8.1920000000000002e-05,8.1920000000000002e-05,60,1299.8898714334346,1359.8899533534345,7217.5531766617896,1500,7357.6632233083546,DELIVERED_MECHANICALLY,1,0,0,200,187,0,13,13,0,0,0,0.93500000000000005,1531904,35.460740740740739,1359.8899533534366,1359.8899533534345,1359.8899533534345,12000,60,200,0,0,0,0,0
8,100007,B1,3.5118489040419023,435.93039203994852,-147181673.02985427,20945270.452618584,-62.083805543323798,-195922129.5445323,-134385879.90561587,1999827.648455424,-144622912.28432864,-180683040.82058427,-1499300.9494305621,-229484359.90617257,-77071030.616023377,-17852318.276524179,-196746752.06958598,-134951500.66462329,2008244.7830025789,162810926942.30588,0.96839377594640152,1,1,1,0.83805862678805021,200,60,32459.388084964645,20508.753685522719,1,1,1,1,4,201650119961.81061,69190177780.091003,129227050548.29048,69321879329.423782,163598696820.81155,1000000000.0000131,162810926942.30588,270840297741.90161,198548929877.71426,164598696820.81155,543.06513322983949,903.40326131388133,662.27128044601159,549.02834163045884,1,2,2,2,0.83805862678805021,0.70234226193387239,0.70234226193387239,0.70234226193387239,60,120,120,120,0.10891060663618048,0.070997050288986147,0.60304314061889874,0.1728742904193068,0.60075392769472091,0.10786426664808572,1,0.10891060663618048,0.070997050288986147,0.1728742904193068,0.10786426664808572,0.091273473440170921,0.049864228890599417,0.1214169201633091,0.075757633019454873,1,1,1,1,0,Direct_Earth_to_Mars,0.83805862678805021,0.83805862678805021,0.70234226193387239,0.70234226193387239,0.70234226193387239,543.06513322983949,60,0.10891060663618048,0.091273473440170921,0,32459.388084964645,8192,100000000,8.1920000000000002e-05,8.1920000000000002e-05,60,543.06513322983949,603.06521514983945,33062.453300114481,1500,33959.388084964645,DELIVERED_MECHANICALLY,1,0,0,200,169,0,31,31,0,0,0,0.84499999999999997,1384448,32.047407407407405,603.0652151498374,603.06521514983945,603.06521514983945,12000,60,200,0,0,0,0,0
8,100007,B2,3.5118489040419023,435.93039203994852,-147181673.02985427,20945270.452618584,-62.083805543323798,-195922129.5445323,-134385879.90561587,1999827.648455424,-144622912.28432864,-180683040.82058427,-1499300.9494305621,-229484359.90617257,-77071030.616023377,-17852318.276524179,-196746752.06958598,-134951500.66462329,2008244.7830025789,162810926942.30588,0.96839377594640152,1,1,1,0.83805862678805021,200,60,32459.388084964645,20508.753685522719,1,1,1,1,4,201650119961.81061,69190177780.091003,129227050548.29048,69321879329.423782,163598696820.81155,1000000000.0000131,162810926942.30588,270840297741.90161,198548929877.71426,164598696820.81155,543.06513322983949,903.40326131388133,662.27128044601159,549.02834163045884,1,2,2,2,0.83805862678805021,0.70234226193387239,0.70234226193387239,0.70234226193387239,60,120,120,120,0.10891060663618048,0.070997050288986147,0.60304314061889874,0.1728742904193068,0.60075392769472091,0.10786426664808572,1,0.10891060663618048,0.070997050288986147,0.1728742904193068,0.10786426664808572,0.091273473440170921,0.049864228890599417,0.1214169201633091,0.075757633019454873,1,1,1,1,0,Direct_Earth_to_Mars,0.83805862678805021,0.83805862678805021,0.3511711309669362,0.3511711309669362,0.3511711309669362,543.06513322983949,60,0.10891060663618048,0.091273473440170921,0,32459.388084964645,8192,100000000,8.1920000000000002e-05,8.1920000000000002e-05,60,543.06513322983949,603.06521514983945,33062.453300114481,1500,33959.388084964645,DELIVERED_MECHANICALLY,1,0,0,200,169,0,31,31,0,0,0,0.84499999999999997,1384448,32.047407407407405,603.0652151498374,603.06521514983945,603.06521514983945,12000,60,200,0,0,0,0,0
8,100007,B3,3.5118489040419023,435.93039203994852,-147181673.02985427,20945270.452618584,-62.083805543323798,-195922129.5445323,-134385879.90561587,1999827.648455424,-144622912.28432864,-180683040.82058427,-1499300.9494305621,-229484359.90617257,-77071030.616023377,-17852318.276524179,-196746752.06958598,-134951500.66462329,2008244.7830025789,162810926942.30588,0.96839377594640152,1,1,1,0.83805862678805021,200,60,32459.388084964645,20508.753685522719,1,1,1,1,4,201650119961.81061,69190177780.091003,129227050548.29048,69321879329.423782,163598696820.81155,1000000000.0000131,162810926942.30588,270840297741.90161,198548929877.71426,164598696820.81155,543.06513322983949,903.40326131388133,662.27128044601159,549.02834163045884,1,2,2,2,0.83805862678805021,0.70234226193387239,0.70234226193387239,0.70234226193387239,60,120,120,120,0.10891060663618048,0.070997050288986147,0.60304314061889874,0.1728742904193068,0.60075392769472091,0.10786426664808572,1,0.10891060663618048,0.070997050288986147,0.1728742904193068,0.10786426664808572,0.091273473440170921,0.049864228890599417,0.1214169201633091,0.075757633019454873,1,1,1,1,0,Direct_Earth_to_Mars,0.091273473440170921,0.091273473440170921,0.024932114445299709,0.06070846008165455,0.037878816509727437,543.06513322983949,60,0.10891060663618048,0.091273473440170921,0,32459.388084964645,8192,100000000,8.1920000000000002e-05,8.1920000000000002e-05,60,543.06513322983949,603.06521514983945,33062.453300114481,1500,33959.388084964645,DELIVERED_MECHANICALLY,1,0,0,200,169,0,31,31,0,0,0,0.84499999999999997,1384448,32.047407407407405,603.0652151498374,603.06521514983945,603.06521514983945,12000,60,200,0,0,0,0,0
8,100007,B4,3.5118489040419023,435.93039203994852,-147181673.02985427,20945270.452618584,-62.083805543323798,-195922129.5445323,-134385879.90561587,1999827.648455424,-144622912.28432864,-180683040.82058427,-1499300.9494305621,-229484359.90617257,-77071030.616023377,-17852318.276524179,-196746752.06958598,-134951500.66462329,2008244.7830025789,162810926942.30588,0.96839377594640152,1,1,1,0.83805862678805021,200,60,32459.388084964645,20508.753685522719,1,1,1,1,4,201650119961.81061,69190177780.091003,129227050548.29048,69321879329.423782,163598696820.81155,1000000000.0000131,162810926942.30588,270840297741.90161,198548929877.71426,164598696820.81155,543.06513322983949,903.40326131388133,662.27128044601159,549.02834163045884,1,2,2,2,0.83805862678805021,0.70234226193387239,0.70234226193387239,0.70234226193387239,60,120,120,120,0.10891060663618048,0.070997050288986147,0.60304314061889874,0.1728742904193068,0.60075392769472091,0.10786426664808572,1,0.10891060663618048,0.070997050288986147,0.1728742904193068,0.10786426664808572,0.091273473440170921,0.049864228890599417,0.1214169201633091,0.075757633019454873,1,1,1,1,0,Direct_Earth_to_Mars,0.091273473440170921,0.091273473440170921,0.014987506280690736,0.049781183233884356,0.037467400086040582,543.06513322983949,60,0.10891060663618048,0.091273473440170921,0,32459.388084964645,8192,100000000,8.1920000000000002e-05,8.1920000000000002e-05,60,543.06513322983949,603.06521514983945,33062.453300114481,1500,33959.388084964645,DELIVERED_MECHANICALLY,1,0,0,200,169,0,31,31,0,0,0,0.84499999999999997,1384448,32.047407407407405,603.0652151498374,603.06521514983945,603.06521514983945,12000,60,200,0,0,0,0,0
9,100008,B1,5.84309415074567,725.31090985413812,-13023972.969890608,146543574.27732545,-696.71965140857253,195503692.65282366,82977570.394552886,-3066111.892610339,158753931.55883911,149341119.19781977,-5021104.0156928049,207136267.01759565,7995026.3639747025,21833455.857051905,196424116.53747237,83368225.612594694,-3080547.0297715361,218022523950.77393,0.9725176658060124,1,1,1,0.86027538192991715,200,60,39878.328550525111,32151.873928843295,1,1,1,1,4,171874021397.3063,75884699013.897659,261042068676.65671,79860423050.279221,218790110277.24121,999999999.99998868,218022523950.77393,247758720411.20398,340902491726.93591,219790110277.24121,727.22656421205443,826.41334359974644,1137.0997055601599,733.12244922361981,1,2,2,2,0.86027538192991715,0.74007373275466481,0.74007373275466481,0.74007373275466481,60,120,120,120,0.060993008907322802,0.098143673065044179,0.50347087533403889,0.042546298190044733,0.45458967920795712,0.060565793304995529,1,0.060993008907322802,0.098143673065044179,0.042546298190044733,0.060565793304995529,0.052470784032801962,0.072633554471500703,0.031487397716399447,0.044823152728475528,1,1,1,1,0,Direct_Earth_to_Mars,0.86027538192991715,0.86027538192991715,0.74007373275466481,0.74007373275466481,0.74007373275466481,727.22656421205443,60,0.060993008907322802,0.052470784032801962,0,39878.328550525111,8192,100000000,8.1920000000000002e-05,8.1920000000000002e-05,60,727.22656421205443,787.22664613205438,40665.555196657166,1500,41378.328550525111,DELIVERED_MECHANICALLY,1,0,0,200,172,0,28,28,0,0,0,0.85999999999999999,1409024,32.616296296296298,787.22664613205461,787.22664613205438,787.22664613205438,12000,60,200,0,0,0,0,0
9,100008,B2,5.84309415074567,725.31090985413812,-13023972.969890608,146543574.27732545,-696.71965140857253,195503692.65282366,82977570.394552886,-3066111.892610339,158753931.55883911,149341119.19781977,-5021104.0156928049,207136267.01759565,7995026.3639747025,21833455.857051905,196424116.53747237,83368225.612594694,-3080547.0297715361,218022523950.77393,0.9725176658060124,1,1,1,0.86027538192991715,200,60,39878.328550525111,32151.873928843295,1,1,1,1,4,171874021397.3063,75884699013.897659,261042068676.65671,79860423050.279221,218790110277.24121,999999999.99998868,218022523950.77393,247758720411.20398,340902491726.93591,219790110277.24121,727.22656421205443,826.41334359974644,1137.0997055601599,733.12244922361981,1,2,2,2,0.86027538192991715,0.74007373275466481,0.74007373275466481,0.74007373275466481,60,120,120,120,0.060993008907322802,0.098143673065044179,0.50347087533403889,0.042546298190044733,0.45458967920795712,0.060565793304995529,1,0.060993008907322802,0.098143673065044179,0.042546298190044733,0.060565793304995529,0.052470784032801962,0.072633554471500703,0.031487397716399447,0.044823152728475528,1,1,1,1,0,Direct_Earth_to_Mars,0.86027538192991715,0.86027538192991715,0.37003686637733241,0.37003686637733241,0.37003686637733241,727.22656421205443,60,0.060993008907322802,0.052470784032801962,0,39878.328550525111,8192,100000000,8.1920000000000002e-05,8.1920000000000002e-05,60,727.22656421205443,787.22664613205438,40665.555196657166,1500,41378.328550525111,DELIVERED_MECHANICALLY,1,0,0,200,172,0,28,28,0,0,0,0.85999999999999999,1409024,32.616296296296298,787.22664613205461,787.22664613205438,787.22664613205438,12000,60,200,0,0,0,0,0
9,100008,B3,5.84309415074567,725.31090985413812,-13023972.969890608,146543574.27732545,-696.71965140857253,195503692.65282366,82977570.394552886,-3066111.892610339,158753931.55883911,149341119.19781977,-5021104.0156928049,207136267.01759565,7995026.3639747025,21833455.857051905,196424116.53747237,83368225.612594694,-3080547.0297715361,218022523950.77393,0.9725176658060124,1,1,1,0.86027538192991715,200,60,39878.328550525111,32151.873928843295,1,1,1,1,4,171874021397.3063,75884699013.897659,261042068676.65671,79860423050.279221,218790110277.24121,999999999.99998868,218022523950.77393,247758720411.20398,340902491726.93591,219790110277.24121,727.22656421205443,826.41334359974644,1137.0997055601599,733.12244922361981,1,2,2,2,0.86027538192991715,0.74007373275466481,0.74007373275466481,0.74007373275466481,60,120,120,120,0.060993008907322802,0.098143673065044179,0.50347087533403889,0.042546298190044733,0.45458967920795712,0.060565793304995529,1,0.060993008907322802,0.098143673065044179,0.042546298190044733,0.060565793304995529,0.052470784032801962,0.072633554471500703,0.031487397716399447,0.044823152728475528,1,1,1,1,0,Direct_Earth_to_Mars,0.052470784032801962,0.052470784032801962,0.036316777235750351,0.015743698858199724,0.022411576364237764,727.22656421205443,60,0.060993008907322802,0.052470784032801962,0,39878.328550525111,8192,100000000,8.1920000000000002e-05,8.1920000000000002e-05,60,727.22656421205443,787.22664613205438,40665.555196657166,1500,41378.328550525111,DELIVERED_MECHANICALLY,1,0,0,200,172,0,28,28,0,0,0,0.85999999999999999,1409024,32.616296296296298,787.22664613205461,787.22664613205438,787.22664613205438,12000,60,200,0,0,0,0,0
9,100008,B4,5.84309415074567,725.31090985413812,-13023972.969890608,146543574.27732545,-696.71965140857253,195503692.65282366,82977570.394552886,-3066111.892610339,158753931.55883911,149341119.19781977,-5021104.0156928049,207136267.01759565,7995026.3639747025,21833455.857051905,196424116.53747237,83368225.612594694,-3080547.0297715361,218022523950.77393,0.9725176658060124,1,1,1,0.86027538192991715,200,60,39878.328550525111,32151.873928843295,1,1,1,1,4,171874021397.3063,75884699013.897659,261042068676.65671,79860423050.279221,218790110277.24121,999999999.99998868,218022523950.77393,247758720411.20398,340902491726.93591,219790110277.24121,727.22656421205443,826.41334359974644,1137.0997055601599,733.12244922361981,1,2,2,2,0.86027538192991715,0.74007373275466481,0.74007373275466481,0.74007373275466481,60,120,120,120,0.060993008907322802,0.098143673065044179,0.50347087533403889,0.042546298190044733,0.45458967920795712,0.060565793304995529,1,0.060993008907322802,0.098143673065044179,0.042546298190044733,0.060565793304995529,0.052470784032801962,0.072633554471500703,0.031487397716399447,0.044823152728475528,1,1,1,1,0,Direct_Earth_to_Mars,0.052470784032801962,0.052470784032801962,0.031958009072516363,0.010068805727988196,0.022231338973728997,727.22656421205443,60,0.060993008907322802,0.052470784032801962,0,39878.328550525111,8192,100000000,8.1920000000000002e-05,8.1920000000000002e-05,60,727.22656421205443,787.22664613205438,40665.555196657166,1500,41378.328550525111,DELIVERED_MECHANICALLY,1,0,0,200,172,0,28,28,0,0,0,0.85999999999999999,1409024,32.616296296296298,787.22664613205461,787.22664613205438,787.22664613205438,12000,60,200,0,0,0,0,0
10,100009,B1,5.9086111527851823,733.44362090315144,-34007958.08278019,143113342.69005254,-687.61159794345087,188847509.56907499,99801984.581449449,-2550081.174106345,147554965.72948533,162503063.63616008,-1441388.5775046472,206555865.82688797,26339568.009969261,20065753.075053111,189731575.18612075,100269194.88929372,-2562019.055055093,227039495707.41052,0.97880418704996341,1,1,1,0.99348423587462797,200,60,21761.974329772213,7377.7338786848977,1,1,1,1,4,182601019167.19858,75084809986.063522,268159896086.0993,78878314438.511948,227819139158.5047,999999999.99999058,227039495707.41052,257685829153.26208,347038210524.61127,228819139158.5047,757.30318781657945,859.52578103156134,1157.5657455790904,763.23929005505238,1,2,2,2,0.99348423587462797,0.98701092693139347,0.98701092693139347,0.98701092693139347,60,120,120,120,0.056608060702314583,0.087513430732435504,0.51757933919536103,0.040578262435213869,0.46899246022006147,0.056221275061506704,1,0.056608060702314583,0.087513430732435504,0.040578262435213869,0.056221275061506704,0.056239215931183563,0.086376712386167467,0.040051188419445785,0.05549101281172257,1,1,1,1,0,Direct_Earth_to_Mars,0.99348423587462797,0.99348423587462797,0.98701092693139347,0.98701092693139347,0.98701092693139347,757.30318781657945,60,0.056608060702314583,0.056239215931183563,0,21761.974329772213,8192,100000000,8.1920000000000002e-05,8.1920000000000002e-05,60,757.30318781657945,817.30326973657941,22579.27759950879,1500,23261.974329772213,DELIVERED_MECHANICALLY,1,0,0,200,199,0,1,1,0,0,0,0.995,1630208,37.736296296296295,817.30326973658248,817.30326973657941,817.30326973657941,12000,60,200,0,0,0,0,0
10,100009,B2,5.9086111527851823,733.44362090315144,-34007958.08278019,143113342.69005254,-687.61159794345087,188847509.56907499,99801984.581449449,-2550081.174106345,147554965.72948533,162503063.63616008,-1441388.5775046472,206555865.82688797,26339568.009969261,20065753.075053111,189731575.18612075,100269194.88929372,-2562019.055055093,227039495707.41052,0.97880418704996341,1,1,1,0.99348423587462797,200,60,21761.974329772213,7377.7338786848977,1,1,1,1,4,182601019167.19858,75084809986.063522,268159896086.0993,78878314438.511948,227819139158.5047,999999999.99999058,227039495707.41052,257685829153.26208,347038210524.61127,228819139158.5047,757.30318781657945,859.52578103156134,1157.5657455790904,763.23929005505238,1,2,2,2,0.99348423587462797,0.98701092693139347,0.98701092693139347,0.98701092693139347,60,120,120,120,0.056608060702314583,0.087513430732435504,0.51757933919536103,0.040578262435213869,0.46899246022006147,0.056221275061506704,1,0.056608060702314583,0.087513430732435504,0.040578262435213869,0.056221275061506704,0.056239215931183563,0.086376712386167467,0.040051188419445785,0.05549101281172257,1,1,1,1,0,Direct_Earth_to_Mars,0.99348423587462797,0.99348423587462797,0.49350546346569674,0.49350546346569674,0.49350546346569674,757.30318781657945,60,0.056608060702314583,0.056239215931183563,0,21761.974329772213,8192,100000000,8.1920000000000002e-05,8.1920000000000002e-05,60,757.30318781657945,817.30326973657941,22579.27759950879,1500,23261.974329772213,DELIVERED_MECHANICALLY,1,0,0,200,199,0,1,1,0,0,0,0.995,1630208,37.736296296296295,817.30326973658248,817.30326973657941,817.30326973657941,12000,60,200,0,0,0,0,0
10,100009,B3,5.9086111527851823,733.44362090315144,-34007958.08278019,143113342.69005254,-687.61159794345087,188847509.56907499,99801984.581449449,-2550081.174106345,147554965.72948533,162503063.63616008,-1441388.5775046472,206555865.82688797,26339568.009969261,20065753.075053111,189731575.18612075,100269194.88929372,-2562019.055055093,227039495707.41052,0.97880418704996341,1,1,1,0.99348423587462797,200,60,21761.974329772213,7377.7338786848977,1,1,1,1,4,182601019167.19858,75084809986.063522,268159896086.0993,78878314438.511948,227819139158.5047,999999999.99999058,227039495707.41052,257685829153.26208,347038210524.61127,228819139158.5047,757.30318781657945,859.52578103156134,1157.5657455790904,763.23929005505238,1,2,2,2,0.99348423587462797,0.98701092693139347,0.98701092693139347,0.98701092693139347,60,120,120,120,0.056608060702314583,0.087513430732435504,0.51757933919536103,0.040578262435213869,0.46899246022006147,0.056221275061506704,1,0.056608060702314583,0.087513430732435504,0.040578262435213869,0.056221275061506704,0.056239215931183563,0.086376712386167467,0.040051188419445785,0.05549101281172257,1,1,1,1,0,Direct_Earth_to_Mars,0.056239215931183563,0.056239215931183563,0.043188356193083734,0.020025594209722893,0.027745506405861285,757.30318781657945,60,0.056608060702314583,0.056239215931183563,0,21761.974329772213,8192,100000000,8.1920000000000002e-05,8.1920000000000002e-05,60,757.30318781657945,817.30326973657941,22579.27759950879,1500,23261.974329772213,DELIVERED_MECHANICALLY,1,0,0,200,199,0,1,1,0,0,0,0.995,1630208,37.736296296296295,817.30326973658248,817.30326973657941,817.30326973657941,12000,60,200,0,0,0,0,0
10,100009,B4,5.9086111527851823,733.44362090315144,-34007958.08278019,143113342.69005254,-687.61159794345087,188847509.56907499,99801984.581449449,-2550081.174106345,147554965.72948533,162503063.63616008,-1441388.5775046472,206555865.82688797,26339568.009969261,20065753.075053111,189731575.18612075,100269194.88929372,-2562019.055055093,227039495707.41052,0.97880418704996341,1,1,1,0.99348423587462797,200,60,21761.974329772213,7377.7338786848977,1,1,1,1,4,182601019167.19858,75084809986.063522,268159896086.0993,78878314438.511948,227819139158.5047,999999999.99999058,227039495707.41052,257685829153.26208,347038210524.61127,228819139158.5047,757.30318781657945,859.52578103156134,1157.5657455790904,763.23929005505238,1,2,2,2,0.99348423587462797,0.98701092693139347,0.98701092693139347,0.98701092693139347,60,120,120,120,0.056608060702314583,0.087513430732435504,0.51757933919536103,0.040578262435213869,0.46899246022006147,0.056221275061506704,1,0.056608060702314583,0.087513430732435504,0.040578262435213869,0.056221275061506704,0.056239215931183563,0.086376712386167467,0.040051188419445785,0.05549101281172257,1,1,1,1,0,Direct_Earth_to_Mars,0.056239215931183563,0.056239215931183563,0.038052005586530803,0.013101153339119955,0.027529715414976213,757.30318781657945,60,0.056608060702314583,0.056239215931183563,0,21761.974329772213,8192,100000000,8.1920000000000002e-05,8.1920000000000002e-05,60,757.30318781657945,817.30326973657941,22579.27759950879,1500,23261.974329772213,DELIVERED_MECHANICALLY,1,0,0,200,199,0,1,1,0,0,0,0.995,1630208,37.736296296296295,817.30326973658248,817.30326973657941,817.30326973657941,12000,60,200,0,0,0,0,0
11,100010,B1,5.4713704305744084,679.16835888097341,98519421.089408442,110610169.55039136,-494.30470054230199,206554890.55885524,-19730575.04207078,-5489344.0460297335,200915647.97484443,59180740.006280974,-24025375.02653848,182249192.4413493,-93219113.092162445,28524939.624795314,207550011.12739411,-19825631.135878783,-5515790.0873372573,169382702292.4245,0.98926946826332207,1,1,1,0.83139900947724921,200,60,31906.819718913961,12426.028606483576,1,1,1,1,4,117077616978.24582,81255037653.624451,222195300252.03598,84547641477.207733,170092875077.91049,1000000000.0000038,169382702292.4245,198332654631.87027,306742941729.24371,171092875077.91049,564.98566475124915,661.54988202758591,1023.1585781495787,570.69004362211638,1,2,2,2,0.83139900947724921,0.69122431295975106,0.69122431295975106,0.69122431295975106,60,120,120,120,0.10279258238363853,0.21515534664240094,0.44668287147386521,0.05973517682326919,0.41256928920408792,0.10193601389450695,1,0.10279258238363853,0.21515534664240094,0.05973517682326919,0.10193601389450695,0.085461651175365611,0.14872060666251066,0.041290406559193492,0.070460651170086208,1,1,1,1,0,Direct_Earth_to_Mars,0.83139900947724921,0.83139900947724921,0.69122431295975106,0.69122431295975106,0.69122431295975106,564.98566475124915,60,0.10279258238363853,0.085461651175365611,0,31906.819718913961,8192,100000000,8.1920000000000002e-05,8.1920000000000002e-05,60,564.98566475124915,624.9857466712491,32531.80546558521,1500,33406.819718913961,DELIVERED_MECHANICALLY,1,0,0,200,173,0,27,27,0,0,0,0.86499999999999999,1417216,32.805925925925926,624.98574667124626,624.9857466712491,624.9857466712491,12000,60,200,0,0,0,0,0
11,100010,B2,5.4713704305744084,679.16835888097341,98519421.089408442,110610169.55039136,-494.30470054230199,206554890.55885524,-19730575.04207078,-5489344.0460297335,200915647.97484443,59180740.006280974,-24025375.02653848,182249192.4413493,-93219113.092162445,28524939.624795314,207550011.12739411,-19825631.135878783,-5515790.0873372573,169382702292.4245,0.98926946826332207,1,1,1,0.83139900947724921,200,60,31906.819718913961,12426.028606483576,1,1,1,1,4,117077616978.24582,81255037653.624451,222195300252.03598,84547641477.207733,170092875077.91049,1000000000.0000038,169382702292.4245,198332654631.87027,306742941729.24371,171092875077.91049,564.98566475124915,661.54988202758591,1023.1585781495787,570.69004362211638,1,2,2,2,0.83139900947724921,0.69122431295975106,0.69122431295975106,0.69122431295975106,60,120,120,120,0.10279258238363853,0.21515534664240094,0.44668287147386521,0.05973517682326919,0.41256928920408792,0.10193601389450695,1,0.10279258238363853,0.21515534664240094,0.05973517682326919,0.10193601389450695,0.085461651175365611,0.14872060666251066,0.041290406559193492,0.070460651170086208,1,1,1,1,0,Direct_Earth_to_Mars,0.83139900947724921,0.83139900947724921,0.34561215647987553,0.34561215647987553,0.34561215647987553,564.98566475124915,60,0.10279258238363853,0.085461651175365611,0,31906.819718913961,8192,100000000,8.1920000000000002e-05,8.1920000000000002e-05,60,564.98566475124915,624.9857466712491,32531.80546558521,1500,33406.819718913961,DELIVERED_MECHANICALLY,1,0,0,200,173,0,27,27,0,0,0,0.86499999999999999,1417216,32.805925925925926,624.98574667124626,624.9857466712491,624.9857466712491,12000,60,200,0,0,0,0,0
11,100010,B3,5.4713704305744084,679.16835888097341,98519421.089408442,110610169.55039136,-494.30470054230199,206554890.55885524,-19730575.04207078,-5489344.0460297335,200915647.97484443,59180740.006280974,-24025375.02653848,182249192.4413493,-93219113.092162445,28524939.624795314,207550011.12739411,-19825631.135878783,-5515790.0873372573,169382702292.4245,0.98926946826332207,1,1,1,0.83139900947724921,200,60,31906.819718913961,12426.028606483576,1,1,1,1,4,117077616978.24582,81255037653.624451,222195300252.03598,84547641477.207733,170092875077.91049,1000000000.0000038,169382702292.4245,198332654631.87027,306742941729.24371,171092875077.91049,564.98566475124915,661.54988202758591,1023.1585781495787,570.69004362211638,1,2,2,2,0.83139900947724921,0.69122431295975106,0.69122431295975106,0.69122431295975106,60,120,120,120,0.10279258238363853,0.21515534664240094,0.44668287147386521,0.05973517682326919,0.41256928920408792,0.10193601389450695,1,0.10279258238363853,0.21515534664240094,0.05973517682326919,0.10193601389450695,0.085461651175365611,0.14872060666251066,0.041290406559193492,0.070460651170086208,1,1,1,1,0,Direct_Earth_to_Mars,0.085461651175365611,0.085461651175365611,0.074360303331255331,0.020645203279596746,0.035230325585043104,564.98566475124915,60,0.10279258238363853,0.085461651175365611,0,31906.819718913961,8192,100000000,8.1920000000000002e-05,8.1920000000000002e-05,60,564.98566475124915,624.9857466712491,32531.80546558521,1500,33406.819718913961,DELIVERED_MECHANICALLY,1,0,0,200,173,0,27,27,0,0,0,0.86499999999999999,1417216,32.805925925925926,624.98574667124626,624.9857466712491,624.9857466712491,12000,60,200,0,0,0,0,0
11,100010,B4,5.4713704305744084,679.16835888097341,98519421.089408442,110610169.55039136,-494.30470054230199,206554890.55885524,-19730575.04207078,-5489344.0460297335,200915647.97484443,59180740.006280974,-24025375.02653848,182249192.4413493,-93219113.092162445,28524939.624795314,207550011.12739411,-19825631.135878783,-5515790.0873372573,169382702292.4245,0.98926946826332207,1,1,1,0.83139900947724921,200,60,31906.819718913961,12426.028606483576,1,1,1,1,4,117077616978.24582,81255037653.624451,222195300252.03598,84547641477.207733,170092875077.91049,1000000000.0000038,169382702292.4245,198332654631.87027,306742941729.24371,171092875077.91049,564.98566475124915,661.54988202758591,1023.1585781495787,570.69004362211638,1,2,2,2,0.83139900947724921,0.69122431295975106,0.69122431295975106,0.69122431295975106,60,120,120,120,0.10279258238363853,0.21515534664240094,0.44668287147386521,0.05973517682326919,0.41256928920408792,0.10193601389450695,1,0.10279258238363853,0.21515534664240094,0.05973517682326919,0.10193601389450695,0.085461651175365611,0.14872060666251066,0.041290406559193492,0.070460651170086208,1,1,1,1,0,Direct_Earth_to_Mars,0.085461651175365611,0.085461651175365611,0.063506179276987526,0.011400230763781372,0.034878177992620475,564.98566475124915,60,0.10279258238363853,0.085461651175365611,0,31906.819718913961,8192,100000000,8.1920000000000002e-05,8.1920000000000002e-05,60,564.98566475124915,624.9857466712491,32531.80546558521,1500,33406.819718913961,DELIVERED_MECHANICALLY,1,0,0,200,173,0,27,27,0,0,0,0.86499999999999999,1417216,32.805925925925926,624.98574667124626,624.9857466712491,624.9857466712491,12000,60,200,0,0,0,0,0
12,100011,B1,5.9420490570030688,737.59431163415661,-44474847.493362211,140222265.26386446,-677.32160745470435,184956774.4063091,108136516.01520428,-2279866.4839504808,141481316.57628068,168836322.04618385,390463.03988332377,205688420.71987978,35637600.508765787,19107299.520873774,185820006.17969933,108641211.64902294,-2290507.0954898568,231675547124.85172,0.85109997729906051,1,1,1,0.82224880112523402,200,60,3720.0977978323485,161.63276724396101,1,1,1,1,4,188145189127.49307,74710859622.246216,271817452795.21625,78379236907.478287,232461450344.16714,999999999.99999726,231675547124.85172,262856048749.73929,350196689702.69452,233461450344.16714,772.76700175067288,876.77134339472741,1168.1010330310023,778.72398380309255,1,2,2,2,0.82224880112523402,0.67609309095188463,0.67609309095188463,0.67609309095188463,60,120,120,120,0.047272162479756401,0.071676968423953505,0.45456751626751246,0.034340861626336094,0.41301307682619426,0.046953068331588362,1,0.047272162479756401,0.071676968423953505,0.034340861626336094,0.046953068331588362,0.038869478925576968,0.048460303131811357,0.023217619282900535,0.031744645097978627,1,1,1,1,0,Direct_Earth_to_Mars,0.82224880112523402,0.82224880112523402,0.67609309095188463,0.67609309095188463,0.67609309095188463,772.76700175067288,60,0.047272162479756401,0.038869478925576968,0,3720.0977978323485,8192,100000000,8.1920000000000002e-05,8.1920000000000002e-05,60,772.76700175067288,832.76708367067283,4552.864881503021,1500,5220.0977978323481,DROPPED_CONTACT_NOT_REALIZED,0,0,1,200,169,0,31,31,0,0,0,0.84499999999999997,1384448,32.047407407407405,832.76708367067124,832.76708367067283,832.76708367067283,12000,60,200,0,0,0,0,0
12,100011,B2,5.9420490570030688,737.59431163415661,-44474847.493362211,140222265.26386446,-677.32160745470435,184956774.4063091,108136516.01520428,-2279866.4839504808,141481316.57628068,168836322.04618385,390463.03988332377,205688420.71987978,35637600.508765787,19107299.520873774,185820006.17969933,108641211.64902294,-2290507.0954898568,231675547124.85172,0.85109997729906051,1,1,1,0.82224880112523402,200,60,3720.0977978323485,161.63276724396101,1,1,1,1,4,188145189127.49307,74710859622.246216,271817452795.21625,78379236907.478287,232461450344.16714,999999999.99999726,231675547124.85172,262856048749.73929,350196689702.69452,233461450344.16714,772.76700175067288,876.77134339472741,1168.1010330310023,778.72398380309255,1,2,2,2,0.82224880112523402,0.67609309095188463,0.67609309095188463,0.67609309095188463,60,120,120,120,0.047272162479756401,0.071676968423953505,0.45456751626751246,0.034340861626336094,0.41301307682619426,0.046953068331588362,1,0.047272162479756401,0.071676968423953505,0.034340861626336094,0.046953068331588362,0.038869478925576968,0.048460303131811357,0.023217619282900535,0.031744645097978627,1,1,1,1,0,Direct_Earth_to_Mars,0.82224880112523402,0.82224880112523402,0.33804654547594232,0.33804654547594232,0.33804654547594232,772.76700175067288,60,0.047272162479756401,0.038869478925576968,0,3720.0977978323485,8192,100000000,8.1920000000000002e-05,8.1920000000000002e-05,60,772.76700175067288,832.76708367067283,4552.864881503021,1500,5220.0977978323481,DROPPED_CONTACT_NOT_REALIZED,0,0,1,200,169,0,31,31,0,0,0,0.84499999999999997,1384448,32.047407407407405,832.76708367067124,832.76708367067283,832.76708367067283,12000,60,200,0,0,0,0,0
12,100011,B3,5.9420490570030688,737.59431163415661,-44474847.493362211,140222265.26386446,-677.32160745470435,184956774.4063091,108136516.01520428,-2279866.4839504808,141481316.57628068,168836322.04618385,390463.03988332377,205688420.71987978,35637600.508765787,19107299.520873774,185820006.17969933,108641211.64902294,-2290507.0954898568,231675547124.85172,0.85109997729906051,1,1,1,0.82224880112523402,200,60,3720.0977978323485,161.63276724396101,1,1,1,1,4,188145189127.49307,74710859622.246216,271817452795.21625,78379236907.478287,232461450344.16714,999999999.99999726,231675547124.85172,262856048749.73929,350196689702.69452,233461450344.16714,772.76700175067288,876.77134339472741,1168.1010330310023,778.72398380309255,1,2,2,2,0.82224880112523402,0.67609309095188463,0.67609309095188463,0.67609309095188463,60,120,120,120,0.047272162479756401,0.071676968423953505,0.45456751626751246,0.034340861626336094,0.41301307682619426,0.046953068331588362,1,0.047272162479756401,0.071676968423953505,0.034340861626336094,0.046953068331588362,0.038869478925576968,0.048460303131811357,0.023217619282900535,0.031744645097978627,1,1,1,1,0,Direct_Earth_to_Mars,0.038869478925576968,0.038869478925576968,0.024230151565905678,0.011608809641450267,0.015872322548989314,772.76700175067288,60,0.047272162479756401,0.038869478925576968,0,3720.0977978323485,8192,100000000,8.1920000000000002e-05,8.1920000000000002e-05,60,772.76700175067288,832.76708367067283,4552.864881503021,1500,5220.0977978323481,DROPPED_CONTACT_NOT_REALIZED,0,0,1,200,169,0,31,31,0,0,0,0.84499999999999997,1384448,32.047407407407405,832.76708367067124,832.76708367067283,832.76708367067283,12000,60,200,0,0,0,0,0
12,100011,B4,5.9420490570030688,737.59431163415661,-44474847.493362211,140222265.26386446,-677.32160745470435,184956774.4063091,108136516.01520428,-2279866.4839504808,141481316.57628068,168836322.04618385,390463.03988332377,205688420.71987978,35637600.508765787,19107299.520873774,185820006.17969933,108641211.64902294,-2290507.0954898568,231675547124.85172,0.85109997729906051,1,1,1,0.82224880112523402,200,60,3720.0977978323485,161.63276724396101,1,1,1,1,4,188145189127.49307,74710859622.246216,271817452795.21625,78379236907.478287,232461450344.16714,999999999.99999726,231675547124.85172,262856048749.73929,350196689702.69452,233461450344.16714,772.76700175067288,876.77134339472741,1168.1010330310023,778.72398380309255,1,2,2,2,0.82224880112523402,0.67609309095188463,0.67609309095188463,0.67609309095188463,60,120,120,120,0.047272162479756401,0.071676968423953505,0.45456751626751246,0.034340861626336094,0.41301307682619426,0.046953068331588362,1,0.047272162479756401,0.071676968423953505,0.034340861626336094,0.046953068331588362,0.038869478925576968,0.048460303131811357,0.023217619282900535,0.031744645097978627,1,1,1,1,0,Direct_Earth_to_Mars,0.038869478925576968,0.038869478925576968,0.021355923318674815,0.0076799050483159119,0.015750904508038805,772.76700175067288,60,0.047272162479756401,0.038869478925576968,0,3720.0977978323485,8192,100000000,8.1920000000000002e-05,8.1920000000000002e-05,60,772.76700175067288,832.76708367067283,4552.864881503021,1500,5220.0977978323481,DROPPED_CONTACT_NOT_REALIZED,0,0,1,200,169,0,31,31,0,0,0,0.84499999999999997,1384448,32.047407407407405,832.76708367067124,832.76708367067283,832.76708367067283,12000,60,200,0,0,0,0,0
13,100012,B1,5.2497605844718143,651.65963919197168,139439489.87388045,53115565.501962304,-228.32826781276535,190323365.8030093,-80275084.408548862,-6358813.9750476647,205382889.46054196,-2042874.2008538763,-33072073.978632662,146350858.32006982,-144560971.73885885,29382463.419485658,191244324.16977262,-80663528.624616399,-6389583.7279274724,142907893149.91309,0.86962245295552332,1,1,1,0.88317605369925789,200,60,21935.550842499455,26041.889034368571,1,1,1,1,4,92112607140.482544,84027770568.972595,199967804817.83618,85695365300.437668,143601569434.93344,999999999.99998832,142907893149.91309,176140377709.45514,285663170118.27386,144601569434.93344,476.67742878556732,587.52627654921662,952.84579759264136,482.32678263820361,1,2,2,2,0.88317605369925789,0.77999994182779442,0.77999994182779442,0.77999994182779442,60,120,120,120,0.12694149145028405,0.30554689899470533,0.36717267019585709,0.064832963206896466,0.35302166661957174,0.12571805605419445,1,0.12694149145028405,0.30554689899470533,0.064832963206896466,0.12571805605419445,0.11211168546975996,0.23832656344153313,0.05056970752990278,0.098060076408975072,1,1,1,1,0,Direct_Earth_to_Mars,0.88317605369925789,0.88317605369925789,0.77999994182779442,0.77999994182779442,0.77999994182779442,476.67742878556732,60,0.12694149145028405,0.11211168546975996,0,21935.550842499455,8192,100000000,8.1920000000000002e-05,8.1920000000000002e-05,60,476.67742878556732,536.67751070556733,22472.228353205021,1500,23435.550842499455,DROPPED_CONTACT_NOT_REALIZED,0,0,1,200,177,0,23,23,0,0,0,0.88500000000000001,1449984,33.564444444444447,536.67751070556812,536.67751070556733,536.67751070556733,12000,60,200,0,0,0,0,0
13,100012,B2,5.2497605844718143,651.65963919197168,139439489.87388045,53115565.501962304,-228.32826781276535,190323365.8030093,-80275084.408548862,-6358813.9750476647,205382889.46054196,-2042874.2008538763,-33072073.978632662,146350858.32006982,-144560971.73885885,29382463.419485658,191244324.16977262,-80663528.624616399,-6389583.7279274724,142907893149.91309,0.86962245295552332,1,1,1,0.88317605369925789,200,60,21935.550842499455,26041.889034368571,1,1,1,1,4,92112607140.482544,84027770568.972595,199967804817.83618,85695365300.437668,143601569434.93344,999999999.99998832,142907893149.91309,176140377709.45514,285663170118.27386,144601569434.93344,476.67742878556732,587.52627654921662,952.84579759264136,482.32678263820361,1,2,2,2,0.88317605369925789,0.77999994182779442,0.77999994182779442,0.77999994182779442,60,120,120,120,0.12694149145028405,0.30554689899470533,0.36717267019585709,0.064832963206896466,0.35302166661957174,0.12571805605419445,1,0.12694149145028405,0.30554689899470533,0.064832963206896466,0.12571805605419445,0.11211168546975996,0.23832656344153313,0.05056970752990278,0.098060076408975072,1,1,1,1,0,Direct_Earth_to_Mars,0.88317605369925789,0.88317605369925789,0.38999997091389721,0.38999997091389721,0.38999997091389721,476.67742878556732,60,0.12694149145028405,0.11211168546975996,0,21935.550842499455,8192,100000000,8.1920000000000002e-05,8.1920000000000002e-05,60,476.67742878556732,536.67751070556733,22472.228353205021,1500,23435.550842499455,DROPPED_CONTACT_NOT_REALIZED,0,0,1,200,177,0,23,23,0,0,0,0.88500000000000001,1449984,33.564444444444447,536.67751070556812,536.67751070556733,536.67751070556733,12000,60,200,0,0,0,0,0
13,100012,B3,5.2497605844718143,651.65963919197168,139439489.87388045,53115565.501962304,-228.32826781276535,190323365.8030093,-80275084.408548862,-6358813.9750476647,205382889.46054196,-2042874.2008538763,-33072073.978632662,146350858.32006982,-144560971.73885885,29382463.419485658,191244324.16977262,-80663528.624616399,-6389583.7279274724,142907893149.91309,0.86962245295552332,1,1,1,0.88317605369925789,200,60,21935.550842499455,26041.889034368571,1,1,1,1,4,92112607140.482544,84027770568.972595,199967804817.83618,85695365300.437668,143601569434.93344,999999999.99998832,142907893149.91309,176140377709.45514,285663170118.27386,144601569434.93344,476.67742878556732,587.52627654921662,952.84579759264136,482.32678263820361,1,2,2,2,0.88317605369925789,0.77999994182779442,0.77999994182779442,0.77999994182779442,60,120,120,120,0.12694149145028405,0.30554689899470533,0.36717267019585709,0.064832963206896466,0.35302166661957174,0.12571805605419445,1,0.12694149145028405,0.30554689899470533,0.064832963206896466,0.12571805605419445,0.11211168546975996,0.23832656344153313,0.05056970752990278,0.098060076408975072,1,1,1,1,1,Earth_Relay0_Mars,0.11916328172076657,0.11211168546975996,0.11916328172076657,0.02528485376495139,0.049030038204487536,587.52627654921662,120,0.30554689899470533,0.23832656344153313,0,21935.550842499455,8192,100000000,8.1920000000000002e-05,0.00016384,120,587.52627654921662,707.52644038921665,22643.077282888673,1500,23435.550842499455,DROPPED_CONTACT_NOT_REALIZED,0,0,1,200,159,0,41,41,0,0,0,0.79500000000000004,1302528,30.15111111111111,707.52644038921812,707.52644038921665,707.52644038921665,24000,120,0,200,0,0,0,0
13,100012,B4,5.2497605844718143,651.65963919197168,139439489.87388045,53115565.501962304,-228.32826781276535,190323365.8030093,-80275084.408548862,-6358813.9750476647,205382889.46054196,-2042874.2008538763,-33072073.978632662,146350858.32006982,-144560971.73885885,29382463.419485658,191244324.16977262,-80663528.624616399,-6389583.7279274724,142907893149.91309,0.86962245295552332,1,1,1,0.88317605369925789,200,60,21935.550842499455,26041.889034368571,1,1,1,1,4,92112607140.482544,84027770568.972595,199967804817.83618,85695365300.437668,143601569434.93344,999999999.99998832,142907893149.91309,176140377709.45514,285663170118.27386,144601569434.93344,476.67742878556732,587.52627654921662,952.84579759264136,482.32678263820361,1,2,2,2,0.88317605369925789,0.77999994182779442,0.77999994182779442,0.77999994182779442,60,120,120,120,0.12694149145028405,0.30554689899470533,0.36717267019585709,0.064832963206896466,0.35302166661957174,0.12571805605419445,1,0.12694149145028405,0.30554689899470533,0.064832963206896466,0.12571805605419445,0.11211168546975996,0.23832656344153313,0.05056970752990278,0.098060076408975072,1,1,1,1,0,Direct_Earth_to_Mars,0.11211168546975996,0.11211168546975996,0.096680691576773947,0.012649181127048275,0.048455763573270971,476.67742878556732,60,0.12694149145028405,0.11211168546975996,0,21935.550842499455,8192,100000000,8.1920000000000002e-05,8.1920000000000002e-05,60,476.67742878556732,536.67751070556733,22472.228353205021,1500,23435.550842499455,DROPPED_CONTACT_NOT_REALIZED,0,0,1,200,177,0,23,23,0,0,0,0.88500000000000001,1449984,33.564444444444447,536.67751070556812,536.67751070556733,536.67751070556733,12000,60,200,0,0,0,0,0
14,100013,B1,2.0540636956023008,254.97360978952085,148248686.25514993,-26148637.232710365,48.233935876094591,-169978493.09154785,179414900.24223906,7936016.5625790413,-208468740.61605352,126482345.37932423,50503305.561782658,-112883095.44418184,213797758.18586516,-32166459.574641377,-170665897.27157751,180140465.87200198,7968110.3343185252,378929921235.42255,0.89840822900667172,0,1,1,0.8315362654186651,200,60,10260.218066158917,28446.010807782939,1,0,1,1,3,391272435123.47034,78072585531.38179,356088141212.86621,77783506897.148529,379901560485.61871,999999999.9999876,378929921235.42255,469345020654.85211,433871648110.01477,380901560485.61871,1263.9423656952054,1565.5270869074454,1447.2036294530178,1270.5188808726441,1,2,2,2,0.8315362654186651,0.69145256070642069,0.69145256070642069,0.69145256070642069,60,120,120,120,0.018652678616412559,0.017494458326987129,0.43940185126496289,0.02112243514760254,0.44267395166495943,0.018557388152142355,1,0.018652678616412559,0.017494458326987129,0.02112243514760254,0.018557388152142355,0.015510378716746293,0,0.014605161871165079,0.012831553557821824,1,0,1,1,0,Direct_Earth_to_Mars,0.8315362654186651,0.8315362654186651,-1,0.69145256070642069,0.69145256070642069,1263.9423656952054,60,0.018652678616412559,0.015510378716746293,0,10260.218066158917,8192,100000000,8.1920000000000002e-05,8.1920000000000002e-05,60,1263.9423656952054,1323.9424476152053,11584.160513774123,1500,11760.218066158917,DROPPED_CONTACT_NOT_REALIZED,0,0,1,200,163,0,37,37,0,0,0,0.81499999999999995,1335296,30.909629629629631,1323.9424476152053,1323.9424476152053,1323.9424476152053,12000,60,200,0,0,0,0,0
14,100013,B2,2.0540636956023008,254.97360978952085,148248686.25514993,-26148637.232710365,48.233935876094591,-169978493.09154785,179414900.24223906,7936016.5625790413,-208468740.61605352,126482345.37932423,50503305.561782658,-112883095.44418184,213797758.18586516,-32166459.574641377,-170665897.27157751,180140465.87200198,7968110.3343185252,378929921235.42255,0.89840822900667172,0,1,1,0.8315362654186651,200,60,10260.218066158917,28446.010807782939,1,0,1,1,3,391272435123.47034,78072585531.38179,356088141212.86621,77783506897.148529,379901560485.61871,999999999.9999876,378929921235.42255,469345020654.85211,433871648110.01477,380901560485.61871,1263.9423656952054,1565.5270869074454,1447.2036294530178,1270.5188808726441,1,2,2,2,0.8315362654186651,0.69145256070642069,0.69145256070642069,0.69145256070642069,60,120,120,120,0.018652678616412559,0.017494458326987129,0.43940185126496289,0.02112243514760254,0.44267395166495943,0.018557388152142355,1,0.018652678616412559,0.017494458326987129,0.02112243514760254,0.018557388152142355,0.015510378716746293,0,0.014605161871165079,0.012831553557821824,1,0,1,1,0,Direct_Earth_to_Mars,0.8315362654186651,0.8315362654186651,-1,0.34572628035321035,0.34572628035321035,1263.9423656952054,60,0.018652678616412559,0.015510378716746293,0,10260.218066158917,8192,100000000,8.1920000000000002e-05,8.1920000000000002e-05,60,1263.9423656952054,1323.9424476152053,11584.160513774123,1500,11760.218066158917,DROPPED_CONTACT_NOT_REALIZED,0,0,1,200,163,0,37,37,0,0,0,0.81499999999999995,1335296,30.909629629629631,1323.9424476152053,1323.9424476152053,1323.9424476152053,12000,60,200,0,0,0,0,0
14,100013,B3,2.0540636956023008,254.97360978952085,148248686.25514993,-26148637.232710365,48.233935876094591,-169978493.09154785,179414900.24223906,7936016.5625790413,-208468740.61605352,126482345.37932423,50503305.561782658,-112883095.44418184,213797758.18586516,-32166459.574641377,-170665897.27157751,180140465.87200198,7968110.3343185252,378929921235.42255,0.89840822900667172,0,1,1,0.8315362654186651,200,60,10260.218066158917,28446.010807782939,1,0,1,1,3,391272435123.47034,78072585531.38179,356088141212.86621,77783506897.148529,379901560485.61871,999999999.9999876,378929921235.42255,469345020654.85211,433871648110.01477,380901560485.61871,1263.9423656952054,1565.5270869074454,1447.2036294530178,1270.5188808726441,1,2,2,2,0.8315362654186651,0.69145256070642069,0.69145256070642069,0.69145256070642069,60,120,120,120,0.018652678616412559,0.017494458326987129,0.43940185126496289,0.02112243514760254,0.44267395166495943,0.018557388152142355,1,0.018652678616412559,0.017494458326987129,0.02112243514760254,0.018557388152142355,0.015510378716746293,0,0.014605161871165079,0.012831553557821824,1,0,1,1,0,Direct_Earth_to_Mars,0.015510378716746293,0.015510378716746293,-1,0.0073025809355825397,0.0064157767789109121,1263.9423656952054,60,0.018652678616412559,0.015510378716746293,0,10260.218066158917,8192,100000000,8.1920000000000002e-05,8.1920000000000002e-05,60,1263.9423656952054,1323.9424476152053,11584.160513774123,1500,11760.218066158917,DROPPED_CONTACT_NOT_REALIZED,0,0,1,200,163,0,37,37,0,0,0,0.81499999999999995,1335296,30.909629629629631,1323.9424476152053,1323.9424476152053,1323.9424476152053,12000,60,200,0,0,0,0,0
14,100013,B4,2.0540636956023008,254.97360978952085,148248686.25514993,-26148637.232710365,48.233935876094591,-169978493.09154785,179414900.24223906,7936016.5625790413,-208468740.61605352,126482345.37932423,50503305.561782658,-112883095.44418184,213797758.18586516,-32166459.574641377,-170665897.27157751,180140465.87200198,7968110.3343185252,378929921235.42255,0.89840822900667172,0,1,1,0.8315362654186651,200,60,10260.218066158917,28446.010807782939,1,0,1,1,3,391272435123.47034,78072585531.38179,356088141212.86621,77783506897.148529,379901560485.61871,999999999.9999876,378929921235.42255,469345020654.85211,433871648110.01477,380901560485.61871,1263.9423656952054,1565.5270869074454,1447.2036294530178,1270.5188808726441,1,2,2,2,0.8315362654186651,0.69145256070642069,0.69145256070642069,0.69145256070642069,60,120,120,120,0.018652678616412559,0.017494458326987129,0.43940185126496289,0.02112243514760254,0.44267395166495943,0.018557388152142355,1,0.018652678616412559,0.017494458326987129,0.02112243514760254,0.018557388152142355,0.015510378716746293,0,0.014605161871165079,0.012831553557821824,1,0,1,1,0,Direct_Earth_to_Mars,0.015510378716746293,0.015510378716746293,-1,0.0063778456849845448,0.006382567155664238,1263.9423656952054,60,0.018652678616412559,0.015510378716746293,0,10260.218066158917,8192,100000000,8.1920000000000002e-05,8.1920000000000002e-05,60,1263.9423656952054,1323.9424476152053,11584.160513774123,1500,11760.218066158917,DROPPED_CONTACT_NOT_REALIZED,0,0,1,200,163,0,37,37,0,0,0,0.81499999999999995,1335296,30.909629629629631,1323.9424476152053,1323.9424476152053,1323.9424476152053,12000,60,200,0,0,0,0,0
15,100014,B1,3.1927837377446182,396.32441614782437,-98643009.230722353,109532351.02501097,-297.82656288228617,-234052419.45953852,-66710453.120524853,4354671.2647312693,-201216180.22507375,-127090518.59608227,14831977.608979041,-245525192.14208364,-3040493.9340504594,-26478715.909262311,-235013964.7690419,-66984516.184863202,4372561.3328566076,222297548676.05637,0.95946111042649029,1,1,1,0.87730850210373379,200,60,37772.426316537167,38502.445409884458,1,1,1,1,4,258324668257.12393,69525138346.69313,186944183389.44302,71667189009.016266,223101689418.19064,999999999.99999964,222297548676.05637,327849806603.81708,258611372398.45929,224101689418.19064,741.48615302220264,1093.5617298326119,862.61298331707565,747.50396737221695,1,2,2,2,0.87730850210373379,0.76967020786349705,0.76967020786349705,0.76967020786349705,60,120,120,120,0.057881971406708317,0.042862835849246848,0.59173728972954476,0.081844358251603203,0.55689320730285785,0.057465467448884783,1,0.057881971406708317,0.042862835849246848,0.081844358251603203,0.057465467448884783,0.050780345633630423,0.032990247777708773,0.062993164227965956,0.044229458276356173,1,1,1,1,0,Direct_Earth_to_Mars,0.87730850210373379,0.87730850210373379,0.76967020786349705,0.76967020786349705,0.76967020786349705,741.48615302220264,60,0.057881971406708317,0.050780345633630423,0,37772.426316537167,8192,100000000,8.1920000000000002e-05,8.1920000000000002e-05,60,741.48615302220264,801.4862349422026,38573.91255147937,1500,39272.426316537167,DELIVERED_MECHANICALLY,1,0,0,200,170,0,30,30,0,0,0,0.84999999999999998,1392640,32.237037037037034,801.48623494220305,801.4862349422026,801.4862349422026,12000,60,200,0,0,0,0,0
15,100014,B2,3.1927837377446182,396.32441614782437,-98643009.230722353,109532351.02501097,-297.82656288228617,-234052419.45953852,-66710453.120524853,4354671.2647312693,-201216180.22507375,-127090518.59608227,14831977.608979041,-245525192.14208364,-3040493.9340504594,-26478715.909262311,-235013964.7690419,-66984516.184863202,4372561.3328566076,222297548676.05637,0.95946111042649029,1,1,1,0.87730850210373379,200,60,37772.426316537167,38502.445409884458,1,1,1,1,4,258324668257.12393,69525138346.69313,186944183389.44302,71667189009.016266,223101689418.19064,999999999.99999964,222297548676.05637,327849806603.81708,258611372398.45929,224101689418.19064,741.48615302220264,1093.5617298326119,862.61298331707565,747.50396737221695,1,2,2,2,0.87730850210373379,0.76967020786349705,0.76967020786349705,0.76967020786349705,60,120,120,120,0.057881971406708317,0.042862835849246848,0.59173728972954476,0.081844358251603203,0.55689320730285785,0.057465467448884783,1,0.057881971406708317,0.042862835849246848,0.081844358251603203,0.057465467448884783,0.050780345633630423,0.032990247777708773,0.062993164227965956,0.044229458276356173,1,1,1,1,0,Direct_Earth_to_Mars,0.87730850210373379,0.87730850210373379,0.38483510393174852,0.38483510393174852,0.38483510393174852,741.48615302220264,60,0.057881971406708317,0.050780345633630423,0,37772.426316537167,8192,100000000,8.1920000000000002e-05,8.1920000000000002e-05,60,741.48615302220264,801.4862349422026,38573.91255147937,1500,39272.426316537167,DELIVERED_MECHANICALLY,1,0,0,200,170,0,30,30,0,0,0,0.84999999999999998,1392640,32.237037037037034,801.48623494220305,801.4862349422026,801.4862349422026,12000,60,200,0,0,0,0,0
15,100014,B3,3.1927837377446182,396.32441614782437,-98643009.230722353,109532351.02501097,-297.82656288228617,-234052419.45953852,-66710453.120524853,4354671.2647312693,-201216180.22507375,-127090518.59608227,14831977.608979041,-245525192.14208364,-3040493.9340504594,-26478715.909262311,-235013964.7690419,-66984516.184863202,4372561.3328566076,222297548676.05637,0.95946111042649029,1,1,1,0.87730850210373379,200,60,37772.426316537167,38502.445409884458,1,1,1,1,4,258324668257.12393,69525138346.69313,186944183389.44302,71667189009.016266,223101689418.19064,999999999.99999964,222297548676.05637,327849806603.81708,258611372398.45929,224101689418.19064,741.48615302220264,1093.5617298326119,862.61298331707565,747.50396737221695,1,2,2,2,0.87730850210373379,0.76967020786349705,0.76967020786349705,0.76967020786349705,60,120,120,120,0.057881971406708317,0.042862835849246848,0.59173728972954476,0.081844358251603203,0.55689320730285785,0.057465467448884783,1,0.057881971406708317,0.042862835849246848,0.081844358251603203,0.057465467448884783,0.050780345633630423,0.032990247777708773,0.062993164227965956,0.044229458276356173,1,1,1,1,0,Direct_Earth_to_Mars,0.050780345633630423,0.050780345633630423,0.016495123888854386,0.031496582113982978,0.022114729138178087,741.48615302220264,60,0.057881971406708317,0.050780345633630423,0,37772.426316537167,8192,100000000,8.1920000000000002e-05,8.1920000000000002e-05,60,741.48615302220264,801.4862349422026,38573.91255147937,1500,39272.426316537167,DELIVERED_MECHANICALLY,1,0,0,200,170,0,30,30,0,0,0,0.84999999999999998,1392640,32.237037037037034,801.48623494220305,801.4862349422026,801.4862349422026,12000,60,200,0,0,0,0,0
15,100014,B4,3.1927837377446182,396.32441614782437,-98643009.230722353,109532351.02501097,-297.82656288228617,-234052419.45953852,-66710453.120524853,4354671.2647312693,-201216180.22507375,-127090518.59608227,14831977.608979041,-245525192.14208364,-3040493.9340504594,-26478715.909262311,-235013964.7690419,-66984516.184863202,4372561.3328566076,222297548676.05637,0.95946111042649029,1,1,1,0.87730850210373379,200,60,37772.426316537167,38502.445409884458,1,1,1,1,4,258324668257.12393,69525138346.69313,186944183389.44302,71667189009.016266,223101689418.19064,999999999.99999964,222297548676.05637,327849806603.81708,258611372398.45929,224101689418.19064,741.48615302220264,1093.5617298326119,862.61298331707565,747.50396737221695,1,2,2,2,0.87730850210373379,0.76967020786349705,0.76967020786349705,0.76967020786349705,60,120,120,120,0.057881971406708317,0.042862835849246848,0.59173728972954476,0.081844358251603203,0.55689320730285785,0.057465467448884783,1,0.057881971406708317,0.042862835849246848,0.081844358251603203,0.057465467448884783,0.050780345633630423,0.032990247777708773,0.062993164227965956,0.044229458276356173,1,1,1,1,0,Direct_Earth_to_Mars,0.050780345633630423,0.050780345633630423,0.011184467801230955,0.027073878966253264,0.021936693515407755,741.48615302220264,60,0.057881971406708317,0.050780345633630423,0,37772.426316537167,8192,100000000,8.1920000000000002e-05,8.1920000000000002e-05,60,741.48615302220264,801.4862349422026,38573.91255147937,1500,39272.426316537167,DELIVERED_MECHANICALLY,1,0,0,200,170,0,30,30,0,0,0,0.84999999999999998,1392640,32.237037037037034,801.48623494220305,801.4862349422026,801.4862349422026,12000,60,200,0,0,0,0,0
16,100015,B1,1.2184901388498208,151.25277266748714,-50446439.513757691,-143064222.17096248,172.09715309040917,20163667.972820904,232123238.98696387,4366976.8766454132,-45640190.205903947,231354504.97084343,38775761.302198783,87524898.901325926,208624254.75851145,-9841451.4069622569,20250193.103276778,233119312.39792556,4385716.1875911616,381799014238.354,0.93424751099530789,1,1,1,0.92540672241036337,200,60,18136.280650776214,35569.051137265538,1,1,1,1,4,376451895446.28113,74261047318.479675,377912334519.81879,72743502295.826111,382794068058.92242,999999999.99998915,381799014238.354,450712942764.7608,450655836815.6449,383794068058.92242,1273.5123890538825,1503.3787283681147,1503.1882482176281,1280.1670048663188,1,2,2,2,0.92540672241036337,0.85637760188229128,0.85637760188229128,0.85637760188229128,60,120,120,120,0.019106345612027086,0.019652973047811415,0.50503920786124123,0.019501369049360735,0.52633084431899269,0.019007142757952143,1,0.019106345612027086,0.019652973047811415,0.019501369049360735,0.019007142757952143,0.017681140670065612,0.016830365928542045,0.016700535659913085,0.016277291333689416,1,1,1,1,0,Direct_Earth_to_Mars,0.92540672241036337,0.92540672241036337,0.85637760188229128,0.85637760188229128,0.85637760188229128,1273.5123890538825,60,0.019106345612027086,0.017681140670065612,0,18136.280650776214,8192,100000000,8.1920000000000002e-05,8.1920000000000002e-05,60,1273.5123890538825,1333.5124709738825,19469.793121750095,1500,19636.280650776214,DELIVERED_MECHANICALLY,1,0,0,200,188,0,12,12,0,0,0,0.93999999999999995,1540096,35.650370370370368,1333.5124709738866,1333.5124709738825,1333.5124709738825,12000,60,200,0,0,0,0,0
16,100015,B2,1.2184901388498208,151.25277266748714,-50446439.513757691,-143064222.17096248,172.09715309040917,20163667.972820904,232123238.98696387,4366976.8766454132,-45640190.205903947,231354504.97084343,38775761.302198783,87524898.901325926,208624254.75851145,-9841451.4069622569,20250193.103276778,233119312.39792556,4385716.1875911616,381799014238.354,0.93424751099530789,1,1,1,0.92540672241036337,200,60,18136.280650776214,35569.051137265538,1,1,1,1,4,376451895446.28113,74261047318.479675,377912334519.81879,72743502295.826111,382794068058.92242,999999999.99998915,381799014238.354,450712942764.7608,450655836815.6449,383794068058.92242,1273.5123890538825,1503.3787283681147,1503.1882482176281,1280.1670048663188,1,2,2,2,0.92540672241036337,0.85637760188229128,0.85637760188229128,0.85637760188229128,60,120,120,120,0.019106345612027086,0.019652973047811415,0.50503920786124123,0.019501369049360735,0.52633084431899269,0.019007142757952143,1,0.019106345612027086,0.019652973047811415,0.019501369049360735,0.019007142757952143,0.017681140670065612,0.016830365928542045,0.016700535659913085,0.016277291333689416,1,1,1,1,0,Direct_Earth_to_Mars,0.92540672241036337,0.92540672241036337,0.42818880094114564,0.42818880094114564,0.42818880094114564,1273.5123890538825,60,0.019106345612027086,0.017681140670065612,0,18136.280650776214,8192,100000000,8.1920000000000002e-05,8.1920000000000002e-05,60,1273.5123890538825,1333.5124709738825,19469.793121750095,1500,19636.280650776214,DELIVERED_MECHANICALLY,1,0,0,200,188,0,12,12,0,0,0,0.93999999999999995,1540096,35.650370370370368,1333.5124709738866,1333.5124709738825,1333.5124709738825,12000,60,200,0,0,0,0,0
16,100015,B3,1.2184901388498208,151.25277266748714,-50446439.513757691,-143064222.17096248,172.09715309040917,20163667.972820904,232123238.98696387,4366976.8766454132,-45640190.205903947,231354504.97084343,38775761.302198783,87524898.901325926,208624254.75851145,-9841451.4069622569,20250193.103276778,233119312.39792556,4385716.1875911616,381799014238.354,0.93424751099530789,1,1,1,0.92540672241036337,200,60,18136.280650776214,35569.051137265538,1,1,1,1,4,376451895446.28113,74261047318.479675,377912334519.81879,72743502295.826111,382794068058.92242,999999999.99998915,381799014238.354,450712942764.7608,450655836815.6449,383794068058.92242,1273.5123890538825,1503.3787283681147,1503.1882482176281,1280.1670048663188,1,2,2,2,0.92540672241036337,0.85637760188229128,0.85637760188229128,0.85637760188229128,60,120,120,120,0.019106345612027086,0.019652973047811415,0.50503920786124123,0.019501369049360735,0.52633084431899269,0.019007142757952143,1,0.019106345612027086,0.019652973047811415,0.019501369049360735,0.019007142757952143,0.017681140670065612,0.016830365928542045,0.016700535659913085,0.016277291333689416,1,1,1,1,0,Direct_Earth_to_Mars,0.017681140670065612,0.017681140670065612,0.0084151829642710226,0.0083502678299565425,0.0081386456668447078,1273.5123890538825,60,0.019106345612027086,0.017681140670065612,0,18136.280650776214,8192,100000000,8.1920000000000002e-05,8.1920000000000002e-05,60,1273.5123890538825,1333.5124709738825,19469.793121750095,1500,19636.280650776214,DELIVERED_MECHANICALLY,1,0,0,200,188,0,12,12,0,0,0,0.93999999999999995,1540096,35.650370370370368,1333.5124709738866,1333.5124709738825,1333.5124709738825,12000,60,200,0,0,0,0,0
16,100015,B4,1.2184901388498208,151.25277266748714,-50446439.513757691,-143064222.17096248,172.09715309040917,20163667.972820904,232123238.98696387,4366976.8766454132,-45640190.205903947,231354504.97084343,38775761.302198783,87524898.901325926,208624254.75851145,-9841451.4069622569,20250193.103276778,233119312.39792556,4385716.1875911616,381799014238.354,0.93424751099530789,1,1,1,0.92540672241036337,200,60,18136.280650776214,35569.051137265538,1,1,1,1,4,376451895446.28113,74261047318.479675,377912334519.81879,72743502295.826111,382794068058.92242,999999999.99998915,381799014238.354,450712942764.7608,450655836815.6449,383794068058.92242,1273.5123890538825,1503.3787283681147,1503.1882482176281,1280.1670048663188,1,2,2,2,0.92540672241036337,0.85637760188229128,0.85637760188229128,0.85637760188229128,60,120,120,120,0.019106345612027086,0.019652973047811415,0.50503920786124123,0.019501369049360735,0.52633084431899269,0.019007142757952143,1,0.019106345612027086,0.019652973047811415,0.019501369049360735,0.019007142757952143,0.017681140670065612,0.016830365928542045,0.016700535659913085,0.016277291333689416,1,1,1,1,0,Direct_Earth_to_Mars,0.017681140670065612,0.017681140670065612,0.0071285029905852285,0.0070744097061542117,0.0080963390303351555,1273.5123890538825,60,0.019106345612027086,0.017681140670065612,0,18136.280650776214,8192,100000000,8.1920000000000002e-05,8.1920000000000002e-05,60,1273.5123890538825,1333.5124709738825,19469.793121750095,1500,19636.280650776214,DELIVERED_MECHANICALLY,1,0,0,200,188,0,12,12,0,0,0,0.93999999999999995,1540096,35.650370370370368,1333.5124709738866,1333.5124709738825,1333.5124709738825,12000,60,200,0,0,0,0,0
17,100016,B1,4.9515515163130885,614.64255800642252,145317948.52662328,-40117180.873361066,163.26492378662002,143669714.59901899,-150245485.58099452,-6678118.3693893868,184718601.40405834,-83184898.787094101,-40817021.385459989,79643238.048667476,-194237811.89086428,26727184.740291536,144360471.98117414,-150967858.96769065,-6710226.4554633126,110342918297.66272,0.89341510621189002,1,0,1,0.91920548232522847,200,60,33338.361035470494,28371.649140314581,1,1,0,1,3,71226977587.488144,85718131735.449402,169648666892.90976,84561390418.183334,111057727896.38388,1000000000.0000018,110342918297.66272,156945109322.93756,254210057311.09308,112057727896.38388,368.05509772402507,523.49936398578234,847.93214580084418,373.77494294991288,1,2,2,2,0.91920548232522847,0.84493871873675597,0.84493871873675597,0.84493871873675597,60,120,120,120,0.21875079762246422,0.52498820320024042,0.36248762368432907,0.092541742826421372,0.37247261343795868,0.21594393383921856,1,0.21875079762246422,0.36248762368432907,0.092541742826421372,0.21594393383921856,0.20107693243758565,0.30627982831376838,0,0.18245939077708412,1,1,0,1,0,Direct_Earth_to_Mars,0.91920548232522847,0.91920548232522847,0.84493871873675597,-1,0.84493871873675597,368.05509772402507,60,0.21875079762246422,0.20107693243758565,0,33338.361035470494,8192,100000000,8.1920000000000002e-05,8.1920000000000002e-05,60,368.05509772402507,428.05517964402509,33766.416215114521,1500,34838.361035470494,DELIVERED_MECHANICALLY,1,0,0,200,180,0,20,20,0,0,0,0.90000000000000002,1474560,34.133333333333333,428.0551796440264,428.05517964402509,428.05517964402509,12000,60,200,0,0,0,0,0
17,100016,B2,4.9515515163130885,614.64255800642252,145317948.52662328,-40117180.873361066,163.26492378662002,143669714.59901899,-150245485.58099452,-6678118.3693893868,184718601.40405834,-83184898.787094101,-40817021.385459989,79643238.048667476,-194237811.89086428,26727184.740291536,144360471.98117414,-150967858.96769065,-6710226.4554633126,110342918297.66272,0.89341510621189002,1,0,1,0.91920548232522847,200,60,33338.361035470494,28371.649140314581,1,1,0,1,3,71226977587.488144,85718131735.449402,169648666892.90976,84561390418.183334,111057727896.38388,1000000000.0000018,110342918297.66272,156945109322.93756,254210057311.09308,112057727896.38388,368.05509772402507,523.49936398578234,847.93214580084418,373.77494294991288,1,2,2,2,0.91920548232522847,0.84493871873675597,0.84493871873675597,0.84493871873675597,60,120,120,120,0.21875079762246422,0.52498820320024042,0.36248762368432907,0.092541742826421372,0.37247261343795868,0.21594393383921856,1,0.21875079762246422,0.36248762368432907,0.092541742826421372,0.21594393383921856,0.20107693243758565,0.30627982831376838,0,0.18245939077708412,1,1,0,1,0,Direct_Earth_to_Mars,0.91920548232522847,0.91920548232522847,0.42246935936837798,-1,0.42246935936837798,368.05509772402507,60,0.21875079762246422,0.20107693243758565,0,33338.361035470494,8192,100000000,8.1920000000000002e-05,8.1920000000000002e-05,60,368.05509772402507,428.05517964402509,33766.416215114521,1500,34838.361035470494,DELIVERED_MECHANICALLY,1,0,0,200,180,0,20,20,0,0,0,0.90000000000000002,1474560,34.133333333333333,428.0551796440264,428.05517964402509,428.05517964402509,12000,60,200,0,0,0,0,0
17,100016,B3,4.9515515163130885,614.64255800642252,145317948.52662328,-40117180.873361066,163.26492378662002,143669714.59901899,-150245485.58099452,-6678118.3693893868,184718601.40405834,-83184898.787094101,-40817021.385459989,79643238.048667476,-194237811.89086428,26727184.740291536,144360471.98117414,-150967858.96769065,-6710226.4554633126,110342918297.66272,0.89341510621189002,1,0,1,0.91920548232522847,200,60,33338.361035470494,28371.649140314581,1,1,0,1,3,71226977587.488144,85718131735.449402,169648666892.90976,84561390418.183334,111057727896.38388,1000000000.0000018,110342918297.66272,156945109322.93756,254210057311.09308,112057727896.38388,368.05509772402507,523.49936398578234,847.93214580084418,373.77494294991288,1,2,2,2,0.91920548232522847,0.84493871873675597,0.84493871873675597,0.84493871873675597,60,120,120,120,0.21875079762246422,0.52498820320024042,0.36248762368432907,0.092541742826421372,0.37247261343795868,0.21594393383921856,1,0.21875079762246422,0.36248762368432907,0.092541742826421372,0.21594393383921856,0.20107693243758565,0.30627982831376838,0,0.18245939077708412,1,1,0,1,0,Direct_Earth_to_Mars,0.20107693243758565,0.20107693243758565,0.15313991415688419,-1,0.091229695388542059,368.05509772402507,60,0.21875079762246422,0.20107693243758565,0,33338.361035470494,8192,100000000,8.1920000000000002e-05,8.1920000000000002e-05,60,368.05509772402507,428.05517964402509,33766.416215114521,1500,34838.361035470494,DELIVERED_MECHANICALLY,1,0,0,200,180,0,20,20,0,0,0,0.90000000000000002,1474560,34.133333333333333,428.0551796440264,428.05517964402509,428.05517964402509,12000,60,200,0,0,0,0,0
17,100016,B4,4.9515515163130885,614.64255800642252,145317948.52662328,-40117180.873361066,163.26492378662002,143669714.59901899,-150245485.58099452,-6678118.3693893868,184718601.40405834,-83184898.787094101,-40817021.385459989,79643238.048667476,-194237811.89086428,26727184.740291536,144360471.98117414,-150967858.96769065,-6710226.4554633126,110342918297.66272,0.89341510621189002,1,0,1,0.91920548232522847,200,60,33338.361035470494,28371.649140314581,1,1,0,1,3,71226977587.488144,85718131735.449402,169648666892.90976,84561390418.183334,111057727896.38388,1000000000.0000018,110342918297.66272,156945109322.93756,254210057311.09308,112057727896.38388,368.05509772402507,523.49936398578234,847.93214580084418,373.77494294991288,1,2,2,2,0.91920548232522847,0.84493871873675597,0.84493871873675597,0.84493871873675597,60,120,120,120,0.21875079762246422,0.52498820320024042,0.36248762368432907,0.092541742826421372,0.37247261343795868,0.21594393383921856,1,0.21875079762246422,0.36248762368432907,0.092541742826421372,0.21594393383921856,0.20107693243758565,0.30627982831376838,0,0.18245939077708412,1,1,0,1,0,Direct_Earth_to_Mars,0.20107693243758565,0.20107693243758565,0.1076676113631183,-1,0.089833615347678336,368.05509772402507,60,0.21875079762246422,0.20107693243758565,0,33338.361035470494,8192,100000000,8.1920000000000002e-05,8.1920000000000002e-05,60,368.05509772402507,428.05517964402509,33766.416215114521,1500,34838.361035470494,DELIVERED_MECHANICALLY,1,0,0,200,180,0,20,20,0,0,0,0.90000000000000002,1474560,34.133333333333333,428.0551796440264,428.05517964402509,428.05517964402509,12000,60,200,0,0,0,0,0
18,100017,B1,4.4667074882631752,554.45823544551524,43991955.081376962,-145591073.49925339,538.30407371432261,26833738.629272558,-213816855.4246546,-5138597.9892482646,94735016.815462202,-183684991.02393109,-40128108.088559598,-48133263.930814646,-215991188.42747587,14821211.095428957,26958225.173055325,-214808790.30566588,-5162436.8703079754,70537737651.494095,0.91855337077711152,1,1,1,0.98378852196704902,200,60,6534.2463790272914,35453.911517932545,1,1,1,1,4,75075382968.261536,82114424120.075974,116888342027.50769,77609104978.39827,71469550069.478195,1000000000.0000074,70537737651.494095,157189807088.33752,194497447005.90594,72469550069.478195,235.28264726982687,524.31556733935133,648.75732823851217,241.7263177767785,1,2,2,2,0.98378852196704902,0.96783985595411093,0.96783985595411093,0.96783985595411093,60,120,120,120,0.55035970307033866,0.48584145428407366,0.40611663374207674,0.20042287310832127,0.4546365324415122,0.53610219394879144,1,0.55035970307033866,0.40611663374207674,0.20042287310832127,0.53610219394879144,0.54143755883379241,0.39305586430149997,0.19397724463906671,0.51886107016808114,1,1,1,1,0,Direct_Earth_to_Mars,0.98378852196704902,0.98378852196704902,0.96783985595411093,0.96783985595411093,0.96783985595411093,235.28264726982687,60,0.55035970307033866,0.54143755883379241,0,6534.2463790272914,8192,100000000,8.1920000000000002e-05,8.1920000000000002e-05,60,235.28264726982687,295.28272918982685,6829.5291082171179,1500,8034.2463790272914,DELIVERED_MECHANICALLY,1,0,0,200,197,0,3,3,0,0,0,0.98499999999999999,1613824,37.357037037037038,295.28272918982793,295.28272918982685,295.28272918982685,12000,60,200,0,0,0,0,0
18,100017,B2,4.4667074882631752,554.45823544551524,43991955.081376962,-145591073.49925339,538.30407371432261,26833738.629272558,-213816855.4246546,-5138597.9892482646,94735016.815462202,-183684991.02393109,-40128108.088559598,-48133263.930814646,-215991188.42747587,14821211.095428957,26958225.173055325,-214808790.30566588,-5162436.8703079754,70537737651.494095,0.91855337077711152,1,1,1,0.98378852196704902,200,60,6534.2463790272914,35453.911517932545,1,1,1,1,4,75075382968.261536,82114424120.075974,116888342027.50769,77609104978.39827,71469550069.478195,1000000000.0000074,70537737651.494095,157189807088.33752,194497447005.90594,72469550069.478195,235.28264726982687,524.31556733935133,648.75732823851217,241.7263177767785,1,2,2,2,0.98378852196704902,0.96783985595411093,0.96783985595411093,0.96783985595411093,60,120,120,120,0.55035970307033866,0.48584145428407366,0.40611663374207674,0.20042287310832127,0.4546365324415122,0.53610219394879144,1,0.55035970307033866,0.40611663374207674,0.20042287310832127,0.53610219394879144,0.54143755883379241,0.39305586430149997,0.19397724463906671,0.51886107016808114,1,1,1,1,0,Direct_Earth_to_Mars,0.98378852196704902,0.98378852196704902,0.48391992797705546,0.48391992797705546,0.48391992797705546,235.28264726982687,60,0.55035970307033866,0.54143755883379241,0,6534.2463790272914,8192,100000000,8.1920000000000002e-05,8.1920000000000002e-05,60,235.28264726982687,295.28272918982685,6829.5291082171179,1500,8034.2463790272914,DELIVERED_MECHANICALLY,1,0,0,200,197,0,3,3,0,0,0,0.98499999999999999,1613824,37.357037037037038,295.28272918982793,295.28272918982685,295.28272918982685,12000,60,200,0,0,0,0,0
18,100017,B3,4.4667074882631752,554.45823544551524,43991955.081376962,-145591073.49925339,538.30407371432261,26833738.629272558,-213816855.4246546,-5138597.9892482646,94735016.815462202,-183684991.02393109,-40128108.088559598,-48133263.930814646,-215991188.42747587,14821211.095428957,26958225.173055325,-214808790.30566588,-5162436.8703079754,70537737651.494095,0.91855337077711152,1,1,1,0.98378852196704902,200,60,6534.2463790272914,35453.911517932545,1,1,1,1,4,75075382968.261536,82114424120.075974,116888342027.50769,77609104978.39827,71469550069.478195,1000000000.0000074,70537737651.494095,157189807088.33752,194497447005.90594,72469550069.478195,235.28264726982687,524.31556733935133,648.75732823851217,241.7263177767785,1,2,2,2,0.98378852196704902,0.96783985595411093,0.96783985595411093,0.96783985595411093,60,120,120,120,0.55035970307033866,0.48584145428407366,0.40611663374207674,0.20042287310832127,0.4546365324415122,0.53610219394879144,1,0.55035970307033866,0.40611663374207674,0.20042287310832127,0.53610219394879144,0.54143755883379241,0.39305586430149997,0.19397724463906671,0.51886107016808114,1,1,1,1,0,Direct_Earth_to_Mars,0.54143755883379241,0.54143755883379241,0.19652793215074998,0.096988622319533355,0.25943053508404057,235.28264726982687,60,0.55035970307033866,0.54143755883379241,0,6534.2463790272914,8192,100000000,8.1920000000000002e-05,8.1920000000000002e-05,60,235.28264726982687,295.28272918982685,6829.5291082171179,1500,8034.2463790272914,DELIVERED_MECHANICALLY,1,0,0,200,197,0,3,3,0,0,0,0.98499999999999999,1613824,37.357037037037038,295.28272918982793,295.28272918982685,295.28272918982685,12000,60,200,0,0,0,0,0
18,100017,B4,4.4667074882631752,554.45823544551524,43991955.081376962,-145591073.49925339,538.30407371432261,26833738.629272558,-213816855.4246546,-5138597.9892482646,94735016.815462202,-183684991.02393109,-40128108.088559598,-48133263.930814646,-215991188.42747587,14821211.095428957,26958225.173055325,-214808790.30566588,-5162436.8703079754,70537737651.494095,0.91855337077711152,1,1,1,0.98378852196704902,200,60,6534.2463790272914,35453.911517932545,1,1,1,1,4,75075382968.261536,82114424120.075974,116888342027.50769,77609104978.39827,71469550069.478195,1000000000.0000074,70537737651.494095,157189807088.33752,194497447005.90594,72469550069.478195,235.28264726982687,524.31556733935133,648.75732823851217,241.7263177767785,1,2,2,2,0.98378852196704902,0.96783985595411093,0.96783985595411093,0.96783985595411093,60,120,120,120,0.55035970307033866,0.48584145428407366,0.40611663374207674,0.20042287310832127,0.4546365324415122,0.53610219394879144,1,0.55035970307033866,0.40611663374207674,0.20042287310832127,0.53610219394879144,0.54143755883379241,0.39305586430149997,0.19397724463906671,0.51886107016808114,1,1,1,1,0,Direct_Earth_to_Mars,0.54143755883379241,0.54143755883379241,0.088190423895931805,0.035174538800745024,0.25251492530311709,235.28264726982687,60,0.55035970307033866,0.54143755883379241,0,6534.2463790272914,8192,100000000,8.1920000000000002e-05,8.1920000000000002e-05,60,235.28264726982687,295.28272918982685,6829.5291082171179,1500,8034.2463790272914,DELIVERED_MECHANICALLY,1,0,0,200,197,0,3,3,0,0,0,0.98499999999999999,1613824,37.357037037037038,295.28272918982793,295.28272918982685,295.28272918982685,12000,60,200,0,0,0,0,0
19,100018,B1,0.28076290058529668,34.851465614467429,-105814013.07624105,102741792.41116214,-49.605665669506472,197947831.74665225,75604348.895890936,-3281486.8926152322,163244389.95163518,143421308.21667436,-6548306.524127108,206929216.01222438,126224.54892723393,22543418.91692185,198881899.96132576,75961107.63667433,-3296971.4401155179,304989290043.7984,0.92038777937573379,1,1,1,0.91054995490992574,200,60,18980.932466059512,10918.718110863612,1,1,1,1,4,272195016329.74875,76250514453.620316,329918914403.82477,80277881625.844131,305888336149.59796,1000000000.0000081,304989290043.7984,348445530783.36908,410196796029.66888,306888336149.59796,1017.3091729279466,1162.2599425729456,1368.234809972211,1023.6435495316809,1,2,2,2,0.91054995490992574,0.82910122038646783,0.82910122038646783,0.82910122038646783,60,120,120,120,0.029497618264790002,0.037033587964031903,0.47192237922398422,0.025208192109013889,0.42575947474603026,0.029324478309919608,1,0.029497618264790002,0.037033587964031903,0.025208192109013889,0.029324478309919608,0.026859054980954738,0.030704592976268458,0.020900142841319944,0.024312960753950851,1,1,1,1,0,Direct_Earth_to_Mars,0.91054995490992574,0.91054995490992574,0.82910122038646783,0.82910122038646783,0.82910122038646783,1017.3091729279466,60,0.029497618264790002,0.026859054980954738,0,18980.932466059512,8192,100000000,8.1920000000000002e-05,8.1920000000000002e-05,60,1017.3091729279466,1077.3092548479467,20058.241720907459,1500,20480.932466059512,DELIVERED_MECHANICALLY,1,0,0,200,178,0,22,22,0,0,0,0.89000000000000001,1458176,33.754074074074076,1077.3092548479424,1077.3092548479467,1077.3092548479467,12000,60,200,0,0,0,0,0
19,100018,B2,0.28076290058529668,34.851465614467429,-105814013.07624105,102741792.41116214,-49.605665669506472,197947831.74665225,75604348.895890936,-3281486.8926152322,163244389.95163518,143421308.21667436,-6548306.524127108,206929216.01222438,126224.54892723393,22543418.91692185,198881899.96132576,75961107.63667433,-3296971.4401155179,304989290043.7984,0.92038777937573379,1,1,1,0.91054995490992574,200,60,18980.932466059512,10918.718110863612,1,1,1,1,4,272195016329.74875,76250514453.620316,329918914403.82477,80277881625.844131,305888336149.59796,1000000000.0000081,304989290043.7984,348445530783.36908,410196796029.66888,306888336149.59796,1017.3091729279466,1162.2599425729456,1368.234809972211,1023.6435495316809,1,2,2,2,0.91054995490992574,0.82910122038646783,0.82910122038646783,0.82910122038646783,60,120,120,120,0.029497618264790002,0.037033587964031903,0.47192237922398422,0.025208192109013889,0.42575947474603026,0.029324478309919608,1,0.029497618264790002,0.037033587964031903,0.025208192109013889,0.029324478309919608,0.026859054980954738,0.030704592976268458,0.020900142841319944,0.024312960753950851,1,1,1,1,0,Direct_Earth_to_Mars,0.91054995490992574,0.91054995490992574,0.41455061019323391,0.41455061019323391,0.41455061019323391,1017.3091729279466,60,0.029497618264790002,0.026859054980954738,0,18980.932466059512,8192,100000000,8.1920000000000002e-05,8.1920000000000002e-05,60,1017.3091729279466,1077.3092548479467,20058.241720907459,1500,20480.932466059512,DELIVERED_MECHANICALLY,1,0,0,200,178,0,22,22,0,0,0,0.89000000000000001,1458176,33.754074074074076,1077.3092548479424,1077.3092548479467,1077.3092548479467,12000,60,200,0,0,0,0,0
19,100018,B3,0.28076290058529668,34.851465614467429,-105814013.07624105,102741792.41116214,-49.605665669506472,197947831.74665225,75604348.895890936,-3281486.8926152322,163244389.95163518,143421308.21667436,-6548306.524127108,206929216.01222438,126224.54892723393,22543418.91692185,198881899.96132576,75961107.63667433,-3296971.4401155179,304989290043.7984,0.92038777937573379,1,1,1,0.91054995490992574,200,60,18980.932466059512,10918.718110863612,1,1,1,1,4,272195016329.74875,76250514453.620316,329918914403.82477,80277881625.844131,305888336149.59796,1000000000.0000081,304989290043.7984,348445530783.36908,410196796029.66888,306888336149.59796,1017.3091729279466,1162.2599425729456,1368.234809972211,1023.6435495316809,1,2,2,2,0.91054995490992574,0.82910122038646783,0.82910122038646783,0.82910122038646783,60,120,120,120,0.029497618264790002,0.037033587964031903,0.47192237922398422,0.025208192109013889,0.42575947474603026,0.029324478309919608,1,0.029497618264790002,0.037033587964031903,0.025208192109013889,0.029324478309919608,0.026859054980954738,0.030704592976268458,0.020900142841319944,0.024312960753950851,1,1,1,1,0,Direct_Earth_to_Mars,0.026859054980954738,0.026859054980954738,0.015352296488134229,0.010450071420659972,0.012156480376975426,1017.3091729279466,60,0.029497618264790002,0.026859054980954738,0,18980.932466059512,8192,100000000,8.1920000000000002e-05,8.1920000000000002e-05,60,1017.3091729279466,1077.3092548479467,20058.241720907459,1500,20480.932466059512,DELIVERED_MECHANICALLY,1,0,0,200,178,0,22,22,0,0,0,0.89000000000000001,1458176,33.754074074074076,1077.3092548479424,1077.3092548479467,1077.3092548479467,12000,60,200,0,0,0,0,0
19,100018,B4,0.28076290058529668,34.851465614467429,-105814013.07624105,102741792.41116214,-49.605665669506472,197947831.74665225,75604348.895890936,-3281486.8926152322,163244389.95163518,143421308.21667436,-6548306.524127108,206929216.01222438,126224.54892723393,22543418.91692185,198881899.96132576,75961107.63667433,-3296971.4401155179,304989290043.7984,0.92038777937573379,1,1,1,0.91054995490992574,200,60,18980.932466059512,10918.718110863612,1,1,1,1,4,272195016329.74875,76250514453.620316,329918914403.82477,80277881625.844131,305888336149.59796,1000000000.0000081,304989290043.7984,348445530783.36908,410196796029.66888,306888336149.59796,1017.3091729279466,1162.2599425729456,1368.234809972211,1023.6435495316809,1,2,2,2,0.91054995490992574,0.82910122038646783,0.82910122038646783,0.82910122038646783,60,120,120,120,0.029497618264790002,0.037033587964031903,0.47192237922398422,0.025208192109013889,0.42575947474603026,0.029324478309919608,1,0.029497618264790002,0.037033587964031903,0.025208192109013889,0.029324478309919608,0.026859054980954738,0.030704592976268458,0.020900142841319944,0.024312960753950851,1,1,1,1,0,Direct_Earth_to_Mars,0.026859054980954738,0.026859054980954738,0.013437641159957842,0.0077698311989339644,0.012081255241312823,1017.3091729279466,60,0.029497618264790002,0.026859054980954738,0,18980.932466059512,8192,100000000,8.1920000000000002e-05,8.1920000000000002e-05,60,1017.3091729279466,1077.3092548479467,20058.241720907459,1500,20480.932466059512,DELIVERED_MECHANICALLY,1,0,0,200,178,0,22,22,0,0,0,0.89000000000000001,1458176,33.754074074074076,1077.3092548479424,1077.3092548479467,1077.3092548479467,12000,60,200,0,0,0,0,0
20,100019,B1,1.803127442332777,223.82456486935988,115955567.31463864,-97626451.091755703,161.26935901961761,-120155862.47186413,212555001.45847633,7405761.395759155,-170627514.76329371,171991840.46863908,50654797.745982453,-54818541.920567207,231606308.92964882,-27491952.193405852,-120647743.43292886,213425135.93419525,7436078.2938099271,389892271910.11444,0.90046883301311909,1,1,1,0.80715699311883227,200,60,18988.641132163939,37576.220518264272,1,1,1,1,4,396723806033.63324,77866789196.276489,371905664058.82996,76483777279.46936,390882986723.73456,1000000000.0000057,389892271910.11444,474590595229.90973,448389441338.29932,391882986723.73456,1300.5079116414759,1583.0240000997655,1495.6285568322191,1307.1480544487476,1,2,2,2,0.80715699311883227,0.6515024115406346,0.6515024115406346,0.6515024115406346,60,120,120,120,0.017658943493779545,0.017056010216592667,0.44274068922678883,0.019408339736371613,0.45889710163569619,0.017569541772515615,1,0.017658943493779545,0.017056010216592667,0.019408339736371613,0.017569541772515615,0.014253539732094464,0.011112031787371824,0.01264458014224603,0.011446598834457838,1,1,1,1,0,Direct_Earth_to_Mars,0.80715699311883227,0.80715699311883227,0.6515024115406346,0.6515024115406346,0.6515024115406346,1300.5079116414759,60,0.017658943493779545,0.014253539732094464,0,18988.641132163939,8192,100000000,8.1920000000000002e-05,8.1920000000000002e-05,60,1300.5079116414759,1360.5079935614758,20349.149125725417,1500,20488.641132163939,DROPPED_CONTACT_NOT_REALIZED,0,0,1,200,153,0,47,47,0,0,0,0.76500000000000001,1253376,29.013333333333332,1360.5079935614774,1360.5079935614758,1360.5079935614758,12000,60,200,0,0,0,0,0
20,100019,B2,1.803127442332777,223.82456486935988,115955567.31463864,-97626451.091755703,161.26935901961761,-120155862.47186413,212555001.45847633,7405761.395759155,-170627514.76329371,171991840.46863908,50654797.745982453,-54818541.920567207,231606308.92964882,-27491952.193405852,-120647743.43292886,213425135.93419525,7436078.2938099271,389892271910.11444,0.90046883301311909,1,1,1,0.80715699311883227,200,60,18988.641132163939,37576.220518264272,1,1,1,1,4,396723806033.63324,77866789196.276489,371905664058.82996,76483777279.46936,390882986723.73456,1000000000.0000057,389892271910.11444,474590595229.90973,448389441338.29932,391882986723.73456,1300.5079116414759,1583.0240000997655,1495.6285568322191,1307.1480544487476,1,2,2,2,0.80715699311883227,0.6515024115406346,0.6515024115406346,0.6515024115406346,60,120,120,120,0.017658943493779545,0.017056010216592667,0.44274068922678883,0.019408339736371613,0.45889710163569619,0.017569541772515615,1,0.017658943493779545,0.017056010216592667,0.019408339736371613,0.017569541772515615,0.014253539732094464,0.011112031787371824,0.01264458014224603,0.011446598834457838,1,1,1,1,0,Direct_Earth_to_Mars,0.80715699311883227,0.80715699311883227,0.3257512057703173,0.3257512057703173,0.3257512057703173,1300.5079116414759,60,0.017658943493779545,0.014253539732094464,0,18988.641132163939,8192,100000000,8.1920000000000002e-05,8.1920000000000002e-05,60,1300.5079116414759,1360.5079935614758,20349.149125725417,1500,20488.641132163939,DROPPED_CONTACT_NOT_REALIZED,0,0,1,200,153,0,47,47,0,0,0,0.76500000000000001,1253376,29.013333333333332,1360.5079935614774,1360.5079935614758,1360.5079935614758,12000,60,200,0,0,0,0,0
20,100019,B3,1.803127442332777,223.82456486935988,115955567.31463864,-97626451.091755703,161.26935901961761,-120155862.47186413,212555001.45847633,7405761.395759155,-170627514.76329371,171991840.46863908,50654797.745982453,-54818541.920567207,231606308.92964882,-27491952.193405852,-120647743.43292886,213425135.93419525,7436078.2938099271,389892271910.11444,0.90046883301311909,1,1,1,0.80715699311883227,200,60,18988.641132163939,37576.220518264272,1,1,1,1,4,396723806033.63324,77866789196.276489,371905664058.82996,76483777279.46936,390882986723.73456,1000000000.0000057,389892271910.11444,474590595229.90973,448389441338.29932,391882986723.73456,1300.5079116414759,1583.0240000997655,1495.6285568322191,1307.1480544487476,1,2,2,2,0.80715699311883227,0.6515024115406346,0.6515024115406346,0.6515024115406346,60,120,120,120,0.017658943493779545,0.017056010216592667,0.44274068922678883,0.019408339736371613,0.45889710163569619,0.017569541772515615,1,0.017658943493779545,0.017056010216592667,0.019408339736371613,0.017569541772515615,0.014253539732094464,0.011112031787371824,0.01264458014224603,0.011446598834457838,1,1,1,1,0,Direct_Earth_to_Mars,0.014253539732094464,0.014253539732094464,0.0055560158936859118,0.006322290071123015,0.0057232994172289192,1300.5079116414759,60,0.017658943493779545,0.014253539732094464,0,18988.641132163939,8192,100000000,8.1920000000000002e-05,8.1920000000000002e-05,60,1300.5079116414759,1360.5079935614758,20349.149125725417,1500,20488.641132163939,DROPPED_CONTACT_NOT_REALIZED,0,0,1,200,153,0,47,47,0,0,0,0.76500000000000001,1253376,29.013333333333332,1360.5079935614774,1360.5079935614758,1360.5079935614758,12000,60,200,0,0,0,0,0
20,100019,B4,1.803127442332777,223.82456486935988,115955567.31463864,-97626451.091755703,161.26935901961761,-120155862.47186413,212555001.45847633,7405761.395759155,-170627514.76329371,171991840.46863908,50654797.745982453,-54818541.920567207,231606308.92964882,-27491952.193405852,-120647743.43292886,213425135.93419525,7436078.2938099271,389892271910.11444,0.90046883301311909,1,1,1,0.80715699311883227,200,60,18988.641132163939,37576.220518264272,1,1,1,1,4,396723806033.63324,77866789196.276489,371905664058.82996,76483777279.46936,390882986723.73456,1000000000.0000057,389892271910.11444,474590595229.90973,448389441338.29932,391882986723.73456,1300.5079116414759,1583.0240000997655,1495.6285568322191,1307.1480544487476,1,2,2,2,0.80715699311883227,0.6515024115406346,0.6515024115406346,0.6515024115406346,60,120,120,120,0.017658943493779545,0.017056010216592667,0.44274068922678883,0.019408339736371613,0.45889710163569619,0.017569541772515615,1,0.017658943493779545,0.017056010216592667,0.019408339736371613,0.017569541772515615,0.014253539732094464,0.011112031787371824,0.01264458014224603,0.011446598834457838,1,1,1,1,0,Direct_Earth_to_Mars,0.014253539732094464,0.014253539732094464,0.0045644555145651225,0.0054974801193971865,0.005694225797504027,1300.5079116414759,60,0.017658943493779545,0.014253539732094464,0,18988.641132163939,8192,100000000,8.1920000000000002e-05,8.1920000000000002e-05,60,1300.5079116414759,1360.5079935614758,20349.149125725417,1500,20488.641132163939,DROPPED_CONTACT_NOT_REALIZED,0,0,1,200,153,0,47,47,0,0,0,0.76500000000000001,1253376,29.013333333333332,1360.5079935614774,1360.5079935614758,1360.5079935614758,12000,60,200,0,0,0,0,0
21,100020,B1,2.3536407152961587,292.16049658610177,133242781.02968265,66621650.100836903,-138.21747685528021,-215179669.06076595,125203080.57516545,7911246.9277456477,-236576304.67583391,62148469.644208461,46235321.184509821,-172223758.38331443,174255041.79787621,-34960822.714686833,-216043567.97553363,125705743.3309294,7943008.8393852124,353401439921.18341,0.85829568233338405,1,1,1,0.90102198459603977,200,60,17365.308584967708,12994.860028836614,1,1,1,1,4,372724943090.17548,76827304019.705978,325756048554.24225,78034092019.764633,354337377733.96552,999999999.99999273,353401439921.18341,449552247109.88147,403790140574.0069,355337377733.96552,1178.7906601773964,1499.5071618074765,1346.8650452768743,1185.248091174001,1,2,2,2,0.90102198459603977,0.8118406167253861,0.8118406167253861,0.8118406167253861,60,120,120,120,0.020487340422304198,0.018418120033632853,0.43350192100934243,0.024112222169088007,0.4201974866083058,0.020379253871066857,1,0.020487340422304198,0.018418120033632853,0.024112222169088007,0.020379253871066857,0.018459544126399198,0.014952577927026684,0.019575281316371936,0.01654470603109013,1,1,1,1,0,Direct_Earth_to_Mars,0.90102198459603977,0.90102198459603977,0.8118406167253861,0.8118406167253861,0.8118406167253861,1178.7906601773964,60,0.020487340422304198,0.018459544126399198,0,17365.308584967708,8192,100000000,8.1920000000000002e-05,8.1920000000000002e-05,60,1178.7906601773964,1238.7907420973963,18604.099327065105,1500,18865.308584967708,DELIVERED_MECHANICALLY,1,0,0,200,174,0,26,26,0,0,0,0.87,1425408,32.995555555555555,1238.7907420973938,1238.7907420973963,1238.7907420973963,12000,60,200,0,0,0,0,0
21,100020,B2,2.3536407152961587,292.16049658610177,133242781.02968265,66621650.100836903,-138.21747685528021,-215179669.06076595,125203080.57516545,7911246.9277456477,-236576304.67583391,62148469.644208461,46235321.184509821,-172223758.38331443,174255041.79787621,-34960822.714686833,-216043567.97553363,125705743.3309294,7943008.8393852124,353401439921.18341,0.85829568233338405,1,1,1,0.90102198459603977,200,60,17365.308584967708,12994.860028836614,1,1,1,1,4,372724943090.17548,76827304019.705978,325756048554.24225,78034092019.764633,354337377733.96552,999999999.99999273,353401439921.18341,449552247109.88147,403790140574.0069,355337377733.96552,1178.7906601773964,1499.5071618074765,1346.8650452768743,1185.248091174001,1,2,2,2,0.90102198459603977,0.8118406167253861,0.8118406167253861,0.8118406167253861,60,120,120,120,0.020487340422304198,0.018418120033632853,0.43350192100934243,0.024112222169088007,0.4201974866083058,0.020379253871066857,1,0.020487340422304198,0.018418120033632853,0.024112222169088007,0.020379253871066857,0.018459544126399198,0.014952577927026684,0.019575281316371936,0.01654470603109013,1,1,1,1,0,Direct_Earth_to_Mars,0.90102198459603977,0.90102198459603977,0.40592030836269305,0.40592030836269305,0.40592030836269305,1178.7906601773964,60,0.020487340422304198,0.018459544126399198,0,17365.308584967708,8192,100000000,8.1920000000000002e-05,8.1920000000000002e-05,60,1178.7906601773964,1238.7907420973963,18604.099327065105,1500,18865.308584967708,DELIVERED_MECHANICALLY,1,0,0,200,174,0,26,26,0,0,0,0.87,1425408,32.995555555555555,1238.7907420973938,1238.7907420973963,1238.7907420973963,12000,60,200,0,0,0,0,0
21,100020,B3,2.3536407152961587,292.16049658610177,133242781.02968265,66621650.100836903,-138.21747685528021,-215179669.06076595,125203080.57516545,7911246.9277456477,-236576304.67583391,62148469.644208461,46235321.184509821,-172223758.38331443,174255041.79787621,-34960822.714686833,-216043567.97553363,125705743.3309294,7943008.8393852124,353401439921.18341,0.85829568233338405,1,1,1,0.90102198459603977,200,60,17365.308584967708,12994.860028836614,1,1,1,1,4,372724943090.17548,76827304019.705978,325756048554.24225,78034092019.764633,354337377733.96552,999999999.99999273,353401439921.18341,449552247109.88147,403790140574.0069,355337377733.96552,1178.7906601773964,1499.5071618074765,1346.8650452768743,1185.248091174001,1,2,2,2,0.90102198459603977,0.8118406167253861,0.8118406167253861,0.8118406167253861,60,120,120,120,0.020487340422304198,0.018418120033632853,0.43350192100934243,0.024112222169088007,0.4201974866083058,0.020379253871066857,1,0.020487340422304198,0.018418120033632853,0.024112222169088007,0.020379253871066857,0.018459544126399198,0.014952577927026684,0.019575281316371936,0.01654470603109013,1,1,1,1,0,Direct_Earth_to_Mars,0.018459544126399198,0.018459544126399198,0.0074762889635133422,0.0097876406581859678,0.0082723530155450649,1178.7906601773964,60,0.020487340422304198,0.018459544126399198,0,17365.308584967708,8192,100000000,8.1920000000000002e-05,8.1920000000000002e-05,60,1178.7906601773964,1238.7907420973963,18604.099327065105,1500,18865.308584967708,DELIVERED_MECHANICALLY,1,0,0,200,174,0,26,26,0,0,0,0.87,1425408,32.995555555555555,1238.7907420973938,1238.7907420973963,1238.7907420973963,12000,60,200,0,0,0,0,0
21,100020,B4,2.3536407152961587,292.16049658610177,133242781.02968265,66621650.100836903,-138.21747685528021,-215179669.06076595,125203080.57516545,7911246.9277456477,-236576304.67583391,62148469.644208461,46235321.184509821,-172223758.38331443,174255041.79787621,-34960822.714686833,-216043567.97553363,125705743.3309294,7943008.8393852124,353401439921.18341,0.85829568233338405,1,1,1,0.90102198459603977,200,60,17365.308584967708,12994.860028836614,1,1,1,1,4,372724943090.17548,76827304019.705978,325756048554.24225,78034092019.764633,354337377733.96552,999999999.99999273,353401439921.18341,449552247109.88147,403790140574.0069,355337377733.96552,1178.7906601773964,1499.5071618074765,1346.8650452768743,1185.248091174001,1,2,2,2,0.90102198459603977,0.8118406167253861,0.8118406167253861,0.8118406167253861,60,120,120,120,0.020487340422304198,0.018418120033632853,0.43350192100934243,0.024112222169088007,0.4201974866083058,0.020379253871066857,1,0.020487340422304198,0.018418120033632853,0.024112222169088007,0.020379253871066857,0.018459544126399198,0.014952577927026684,0.019575281316371936,0.01654470603109013,1,1,1,1,0,Direct_Earth_to_Mars,0.018459544126399198,0.018459544126399198,0.0058772507577448865,0.0085662475490782299,0.0082272838446472447,1178.7906601773964,60,0.020487340422304198,0.018459544126399198,0,17365.308584967708,8192,100000000,8.1920000000000002e-05,8.1920000000000002e-05,60,1178.7906601773964,1238.7907420973963,18604.099327065105,1500,18865.308584967708,DELIVERED_MECHANICALLY,1,0,0,200,174,0,26,26,0,0,0,0.87,1425408,32.995555555555555,1238.7907420973938,1238.7907420973963,1238.7907420973963,12000,60,200,0,0,0,0,0
22,100021,B1,0.51094870215381338,63.424729858354155,-143090187.08333525,39271645.600800037,-25.903086039300899,170971286.90048859,132627138.86201385,-1423896.5400463208,121366882.74001078,186657272.95012698,6023530.3219152149,200631098.52094069,63850500.820759252,15936890.384281363,171761406.42009428,133240056.34742369,-1430476.875672176,327645975056.1991,0.98190908352358264,1,1,1,0.8659083538275909,200,60,3460.9745875030044,33159.659789069927,1,1,1,1,4,302814048812.6344,73724598802.297852,344967284828.76532,76885156488.429947,328578201254.86108,1000000000.0000038,327645975056.1991,376538647614.93225,421852441317.19525,329578201254.86108,1092.8818380793832,1255.9661361405344,1407.1128796437467,1099.3268887753873,1,2,2,2,0.8659083538275909,0.74979727722840839,0.74979727722840839,0.74979727722840839,60,120,120,120,0.027267598368121898,0.031923060647777661,0.53855706477617582,0.024598053522269129,0.49518964873683491,0.027113093231207516,1,0.027267598368121898,0.031923060647777661,0.024598053522269129,0.027113093231207516,0.023611241215772336,0.023935823954501043,0.018443553556116054,0.020329323481999385,1,1,1,1,0,Direct_Earth_to_Mars,0.8659083538275909,0.8659083538275909,0.74979727722840839,0.74979727722840839,0.74979727722840839,1092.8818380793832,60,0.027267598368121898,0.023611241215772336,0,3460.9745875030044,8192,100000000,8.1920000000000002e-05,8.1920000000000002e-05,60,1092.8818380793832,1152.8819199993832,4613.8565075023871,1500,4960.9745875030039,DELIVERED_MECHANICALLY,1,0,0,200,168,0,32,32,0,0,0,0.83999999999999997,1376256,31.857777777777777,1152.8819199993818,1152.8819199993832,1152.8819199993832,12000,60,200,0,0,0,0,0
22,100021,B2,0.51094870215381338,63.424729858354155,-143090187.08333525,39271645.600800037,-25.903086039300899,170971286.90048859,132627138.86201385,-1423896.5400463208,121366882.74001078,186657272.95012698,6023530.3219152149,200631098.52094069,63850500.820759252,15936890.384281363,171761406.42009428,133240056.34742369,-1430476.875672176,327645975056.1991,0.98190908352358264,1,1,1,0.8659083538275909,200,60,3460.9745875030044,33159.659789069927,1,1,1,1,4,302814048812.6344,73724598802.297852,344967284828.76532,76885156488.429947,328578201254.86108,1000000000.0000038,327645975056.1991,376538647614.93225,421852441317.19525,329578201254.86108,1092.8818380793832,1255.9661361405344,1407.1128796437467,1099.3268887753873,1,2,2,2,0.8659083538275909,0.74979727722840839,0.74979727722840839,0.74979727722840839,60,120,120,120,0.027267598368121898,0.031923060647777661,0.53855706477617582,0.024598053522269129,0.49518964873683491,0.027113093231207516,1,0.027267598368121898,0.031923060647777661,0.024598053522269129,0.027113093231207516,0.023611241215772336,0.023935823954501043,0.018443553556116054,0.020329323481999385,1,1,1,1,0,Direct_Earth_to_Mars,0.8659083538275909,0.8659083538275909,0.37489863861420419,0.37489863861420419,0.37489863861420419,1092.8818380793832,60,0.027267598368121898,0.023611241215772336,0,3460.9745875030044,8192,100000000,8.1920000000000002e-05,8.1920000000000002e-05,60,1092.8818380793832,1152.8819199993832,4613.8565075023871,1500,4960.9745875030039,DELIVERED_MECHANICALLY,1,0,0,200,168,0,32,32,0,0,0,0.83999999999999997,1376256,31.857777777777777,1152.8819199993818,1152.8819199993832,1152.8819199993832,12000,60,200,0,0,0,0,0
22,100021,B3,0.51094870215381338,63.424729858354155,-143090187.08333525,39271645.600800037,-25.903086039300899,170971286.90048859,132627138.86201385,-1423896.5400463208,121366882.74001078,186657272.95012698,6023530.3219152149,200631098.52094069,63850500.820759252,15936890.384281363,171761406.42009428,133240056.34742369,-1430476.875672176,327645975056.1991,0.98190908352358264,1,1,1,0.8659083538275909,200,60,3460.9745875030044,33159.659789069927,1,1,1,1,4,302814048812.6344,73724598802.297852,344967284828.76532,76885156488.429947,328578201254.86108,1000000000.0000038,327645975056.1991,376538647614.93225,421852441317.19525,329578201254.86108,1092.8818380793832,1255.9661361405344,1407.1128796437467,1099.3268887753873,1,2,2,2,0.8659083538275909,0.74979727722840839,0.74979727722840839,0.74979727722840839,60,120,120,120,0.027267598368121898,0.031923060647777661,0.53855706477617582,0.024598053522269129,0.49518964873683491,0.027113093231207516,1,0.027267598368121898,0.031923060647777661,0.024598053522269129,0.027113093231207516,0.023611241215772336,0.023935823954501043,0.018443553556116054,0.020329323481999385,1,1,1,1,0,Direct_Earth_to_Mars,0.023611241215772336,0.023611241215772336,0.011967911977250521,0.009221776778058027,0.010164661740999692,1092.8818380793832,60,0.027267598368121898,0.023611241215772336,0,3460.9745875030044,8192,100000000,8.1920000000000002e-05,8.1920000000000002e-05,60,1092.8818380793832,1152.8819199993832,4613.8565075023871,1500,4960.9745875030039,DELIVERED_MECHANICALLY,1,0,0,200,168,0,32,32,0,0,0,0.83999999999999997,1376256,31.857777777777777,1152.8819199993818,1152.8819199993832,1152.8819199993832,12000,60,200,0,0,0,0,0
22,100021,B4,0.51094870215381338,63.424729858354155,-143090187.08333525,39271645.600800037,-25.903086039300899,170971286.90048859,132627138.86201385,-1423896.5400463208,121366882.74001078,186657272.95012698,6023530.3219152149,200631098.52094069,63850500.820759252,15936890.384281363,171761406.42009428,133240056.34742369,-1430476.875672176,327645975056.1991,0.98190908352358264,1,1,1,0.8659083538275909,200,60,3460.9745875030044,33159.659789069927,1,1,1,1,4,302814048812.6344,73724598802.297852,344967284828.76532,76885156488.429947,328578201254.86108,1000000000.0000038,327645975056.1991,376538647614.93225,421852441317.19525,329578201254.86108,1092.8818380793832,1255.9661361405344,1407.1128796437467,1099.3268887753873,1,2,2,2,0.8659083538275909,0.74979727722840839,0.74979727722840839,0.74979727722840839,60,120,120,120,0.027267598368121898,0.031923060647777661,0.53855706477617582,0.024598053522269129,0.49518964873683491,0.027113093231207516,1,0.027267598368121898,0.031923060647777661,0.024598053522269129,0.027113093231207516,0.023611241215772336,0.023935823954501043,0.018443553556116054,0.020329323481999385,1,1,1,1,0,Direct_Earth_to_Mars,0.023611241215772336,0.023611241215772336,0.010413906285612069,0.0071624050219151287,0.0101050691294686,1092.8818380793832,60,0.027267598368121898,0.023611241215772336,0,3460.9745875030044,8192,100000000,8.1920000000000002e-05,8.1920000000000002e-05,60,1092.8818380793832,1152.8819199993832,4613.8565075023871,1500,4960.9745875030039,DELIVERED_MECHANICALLY,1,0,0,200,168,0,32,32,0,0,0,0.83999999999999997,1376256,31.857777777777777,1152.8819199993818,1152.8819199993832,1152.8819199993832,12000,60,200,0,0,0,0,0
23,100022,B1,5.9006447211616715,732.45473733905521,-31485257.810860939,143689478.43842828,-689.50068266235166,189726041.94163808,97790053.64119789,-2613819.037194435,148967315.25460503,160955227.94292775,-1877586.9035929407,206705867.00754014,24116472.688204259,20288656.447588015,190614849.90001404,98248169.865184918,-2626063.9727775408,225938099445.13821,0.97420132000002835,0,1,1,0.85618614364682233,200,60,35635.556099030349,3518.0412086675169,1,0,1,1,3,181286403173.98462,75177490537.199509,267290802695.12985,78997685871.40387,226716260910.30551,1000000000.0000052,225938099445.13821,256463893711.18414,346288488566.53369,227716260910.30551,753.6294177623023,855.44994566772561,1155.0650052252624,759.56057675218653,1,2,2,2,0.85618614364682233,0.73305471257281707,0.73305471257281707,0.73305471257281707,60,120,120,120,0.056892505040057946,0.088369731264531459,0.51387601759797474,0.040650507196436481,0.46537736927502971,0.056502629360601277,1,0.056892505040057946,0.088369731264531459,0.040650507196436481,0.056502629360601277,0.048710574492654618,0,0.029799045868822975,0.041419518725543981,1,0,1,1,0,Direct_Earth_to_Mars,0.85618614364682233,0.85618614364682233,-1,0.73305471257281707,0.73305471257281707,753.6294177623023,60,0.056892505040057946,0.048710574492654618,0,35635.556099030349,8192,100000000,8.1920000000000002e-05,8.1920000000000002e-05,60,753.6294177623023,813.62949968230225,36449.185598712655,1500,37135.556099030349,DROPPED_CONTACT_NOT_REALIZED,0,0,1,200,175,0,25,25,0,0,0,0.875,1433600,33.185185185185183,813.6294996823018,813.62949968230225,813.62949968230225,12000,60,200,0,0,0,0,0
23,100022,B2,5.9006447211616715,732.45473733905521,-31485257.810860939,143689478.43842828,-689.50068266235166,189726041.94163808,97790053.64119789,-2613819.037194435,148967315.25460503,160955227.94292775,-1877586.9035929407,206705867.00754014,24116472.688204259,20288656.447588015,190614849.90001404,98248169.865184918,-2626063.9727775408,225938099445.13821,0.97420132000002835,0,1,1,0.85618614364682233,200,60,35635.556099030349,3518.0412086675169,1,0,1,1,3,181286403173.98462,75177490537.199509,267290802695.12985,78997685871.40387,226716260910.30551,1000000000.0000052,225938099445.13821,256463893711.18414,346288488566.53369,227716260910.30551,753.6294177623023,855.44994566772561,1155.0650052252624,759.56057675218653,1,2,2,2,0.85618614364682233,0.73305471257281707,0.73305471257281707,0.73305471257281707,60,120,120,120,0.056892505040057946,0.088369731264531459,0.51387601759797474,0.040650507196436481,0.46537736927502971,0.056502629360601277,1,0.056892505040057946,0.088369731264531459,0.040650507196436481,0.056502629360601277,0.048710574492654618,0,0.029799045868822975,0.041419518725543981,1,0,1,1,0,Direct_Earth_to_Mars,0.85618614364682233,0.85618614364682233,-1,0.36652735628640853,0.36652735628640853,753.6294177623023,60,0.056892505040057946,0.048710574492654618,0,35635.556099030349,8192,100000000,8.1920000000000002e-05,8.1920000000000002e-05,60,753.6294177623023,813.62949968230225,36449.185598712655,1500,37135.556099030349,DROPPED_CONTACT_NOT_REALIZED,0,0,1,200,175,0,25,25,0,0,0,0.875,1433600,33.185185185185183,813.6294996823018,813.62949968230225,813.62949968230225,12000,60,200,0,0,0,0,0
23,100022,B3,5.9006447211616715,732.45473733905521,-31485257.810860939,143689478.43842828,-689.50068266235166,189726041.94163808,97790053.64119789,-2613819.037194435,148967315.25460503,160955227.94292775,-1877586.9035929407,206705867.00754014,24116472.688204259,20288656.447588015,190614849.90001404,98248169.865184918,-2626063.9727775408,225938099445.13821,0.97420132000002835,0,1,1,0.85618614364682233,200,60,35635.556099030349,3518.0412086675169,1,0,1,1,3,181286403173.98462,75177490537.199509,267290802695.12985,78997685871.40387,226716260910.30551,1000000000.0000052,225938099445.13821,256463893711.18414,346288488566.53369,227716260910.30551,753.6294177623023,855.44994566772561,1155.0650052252624,759.56057675218653,1,2,2,2,0.85618614364682233,0.73305471257281707,0.73305471257281707,0.73305471257281707,60,120,120,120,0.056892505040057946,0.088369731264531459,0.51387601759797474,0.040650507196436481,0.46537736927502971,0.056502629360601277,1,0.056892505040057946,0.088369731264531459,0.040650507196436481,0.056502629360601277,0.048710574492654618,0,0.029799045868822975,0.041419518725543981,1,0,1,1,0,Direct_Earth_to_Mars,0.048710574492654618,0.048710574492654618,-1,0.014899522934411488,0.020709759362771991,753.6294177623023,60,0.056892505040057946,0.048710574492654618,0,35635.556099030349,8192,100000000,8.1920000000000002e-05,8.1920000000000002e-05,60,753.6294177623023,813.62949968230225,36449.185598712655,1500,37135.556099030349,DROPPED_CONTACT_NOT_REALIZED,0,0,1,200,175,0,25,25,0,0,0,0.875,1433600,33.185185185185183,813.6294996823018,813.62949968230225,813.62949968230225,12000,60,200,0,0,0,0,0
23,100022,B4,5.9006447211616715,732.45473733905521,-31485257.810860939,143689478.43842828,-689.50068266235166,189726041.94163808,97790053.64119789,-2613819.037194435,148967315.25460503,160955227.94292775,-1877586.9035929407,206705867.00754014,24116472.688204259,20288656.447588015,190614849.90001404,98248169.865184918,-2626063.9727775408,225938099445.13821,0.97420132000002835,0,1,1,0.85618614364682233,200,60,35635.556099030349,3518.0412086675169,1,0,1,1,3,181286403173.98462,75177490537.199509,267290802695.12985,78997685871.40387,226716260910.30551,1000000000.0000052,225938099445.13821,256463893711.18414,346288488566.53369,227716260910.30551,753.6294177623023,855.44994566772561,1155.0650052252624,759.56057675218653,1,2,2,2,0.85618614364682233,0.73305471257281707,0.73305471257281707,0.73305471257281707,60,120,120,120,0.056892505040057946,0.088369731264531459,0.51387601759797474,0.040650507196436481,0.46537736927502971,0.056502629360601277,1,0.056892505040057946,0.088369731264531459,0.040650507196436481,0.056502629360601277,0.048710574492654618,0,0.029799045868822975,0.041419518725543981,1,0,1,1,0,Direct_Earth_to_Mars,0.048710574492654618,0.048710574492654618,-1,0.0097212873242634151,0.020548043656108978,753.6294177623023,60,0.056892505040057946,0.048710574492654618,0,35635.556099030349,8192,100000000,8.1920000000000002e-05,8.1920000000000002e-05,60,753.6294177623023,813.62949968230225,36449.185598712655,1500,37135.556099030349,DROPPED_CONTACT_NOT_REALIZED,0,0,1,200,175,0,25,25,0,0,0,0.875,1433600,33.185185185185183,813.6294996823018,813.62949968230225,813.62949968230225,12000,60,200,0,0,0,0,0
24,100023,B1,5.9209658630060851,734.9772272220165,-37899526.464563884,142133753.86175847,-684.25352003537864,187447960.26250744,102902494.74364631,-2450734.7119012526,145337952.32004261,164874037.18711826,-764665.43707248115,206280017.6417422,29781649.809054106,19715873.531551968,188324501.19432557,103383685.62191829,-2462194.7954625813,228750047461.08502,0.90218299452448991,0,1,0,0.95012945515140801,200,60,37724.148580801528,23352.390029608705,1,0,1,0,2,184644733973.93594,74943763391.872833,269509531734.82614,78693474126.525864,229531996708.41174,999999999.99999273,228750047461.08502,259588497365.80878,348203005861.35199,230531996708.41174,763.00883075745503,865.87223937894851,1161.450986862415,768.95262411077965,1,2,2,2,0.95012945515140801,0.90274598154631147,0.90274598154631147,0.90274598154631147,60,120,120,120,0.051399339291582816,0.078887114290577251,0.47886040253413042,0.037028120056520446,0.43431265553654197,0.051049730395817908,1,0.051399339291582816,0.078887114290577251,0.037028120056520446,0.051049730395817908,0.048836026236253938,0,0.033426986585238211,0,1,0,1,0,0,Direct_Earth_to_Mars,0.95012945515140801,0.95012945515140801,-1,0.90274598154631147,-1,763.00883075745503,60,0.051399339291582816,0.048836026236253938,0,37724.148580801528,8192,100000000,8.1920000000000002e-05,8.1920000000000002e-05,60,763.00883075745503,823.00891267745499,38547.157493478982,1500,39224.148580801528,DELIVERED_MECHANICALLY,1,0,0,200,188,0,12,12,0,0,0,0.93999999999999995,1540096,35.650370370370368,823.00891267745692,823.00891267745499,823.00891267745499,12000,60,200,0,0,0,0,0
24,100023,B2,5.9209658630060851,734.9772272220165,-37899526.464563884,142133753.86175847,-684.25352003537864,187447960.26250744,102902494.74364631,-2450734.7119012526,145337952.32004261,164874037.18711826,-764665.43707248115,206280017.6417422,29781649.809054106,19715873.531551968,188324501.19432557,103383685.62191829,-2462194.7954625813,228750047461.08502,0.90218299452448991,0,1,0,0.95012945515140801,200,60,37724.148580801528,23352.390029608705,1,0,1,0,2,184644733973.93594,74943763391.872833,269509531734.82614,78693474126.525864,229531996708.41174,999999999.99999273,228750047461.08502,259588497365.80878,348203005861.35199,230531996708.41174,763.00883075745503,865.87223937894851,1161.450986862415,768.95262411077965,1,2,2,2,0.95012945515140801,0.90274598154631147,0.90274598154631147,0.90274598154631147,60,120,120,120,0.051399339291582816,0.078887114290577251,0.47886040253413042,0.037028120056520446,0.43431265553654197,0.051049730395817908,1,0.051399339291582816,0.078887114290577251,0.037028120056520446,0.051049730395817908,0.048836026236253938,0,0.033426986585238211,0,1,0,1,0,0,Direct_Earth_to_Mars,0.95012945515140801,0.95012945515140801,-1,0.45137299077315574,-1,763.00883075745503,60,0.051399339291582816,0.048836026236253938,0,37724.148580801528,8192,100000000,8.1920000000000002e-05,8.1920000000000002e-05,60,763.00883075745503,823.00891267745499,38547.157493478982,1500,39224.148580801528,DELIVERED_MECHANICALLY,1,0,0,200,188,0,12,12,0,0,0,0.93999999999999995,1540096,35.650370370370368,823.00891267745692,823.00891267745499,823.00891267745499,12000,60,200,0,0,0,0,0
24,100023,B3,5.9209658630060851,734.9772272220165,-37899526.464563884,142133753.86175847,-684.25352003537864,187447960.26250744,102902494.74364631,-2450734.7119012526,145337952.32004261,164874037.18711826,-764665.43707248115,206280017.6417422,29781649.809054106,19715873.531551968,188324501.19432557,103383685.62191829,-2462194.7954625813,228750047461.08502,0.90218299452448991,0,1,0,0.95012945515140801,200,60,37724.148580801528,23352.390029608705,1,0,1,0,2,184644733973.93594,74943763391.872833,269509531734.82614,78693474126.525864,229531996708.41174,999999999.99999273,228750047461.08502,259588497365.80878,348203005861.35199,230531996708.41174,763.00883075745503,865.87223937894851,1161.450986862415,768.95262411077965,1,2,2,2,0.95012945515140801,0.90274598154631147,0.90274598154631147,0.90274598154631147,60,120,120,120,0.051399339291582816,0.078887114290577251,0.47886040253413042,0.037028120056520446,0.43431265553654197,0.051049730395817908,1,0.051399339291582816,0.078887114290577251,0.037028120056520446,0.051049730395817908,0.048836026236253938,0,0.033426986585238211,0,1,0,1,0,0,Direct_Earth_to_Mars,0.048836026236253938,0.048836026236253938,-1,0.016713493292619105,-1,763.00883075745503,60,0.051399339291582816,0.048836026236253938,0,37724.148580801528,8192,100000000,8.1920000000000002e-05,8.1920000000000002e-05,60,763.00883075745503,823.00891267745499,38547.157493478982,1500,39224.148580801528,DELIVERED_MECHANICALLY,1,0,0,200,188,0,12,12,0,0,0,0.93999999999999995,1540096,35.650370370370368,823.00891267745692,823.00891267745499,823.00891267745499,12000,60,200,0,0,0,0,0
24,100023,B4,5.9209658630060851,734.9772272220165,-37899526.464563884,142133753.86175847,-684.25352003537864,187447960.26250744,102902494.74364631,-2450734.7119012526,145337952.32004261,164874037.18711826,-764665.43707248115,206280017.6417422,29781649.809054106,19715873.531551968,188324501.19432557,103383685.62191829,-2462194.7954625813,228750047461.08502,0.90218299452448991,0,1,0,0.95012945515140801,200,60,37724.148580801528,23352.390029608705,1,0,1,0,2,184644733973.93594,74943763391.872833,269509531734.82614,78693474126.525864,229531996708.41174,999999999.99999273,228750047461.08502,259588497365.80878,348203005861.35199,230531996708.41174,763.00883075745503,865.87223937894851,1161.450986862415,768.95262411077965,1,2,2,2,0.95012945515140801,0.90274598154631147,0.90274598154631147,0.90274598154631147,60,120,120,120,0.051399339291582816,0.078887114290577251,0.47886040253413042,0.037028120056520446,0.43431265553654197,0.051049730395817908,1,0.051399339291582816,0.078887114290577251,0.037028120056520446,0.051049730395817908,0.048836026236253938,0,0.033426986585238211,0,1,0,1,0,0,Direct_Earth_to_Mars,0.048836026236253938,0.048836026236253938,-1,0.01097983739247064,-1,763.00883075745503,60,0.051399339291582816,0.048836026236253938,0,37724.148580801528,8192,100000000,8.1920000000000002e-05,8.1920000000000002e-05,60,763.00883075745503,823.00891267745499,38547.157493478982,1500,39224.148580801528,DELIVERED_MECHANICALLY,1,0,0,200,188,0,12,12,0,0,0,0.93999999999999995,1540096,35.650370370370368,823.00891267745692,823.00891267745499,823.00891267745499,12000,60,200,0,0,0,0,0
25,100024,B1,5.9900823462639048,743.55674657671489,-59079376.62928585,134759108.02831155,-655.903497310783,178808756.96685764,119777573.56363776,-1884911.2923320134,132364345.56895334,177460533.35432139,3020084.6888276204,203776681.51275787,48874416.977922685,17669059.075891234,179639547.27639154,120334090.19685052,-1893669.0627150978,238366861998.77524,0.85170489363927315,1,1,1,0.83298029195047563,200,60,25498.719464231803,29761.800562739503,1,1,1,1,4,196171443813.09805,74219041935.925034,277095121368.54199,77672470200.899048,239161847435.88077,999999999.99998605,238366861998.77524,270390485749.02307,354767591569.44104,240161847435.88077,795.0862641720322,901.90288775524709,1183.3475369227519,801.07354047992249,1,2,2,2,0.83298029195047563,0.69385616677789963,0.69385616677789963,0.69385616677789963,60,120,120,120,0.044687151225079699,0.065978562780917877,0.46093930234646391,0.03306866548726918,0.42086246418783596,0.04439056052405782,1,0.044687151225079699,0.065978562780917877,0.03306866548726918,0.04439056052405782,0.037223516273901941,0.045779632660682676,0.022944897475457218,0.03080066416634511,1,1,1,1,0,Direct_Earth_to_Mars,0.83298029195047563,0.83298029195047563,0.69385616677789963,0.69385616677789963,0.69385616677789963,795.0862641720322,60,0.044687151225079699,0.037223516273901941,0,25498.719464231803,8192,100000000,8.1920000000000002e-05,8.1920000000000002e-05,60,795.0862641720322,855.08634609203216,26353.805810323836,1500,26998.719464231803,DELIVERED_MECHANICALLY,1,0,0,200,168,0,32,32,0,0,0,0.83999999999999997,1376256,31.857777777777777,855.0863460920333,855.08634609203216,855.08634609203216,12000,60,200,0,0,0,0,0
25,100024,B2,5.9900823462639048,743.55674657671489,-59079376.62928585,134759108.02831155,-655.903497310783,178808756.96685764,119777573.56363776,-1884911.2923320134,132364345.56895334,177460533.35432139,3020084.6888276204,203776681.51275787,48874416.977922685,17669059.075891234,179639547.27639154,120334090.19685052,-1893669.0627150978,238366861998.77524,0.85170489363927315,1,1,1,0.83298029195047563,200,60,25498.719464231803,29761.800562739503,1,1,1,1,4,196171443813.09805,74219041935.925034,277095121368.54199,77672470200.899048,239161847435.88077,999999999.99998605,238366861998.77524,270390485749.02307,354767591569.44104,240161847435.88077,795.0862641720322,901.90288775524709,1183.3475369227519,801.07354047992249,1,2,2,2,0.83298029195047563,0.69385616677789963,0.69385616677789963,0.69385616677789963,60,120,120,120,0.044687151225079699,0.065978562780917877,0.46093930234646391,0.03306866548726918,0.42086246418783596,0.04439056052405782,1,0.044687151225079699,0.065978562780917877,0.03306866548726918,0.04439056052405782,0.037223516273901941,0.045779632660682676,0.022944897475457218,0.03080066416634511,1,1,1,1,0,Direct_Earth_to_Mars,0.83298029195047563,0.83298029195047563,0.34692808338894982,0.34692808338894982,0.34692808338894982,795.0862641720322,60,0.044687151225079699,0.037223516273901941,0,25498.719464231803,8192,100000000,8.1920000000000002e-05,8.1920000000000002e-05,60,795.0862641720322,855.08634609203216,26353.805810323836,1500,26998.719464231803,DELIVERED_MECHANICALLY,1,0,0,200,168,0,32,32,0,0,0,0.83999999999999997,1376256,31.857777777777777,855.0863460920333,855.08634609203216,855.08634609203216,12000,60,200,0,0,0,0,0
25,100024,B3,5.9900823462639048,743.55674657671489,-59079376.62928585,134759108.02831155,-655.903497310783,178808756.96685764,119777573.56363776,-1884911.2923320134,132364345.56895334,177460533.35432139,3020084.6888276204,203776681.51275787,48874416.977922685,17669059.075891234,179639547.27639154,120334090.19685052,-1893669.0627150978,238366861998.77524,0.85170489363927315,1,1,1,0.83298029195047563,200,60,25498.719464231803,29761.800562739503,1,1,1,1,4,196171443813.09805,74219041935.925034,277095121368.54199,77672470200.899048,239161847435.88077,999999999.99998605,238366861998.77524,270390485749.02307,354767591569.44104,240161847435.88077,795.0862641720322,901.90288775524709,1183.3475369227519,801.07354047992249,1,2,2,2,0.83298029195047563,0.69385616677789963,0.69385616677789963,0.69385616677789963,60,120,120,120,0.044687151225079699,0.065978562780917877,0.46093930234646391,0.03306866548726918,0.42086246418783596,0.04439056052405782,1,0.044687151225079699,0.065978562780917877,0.03306866548726918,0.04439056052405782,0.037223516273901941,0.045779632660682676,0.022944897475457218,0.03080066416634511,1,1,1,1,0,Direct_Earth_to_Mars,0.037223516273901941,0.037223516273901941,0.022889816330341338,0.011472448737728609,0.015400332083172555,795.0862641720322,60,0.044687151225079699,0.037223516273901941,0,25498.719464231803,8192,100000000,8.1920000000000002e-05,8.1920000000000002e-05,60,795.0862641720322,855.08634609203216,26353.805810323836,1500,26998.719464231803,DELIVERED_MECHANICALLY,1,0,0,200,168,0,32,32,0,0,0,0.83999999999999997,1376256,31.857777777777777,855.0863460920333,855.08634609203216,855.08634609203216,12000,60,200,0,0,0,0,0
25,100024,B4,5.9900823462639048,743.55674657671489,-59079376.62928585,134759108.02831155,-655.903497310783,178808756.96685764,119777573.56363776,-1884911.2923320134,132364345.56895334,177460533.35432139,3020084.6888276204,203776681.51275787,48874416.977922685,17669059.075891234,179639547.27639154,120334090.19685052,-1893669.0627150978,238366861998.77524,0.85170489363927315,1,1,1,0.83298029195047563,200,60,25498.719464231803,29761.800562739503,1,1,1,1,4,196171443813.09805,74219041935.925034,277095121368.54199,77672470200.899048,239161847435.88077,999999999.99998605,238366861998.77524,270390485749.02307,354767591569.44104,240161847435.88077,795.0862641720322,901.90288775524709,1183.3475369227519,801.07354047992249,1,2,2,2,0.83298029195047563,0.69385616677789963,0.69385616677789963,0.69385616677789963,60,120,120,120,0.044687151225079699,0.065978562780917877,0.46093930234646391,0.03306866548726918,0.42086246418783596,0.04439056052405782,1,0.044687151225079699,0.065978562780917877,0.03306866548726918,0.04439056052405782,0.037223516273901941,0.045779632660682676,0.022944897475457218,0.03080066416634511,1,1,1,1,0,Direct_Earth_to_Mars,0.037223516273901941,0.037223516273901941,0.020178867149401904,0.0077082903569530448,0.015285228988692638,795.0862641720322,60,0.044687151225079699,0.037223516273901941,0,25498.719464231803,8192,100000000,8.1920000000000002e-05,8.1920000000000002e-05,60,795.0862641720322,855.08634609203216,26353.805810323836,1500,26998.719464231803,DELIVERED_MECHANICALLY,1,0,0,200,168,0,32,32,0,0,0,0.83999999999999997,1376256,31.857777777777777,855.0863460920333,855.08634609203216,855.08634609203216,12000,60,200,0,0,0,0,0
26,100025,B1,0.87578987809818976,108.71294162586422,-130846197.45262291,-73894979.950563058,69.443794448190488,101932124.99635443,200414410.31866464,1693016.0691367339,38434545.018664852,226948094.08059001,24750454.516134746,156693114.83898556,151997501.07534668,2958648.8545673545,102385452.43969887,201305722.57417187,1700545.4976283922,359769725046.88574,0.87280450328503378,1,1,1,0.89311996980814345,200,60,25321.70973773297,17409.137593174353,1,1,1,1,4,346085403513.89191,72578402467.52507,365670647289.74622,73106531415.243561,360742734923.95081,1000000000.0000041,359769725046.88574,418663805981.41699,438777178704.98975,361742734923.95081,1200.0324384485848,1396.4770046077952,1463.5663065543354,1206.6135254301228,1,2,2,2,0.89311996980814345,0.79766328047009905,0.79766328047009905,0.79766328047009905,60,120,120,120,0.020102637217642161,0.021723795106473192,0.49395507798113319,0.019459069209020238,0.48684409383767491,0.019994340176129773,1,0.020102637217642161,0.021723795106473192,0.019459069209020238,0.019994340176129773,0.017954066744884627,0.017328273668889692,0.015521784980161778,0.015948750975726771,1,1,1,1,0,Direct_Earth_to_Mars,0.89311996980814345,0.89311996980814345,0.79766328047009905,0.79766328047009905,0.79766328047009905,1200.0324384485848,60,0.020102637217642161,0.017954066744884627,0,25321.70973773297,8192,100000000,8.1920000000000002e-05,8.1920000000000002e-05,60,1200.0324384485848,1260.0325203685848,26581.742258101556,1500,26821.70973773297,DELIVERED_MECHANICALLY,1,0,0,200,176,0,24,24,0,0,0,0.88,1441792,33.374814814814812,1260.0325203685809,1260.0325203685848,1260.0325203685848,12000,60,200,0,0,0,0,0
26,100025,B2,0.87578987809818976,108.71294162586422,-130846197.45262291,-73894979.950563058,69.443794448190488,101932124.99635443,200414410.31866464,1693016.0691367339,38434545.018664852,226948094.08059001,24750454.516134746,156693114.83898556,151997501.07534668,2958648.8545673545,102385452.43969887,201305722.57417187,1700545.4976283922,359769725046.88574,0.87280450328503378,1,1,1,0.89311996980814345,200,60,25321.70973773297,17409.137593174353,1,1,1,1,4,346085403513.89191,72578402467.52507,365670647289.74622,73106531415.243561,360742734923.95081,1000000000.0000041,359769725046.88574,418663805981.41699,438777178704.98975,361742734923.95081,1200.0324384485848,1396.4770046077952,1463.5663065543354,1206.6135254301228,1,2,2,2,0.89311996980814345,0.79766328047009905,0.79766328047009905,0.79766328047009905,60,120,120,120,0.020102637217642161,0.021723795106473192,0.49395507798113319,0.019459069209020238,0.48684409383767491,0.019994340176129773,1,0.020102637217642161,0.021723795106473192,0.019459069209020238,0.019994340176129773,0.017954066744884627,0.017328273668889692,0.015521784980161778,0.015948750975726771,1,1,1,1,0,Direct_Earth_to_Mars,0.89311996980814345,0.89311996980814345,0.39883164023504952,0.39883164023504952,0.39883164023504952,1200.0324384485848,60,0.020102637217642161,0.017954066744884627,0,25321.70973773297,8192,100000000,8.1920000000000002e-05,8.1920000000000002e-05,60,1200.0324384485848,1260.0325203685848,26581.742258101556,1500,26821.70973773297,DELIVERED_MECHANICALLY,1,0,0,200,176,0,24,24,0,0,0,0.88,1441792,33.374814814814812,1260.0325203685809,1260.0325203685848,1260.0325203685848,12000,60,200,0,0,0,0,0
26,100025,B3,0.87578987809818976,108.71294162586422,-130846197.45262291,-73894979.950563058,69.443794448190488,101932124.99635443,200414410.31866464,1693016.0691367339,38434545.018664852,226948094.08059001,24750454.516134746,156693114.83898556,151997501.07534668,2958648.8545673545,102385452.43969887,201305722.57417187,1700545.4976283922,359769725046.88574,0.87280450328503378,1,1,1,0.89311996980814345,200,60,25321.70973773297,17409.137593174353,1,1,1,1,4,346085403513.89191,72578402467.52507,365670647289.74622,73106531415.243561,360742734923.95081,1000000000.0000041,359769725046.88574,418663805981.41699,438777178704.98975,361742734923.95081,1200.0324384485848,1396.4770046077952,1463.5663065543354,1206.6135254301228,1,2,2,2,0.89311996980814345,0.79766328047009905,0.79766328047009905,0.79766328047009905,60,120,120,120,0.020102637217642161,0.021723795106473192,0.49395507798113319,0.019459069209020238,0.48684409383767491,0.019994340176129773,1,0.020102637217642161,0.021723795106473192,0.019459069209020238,0.019994340176129773,0.017954066744884627,0.017328273668889692,0.015521784980161778,0.015948750975726771,1,1,1,1,0,Direct_Earth_to_Mars,0.017954066744884627,0.017954066744884627,0.0086641368344448459,0.0077608924900808892,0.0079743754878633857,1200.0324384485848,60,0.020102637217642161,0.017954066744884627,0,25321.70973773297,8192,100000000,8.1920000000000002e-05,8.1920000000000002e-05,60,1200.0324384485848,1260.0325203685848,26581.742258101556,1500,26821.70973773297,DELIVERED_MECHANICALLY,1,0,0,200,176,0,24,24,0,0,0,0.88,1441792,33.374814814814812,1260.0325203685809,1260.0325203685848,1260.0325203685848,12000,60,200,0,0,0,0,0
26,100025,B4,0.87578987809818976,108.71294162586422,-130846197.45262291,-73894979.950563058,69.443794448190488,101932124.99635443,200414410.31866464,1693016.0691367339,38434545.018664852,226948094.08059001,24750454.516134746,156693114.83898556,151997501.07534668,2958648.8545673545,102385452.43969887,201305722.57417187,1700545.4976283922,359769725046.88574,0.87280450328503378,1,1,1,0.89311996980814345,200,60,25321.70973773297,17409.137593174353,1,1,1,1,4,346085403513.89191,72578402467.52507,365670647289.74622,73106531415.243561,360742734923.95081,1000000000.0000041,359769725046.88574,418663805981.41699,438777178704.98975,361742734923.95081,1200.0324384485848,1396.4770046077952,1463.5663065543354,1206.6135254301228,1,2,2,2,0.89311996980814345,0.79766328047009905,0.79766328047009905,0.79766328047009905,60,120,120,120,0.020102637217642161,0.021723795106473192,0.49395507798113319,0.019459069209020238,0.48684409383767491,0.019994340176129773,1,0.020102637217642161,0.021723795106473192,0.019459069209020238,0.019994340176129773,0.017954066744884627,0.017328273668889692,0.015521784980161778,0.015948750975726771,1,1,1,1,0,Direct_Earth_to_Mars,0.017954066744884627,0.017954066744884627,0.0074453393920447331,0.0063634443466626216,0.0079308818110538498,1200.0324384485848,60,0.020102637217642161,0.017954066744884627,0,25321.70973773297,8192,100000000,8.1920000000000002e-05,8.1920000000000002e-05,60,1200.0324384485848,1260.0325203685848,26581.742258101556,1500,26821.70973773297,DELIVERED_MECHANICALLY,1,0,0,200,176,0,24,24,0,0,0,0.88,1441792,33.374814814814812,1260.0325203685809,1260.0325203685848,1260.0325203685848,12000,60,200,0,0,0,0,0
27,100026,B1,5.1195077630065491,635.49118631226179,149356168.68133175,12833586.563124873,-53.884136276274084,173160043.01336104,-113013170.47908862,-6622860.8868108317,200092141.6249705,-38267720.17658513,-37157970.48910968,119330426.36826737,-169367727.60833484,28742196.946194306,173997041.33180976,-113559438.72901195,-6654873.6036542486,128249336309.59511,0.8672607583353622,1,1,1,0.97287207926014363,200,60,11330.323699045572,39075.3714829362,1,1,1,1,4,81032050865.479965,85115293543.369034,186882265263.59088,85581254097.629456,128944391397.90105,999999999.99999356,128249336309.59511,166147344408.849,272463519361.22034,129944391397.90105,427.78297634955004,554.1939439921581,908.81760961047473,433.4369292791896,1,2,2,2,0.97287207926014363,0.94648008260395522,0.94648008260395522,0.94648008260395522,60,120,120,120,0.15718993296187914,0.3937506827783212,0.356878002004684,0.074028474836772828,0.3530024249414157,0.15549988349860785,1,0.15718993296187914,0.356878002004684,0.074028474836772828,0.15549988349860785,0.15292569691938596,0.33777792081692781,0.07006647697855356,0.14717754257866777,1,1,1,1,0,Direct_Earth_to_Mars,0.97287207926014363,0.97287207926014363,0.94648008260395522,0.94648008260395522,0.94648008260395522,427.78297634955004,60,0.15718993296187914,0.15292569691938596,0,11330.323699045572,8192,100000000,8.1920000000000002e-05,8.1920000000000002e-05,60,427.78297634955004,487.78305826955005,11818.106757315121,1500,12830.323699045572,DELIVERED_MECHANICALLY,1,0,0,200,192,0,8,8,0,0,0,0.95999999999999996,1572864,36.408888888888889,487.78305826954988,487.78305826955005,487.78305826955005,12000,60,200,0,0,0,0,0
27,100026,B2,5.1195077630065491,635.49118631226179,149356168.68133175,12833586.563124873,-53.884136276274084,173160043.01336104,-113013170.47908862,-6622860.8868108317,200092141.6249705,-38267720.17658513,-37157970.48910968,119330426.36826737,-169367727.60833484,28742196.946194306,173997041.33180976,-113559438.72901195,-6654873.6036542486,128249336309.59511,0.8672607583353622,1,1,1,0.97287207926014363,200,60,11330.323699045572,39075.3714829362,1,1,1,1,4,81032050865.479965,85115293543.369034,186882265263.59088,85581254097.629456,128944391397.90105,999999999.99999356,128249336309.59511,166147344408.849,272463519361.22034,129944391397.90105,427.78297634955004,554.1939439921581,908.81760961047473,433.4369292791896,1,2,2,2,0.97287207926014363,0.94648008260395522,0.94648008260395522,0.94648008260395522,60,120,120,120,0.15718993296187914,0.3937506827783212,0.356878002004684,0.074028474836772828,0.3530024249414157,0.15549988349860785,1,0.15718993296187914,0.356878002004684,0.074028474836772828,0.15549988349860785,0.15292569691938596,0.33777792081692781,0.07006647697855356,0.14717754257866777,1,1,1,1,0,Direct_Earth_to_Mars,0.97287207926014363,0.97287207926014363,0.47324004130197761,0.47324004130197761,0.47324004130197761,427.78297634955004,60,0.15718993296187914,0.15292569691938596,0,11330.323699045572,8192,100000000,8.1920000000000002e-05,8.1920000000000002e-05,60,427.78297634955004,487.78305826955005,11818.106757315121,1500,12830.323699045572,DELIVERED_MECHANICALLY,1,0,0,200,192,0,8,8,0,0,0,0.95999999999999996,1572864,36.408888888888889,487.78305826954988,487.78305826955005,487.78305826955005,12000,60,200,0,0,0,0,0
27,100026,B3,5.1195077630065491,635.49118631226179,149356168.68133175,12833586.563124873,-53.884136276274084,173160043.01336104,-113013170.47908862,-6622860.8868108317,200092141.6249705,-38267720.17658513,-37157970.48910968,119330426.36826737,-169367727.60833484,28742196.946194306,173997041.33180976,-113559438.72901195,-6654873.6036542486,128249336309.59511,0.8672607583353622,1,1,1,0.97287207926014363,200,60,11330.323699045572,39075.3714829362,1,1,1,1,4,81032050865.479965,85115293543.369034,186882265263.59088,85581254097.629456,128944391397.90105,999999999.99999356,128249336309.59511,166147344408.849,272463519361.22034,129944391397.90105,427.78297634955004,554.1939439921581,908.81760961047473,433.4369292791896,1,2,2,2,0.97287207926014363,0.94648008260395522,0.94648008260395522,0.94648008260395522,60,120,120,120,0.15718993296187914,0.3937506827783212,0.356878002004684,0.074028474836772828,0.3530024249414157,0.15549988349860785,1,0.15718993296187914,0.356878002004684,0.074028474836772828,0.15549988349860785,0.15292569691938596,0.33777792081692781,0.07006647697855356,0.14717754257866777,1,1,1,1,1,Earth_Relay0_Mars,0.16888896040846391,0.15292569691938596,0.16888896040846391,0.03503323848927678,0.073588771289333887,554.1939439921581,120,0.356878002004684,0.33777792081692781,0,11330.323699045572,8192,100000000,8.1920000000000002e-05,0.00016384,120,554.1939439921581,674.19410783215812,12004.51780687773,1500,12830.323699045572,DELIVERED_MECHANICALLY,1,0,0,200,184,0,16,16,0,0,0,0.92000000000000004,1507328,34.891851851851854,674.19410783215721,674.19410783215812,674.19410783215812,24000,120,0,200,0,0,0,0
27,100026,B4,5.1195077630065491,635.49118631226179,149356168.68133175,12833586.563124873,-53.884136276274084,173160043.01336104,-113013170.47908862,-6622860.8868108317,200092141.6249705,-38267720.17658513,-37157970.48910968,119330426.36826737,-169367727.60833484,28742196.946194306,173997041.33180976,-113559438.72901195,-6654873.6036542486,128249336309.59511,0.8672607583353622,1,1,1,0.97287207926014363,200,60,11330.323699045572,39075.3714829362,1,1,1,1,4,81032050865.479965,85115293543.369034,186882265263.59088,85581254097.629456,128944391397.90105,999999999.99999356,128249336309.59511,166147344408.849,272463519361.22034,129944391397.90105,427.78297634955004,554.1939439921581,908.81760961047473,433.4369292791896,1,2,2,2,0.97287207926014363,0.94648008260395522,0.94648008260395522,0.94648008260395522,60,120,120,120,0.15718993296187914,0.3937506827783212,0.356878002004684,0.074028474836772828,0.3530024249414157,0.15549988349860785,1,0.15718993296187914,0.356878002004684,0.074028474836772828,0.15549988349860785,0.15292569691938596,0.33777792081692781,0.07006647697855356,0.14717754257866777,1,1,1,1,0,Direct_Earth_to_Mars,0.15292569691938596,0.15292569691938596,0.1303655930190683,0.016490242787581769,0.072628845124962454,427.78297634955004,60,0.15718993296187914,0.15292569691938596,0,11330.323699045572,8192,100000000,8.1920000000000002e-05,8.1920000000000002e-05,60,427.78297634955004,487.78305826955005,11818.106757315121,1500,12830.323699045572,DELIVERED_MECHANICALLY,1,0,0,200,192,0,8,8,0,0,0,0.95999999999999996,1572864,36.408888888888889,487.78305826954988,487.78305826955005,487.78305826955005,12000,60,200,0,0,0,0,0
28,100027,B1,1.6919938016484404,210.02940087566103,90748433.800162971,-121787215.71036725,190.78678713769565,-95381354.657590538,222904189.71634611,7013672.0465280972,-150278101.89686665,188839813.26304135,49698420.444240399,-27655665.452902522,234435238.48288617,-24794029.780226041,-95774590.162048385,223823172.69581357,7042587.8118285527,391797973508.9906,0.96013863247905873,0,0,1,0.811386381915705,200,60,17803.105506321404,15486.340258634647,1,0,0,1,2,396298947853.81812,77433987023.667053,376203031573.27161,75706432747.858475,392793806466.11157,1000000000.0000012,391797973508.9906,473732934877.48517,451909464321.13007,393793806466.11157,1306.8644880219833,1580.1632250750006,1507.3697942666113,1313.5217026888311,1,2,2,2,0.811386381915705,0.65834786075825835,0.65834786075825835,0.65834786075825835,60,120,120,120,0.018646394106375749,0.018225245673499341,0.47737095031486459,0.020224353516985018,0.49940589452784578,0.018551967181721016,1,0.018646394106375749,0.018225245673499341,0.020224353516985018,0.018551967181721016,0.015129430249746544,0,0,0.012213647906943447,1,0,0,1,0,Direct_Earth_to_Mars,0.811386381915705,0.811386381915705,-1,-1,0.65834786075825835,1306.8644880219833,60,0.018646394106375749,0.015129430249746544,0,17803.105506321404,8192,100000000,8.1920000000000002e-05,8.1920000000000002e-05,60,1306.8644880219833,1366.8645699419833,19169.970076263387,1500,19303.105506321404,DELIVERED_MECHANICALLY,1,0,0,200,167,0,33,33,0,0,0,0.83499999999999996,1368064,31.668148148148148,1366.8645699419799,1366.8645699419833,1366.8645699419833,12000,60,200,0,0,0,0,0
28,100027,B2,1.6919938016484404,210.02940087566103,90748433.800162971,-121787215.71036725,190.78678713769565,-95381354.657590538,222904189.71634611,7013672.0465280972,-150278101.89686665,188839813.26304135,49698420.444240399,-27655665.452902522,234435238.48288617,-24794029.780226041,-95774590.162048385,223823172.69581357,7042587.8118285527,391797973508.9906,0.96013863247905873,0,0,1,0.811386381915705,200,60,17803.105506321404,15486.340258634647,1,0,0,1,2,396298947853.81812,77433987023.667053,376203031573.27161,75706432747.858475,392793806466.11157,1000000000.0000012,391797973508.9906,473732934877.48517,451909464321.13007,393793806466.11157,1306.8644880219833,1580.1632250750006,1507.3697942666113,1313.5217026888311,1,2,2,2,0.811386381915705,0.65834786075825835,0.65834786075825835,0.65834786075825835,60,120,120,120,0.018646394106375749,0.018225245673499341,0.47737095031486459,0.020224353516985018,0.49940589452784578,0.018551967181721016,1,0.018646394106375749,0.018225245673499341,0.020224353516985018,0.018551967181721016,0.015129430249746544,0,0,0.012213647906943447,1,0,0,1,0,Direct_Earth_to_Mars,0.811386381915705,0.811386381915705,-1,-1,0.32917393037912918,1306.8644880219833,60,0.018646394106375749,0.015129430249746544,0,17803.105506321404,8192,100000000,8.1920000000000002e-05,8.1920000000000002e-05,60,1306.8644880219833,1366.8645699419833,19169.970076263387,1500,19303.105506321404,DELIVERED_MECHANICALLY,1,0,0,200,167,0,33,33,0,0,0,0.83499999999999996,1368064,31.668148148148148,1366.8645699419799,1366.8645699419833,1366.8645699419833,12000,60,200,0,0,0,0,0
28,100027,B3,1.6919938016484404,210.02940087566103,90748433.800162971,-121787215.71036725,190.78678713769565,-95381354.657590538,222904189.71634611,7013672.0465280972,-150278101.89686665,188839813.26304135,49698420.444240399,-27655665.452902522,234435238.48288617,-24794029.780226041,-95774590.162048385,223823172.69581357,7042587.8118285527,391797973508.9906,0.96013863247905873,0,0,1,0.811386381915705,200,60,17803.105506321404,15486.340258634647,1,0,0,1,2,396298947853.81812,77433987023.667053,376203031573.27161,75706432747.858475,392793806466.11157,1000000000.0000012,391797973508.9906,473732934877.48517,451909464321.13007,393793806466.11157,1306.8644880219833,1580.1632250750006,1507.3697942666113,1313.5217026888311,1,2,2,2,0.811386381915705,0.65834786075825835,0.65834786075825835,0.65834786075825835,60,120,120,120,0.018646394106375749,0.018225245673499341,0.47737095031486459,0.020224353516985018,0.49940589452784578,0.018551967181721016,1,0.018646394106375749,0.018225245673499341,0.020224353516985018,0.018551967181721016,0.015129430249746544,0,0,0.012213647906943447,1,0,0,1,0,Direct_Earth_to_Mars,0.015129430249746544,0.015129430249746544,-1,-1,0.0061068239534717234,1306.8644880219833,60,0.018646394106375749,0.015129430249746544,0,17803.105506321404,8192,100000000,8.1920000000000002e-05,8.1920000000000002e-05,60,1306.8644880219833,1366.8645699419833,19169.970076263387,1500,19303.105506321404,DELIVERED_MECHANICALLY,1,0,0,200,167,0,33,33,0,0,0,0.83499999999999996,1368064,31.668148148148148,1366.8645699419799,1366.8645699419833,1366.8645699419833,12000,60,200,0,0,0,0,0
28,100027,B4,1.6919938016484404,210.02940087566103,90748433.800162971,-121787215.71036725,190.78678713769565,-95381354.657590538,222904189.71634611,7013672.0465280972,-150278101.89686665,188839813.26304135,49698420.444240399,-27655665.452902522,234435238.48288617,-24794029.780226041,-95774590.162048385,223823172.69581357,7042587.8118285527,391797973508.9906,0.96013863247905873,0,0,1,0.811386381915705,200,60,17803.105506321404,15486.340258634647,1,0,0,1,2,396298947853.81812,77433987023.667053,376203031573.27161,75706432747.858475,392793806466.11157,1000000000.0000012,391797973508.9906,473732934877.48517,451909464321.13007,393793806466.11157,1306.8644880219833,1580.1632250750006,1507.3697942666113,1313.5217026888311,1,2,2,2,0.811386381915705,0.65834786075825835,0.65834786075825835,0.65834786075825835,60,120,120,120,0.018646394106375749,0.018225245673499341,0.47737095031486459,0.020224353516985018,0.49940589452784578,0.018551967181721016,1,0.018646394106375749,0.018225245673499341,0.020224353516985018,0.018551967181721016,0.015129430249746544,0,0,0.012213647906943447,1,0,0,1,0,Direct_Earth_to_Mars,0.015129430249746544,0.015129430249746544,-1,-1,0.0060758732368541846,1306.8644880219833,60,0.018646394106375749,0.015129430249746544,0,17803.105506321404,8192,100000000,8.1920000000000002e-05,8.1920000000000002e-05,60,1306.8644880219833,1366.8645699419833,19169.970076263387,1500,19303.105506321404,DELIVERED_MECHANICALLY,1,0,0,200,167,0,33,33,0,0,0,0.83499999999999996,1368064,31.668148148148148,1366.8645699419799,1366.8645699419833,1366.8645699419833,12000,60,200,0,0,0,0,0
29,100028,B1,1.102285866240593,136.82818450910852,-83029926.319562957,-126489162.12321955,140.87079309525407,48854790.163016461,225051536.67653927,3513666.9699721183,-17251773.803017966,233426862.73872331,34524586.42986238,113174568.61862227,192806851.11576235,-5576158.2282973174,49066907.118582547,226028661.88055733,3528922.5536734643,375482071769.0296,0.92896795725685499,1,1,0,0.98360156737715587,200,60,29565.085504847902,21449.286535485327,1,1,1,0,3,367502717870.32227,73497625892.208939,374802938910.43463,72521573132.597458,376471568574.45215,1000000000.000011,375482071769.0296,441000343762.53119,447324512043.0321,377471568574.45215,1252.4418671415262,1470.9818004087097,1492.0764244263912,1259.0779472129825,1,2,2,2,0.98360156737715587,0.96747204334679771,0.96747204334679771,0.96747204334679771,60,120,120,120,0.019642990592998698,0.020505242469865379,0.51267176303506512,0.019714240228521633,0.52656451304900487,0.019539869215850193,1,0.019642990592998698,0.020505242469865379,0.019714240228521633,0.019539869215850193,0.019320876335248247,0.019838248831642195,0.019072976276917463,0,1,1,1,0,0,Direct_Earth_to_Mars,0.98360156737715587,0.98360156737715587,0.96747204334679771,0.96747204334679771,-1,1252.4418671415262,60,0.019642990592998698,0.019320876335248247,0,29565.085504847902,8192,100000000,8.1920000000000002e-05,8.1920000000000002e-05,60,1252.4418671415262,1312.4419490615262,30877.527453909428,1500,31065.085504847902,DELIVERED_MECHANICALLY,1,0,0,200,198,0,2,2,0,0,0,0.98999999999999999,1622016,37.546666666666667,1312.4419490615257,1312.4419490615262,1312.4419490615262,12000,60,200,0,0,0,0,0
29,100028,B2,1.102285866240593,136.82818450910852,-83029926.319562957,-126489162.12321955,140.87079309525407,48854790.163016461,225051536.67653927,3513666.9699721183,-17251773.803017966,233426862.73872331,34524586.42986238,113174568.61862227,192806851.11576235,-5576158.2282973174,49066907.118582547,226028661.88055733,3528922.5536734643,375482071769.0296,0.92896795725685499,1,1,0,0.98360156737715587,200,60,29565.085504847902,21449.286535485327,1,1,1,0,3,367502717870.32227,73497625892.208939,374802938910.43463,72521573132.597458,376471568574.45215,1000000000.000011,375482071769.0296,441000343762.53119,447324512043.0321,377471568574.45215,1252.4418671415262,1470.9818004087097,1492.0764244263912,1259.0779472129825,1,2,2,2,0.98360156737715587,0.96747204334679771,0.96747204334679771,0.96747204334679771,60,120,120,120,0.019642990592998698,0.020505242469865379,0.51267176303506512,0.019714240228521633,0.52656451304900487,0.019539869215850193,1,0.019642990592998698,0.020505242469865379,0.019714240228521633,0.019539869215850193,0.019320876335248247,0.019838248831642195,0.019072976276917463,0,1,1,1,0,0,Direct_Earth_to_Mars,0.98360156737715587,0.98360156737715587,0.48373602167339885,0.48373602167339885,-1,1252.4418671415262,60,0.019642990592998698,0.019320876335248247,0,29565.085504847902,8192,100000000,8.1920000000000002e-05,8.1920000000000002e-05,60,1252.4418671415262,1312.4419490615262,30877.527453909428,1500,31065.085504847902,DELIVERED_MECHANICALLY,1,0,0,200,198,0,2,2,0,0,0,0.98999999999999999,1622016,37.546666666666667,1312.4419490615257,1312.4419490615262,1312.4419490615262,12000,60,200,0,0,0,0,0
29,100028,B3,1.102285866240593,136.82818450910852,-83029926.319562957,-126489162.12321955,140.87079309525407,48854790.163016461,225051536.67653927,3513666.9699721183,-17251773.803017966,233426862.73872331,34524586.42986238,113174568.61862227,192806851.11576235,-5576158.2282973174,49066907.118582547,226028661.88055733,3528922.5536734643,375482071769.0296,0.92896795725685499,1,1,0,0.98360156737715587,200,60,29565.085504847902,21449.286535485327,1,1,1,0,3,367502717870.32227,73497625892.208939,374802938910.43463,72521573132.597458,376471568574.45215,1000000000.000011,375482071769.0296,441000343762.53119,447324512043.0321,377471568574.45215,1252.4418671415262,1470.9818004087097,1492.0764244263912,1259.0779472129825,1,2,2,2,0.98360156737715587,0.96747204334679771,0.96747204334679771,0.96747204334679771,60,120,120,120,0.019642990592998698,0.020505242469865379,0.51267176303506512,0.019714240228521633,0.52656451304900487,0.019539869215850193,1,0.019642990592998698,0.020505242469865379,0.019714240228521633,0.019539869215850193,0.019320876335248247,0.019838248831642195,0.019072976276917463,0,1,1,1,0,0,Direct_Earth_to_Mars,0.019320876335248247,0.019320876335248247,0.0099191244158210977,0.0095364881384587315,-1,1252.4418671415262,60,0.019642990592998698,0.019320876335248247,0,29565.085504847902,8192,100000000,8.1920000000000002e-05,8.1920000000000002e-05,60,1252.4418671415262,1312.4419490615262,30877.527453909428,1500,31065.085504847902,DELIVERED_MECHANICALLY,1,0,0,200,198,0,2,2,0,0,0,0.98999999999999999,1622016,37.546666666666667,1312.4419490615257,1312.4419490615262,1312.4419490615262,12000,60,200,0,0,0,0,0
29,100028,B4,1.102285866240593,136.82818450910852,-83029926.319562957,-126489162.12321955,140.87079309525407,48854790.163016461,225051536.67653927,3513666.9699721183,-17251773.803017966,233426862.73872331,34524586.42986238,113174568.61862227,192806851.11576235,-5576158.2282973174,49066907.118582547,226028661.88055733,3528922.5536734643,375482071769.0296,0.92896795725685499,1,1,0,0.98360156737715587,200,60,29565.085504847902,21449.286535485327,1,1,1,0,3,367502717870.32227,73497625892.208939,374802938910.43463,72521573132.597458,376471568574.45215,1000000000.000011,375482071769.0296,441000343762.53119,447324512043.0321,377471568574.45215,1252.4418671415262,1470.9818004087097,1492.0764244263912,1259.0779472129825,1,2,2,2,0.98360156737715587,0.96747204334679771,0.96747204334679771,0.96747204334679771,60,120,120,120,0.019642990592998698,0.020505242469865379,0.51267176303506512,0.019714240228521633,0.52656451304900487,0.019539869215850193,1,0.019642990592998698,0.020505242469865379,0.019714240228521633,0.019539869215850193,0.019320876335248247,0.019838248831642195,0.019072976276917463,0,1,1,1,0,0,Direct_Earth_to_Mars,0.019320876335248247,0.019320876335248247,0.008445465946831111,0.0080048828696532379,-1,1252.4418671415262,60,0.019642990592998698,0.019320876335248247,0,29565.085504847902,8192,100000000,8.1920000000000002e-05,8.1920000000000002e-05,60,1252.4418671415262,1312.4419490615262,30877.527453909428,1500,31065.085504847902,DELIVERED_MECHANICALLY,1,0,0,200,198,0,2,2,0,0,0,0.98999999999999999,1622016,37.546666666666667,1312.4419490615257,1312.4419490615262,1312.4419490615262,12000,60,200,0,0,0,0,0
30,100029,B1,2.8630527025445067,355.39447201580657,-851745.57372194633,147154231.76018667,-362.86181352247968,-247155788.18471965,10717779.954313116,6298759.3742711237,-235688103.54984638,-56510468.334889881,29943065.959799327,-235668708.52971616,73755442.382518858,-32539236.148241956,-248154525.59926614,10761089.673740964,6324212.1734894384,281638537364.54773,0.98787390972562061,1,1,1,0.90648948760529491,200,60,12411.781553437257,27546.921921748453,1,1,1,1,4,312288382784.091,72181704003.369781,248163588482.94858,74927229894.20845,282492043190.51758,999999999.99998689,281638537364.54773,384470086787.46082,323090818377.15704,283492043190.51758,939.42140548548275,1282.4219038941321,1077.6878531592963,945.60387988831746,1,2,2,2,0.90648948760529491,0.82172319113891013,0.82172319113891013,0.82172319113891013,60,120,120,120,0.037128092772472802,0.030197788824611278,0.56523954803148146,0.047820122035476524,0.52457482874760841,0.036904078167530711,1,0.037128092772472802,0.030197788824611278,0.047820122035476524,0.036904078167530711,0.033656225793080724,0.024814223398298498,0.039294903279643884,0.030324936877863119,1,1,1,1,0,Direct_Earth_to_Mars,0.90648948760529491,0.90648948760529491,0.82172319113891013,0.82172319113891013,0.82172319113891013,939.42140548548275,60,0.037128092772472802,0.033656225793080724,0,12411.781553437257,8192,100000000,8.1920000000000002e-05,8.1920000000000002e-05,60,939.42140548548275,999.42148740548271,13411.20304084274,1500,13911.781553437257,DELIVERED_MECHANICALLY,1,0,0,200,172,0,28,28,0,0,0,0.85999999999999999,1409024,32.616296296296298,999.421487405486,999.42148740548271,999.42148740548271,12000,60,200,0,0,0,0,0
30,100029,B2,2.8630527025445067,355.39447201580657,-851745.57372194633,147154231.76018667,-362.86181352247968,-247155788.18471965,10717779.954313116,6298759.3742711237,-235688103.54984638,-56510468.334889881,29943065.959799327,-235668708.52971616,73755442.382518858,-32539236.148241956,-248154525.59926614,10761089.673740964,6324212.1734894384,281638537364.54773,0.98787390972562061,1,1,1,0.90648948760529491,200,60,12411.781553437257,27546.921921748453,1,1,1,1,4,312288382784.091,72181704003.369781,248163588482.94858,74927229894.20845,282492043190.51758,999999999.99998689,281638537364.54773,384470086787.46082,323090818377.15704,283492043190.51758,939.42140548548275,1282.4219038941321,1077.6878531592963,945.60387988831746,1,2,2,2,0.90648948760529491,0.82172319113891013,0.82172319113891013,0.82172319113891013,60,120,120,120,0.037128092772472802,0.030197788824611278,0.56523954803148146,0.047820122035476524,0.52457482874760841,0.036904078167530711,1,0.037128092772472802,0.030197788824611278,0.047820122035476524,0.036904078167530711,0.033656225793080724,0.024814223398298498,0.039294903279643884,0.030324936877863119,1,1,1,1,0,Direct_Earth_to_Mars,0.90648948760529491,0.90648948760529491,0.41086159556945506,0.41086159556945506,0.41086159556945506,939.42140548548275,60,0.037128092772472802,0.033656225793080724,0,12411.781553437257,8192,100000000,8.1920000000000002e-05,8.1920000000000002e-05,60,939.42140548548275,999.42148740548271,13411.20304084274,1500,13911.781553437257,DELIVERED_MECHANICALLY,1,0,0,200,172,0,28,28,0,0,0,0.85999999999999999,1409024,32.616296296296298,999.421487405486,999.42148740548271,999.42148740548271,12000,60,200,0,0,0,0,0
30,100029,B3,2.8630527025445067,355.39447201580657,-851745.57372194633,147154231.76018667,-362.86181352247968,-247155788.18471965,10717779.954313116,6298759.3742711237,-235688103.54984638,-56510468.334889881,29943065.959799327,-235668708.52971616,73755442.382518858,-32539236.148241956,-248154525.59926614,10761089.673740964,6324212.1734894384,281638537364.54773,0.98787390972562061,1,1,1,0.90648948760529491,200,60,12411.781553437257,27546.921921748453,1,1,1,1,4,312288382784.091,72181704003.369781,248163588482.94858,74927229894.20845,282492043190.51758,999999999.99998689,281638537364.54773,384470086787.46082,323090818377.15704,283492043190.51758,939.42140548548275,1282.4219038941321,1077.6878531592963,945.60387988831746,1,2,2,2,0.90648948760529491,0.82172319113891013,0.82172319113891013,0.82172319113891013,60,120,120,120,0.037128092772472802,0.030197788824611278,0.56523954803148146,0.047820122035476524,0.52457482874760841,0.036904078167530711,1,0.037128092772472802,0.030197788824611278,0.047820122035476524,0.036904078167530711,0.033656225793080724,0.024814223398298498,0.039294903279643884,0.030324936877863119,1,1,1,1,0,Direct_Earth_to_Mars,0.033656225793080724,0.033656225793080724,0.012407111699149249,0.019647451639821942,0.01516246843893156,939.42140548548275,60,0.037128092772472802,0.033656225793080724,0,12411.781553437257,8192,100000000,8.1920000000000002e-05,8.1920000000000002e-05,60,939.42140548548275,999.42148740548271,13411.20304084274,1500,13911.781553437257,DELIVERED_MECHANICALLY,1,0,0,200,172,0,28,28,0,0,0,0.85999999999999999,1409024,32.616296296296298,999.421487405486,999.42148740548271,999.42148740548271,12000,60,200,0,0,0,0,0
30,100029,B4,2.8630527025445067,355.39447201580657,-851745.57372194633,147154231.76018667,-362.86181352247968,-247155788.18471965,10717779.954313116,6298759.3742711237,-235688103.54984638,-56510468.334889881,29943065.959799327,-235668708.52971616,73755442.382518858,-32539236.148241956,-248154525.59926614,10761089.673740964,6324212.1734894384,281638537364.54773,0.98787390972562061,1,1,1,0.90648948760529491,200,60,12411.781553437257,27546.921921748453,1,1,1,1,4,312288382784.091,72181704003.369781,248163588482.94858,74927229894.20845,282492043190.51758,999999999.99998689,281638537364.54773,384470086787.46082,323090818377.15704,283492043190.51758,939.42140548548275,1282.4219038941321,1077.6878531592963,945.60387988831746,1,2,2,2,0.90648948760529491,0.82172319113891013,0.82172319113891013,0.82172319113891013,60,120,120,120,0.037128092772472802,0.030197788824611278,0.56523954803148146,0.047820122035476524,0.52457482874760841,0.036904078167530711,1,0.037128092772472802,0.030197788824611278,0.047820122035476524,0.036904078167530711,0.033656225793080724,0.024814223398298498,0.039294903279643884,0.030324936877863119,1,1,1,1,0,Direct_Earth_to_Mars,0.033656225793080724,0.033656225793080724,0.0090886675243441271,0.017126700073292339,0.015063334356467182,939.42140548548275,60,0.037128092772472802,0.033656225793080724,0,12411.781553437257,8192,100000000,8.1920000000000002e-05,8.1920000000000002e-05,60,939.42140548548275,999.42148740548271,13411.20304084274,1500,13911.781553437257,DELIVERED_MECHANICALLY,1,0,0,200,172,0,28,28,0,0,0,0.85999999999999999,1409024,32.616296296296298,999.421487405486,999.42148740548271,999.42148740548271,12000,60,200,0,0,0,0,0
31,100030,B1,0.97669644303716585,121.23860534750808,-112659038.21307418,-100192597.76179856,101.92126796258216,78918615.348874167,213146310.46953475,2525360.0982774701,13714935.384386534,231582291.5211758,29328574.830366813,138534562.90151915,171730973.97997448,-853917.46244561439,79265813.62688075,214084036.39935917,2536470.2865846572,367273257513.7569,0.92847812836864596,1,1,1,0.99295512687010901,200,60,14159.438274696835,14208.822301889913,1,1,1,1,4,356237445652.08374,72868495237.806885,370191009424.63251,72668499475.18956,368254510763.87292,1000000000.0000079,367273257513.7569,429105940889.89062,442859508899.82208,369254510763.87292,1225.0608989785087,1431.3073411937646,1477.1831517672517,1231.6694822010438,1,2,2,2,0.99295512687010901,0.98595988397763423,0.98595988397763423,0.98595988397763423,60,120,120,120,0.020520046910317197,0.021811112961134093,0.52128755950000494,0.020197854015382526,0.52416084758772918,0.020410836917068447,1,0.020520046910317197,0.021811112961134093,0.020197854015382526,0.020410836917068447,0.0203754857832146,0.021504882404582846,0.019914273801603748,0.020124266398639221,1,1,1,1,0,Direct_Earth_to_Mars,0.99295512687010901,0.99295512687010901,0.98595988397763423,0.98595988397763423,0.98595988397763423,1225.0608989785087,60,0.020520046910317197,0.0203754857832146,0,14159.438274696835,8192,100000000,8.1920000000000002e-05,8.1920000000000002e-05,60,1225.0608989785087,1285.0609808985087,15444.499255595343,1500,15659.438274696835,DELIVERED_MECHANICALLY,1,0,0,200,198,0,2,2,0,0,0,0.98999999999999999,1622016,37.546666666666667,1285.0609808985046,1285.0609808985087,1285.0609808985087,12000,60,200,0,0,0,0,0
31,100030,B2,0.97669644303716585,121.23860534750808,-112659038.21307418,-100192597.76179856,101.92126796258216,78918615.348874167,213146310.46953475,2525360.0982774701,13714935.384386534,231582291.5211758,29328574.830366813,138534562.90151915,171730973.97997448,-853917.46244561439,79265813.62688075,214084036.39935917,2536470.2865846572,367273257513.7569,0.92847812836864596,1,1,1,0.99295512687010901,200,60,14159.438274696835,14208.822301889913,1,1,1,1,4,356237445652.08374,72868495237.806885,370191009424.63251,72668499475.18956,368254510763.87292,1000000000.0000079,367273257513.7569,429105940889.89062,442859508899.82208,369254510763.87292,1225.0608989785087,1431.3073411937646,1477.1831517672517,1231.6694822010438,1,2,2,2,0.99295512687010901,0.98595988397763423,0.98595988397763423,0.98595988397763423,60,120,120,120,0.020520046910317197,0.021811112961134093,0.52128755950000494,0.020197854015382526,0.52416084758772918,0.020410836917068447,1,0.020520046910317197,0.021811112961134093,0.020197854015382526,0.020410836917068447,0.0203754857832146,0.021504882404582846,0.019914273801603748,0.020124266398639221,1,1,1,1,0,Direct_Earth_to_Mars,0.99295512687010901,0.99295512687010901,0.49297994198881712,0.49297994198881712,0.49297994198881712,1225.0608989785087,60,0.020520046910317197,0.0203754857832146,0,14159.438274696835,8192,100000000,8.1920000000000002e-05,8.1920000000000002e-05,60,1225.0608989785087,1285.0609808985087,15444.499255595343,1500,15659.438274696835,DELIVERED_MECHANICALLY,1,0,0,200,198,0,2,2,0,0,0,0.98999999999999999,1622016,37.546666666666667,1285.0609808985046,1285.0609808985087,1285.0609808985087,12000,60,200,0,0,0,0,0
31,100030,B3,0.97669644303716585,121.23860534750808,-112659038.21307418,-100192597.76179856,101.92126796258216,78918615.348874167,213146310.46953475,2525360.0982774701,13714935.384386534,231582291.5211758,29328574.830366813,138534562.90151915,171730973.97997448,-853917.46244561439,79265813.62688075,214084036.39935917,2536470.2865846572,367273257513.7569,0.92847812836864596,1,1,1,0.99295512687010901,200,60,14159.438274696835,14208.822301889913,1,1,1,1,4,356237445652.08374,72868495237.806885,370191009424.63251,72668499475.18956,368254510763.87292,1000000000.0000079,367273257513.7569,429105940889.89062,442859508899.82208,369254510763.87292,1225.0608989785087,1431.3073411937646,1477.1831517672517,1231.6694822010438,1,2,2,2,0.99295512687010901,0.98595988397763423,0.98595988397763423,0.98595988397763423,60,120,120,120,0.020520046910317197,0.021811112961134093,0.52128755950000494,0.020197854015382526,0.52416084758772918,0.020410836917068447,1,0.020520046910317197,0.021811112961134093,0.020197854015382526,0.020410836917068447,0.0203754857832146,0.021504882404582846,0.019914273801603748,0.020124266398639221,1,1,1,1,0,Direct_Earth_to_Mars,0.0203754857832146,0.0203754857832146,0.010752441202291423,0.0099571369008018742,0.01006213319931961,1225.0608989785087,60,0.020520046910317197,0.0203754857832146,0,14159.438274696835,8192,100000000,8.1920000000000002e-05,8.1920000000000002e-05,60,1225.0608989785087,1285.0609808985087,15444.499255595343,1500,15659.438274696835,DELIVERED_MECHANICALLY,1,0,0,200,198,0,2,2,0,0,0,0.98999999999999999,1622016,37.546666666666667,1285.0609808985046,1285.0609808985087,1285.0609808985087,12000,60,200,0,0,0,0,0
31,100030,B4,0.97669644303716585,121.23860534750808,-112659038.21307418,-100192597.76179856,101.92126796258216,78918615.348874167,213146310.46953475,2525360.0982774701,13714935.384386534,231582291.5211758,29328574.830366813,138534562.90151915,171730973.97997448,-853917.46244561439,79265813.62688075,214084036.39935917,2536470.2865846572,367273257513.7569,0.92847812836864596,1,1,1,0.99295512687010901,200,60,14159.438274696835,14208.822301889913,1,1,1,1,4,356237445652.08374,72868495237.806885,370191009424.63251,72668499475.18956,368254510763.87292,1000000000.0000079,367273257513.7569,429105940889.89062,442859508899.82208,369254510763.87292,1225.0608989785087,1431.3073411937646,1477.1831517672517,1231.6694822010438,1,2,2,2,0.99295512687010901,0.98595988397763423,0.98595988397763423,0.98595988397763423,60,120,120,120,0.020520046910317197,0.021811112961134093,0.52128755950000494,0.020197854015382526,0.52416084758772918,0.020410836917068447,1,0.020520046910317197,0.021811112961134093,0.020197854015382526,0.020410836917068447,0.0203754857832146,0.021504882404582846,0.019914273801603748,0.020124266398639221,1,1,1,1,0,Direct_Earth_to_Mars,0.0203754857832146,0.0203754857832146,0.0092030515783608092,0.0082576754739959197,0.010008144328437541,1225.0608989785087,60,0.020520046910317197,0.0203754857832146,0,14159.438274696835,8192,100000000,8.1920000000000002e-05,8.1920000000000002e-05,60,1225.0608989785087,1285.0609808985087,15444.499255595343,1500,15659.438274696835,DELIVERED_MECHANICALLY,1,0,0,200,198,0,2,2,0,0,0,0.98999999999999999,1622016,37.546666666666667,1285.0609808985046,1285.0609808985087,1285.0609808985087,12000,60,200,0,0,0,0,0
32,100031,B1,4.4633380743328308,554.03998569282533,42977947.537500039,-145894822.26963353,539.04964169135201,25931600.366788704,-213999236.509727,-5120248.1871069139,93930524.835378677,-184169491.52687168,-40065595.652480304,-49015924.943702146,-215882244.05919471,14714882.523315361,26051862.605892375,-214991694.62974712,-5143994.2152362317,70391843652.334534,0.87413748706566086,1,1,1,0.98802097086297014,200,60,16680.570950658715,9301.5127180679647,1,1,1,1,4,75275564361.988373,82066099725.17804,116523060750.64658,77550691021.405838,71325565848.265533,1000000000.0000103,70391843652.334534,157341664087.16641,194073751772.05243,72325565848.265549,234.79600951412453,524.82209502056844,647.34406861925424,241.24605019434807,1,2,2,2,0.98802097086297014,0.97618543886500608,0.97618543886500608,0.97618543886500608,60,120,120,120,0.52592080373441463,0.45989320215028301,0.38693449035497951,0.19192929271515616,0.43330498619234775,0.5122412859986506,1,0.52592080373441463,0.38693449035497951,0.19192929271515616,0.5122412859986506,0.51962078310270987,0.37771981527918314,0.18735858084019494,0.50004248457736777,1,1,1,1,0,Direct_Earth_to_Mars,0.98802097086297014,0.98802097086297014,0.97618543886500608,0.97618543886500608,0.97618543886500608,234.79600951412453,60,0.52592080373441463,0.51962078310270987,0,16680.570950658715,8192,100000000,8.1920000000000002e-05,8.1920000000000002e-05,60,234.79600951412453,294.79609143412455,16975.367042092839,1500,18180.570950658715,DELIVERED_MECHANICALLY,1,0,0,200,199,0,1,1,0,0,0,0.995,1630208,37.736296296296295,294.79609143412398,294.79609143412455,294.79609143412455,12000,60,200,0,0,0,0,0
32,100031,B2,4.4633380743328308,554.03998569282533,42977947.537500039,-145894822.26963353,539.04964169135201,25931600.366788704,-213999236.509727,-5120248.1871069139,93930524.835378677,-184169491.52687168,-40065595.652480304,-49015924.943702146,-215882244.05919471,14714882.523315361,26051862.605892375,-214991694.62974712,-5143994.2152362317,70391843652.334534,0.87413748706566086,1,1,1,0.98802097086297014,200,60,16680.570950658715,9301.5127180679647,1,1,1,1,4,75275564361.988373,82066099725.17804,116523060750.64658,77550691021.405838,71325565848.265533,1000000000.0000103,70391843652.334534,157341664087.16641,194073751772.05243,72325565848.265549,234.79600951412453,524.82209502056844,647.34406861925424,241.24605019434807,1,2,2,2,0.98802097086297014,0.97618543886500608,0.97618543886500608,0.97618543886500608,60,120,120,120,0.52592080373441463,0.45989320215028301,0.38693449035497951,0.19192929271515616,0.43330498619234775,0.5122412859986506,1,0.52592080373441463,0.38693449035497951,0.19192929271515616,0.5122412859986506,0.51962078310270987,0.37771981527918314,0.18735858084019494,0.50004248457736777,1,1,1,1,0,Direct_Earth_to_Mars,0.98802097086297014,0.98802097086297014,0.48809271943250304,0.48809271943250304,0.48809271943250304,234.79600951412453,60,0.52592080373441463,0.51962078310270987,0,16680.570950658715,8192,100000000,8.1920000000000002e-05,8.1920000000000002e-05,60,234.79600951412453,294.79609143412455,16975.367042092839,1500,18180.570950658715,DELIVERED_MECHANICALLY,1,0,0,200,199,0,1,1,0,0,0,0.995,1630208,37.736296296296295,294.79609143412398,294.79609143412455,294.79609143412455,12000,60,200,0,0,0,0,0
32,100031,B3,4.4633380743328308,554.03998569282533,42977947.537500039,-145894822.26963353,539.04964169135201,25931600.366788704,-213999236.509727,-5120248.1871069139,93930524.835378677,-184169491.52687168,-40065595.652480304,-49015924.943702146,-215882244.05919471,14714882.523315361,26051862.605892375,-214991694.62974712,-5143994.2152362317,70391843652.334534,0.87413748706566086,1,1,1,0.98802097086297014,200,60,16680.570950658715,9301.5127180679647,1,1,1,1,4,75275564361.988373,82066099725.17804,116523060750.64658,77550691021.405838,71325565848.265533,1000000000.0000103,70391843652.334534,157341664087.16641,194073751772.05243,72325565848.265549,234.79600951412453,524.82209502056844,647.34406861925424,241.24605019434807,1,2,2,2,0.98802097086297014,0.97618543886500608,0.97618543886500608,0.97618543886500608,60,120,120,120,0.52592080373441463,0.45989320215028301,0.38693449035497951,0.19192929271515616,0.43330498619234775,0.5122412859986506,1,0.52592080373441463,0.38693449035497951,0.19192929271515616,0.5122412859986506,0.51962078310270987,0.37771981527918314,0.18735858084019494,0.50004248457736777,1,1,1,1,0,Direct_Earth_to_Mars,0.51962078310270987,0.51962078310270987,0.18885990763959157,0.093679290420097469,0.25002124228868389,234.79600951412453,60,0.52592080373441463,0.51962078310270987,0,16680.570950658715,8192,100000000,8.1920000000000002e-05,8.1920000000000002e-05,60,234.79600951412453,294.79609143412455,16975.367042092839,1500,18180.570950658715,DELIVERED_MECHANICALLY,1,0,0,200,199,0,1,1,0,0,0,0.995,1630208,37.736296296296295,294.79609143412398,294.79609143412455,294.79609143412455,12000,60,200,0,0,0,0,0
32,100031,B4,4.4633380743328308,554.03998569282533,42977947.537500039,-145894822.26963353,539.04964169135201,25931600.366788704,-213999236.509727,-5120248.1871069139,93930524.835378677,-184169491.52687168,-40065595.652480304,-49015924.943702146,-215882244.05919471,14714882.523315361,26051862.605892375,-214991694.62974712,-5143994.2152362317,70391843652.334534,0.87413748706566086,1,1,1,0.98802097086297014,200,60,16680.570950658715,9301.5127180679647,1,1,1,1,4,75275564361.988373,82066099725.17804,116523060750.64658,77550691021.405838,71325565848.265533,1000000000.0000103,70391843652.334534,157341664087.16641,194073751772.05243,72325565848.265549,234.79600951412453,524.82209502056844,647.34406861925424,241.24605019434807,1,2,2,2,0.98802097086297014,0.97618543886500608,0.97618543886500608,0.97618543886500608,60,120,120,120,0.52592080373441463,0.45989320215028301,0.38693449035497951,0.19192929271515616,0.43330498619234775,0.5122412859986506,1,0.52592080373441463,0.38693449035497951,0.19192929271515616,0.5122412859986506,0.51962078310270987,0.37771981527918314,0.18735858084019494,0.50004248457736777,1,1,1,1,0,Direct_Earth_to_Mars,0.51962078310270987,0.51962078310270987,0.084492541552093653,0.033978103192740708,0.24333658493415772,234.79600951412453,60,0.52592080373441463,0.51962078310270987,0,16680.570950658715,8192,100000000,8.1920000000000002e-05,8.1920000000000002e-05,60,234.79600951412453,294.79609143412455,16975.367042092839,1500,18180.570950658715,DELIVERED_MECHANICALLY,1,0,0,200,199,0,1,1,0,0,0,0.995,1630208,37.736296296296295,294.79609143412398,294.79609143412455,294.79609143412455,12000,60,200,0,0,0,0,0
33,100032,B1,1.1235392113797433,139.46639000479678,-77383345.054072976,-130113634.92643681,147.03098398660134,43654088.888849787,226628610.51732379,3674527.020826261,-22476602.94481625,233315515.8559579,35343764.173492283,108623481.84674206,195970316.03777167,-6366120.8608441493,43843211.740399413,227610434.90433356,3690446.194630214,376734112031.35498,0.9919132718710576,1,1,1,0.98552483837518501,200,60,5054.6902267744708,38211.227543665242,1,1,1,1,4,369248790438.34558,73626922299.10849,375459467981.57666,72538042788.564743,377724776148.5213,999999999.99998605,376734112031.35498,442875712737.4541,447997510770.14142,378724776148.5213,1256.618118850417,1477.2372005919083,1494.3212500671827,1263.2580925567754,1,2,2,2,0.98552483837518501,0.97125920705443458,0.97125920705443458,0.97125920705443458,60,120,120,120,0.020834788432936402,0.021688065885157967,0.54548861784055802,0.02097649224031186,0.56198835930628477,0.020725644358641156,1,0.020834788432936402,0.021688065885157967,0.02097649224031186,0.020725644358641156,0.020533201502950821,0.02106473367416286,0.020373611220108796,0.020129972905466025,1,1,1,1,0,Direct_Earth_to_Mars,0.98552483837518501,0.98552483837518501,0.97125920705443458,0.97125920705443458,0.97125920705443458,1256.618118850417,60,0.020834788432936402,0.020533201502950821,0,5054.6902267744708,8192,100000000,8.1920000000000002e-05,8.1920000000000002e-05,60,1256.618118850417,1316.6182007704169,6371.3084275448873,1500,6554.6902267744708,DELIVERED_MECHANICALLY,1,0,0,200,199,0,1,1,0,0,0,0.995,1630208,37.736296296296295,1316.6182007704115,1316.6182007704169,1316.6182007704169,12000,60,200,0,0,0,0,0
33,100032,B2,1.1235392113797433,139.46639000479678,-77383345.054072976,-130113634.92643681,147.03098398660134,43654088.888849787,226628610.51732379,3674527.020826261,-22476602.94481625,233315515.8559579,35343764.173492283,108623481.84674206,195970316.03777167,-6366120.8608441493,43843211.740399413,227610434.90433356,3690446.194630214,376734112031.35498,0.9919132718710576,1,1,1,0.98552483837518501,200,60,5054.6902267744708,38211.227543665242,1,1,1,1,4,369248790438.34558,73626922299.10849,375459467981.57666,72538042788.564743,377724776148.5213,999999999.99998605,376734112031.35498,442875712737.4541,447997510770.14142,378724776148.5213,1256.618118850417,1477.2372005919083,1494.3212500671827,1263.2580925567754,1,2,2,2,0.98552483837518501,0.97125920705443458,0.97125920705443458,0.97125920705443458,60,120,120,120,0.020834788432936402,0.021688065885157967,0.54548861784055802,0.02097649224031186,0.56198835930628477,0.020725644358641156,1,0.020834788432936402,0.021688065885157967,0.02097649224031186,0.020725644358641156,0.020533201502950821,0.02106473367416286,0.020373611220108796,0.020129972905466025,1,1,1,1,0,Direct_Earth_to_Mars,0.98552483837518501,0.98552483837518501,0.48562960352721729,0.48562960352721729,0.48562960352721729,1256.618118850417,60,0.020834788432936402,0.020533201502950821,0,5054.6902267744708,8192,100000000,8.1920000000000002e-05,8.1920000000000002e-05,60,1256.618118850417,1316.6182007704169,6371.3084275448873,1500,6554.6902267744708,DELIVERED_MECHANICALLY,1,0,0,200,199,0,1,1,0,0,0,0.995,1630208,37.736296296296295,1316.6182007704115,1316.6182007704169,1316.6182007704169,12000,60,200,0,0,0,0,0
33,100032,B3,1.1235392113797433,139.46639000479678,-77383345.054072976,-130113634.92643681,147.03098398660134,43654088.888849787,226628610.51732379,3674527.020826261,-22476602.94481625,233315515.8559579,35343764.173492283,108623481.84674206,195970316.03777167,-6366120.8608441493,43843211.740399413,227610434.90433356,3690446.194630214,376734112031.35498,0.9919132718710576,1,1,1,0.98552483837518501,200,60,5054.6902267744708,38211.227543665242,1,1,1,1,4,369248790438.34558,73626922299.10849,375459467981.57666,72538042788.564743,377724776148.5213,999999999.99998605,376734112031.35498,442875712737.4541,447997510770.14142,378724776148.5213,1256.618118850417,1477.2372005919083,1494.3212500671827,1263.2580925567754,1,2,2,2,0.98552483837518501,0.97125920705443458,0.97125920705443458,0.97125920705443458,60,120,120,120,0.020834788432936402,0.021688065885157967,0.54548861784055802,0.02097649224031186,0.56198835930628477,0.020725644358641156,1,0.020834788432936402,0.021688065885157967,0.02097649224031186,0.020725644358641156,0.020533201502950821,0.02106473367416286,0.020373611220108796,0.020129972905466025,1,1,1,1,0,Direct_Earth_to_Mars,0.020533201502950821,0.020533201502950821,0.01053236683708143,0.010186805610054398,0.010064986452733012,1256.618118850417,60,0.020834788432936402,0.020533201502950821,0,5054.6902267744708,8192,100000000,8.1920000000000002e-05,8.1920000000000002e-05,60,1256.618118850417,1316.6182007704169,6371.3084275448873,1500,6554.6902267744708,DELIVERED_MECHANICALLY,1,0,0,200,199,0,1,1,0,0,0,0.995,1630208,37.736296296296295,1316.6182007704115,1316.6182007704169,1316.6182007704169,12000,60,200,0,0,0,0,0
33,100032,B4,1.1235392113797433,139.46639000479678,-77383345.054072976,-130113634.92643681,147.03098398660134,43654088.888849787,226628610.51732379,3674527.020826261,-22476602.94481625,233315515.8559579,35343764.173492283,108623481.84674206,195970316.03777167,-6366120.8608441493,43843211.740399413,227610434.90433356,3690446.194630214,376734112031.35498,0.9919132718710576,1,1,1,0.98552483837518501,200,60,5054.6902267744708,38211.227543665242,1,1,1,1,4,369248790438.34558,73626922299.10849,375459467981.57666,72538042788.564743,377724776148.5213,999999999.99998605,376734112031.35498,442875712737.4541,447997510770.14142,378724776148.5213,1256.618118850417,1477.2372005919083,1494.3212500671827,1263.2580925567754,1,2,2,2,0.98552483837518501,0.97125920705443458,0.97125920705443458,0.97125920705443458,60,120,120,120,0.020834788432936402,0.021688065885157967,0.54548861784055802,0.02097649224031186,0.56198835930628477,0.020725644358641156,1,0.020834788432936402,0.021688065885157967,0.02097649224031186,0.020725644358641156,0.020533201502950821,0.02106473367416286,0.020373611220108796,0.020129972905466025,1,1,1,1,0,Direct_Earth_to_Mars,0.020533201502950821,0.020533201502950821,0.0089594027259485738,0.0085663805572101168,0.010012082579965621,1256.618118850417,60,0.020834788432936402,0.020533201502950821,0,5054.6902267744708,8192,100000000,8.1920000000000002e-05,8.1920000000000002e-05,60,1256.618118850417,1316.6182007704169,6371.3084275448873,1500,6554.6902267744708,DELIVERED_MECHANICALLY,1,0,0,200,199,0,1,1,0,0,0,0.995,1630208,37.736296296296295,1316.6182007704115,1316.6182007704169,1316.6182007704169,12000,60,200,0,0,0,0,0
34,100033,B1,4.3898944016543977,544.92332666267328,20436489.335891567,-150708113.07246616,548.3337245499722,6183560.3398385243,-217057010.93673953,-4698986.7519721193,75989832.658346638,-193870716.65479869,-38521332.265406556,-68039912.931588247,-212666238.96834254,12342543.67049941,6212030.3067359338,-218056371.43079126,-4720621.5367769375,68025053199.479401,0.90437175565566841,1,1,1,0.88845660568834739,200,60,2708.2850973408608,2411.3983599941816,1,1,1,1,4,80206730311.127029,80959687212.615982,108716180817.84856,76281168200.891418,68995743227.520676,999999999.99999881,68025053199.479401,161166417523.74301,184997349018.73999,69995743227.520676,226.90144496157239,537.5797782646531,617.06920953549024,233.47479395437185,1,2,2,2,0.88845660568834739,0.78935514019125963,0.78935514019125963,0.78935514019125963,60,120,120,120,0.5826322172223094,0.41909323564481299,0.41133402256122664,0.22810977770798208,0.46333766437218138,0.5663536207817601,1,0.5826322172223094,0.41133402256122664,0.22810977770798208,0.5663536207817601,0.51764344207800894,0.32468862504425183,0.18005962556168126,0.44705414173001373,1,1,1,1,0,Direct_Earth_to_Mars,0.88845660568834739,0.88845660568834739,0.78935514019125963,0.78935514019125963,0.78935514019125963,226.90144496157239,60,0.5826322172223094,0.51764344207800894,0,2708.2850973408608,8192,100000000,8.1920000000000002e-05,8.1920000000000002e-05,60,226.90144496157239,286.90152688157241,2995.1866242224332,1500,4208.2850973408604,DELIVERED_MECHANICALLY,1,0,0,200,172,0,28,28,0,0,0,0.85999999999999999,1409024,32.616296296296298,286.90152688157161,286.90152688157241,286.90152688157241,12000,60,200,0,0,0,0,0
34,100033,B2,4.3898944016543977,544.92332666267328,20436489.335891567,-150708113.07246616,548.3337245499722,6183560.3398385243,-217057010.93673953,-4698986.7519721193,75989832.658346638,-193870716.65479869,-38521332.265406556,-68039912.931588247,-212666238.96834254,12342543.67049941,6212030.3067359338,-218056371.43079126,-4720621.5367769375,68025053199.479401,0.90437175565566841,1,1,1,0.88845660568834739,200,60,2708.2850973408608,2411.3983599941816,1,1,1,1,4,80206730311.127029,80959687212.615982,108716180817.84856,76281168200.891418,68995743227.520676,999999999.99999881,68025053199.479401,161166417523.74301,184997349018.73999,69995743227.520676,226.90144496157239,537.5797782646531,617.06920953549024,233.47479395437185,1,2,2,2,0.88845660568834739,0.78935514019125963,0.78935514019125963,0.78935514019125963,60,120,120,120,0.5826322172223094,0.41909323564481299,0.41133402256122664,0.22810977770798208,0.46333766437218138,0.5663536207817601,1,0.5826322172223094,0.41133402256122664,0.22810977770798208,0.5663536207817601,0.51764344207800894,0.32468862504425183,0.18005962556168126,0.44705414173001373,1,1,1,1,0,Direct_Earth_to_Mars,0.88845660568834739,0.88845660568834739,0.39467757009562981,0.39467757009562981,0.39467757009562981,226.90144496157239,60,0.5826322172223094,0.51764344207800894,0,2708.2850973408608,8192,100000000,8.1920000000000002e-05,8.1920000000000002e-05,60,226.90144496157239,286.90152688157241,2995.1866242224332,1500,4208.2850973408604,DELIVERED_MECHANICALLY,1,0,0,200,172,0,28,28,0,0,0,0.85999999999999999,1409024,32.616296296296298,286.90152688157161,286.90152688157241,286.90152688157241,12000,60,200,0,0,0,0,0
34,100033,B3,4.3898944016543977,544.92332666267328,20436489.335891567,-150708113.07246616,548.3337245499722,6183560.3398385243,-217057010.93673953,-4698986.7519721193,75989832.658346638,-193870716.65479869,-38521332.265406556,-68039912.931588247,-212666238.96834254,12342543.67049941,6212030.3067359338,-218056371.43079126,-4720621.5367769375,68025053199.479401,0.90437175565566841,1,1,1,0.88845660568834739,200,60,2708.2850973408608,2411.3983599941816,1,1,1,1,4,80206730311.127029,80959687212.615982,108716180817.84856,76281168200.891418,68995743227.520676,999999999.99999881,68025053199.479401,161166417523.74301,184997349018.73999,69995743227.520676,226.90144496157239,537.5797782646531,617.06920953549024,233.47479395437185,1,2,2,2,0.88845660568834739,0.78935514019125963,0.78935514019125963,0.78935514019125963,60,120,120,120,0.5826322172223094,0.41909323564481299,0.41133402256122664,0.22810977770798208,0.46333766437218138,0.5663536207817601,1,0.5826322172223094,0.41133402256122664,0.22810977770798208,0.5663536207817601,0.51764344207800894,0.32468862504425183,0.18005962556168126,0.44705414173001373,1,1,1,1,0,Direct_Earth_to_Mars,0.51764344207800894,0.51764344207800894,0.16234431252212592,0.090029812780840629,0.22352707086500687,226.90144496157239,60,0.5826322172223094,0.51764344207800894,0,2708.2850973408608,8192,100000000,8.1920000000000002e-05,8.1920000000000002e-05,60,226.90144496157239,286.90152688157241,2995.1866242224332,1500,4208.2850973408604,DELIVERED_MECHANICALLY,1,0,0,200,172,0,28,28,0,0,0,0.85999999999999999,1409024,32.616296296296298,286.90152688157161,286.90152688157241,286.90152688157241,12000,60,200,0,0,0,0,0
34,100033,B4,4.3898944016543977,544.92332666267328,20436489.335891567,-150708113.07246616,548.3337245499722,6183560.3398385243,-217057010.93673953,-4698986.7519721193,75989832.658346638,-193870716.65479869,-38521332.265406556,-68039912.931588247,-212666238.96834254,12342543.67049941,6212030.3067359338,-218056371.43079126,-4720621.5367769375,68025053199.479401,0.90437175565566841,1,1,1,0.88845660568834739,200,60,2708.2850973408608,2411.3983599941816,1,1,1,1,4,80206730311.127029,80959687212.615982,108716180817.84856,76281168200.891418,68995743227.520676,999999999.99999881,68025053199.479401,161166417523.74301,184997349018.73999,69995743227.520676,226.90144496157239,537.5797782646531,617.06920953549024,233.47479395437185,1,2,2,2,0.88845660568834739,0.78935514019125963,0.78935514019125963,0.78935514019125963,60,120,120,120,0.5826322172223094,0.41909323564481299,0.41133402256122664,0.22810977770798208,0.46333766437218138,0.5663536207817601,1,0.5826322172223094,0.41133402256122664,0.22810977770798208,0.5663536207817601,0.51764344207800894,0.32468862504425183,0.18005962556168126,0.44705414173001373,1,1,1,1,0,Direct_Earth_to_Mars,0.51764344207800894,0.51764344207800894,0.068522218621156622,0.033104705750867124,0.21723379431361581,226.90144496157239,60,0.5826322172223094,0.51764344207800894,0,2708.2850973408608,8192,100000000,8.1920000000000002e-05,8.1920000000000002e-05,60,226.90144496157239,286.90152688157241,2995.1866242224332,1500,4208.2850973408604,DELIVERED_MECHANICALLY,1,0,0,200,172,0,28,28,0,0,0,0.85999999999999999,1409024,32.616296296296298,286.90152688157161,286.90152688157241,286.90152688157241,12000,60,200,0,0,0,0,0
35,100034,B1,5.468056583646705,678.7570067329093,99324708.653900266,109907112.11942226,-490.88311882224815,206437998.1987465,-20661165.132851094,-5505966.5473833093,201104404.58502266,58288287.686514989,-24176990.131431177,181819154.08936766,-94056274.368698716,28555849.957798641,207432676.88261288,-20760716.672397148,-5532495.9053820772,168972311589.90042,0.98319762119635024,1,1,1,0.85932753571367226,200,60,27474.915059306128,7614.3935052640882,1,1,1,1,4,116653815435.11847,81302339714.117325,221860003510.39066,84576219403.89975,169682106762.24796,999999999.99998677,168972311589.90042,197956155149.23578,306436222914.29041,170682106762.24796,563.61678315510483,660.29404652847154,1022.1355000476665,569.31990247581041,1,2,2,2,0.85932753571367226,0.73844381363573264,0.73844381363573264,0.73844381363573264,60,120,120,120,0.10265852351955325,0.21539132535075203,0.44342483876465122,0.059548122551057299,0.40976000683752994,0.10180146060063128,1,0.10265852351955325,0.21539132535075203,0.059548122551057299,0.10180146060063128,0.088217296036061765,0.1590543917160642,0.043972942711450726,0.075174658799617947,1,1,1,1,0,Direct_Earth_to_Mars,0.85932753571367226,0.85932753571367226,0.73844381363573264,0.73844381363573264,0.73844381363573264,563.61678315510483,60,0.10265852351955325,0.088217296036061765,0,27474.915059306128,8192,100000000,8.1920000000000002e-05,8.1920000000000002e-05,60,563.61678315510483,623.61686507510478,28098.531924381234,1500,28974.915059306128,DELIVERED_MECHANICALLY,1,0,0,200,179,0,21,21,0,0,0,0.89500000000000002,1466368,33.943703703703704,623.61686507510581,623.61686507510478,623.61686507510478,12000,60,200,0,0,0,0,0
35,100034,B2,5.468056583646705,678.7570067329093,99324708.653900266,109907112.11942226,-490.88311882224815,206437998.1987465,-20661165.132851094,-5505966.5473833093,201104404.58502266,58288287.686514989,-24176990.131431177,181819154.08936766,-94056274.368698716,28555849.957798641,207432676.88261288,-20760716.672397148,-5532495.9053820772,168972311589.90042,0.98319762119635024,1,1,1,0.85932753571367226,200,60,27474.915059306128,7614.3935052640882,1,1,1,1,4,116653815435.11847,81302339714.117325,221860003510.39066,84576219403.89975,169682106762.24796,999999999.99998677,168972311589.90042,197956155149.23578,306436222914.29041,170682106762.24796,563.61678315510483,660.29404652847154,1022.1355000476665,569.31990247581041,1,2,2,2,0.85932753571367226,0.73844381363573264,0.73844381363573264,0.73844381363573264,60,120,120,120,0.10265852351955325,0.21539132535075203,0.44342483876465122,0.059548122551057299,0.40976000683752994,0.10180146060063128,1,0.10265852351955325,0.21539132535075203,0.059548122551057299,0.10180146060063128,0.088217296036061765,0.1590543917160642,0.043972942711450726,0.075174658799617947,1,1,1,1,0,Direct_Earth_to_Mars,0.85932753571367226,0.85932753571367226,0.36922190681786632,0.36922190681786632,0.36922190681786632,563.61678315510483,60,0.10265852351955325,0.088217296036061765,0,27474.915059306128,8192,100000000,8.1920000000000002e-05,8.1920000000000002e-05,60,563.61678315510483,623.61686507510478,28098.531924381234,1500,28974.915059306128,DELIVERED_MECHANICALLY,1,0,0,200,179,0,21,21,0,0,0,0.89500000000000002,1466368,33.943703703703704,623.61686507510581,623.61686507510478,623.61686507510478,12000,60,200,0,0,0,0,0
35,100034,B3,5.468056583646705,678.7570067329093,99324708.653900266,109907112.11942226,-490.88311882224815,206437998.1987465,-20661165.132851094,-5505966.5473833093,201104404.58502266,58288287.686514989,-24176990.131431177,181819154.08936766,-94056274.368698716,28555849.957798641,207432676.88261288,-20760716.672397148,-5532495.9053820772,168972311589.90042,0.98319762119635024,1,1,1,0.85932753571367226,200,60,27474.915059306128,7614.3935052640882,1,1,1,1,4,116653815435.11847,81302339714.117325,221860003510.39066,84576219403.89975,169682106762.24796,999999999.99998677,168972311589.90042,197956155149.23578,306436222914.29041,170682106762.24796,563.61678315510483,660.29404652847154,1022.1355000476665,569.31990247581041,1,2,2,2,0.85932753571367226,0.73844381363573264,0.73844381363573264,0.73844381363573264,60,120,120,120,0.10265852351955325,0.21539132535075203,0.44342483876465122,0.059548122551057299,0.40976000683752994,0.10180146060063128,1,0.10265852351955325,0.21539132535075203,0.059548122551057299,0.10180146060063128,0.088217296036061765,0.1590543917160642,0.043972942711450726,0.075174658799617947,1,1,1,1,0,Direct_Earth_to_Mars,0.088217296036061765,0.088217296036061765,0.079527195858032099,0.021986471355725363,0.037587329399808973,563.61678315510483,60,0.10265852351955325,0.088217296036061765,0,27474.915059306128,8192,100000000,8.1920000000000002e-05,8.1920000000000002e-05,60,563.61678315510483,623.61686507510478,28098.531924381234,1500,28974.915059306128,DELIVERED_MECHANICALLY,1,0,0,200,179,0,21,21,0,0,0,0.89500000000000002,1466368,33.943703703703704,623.61686507510581,623.61686507510478,623.61686507510478,12000,60,200,0,0,0,0,0
35,100034,B4,5.468056583646705,678.7570067329093,99324708.653900266,109907112.11942226,-490.88311882224815,206437998.1987465,-20661165.132851094,-5505966.5473833093,201104404.58502266,58288287.686514989,-24176990.131431177,181819154.08936766,-94056274.368698716,28555849.957798641,207432676.88261288,-20760716.672397148,-5532495.9053820772,168972311589.90042,0.98319762119635024,1,1,1,0.85932753571367226,200,60,27474.915059306128,7614.3935052640882,1,1,1,1,4,116653815435.11847,81302339714.117325,221860003510.39066,84576219403.89975,169682106762.24796,999999999.99998677,168972311589.90042,197956155149.23578,306436222914.29041,170682106762.24796,563.61678315510483,660.29404652847154,1022.1355000476665,569.31990247581041,1,2,2,2,0.85932753571367226,0.73844381363573264,0.73844381363573264,0.73844381363573264,60,120,120,120,0.10265852351955325,0.21539132535075203,0.44342483876465122,0.059548122551057299,0.40976000683752994,0.10180146060063128,1,0.10265852351955325,0.21539132535075203,0.059548122551057299,0.10180146060063128,0.088217296036061765,0.1590543917160642,0.043972942711450726,0.075174658799617947,1,1,1,1,0,Direct_Earth_to_Mars,0.088217296036061765,0.088217296036061765,0.067883184073078404,0.01212358269316338,0.037210801153419619,563.61678315510483,60,0.10265852351955325,0.088217296036061765,0,27474.915059306128,8192,100000000,8.1920000000000002e-05,8.1920000000000002e-05,60,563.61678315510483,623.61686507510478,28098.531924381234,1500,28974.915059306128,DELIVERED_MECHANICALLY,1,0,0,200,179,0,21,21,0,0,0,0.89500000000000002,1466368,33.943703703703704,623.61686507510581,623.61686507510478,623.61686507510478,12000,60,200,0,0,0,0,0
36,100035,B1,1.7887884597708268,222.04464823271567,113027894.36822966,-101069243.79380038,165.84359546080498,-117040592.31971836,214049035.74577281,7360494.5986204157,-168116468.82527483,174290993.70397571,50566751.551384233,-51348582.557269223,232152639.21497384,-27164484.656139776,-117520131.3110318,214926037.96063471,7390652.0344760763,390237380457.38922,0.85351203106622819,1,1,1,0.97878465874309561,200,60,34821.838304348334,13842.891527733755,1,1,1,1,4,396764908907.59973,77821768854.713211,372551161210.276,76388184935.508209,391228871022.84235,999999999.99998987,390237380457.38922,474586677762.31293,448939346145.78418,392228871022.84235,1301.659040885221,1583.0109331631518,1497.4627956830693,1308.3017712569792,1,2,2,2,0.97878465874309561,0.95801940819083808,0.95801940819083808,0.95801940819083808,60,120,120,120,0.016708489778046939,0.016163240051215728,0.42013874797148715,0.018332558938432962,0.43605628551932718,0.016623908504936395,1,0.016708489778046939,0.016163240051215728,0.018332558938432962,0.016623908504936395,0.016354013465518173,0.015484697668312144,0.017562947264821206,0.015926026987717806,1,1,1,1,0,Direct_Earth_to_Mars,0.97878465874309561,0.97878465874309561,0.95801940819083808,0.95801940819083808,0.95801940819083808,1301.659040885221,60,0.016708489778046939,0.016354013465518173,0,34821.838304348334,8192,100000000,8.1920000000000002e-05,8.1920000000000002e-05,60,1301.659040885221,1361.6591228052209,36183.497427153554,1500,36321.838304348334,DELIVERED_MECHANICALLY,1,0,0,200,194,0,6,6,0,0,0,0.96999999999999997,1589248,36.788148148148146,1361.6591228052257,1361.6591228052209,1361.6591228052209,12000,60,200,0,0,0,0,0
36,100035,B2,1.7887884597708268,222.04464823271567,113027894.36822966,-101069243.79380038,165.84359546080498,-117040592.31971836,214049035.74577281,7360494.5986204157,-168116468.82527483,174290993.70397571,50566751.551384233,-51348582.557269223,232152639.21497384,-27164484.656139776,-117520131.3110318,214926037.96063471,7390652.0344760763,390237380457.38922,0.85351203106622819,1,1,1,0.97878465874309561,200,60,34821.838304348334,13842.891527733755,1,1,1,1,4,396764908907.59973,77821768854.713211,372551161210.276,76388184935.508209,391228871022.84235,999999999.99998987,390237380457.38922,474586677762.31293,448939346145.78418,392228871022.84235,1301.659040885221,1583.0109331631518,1497.4627956830693,1308.3017712569792,1,2,2,2,0.97878465874309561,0.95801940819083808,0.95801940819083808,0.95801940819083808,60,120,120,120,0.016708489778046939,0.016163240051215728,0.42013874797148715,0.018332558938432962,0.43605628551932718,0.016623908504936395,1,0.016708489778046939,0.016163240051215728,0.018332558938432962,0.016623908504936395,0.016354013465518173,0.015484697668312144,0.017562947264821206,0.015926026987717806,1,1,1,1,0,Direct_Earth_to_Mars,0.97878465874309561,0.97878465874309561,0.47900970409541904,0.47900970409541904,0.47900970409541904,1301.659040885221,60,0.016708489778046939,0.016354013465518173,0,34821.838304348334,8192,100000000,8.1920000000000002e-05,8.1920000000000002e-05,60,1301.659040885221,1361.6591228052209,36183.497427153554,1500,36321.838304348334,DELIVERED_MECHANICALLY,1,0,0,200,194,0,6,6,0,0,0,0.96999999999999997,1589248,36.788148148148146,1361.6591228052257,1361.6591228052209,1361.6591228052209,12000,60,200,0,0,0,0,0
36,100035,B3,1.7887884597708268,222.04464823271567,113027894.36822966,-101069243.79380038,165.84359546080498,-117040592.31971836,214049035.74577281,7360494.5986204157,-168116468.82527483,174290993.70397571,50566751.551384233,-51348582.557269223,232152639.21497384,-27164484.656139776,-117520131.3110318,214926037.96063471,7390652.0344760763,390237380457.38922,0.85351203106622819,1,1,1,0.97878465874309561,200,60,34821.838304348334,13842.891527733755,1,1,1,1,4,396764908907.59973,77821768854.713211,372551161210.276,76388184935.508209,391228871022.84235,999999999.99998987,390237380457.38922,474586677762.31293,448939346145.78418,392228871022.84235,1301.659040885221,1583.0109331631518,1497.4627956830693,1308.3017712569792,1,2,2,2,0.97878465874309561,0.95801940819083808,0.95801940819083808,0.95801940819083808,60,120,120,120,0.016708489778046939,0.016163240051215728,0.42013874797148715,0.018332558938432962,0.43605628551932718,0.016623908504936395,1,0.016708489778046939,0.016163240051215728,0.018332558938432962,0.016623908504936395,0.016354013465518173,0.015484697668312144,0.017562947264821206,0.015926026987717806,1,1,1,1,0,Direct_Earth_to_Mars,0.016354013465518173,0.016354013465518173,0.0077423488341560719,0.0087814736324106028,0.0079630134938589031,1301.659040885221,60,0.016708489778046939,0.016354013465518173,0,34821.838304348334,8192,100000000,8.1920000000000002e-05,8.1920000000000002e-05,60,1301.659040885221,1361.6591228052209,36183.497427153554,1500,36321.838304348334,DELIVERED_MECHANICALLY,1,0,0,200,194,0,6,6,0,0,0,0.96999999999999997,1589248,36.788148148148146,1361.6591228052257,1361.6591228052209,1361.6591228052209,12000,60,200,0,0,0,0,0
36,100035,B4,1.7887884597708268,222.04464823271567,113027894.36822966,-101069243.79380038,165.84359546080498,-117040592.31971836,214049035.74577281,7360494.5986204157,-168116468.82527483,174290993.70397571,50566751.551384233,-51348582.557269223,232152639.21497384,-27164484.656139776,-117520131.3110318,214926037.96063471,7390652.0344760763,390237380457.38922,0.85351203106622819,1,1,1,0.97878465874309561,200,60,34821.838304348334,13842.891527733755,1,1,1,1,4,396764908907.59973,77821768854.713211,372551161210.276,76388184935.508209,391228871022.84235,999999999.99998987,390237380457.38922,474586677762.31293,448939346145.78418,392228871022.84235,1301.659040885221,1583.0109331631518,1497.4627956830693,1308.3017712569792,1,2,2,2,0.97878465874309561,0.95801940819083808,0.95801940819083808,0.95801940819083808,60,120,120,120,0.016708489778046939,0.016163240051215728,0.42013874797148715,0.018332558938432962,0.43605628551932718,0.016623908504936395,1,0.016708489778046939,0.016163240051215728,0.018332558938432962,0.016623908504936395,0.016354013465518173,0.015484697668312144,0.017562947264821206,0.015926026987717806,1,1,1,1,0,Direct_Earth_to_Mars,0.016354013465518173,0.016354013465518173,0.0063662847467066304,0.0076332344141534511,0.0079225823389461065,1301.659040885221,60,0.016708489778046939,0.016354013465518173,0,34821.838304348334,8192,100000000,8.1920000000000002e-05,8.1920000000000002e-05,60,1301.659040885221,1361.6591228052209,36183.497427153554,1500,36321.838304348334,DELIVERED_MECHANICALLY,1,0,0,200,194,0,6,6,0,0,0,0.96999999999999997,1589248,36.788148148148146,1361.6591228052257,1361.6591228052209,1361.6591228052209,12000,60,200,0,0,0,0,0
37,100036,B1,3.0835795724628761,382.76876045635231,-69605381.916019067,129684984.90984938,-341.74740079321299,-241408713.8040382,-41475459.685411207,5064114.0278489841,-215503108.01885834,-104987580.88375679,20121738.226852056,-245194308.78765908,22770563.107829999,-28840677.090063054,-242394063.48660809,-41644748.649307653,5084784.0487078382,242565313584.13882,0.95603626105979456,1,1,0,0.87132132168355236,200,60,34624.443420151052,7546.3683296846966,1,1,1,0,3,277060025482.9696,70225508162.838409,207590774775.44971,72742126961.472122,243383780447.0881,1000000000.0000116,242565313584.13882,347285533645.80798,280332901736.92181,244383780447.0881,809.09043890640032,1158.3907059566643,935.06638337865843,815.15603884952668,1,2,2,2,0.87132132168355236,0.75920084562037249,0.75920084562037249,0.75920084562037249,60,120,120,120,0.048439790360150815,0.037128885270596726,0.5779228541667365,0.066136856747776793,0.53862642865499066,0.048114545181559103,1,0.048439790360150815,0.037128885270596726,0.066136856747776793,0.048114545181559103,0.042206622158680811,0.028188281094378827,0.050211157569585579,0,1,1,1,0,0,Direct_Earth_to_Mars,0.87132132168355236,0.87132132168355236,0.75920084562037249,0.75920084562037249,-1,809.09043890640032,60,0.048439790360150815,0.042206622158680811,0,34624.443420151052,8192,100000000,8.1920000000000002e-05,8.1920000000000002e-05,60,809.09043890640032,869.09052082640028,35493.533940977453,1500,36124.443420151052,DELIVERED_MECHANICALLY,1,0,0,200,170,0,30,30,0,0,0,0.84999999999999998,1392640,32.237037037037034,869.09052082640096,869.09052082640028,869.09052082640028,12000,60,200,0,0,0,0,0
37,100036,B2,3.0835795724628761,382.76876045635231,-69605381.916019067,129684984.90984938,-341.74740079321299,-241408713.8040382,-41475459.685411207,5064114.0278489841,-215503108.01885834,-104987580.88375679,20121738.226852056,-245194308.78765908,22770563.107829999,-28840677.090063054,-242394063.48660809,-41644748.649307653,5084784.0487078382,242565313584.13882,0.95603626105979456,1,1,0,0.87132132168355236,200,60,34624.443420151052,7546.3683296846966,1,1,1,0,3,277060025482.9696,70225508162.838409,207590774775.44971,72742126961.472122,243383780447.0881,1000000000.0000116,242565313584.13882,347285533645.80798,280332901736.92181,244383780447.0881,809.09043890640032,1158.3907059566643,935.06638337865843,815.15603884952668,1,2,2,2,0.87132132168355236,0.75920084562037249,0.75920084562037249,0.75920084562037249,60,120,120,120,0.048439790360150815,0.037128885270596726,0.5779228541667365,0.066136856747776793,0.53862642865499066,0.048114545181559103,1,0.048439790360150815,0.037128885270596726,0.066136856747776793,0.048114545181559103,0.042206622158680811,0.028188281094378827,0.050211157569585579,0,1,1,1,0,0,Direct_Earth_to_Mars,0.87132132168355236,0.87132132168355236,0.37960042281018624,0.37960042281018624,-1,809.09043890640032,60,0.048439790360150815,0.042206622158680811,0,34624.443420151052,8192,100000000,8.1920000000000002e-05,8.1920000000000002e-05,60,809.09043890640032,869.09052082640028,35493.533940977453,1500,36124.443420151052,DELIVERED_MECHANICALLY,1,0,0,200,170,0,30,30,0,0,0,0.84999999999999998,1392640,32.237037037037034,869.09052082640096,869.09052082640028,869.09052082640028,12000,60,200,0,0,0,0,0
37,100036,B3,3.0835795724628761,382.76876045635231,-69605381.916019067,129684984.90984938,-341.74740079321299,-241408713.8040382,-41475459.685411207,5064114.0278489841,-215503108.01885834,-104987580.88375679,20121738.226852056,-245194308.78765908,22770563.107829999,-28840677.090063054,-242394063.48660809,-41644748.649307653,5084784.0487078382,242565313584.13882,0.95603626105979456,1,1,0,0.87132132168355236,200,60,34624.443420151052,7546.3683296846966,1,1,1,0,3,277060025482.9696,70225508162.838409,207590774775.44971,72742126961.472122,243383780447.0881,1000000000.0000116,242565313584.13882,347285533645.80798,280332901736.92181,244383780447.0881,809.09043890640032,1158.3907059566643,935.06638337865843,815.15603884952668,1,2,2,2,0.87132132168355236,0.75920084562037249,0.75920084562037249,0.75920084562037249,60,120,120,120,0.048439790360150815,0.037128885270596726,0.5779228541667365,0.066136856747776793,0.53862642865499066,0.048114545181559103,1,0.048439790360150815,0.037128885270596726,0.066136856747776793,0.048114545181559103,0.042206622158680811,0.028188281094378827,0.050211157569585579,0,1,1,1,0,0,Direct_Earth_to_Mars,0.042206622158680811,0.042206622158680811,0.014094140547189413,0.02510557878479279,-1,809.09043890640032,60,0.048439790360150815,0.042206622158680811,0,34624.443420151052,8192,100000000,8.1920000000000002e-05,8.1920000000000002e-05,60,809.09043890640032,869.09052082640028,35493.533940977453,1500,36124.443420151052,DELIVERED_MECHANICALLY,1,0,0,200,170,0,30,30,0,0,0,0.84999999999999998,1392640,32.237037037037034,869.09052082640096,869.09052082640028,869.09052082640028,12000,60,200,0,0,0,0,0
37,100036,B4,3.0835795724628761,382.76876045635231,-69605381.916019067,129684984.90984938,-341.74740079321299,-241408713.8040382,-41475459.685411207,5064114.0278489841,-215503108.01885834,-104987580.88375679,20121738.226852056,-245194308.78765908,22770563.107829999,-28840677.090063054,-242394063.48660809,-41644748.649307653,5084784.0487078382,242565313584.13882,0.95603626105979456,1,1,0,0.87132132168355236,200,60,34624.443420151052,7546.3683296846966,1,1,1,0,3,277060025482.9696,70225508162.838409,207590774775.44971,72742126961.472122,243383780447.0881,1000000000.0000116,242565313584.13882,347285533645.80798,280332901736.92181,244383780447.0881,809.09043890640032,1158.3907059566643,935.06638337865843,815.15603884952668,1,2,2,2,0.87132132168355236,0.75920084562037249,0.75920084562037249,0.75920084562037249,60,120,120,120,0.048439790360150815,0.037128885270596726,0.5779228541667365,0.066136856747776793,0.53862642865499066,0.048114545181559103,1,0.048439790360150815,0.037128885270596726,0.066136856747776793,0.048114545181559103,0.042206622158680811,0.028188281094378827,0.050211157569585579,0,1,1,1,0,0,Direct_Earth_to_Mars,0.042206622158680811,0.042206622158680811,0.0098442039483702323,0.021723253149783611,-1,809.09043890640032,60,0.048439790360150815,0.042206622158680811,0,34624.443420151052,8192,100000000,8.1920000000000002e-05,8.1920000000000002e-05,60,809.09043890640032,869.09052082640028,35493.533940977453,1500,36124.443420151052,DELIVERED_MECHANICALLY,1,0,0,200,170,0,30,30,0,0,0,0.84999999999999998,1392640,32.237037037037034,869.09052082640096,869.09052082640028,869.09052082640028,12000,60,200,0,0,0,0,0
38,100037,B1,1.9054005968453598,236.5198651399721,133656882.7587216,-70709064.624230981,122.35792614681824,-141590329.56448427,200598196.69936797,7682081.405041365,-187486545.41010955,154592544.46744806,50978767.379113741,-79161792.242203474,226196011.87665299,-29642713.665119078,-142166707.90042678,201414781.10285291,7713353.2108944338,386558754180.27881,0.88063407254955606,1,1,1,0.8041435864716403,200,60,10807.38860218735,22797.189651206667,1,1,1,1,4,395591631311.28705,78087039145.87886,366501174089.02563,77108434954.156097,387542945371.98633,1000000000.0000107,386558754180.27881,473678670457.16589,443609609043.18176,388542945371.98633,1289.3887731163402,1579.9822230058903,1479.6851535796591,1296.0071560106283,1,2,2,2,0.8041435864716403,0.64664690766347244,0.64664690766347244,0.64664690766347244,60,120,120,120,0.017569109282820385,0.01677592898216778,0.43054927120192837,0.01954474594748612,0.44154705569232988,0.017479986740281724,1,0.017569109282820385,0.01677592898216778,0.01954474594748612,0.017479986740281724,0.014128086549799372,0.010848102599500819,0.012638549528010084,0.011303379371601679,1,1,1,1,0,Direct_Earth_to_Mars,0.8041435864716403,0.8041435864716403,0.64664690766347244,0.64664690766347244,0.64664690766347244,1289.3887731163402,60,0.017569109282820385,0.014128086549799372,0,10807.38860218735,8192,100000000,8.1920000000000002e-05,8.1920000000000002e-05,60,1289.3887731163402,1349.3888550363401,12156.77745722369,1500,12307.38860218735,DROPPED_CONTACT_NOT_REALIZED,0,0,1,200,150,0,50,50,0,0,0,0.75,1228800,28.444444444444443,1349.3888550363408,1349.3888550363401,1349.3888550363401,12000,60,200,0,0,0,0,0
38,100037,B2,1.9054005968453598,236.5198651399721,133656882.7587216,-70709064.624230981,122.35792614681824,-141590329.56448427,200598196.69936797,7682081.405041365,-187486545.41010955,154592544.46744806,50978767.379113741,-79161792.242203474,226196011.87665299,-29642713.665119078,-142166707.90042678,201414781.10285291,7713353.2108944338,386558754180.27881,0.88063407254955606,1,1,1,0.8041435864716403,200,60,10807.38860218735,22797.189651206667,1,1,1,1,4,395591631311.28705,78087039145.87886,366501174089.02563,77108434954.156097,387542945371.98633,1000000000.0000107,386558754180.27881,473678670457.16589,443609609043.18176,388542945371.98633,1289.3887731163402,1579.9822230058903,1479.6851535796591,1296.0071560106283,1,2,2,2,0.8041435864716403,0.64664690766347244,0.64664690766347244,0.64664690766347244,60,120,120,120,0.017569109282820385,0.01677592898216778,0.43054927120192837,0.01954474594748612,0.44154705569232988,0.017479986740281724,1,0.017569109282820385,0.01677592898216778,0.01954474594748612,0.017479986740281724,0.014128086549799372,0.010848102599500819,0.012638549528010084,0.011303379371601679,1,1,1,1,0,Direct_Earth_to_Mars,0.8041435864716403,0.8041435864716403,0.32332345383173622,0.32332345383173622,0.32332345383173622,1289.3887731163402,60,0.017569109282820385,0.014128086549799372,0,10807.38860218735,8192,100000000,8.1920000000000002e-05,8.1920000000000002e-05,60,1289.3887731163402,1349.3888550363401,12156.77745722369,1500,12307.38860218735,DROPPED_CONTACT_NOT_REALIZED,0,0,1,200,150,0,50,50,0,0,0,0.75,1228800,28.444444444444443,1349.3888550363408,1349.3888550363401,1349.3888550363401,12000,60,200,0,0,0,0,0
38,100037,B3,1.9054005968453598,236.5198651399721,133656882.7587216,-70709064.624230981,122.35792614681824,-141590329.56448427,200598196.69936797,7682081.405041365,-187486545.41010955,154592544.46744806,50978767.379113741,-79161792.242203474,226196011.87665299,-29642713.665119078,-142166707.90042678,201414781.10285291,7713353.2108944338,386558754180.27881,0.88063407254955606,1,1,1,0.8041435864716403,200,60,10807.38860218735,22797.189651206667,1,1,1,1,4,395591631311.28705,78087039145.87886,366501174089.02563,77108434954.156097,387542945371.98633,1000000000.0000107,386558754180.27881,473678670457.16589,443609609043.18176,388542945371.98633,1289.3887731163402,1579.9822230058903,1479.6851535796591,1296.0071560106283,1,2,2,2,0.8041435864716403,0.64664690766347244,0.64664690766347244,0.64664690766347244,60,120,120,120,0.017569109282820385,0.01677592898216778,0.43054927120192837,0.01954474594748612,0.44154705569232988,0.017479986740281724,1,0.017569109282820385,0.01677592898216778,0.01954474594748612,0.017479986740281724,0.014128086549799372,0.010848102599500819,0.012638549528010084,0.011303379371601679,1,1,1,1,0,Direct_Earth_to_Mars,0.014128086549799372,0.014128086549799372,0.0054240512997504094,0.0063192747640050421,0.0056516896858008394,1289.3887731163402,60,0.017569109282820385,0.014128086549799372,0,10807.38860218735,8192,100000000,8.1920000000000002e-05,8.1920000000000002e-05,60,1289.3887731163402,1349.3888550363401,12156.77745722369,1500,12307.38860218735,DROPPED_CONTACT_NOT_REALIZED,0,0,1,200,150,0,50,50,0,0,0,0.75,1228800,28.444444444444443,1349.3888550363408,1349.3888550363401,1349.3888550363401,12000,60,200,0,0,0,0,0
38,100037,B4,1.9054005968453598,236.5198651399721,133656882.7587216,-70709064.624230981,122.35792614681824,-141590329.56448427,200598196.69936797,7682081.405041365,-187486545.41010955,154592544.46744806,50978767.379113741,-79161792.242203474,226196011.87665299,-29642713.665119078,-142166707.90042678,201414781.10285291,7713353.2108944338,386558754180.27881,0.88063407254955606,1,1,1,0.8041435864716403,200,60,10807.38860218735,22797.189651206667,1,1,1,1,4,395591631311.28705,78087039145.87886,366501174089.02563,77108434954.156097,387542945371.98633,1000000000.0000107,386558754180.27881,473678670457.16589,443609609043.18176,388542945371.98633,1289.3887731163402,1579.9822230058903,1479.6851535796591,1296.0071560106283,1,2,2,2,0.8041435864716403,0.64664690766347244,0.64664690766347244,0.64664690766347244,60,120,120,120,0.017569109282820385,0.01677592898216778,0.43054927120192837,0.01954474594748612,0.44154705569232988,0.017479986740281724,1,0.017569109282820385,0.01677592898216778,0.01954474594748612,0.017479986740281724,0.014128086549799372,0.010848102599500819,0.012638549528010084,0.011303379371601679,1,1,1,1,0,Direct_Earth_to_Mars,0.014128086549799372,0.014128086549799372,0.004426449075736973,0.005506578149570427,0.0056228279266918322,1289.3887731163402,60,0.017569109282820385,0.014128086549799372,0,10807.38860218735,8192,100000000,8.1920000000000002e-05,8.1920000000000002e-05,60,1289.3887731163402,1349.3888550363401,12156.77745722369,1500,12307.38860218735,DROPPED_CONTACT_NOT_REALIZED,0,0,1,200,150,0,50,50,0,0,0,0.75,1228800,28.444444444444443,1349.3888550363408,1349.3888550363401,1349.3888550363401,12000,60,200,0,0,0,0,0
39,100038,B1,4.6065838085277662,571.82126580250724,83593863.131730586,-126871966.2394412,482.72075248966115,63681265.208027795,-202985158.18944377,-5817228.9159521852,126389460.1907393,-160650433.15352017,-42047300.858644679,-10978463.596552351,-217427608.96387634,19004391.867781647,63980491.924956925,-203938948.63741857,-5844563.019702469,78889640090.298538,0.94462651066691095,1,1,1,0.88205410123716033,200,60,16699.619710279898,41929.515003979905,1,1,1,1,4,68851028014.419556,83887810645.109192,132307966407.56436,79992326806.243423,79738125546.897964,999999999.9999944,78889640090.298538,152738838659.52875,212300293213.8078,80738125546.897964,263.1408942304821,509.46910827060958,708.13973720416209,269.30662290492984,1,2,2,2,0.88205410123716033,0.7780194375092947,0.7780194375092947,0.7780194375092947,60,120,120,120,0.45248633247780173,0.59405212943356045,0.4001729188738401,0.16086939426208743,0.44009735234199432,0.44290784290088947,1,0.45248633247780173,0.4001729188738401,0.16086939426208743,0.44290784290088947,0.3991174253158063,0.31134230924867767,0.12515951563625022,0.34459091080220511,1,1,1,1,0,Direct_Earth_to_Mars,0.88205410123716033,0.88205410123716033,0.7780194375092947,0.7780194375092947,0.7780194375092947,263.1408942304821,60,0.45248633247780173,0.3991174253158063,0,16699.619710279898,8192,100000000,8.1920000000000002e-05,8.1920000000000002e-05,60,263.1408942304821,323.14097615048212,17022.760686430382,1500,18199.619710279898,DELIVERED_MECHANICALLY,1,0,0,200,181,0,19,19,0,0,0,0.90500000000000003,1482752,34.322962962962961,323.14097615048325,323.14097615048212,323.14097615048212,12000,60,200,0,0,0,0,0
39,100038,B2,4.6065838085277662,571.82126580250724,83593863.131730586,-126871966.2394412,482.72075248966115,63681265.208027795,-202985158.18944377,-5817228.9159521852,126389460.1907393,-160650433.15352017,-42047300.858644679,-10978463.596552351,-217427608.96387634,19004391.867781647,63980491.924956925,-203938948.63741857,-5844563.019702469,78889640090.298538,0.94462651066691095,1,1,1,0.88205410123716033,200,60,16699.619710279898,41929.515003979905,1,1,1,1,4,68851028014.419556,83887810645.109192,132307966407.56436,79992326806.243423,79738125546.897964,999999999.9999944,78889640090.298538,152738838659.52875,212300293213.8078,80738125546.897964,263.1408942304821,509.46910827060958,708.13973720416209,269.30662290492984,1,2,2,2,0.88205410123716033,0.7780194375092947,0.7780194375092947,0.7780194375092947,60,120,120,120,0.45248633247780173,0.59405212943356045,0.4001729188738401,0.16086939426208743,0.44009735234199432,0.44290784290088947,1,0.45248633247780173,0.4001729188738401,0.16086939426208743,0.44290784290088947,0.3991174253158063,0.31134230924867767,0.12515951563625022,0.34459091080220511,1,1,1,1,0,Direct_Earth_to_Mars,0.88205410123716033,0.88205410123716033,0.38900971875464735,0.38900971875464735,0.38900971875464735,263.1408942304821,60,0.45248633247780173,0.3991174253158063,0,16699.619710279898,8192,100000000,8.1920000000000002e-05,8.1920000000000002e-05,60,263.1408942304821,323.14097615048212,17022.760686430382,1500,18199.619710279898,DELIVERED_MECHANICALLY,1,0,0,200,181,0,19,19,0,0,0,0.90500000000000003,1482752,34.322962962962961,323.14097615048325,323.14097615048212,323.14097615048212,12000,60,200,0,0,0,0,0
39,100038,B3,4.6065838085277662,571.82126580250724,83593863.131730586,-126871966.2394412,482.72075248966115,63681265.208027795,-202985158.18944377,-5817228.9159521852,126389460.1907393,-160650433.15352017,-42047300.858644679,-10978463.596552351,-217427608.96387634,19004391.867781647,63980491.924956925,-203938948.63741857,-5844563.019702469,78889640090.298538,0.94462651066691095,1,1,1,0.88205410123716033,200,60,16699.619710279898,41929.515003979905,1,1,1,1,4,68851028014.419556,83887810645.109192,132307966407.56436,79992326806.243423,79738125546.897964,999999999.9999944,78889640090.298538,152738838659.52875,212300293213.8078,80738125546.897964,263.1408942304821,509.46910827060958,708.13973720416209,269.30662290492984,1,2,2,2,0.88205410123716033,0.7780194375092947,0.7780194375092947,0.7780194375092947,60,120,120,120,0.45248633247780173,0.59405212943356045,0.4001729188738401,0.16086939426208743,0.44009735234199432,0.44290784290088947,1,0.45248633247780173,0.4001729188738401,0.16086939426208743,0.44290784290088947,0.3991174253158063,0.31134230924867767,0.12515951563625022,0.34459091080220511,1,1,1,1,0,Direct_Earth_to_Mars,0.3991174253158063,0.3991174253158063,0.15567115462433884,0.062579757818125109,0.17229545540110255,263.1408942304821,60,0.45248633247780173,0.3991174253158063,0,16699.619710279898,8192,100000000,8.1920000000000002e-05,8.1920000000000002e-05,60,263.1408942304821,323.14097615048212,17022.760686430382,1500,18199.619710279898,DELIVERED_MECHANICALLY,1,0,0,200,181,0,19,19,0,0,0,0.90500000000000003,1482752,34.322962962962961,323.14097615048325,323.14097615048212,323.14097615048212,12000,60,200,0,0,0,0,0
39,100038,B4,4.6065838085277662,571.82126580250724,83593863.131730586,-126871966.2394412,482.72075248966115,63681265.208027795,-202985158.18944377,-5817228.9159521852,126389460.1907393,-160650433.15352017,-42047300.858644679,-10978463.596552351,-217427608.96387634,19004391.867781647,63980491.924956925,-203938948.63741857,-5844563.019702469,78889640090.298538,0.94462651066691095,1,1,1,0.88205410123716033,200,60,16699.619710279898,41929.515003979905,1,1,1,1,4,68851028014.419556,83887810645.109192,132307966407.56436,79992326806.243423,79738125546.897964,999999999.9999944,78889640090.298538,152738838659.52875,212300293213.8078,80738125546.897964,263.1408942304821,509.46910827060958,708.13973720416209,269.30662290492984,1,2,2,2,0.88205410123716033,0.7780194375092947,0.7780194375092947,0.7780194375092947,60,120,120,120,0.45248633247780173,0.59405212943356045,0.4001729188738401,0.16086939426208743,0.44009735234199432,0.44290784290088947,1,0.45248633247780173,0.4001729188738401,0.16086939426208743,0.44290784290088947,0.3991174253158063,0.31134230924867767,0.12515951563625022,0.34459091080220511,1,1,1,1,0,Direct_Earth_to_Mars,0.3991174253158063,0.3991174253158063,0.080404181860585011,0.023254299353406852,0.16835078067166365,263.1408942304821,60,0.45248633247780173,0.3991174253158063,0,16699.619710279898,8192,100000000,8.1920000000000002e-05,8.1920000000000002e-05,60,263.1408942304821,323.14097615048212,17022.760686430382,1500,18199.619710279898,DELIVERED_MECHANICALLY,1,0,0,200,181,0,19,19,0,0,0,0.90500000000000003,1482752,34.322962962962961,323.14097615048325,323.14097615048212,323.14097615048212,12000,60,200,0,0,0,0,0
40,100039,B1,0.28679878786711899,35.600708187530685,-107179545.39629814,101342209.61082213,-49.399661722475116,197442625.50816733,77201291.656744823,-3235615.9396569417,162293450.77414533,144711111.39535138,-6220908.2152464408,206997302.61728621,1822067.4835697862,22393295.914971698,198373854.02872771,77565407.78632845,-3250876.5645439611,305594371376.58405,0.96637650309741963,1,1,1,0.87308023123298195,200,60,7545.7402300929225,12625.290357146016,1,1,1,1,4,273011458351.98093,76170546903.594284,330322285701.646,80188281029.47226,306494345922.47632,999999999.99999201,305594371376.58405,349182005255.5752,410510566731.11829,307494345922.47632,1019.3274562260975,1164.7164951820387,1369.2814100437568,1025.6649296947176,1,2,2,2,0.87308023123298195,0.76226909016983724,0.76226909016983724,0.76226909016983724,60,120,120,120,0.03084898969393193,0.038651815468946242,0.49654372682206305,0.026403159370413088,0.44803283126415056,0.030668088842255241,1,0.03084898969393193,0.038651815468946242,0.026403159370413088,0.030668088842255241,0.026933643055281967,0.029463084210926093,0.020126312270893999,0.023377336179033641,1,1,1,1,0,Direct_Earth_to_Mars,0.87308023123298195,0.87308023123298195,0.76226909016983724,0.76226909016983724,0.76226909016983724,1019.3274562260975,60,0.03084898969393193,0.026933643055281967,0,7545.7402300929225,8192,100000000,8.1920000000000002e-05,8.1920000000000002e-05,60,1019.3274562260975,1079.3275381460976,8625.0677682390196,1500,9045.7402300929225,DROPPED_CONTACT_NOT_REALIZED,0,0,1,200,167,0,33,33,0,0,0,0.83499999999999996,1368064,31.668148148148148,1079.3275381460949,1079.3275381460976,1079.3275381460976,12000,60,200,0,0,0,0,0
40,100039,B2,0.28679878786711899,35.600708187530685,-107179545.39629814,101342209.61082213,-49.399661722475116,197442625.50816733,77201291.656744823,-3235615.9396569417,162293450.77414533,144711111.39535138,-6220908.2152464408,206997302.61728621,1822067.4835697862,22393295.914971698,198373854.02872771,77565407.78632845,-3250876.5645439611,305594371376.58405,0.96637650309741963,1,1,1,0.87308023123298195,200,60,7545.7402300929225,12625.290357146016,1,1,1,1,4,273011458351.98093,76170546903.594284,330322285701.646,80188281029.47226,306494345922.47632,999999999.99999201,305594371376.58405,349182005255.5752,410510566731.11829,307494345922.47632,1019.3274562260975,1164.7164951820387,1369.2814100437568,1025.6649296947176,1,2,2,2,0.87308023123298195,0.76226909016983724,0.76226909016983724,0.76226909016983724,60,120,120,120,0.03084898969393193,0.038651815468946242,0.49654372682206305,0.026403159370413088,0.44803283126415056,0.030668088842255241,1,0.03084898969393193,0.038651815468946242,0.026403159370413088,0.030668088842255241,0.026933643055281967,0.029463084210926093,0.020126312270893999,0.023377336179033641,1,1,1,1,0,Direct_Earth_to_Mars,0.87308023123298195,0.87308023123298195,0.38113454508491862,0.38113454508491862,0.38113454508491862,1019.3274562260975,60,0.03084898969393193,0.026933643055281967,0,7545.7402300929225,8192,100000000,8.1920000000000002e-05,8.1920000000000002e-05,60,1019.3274562260975,1079.3275381460976,8625.0677682390196,1500,9045.7402300929225,DROPPED_CONTACT_NOT_REALIZED,0,0,1,200,167,0,33,33,0,0,0,0.83499999999999996,1368064,31.668148148148148,1079.3275381460949,1079.3275381460976,1079.3275381460976,12000,60,200,0,0,0,0,0
40,100039,B3,0.28679878786711899,35.600708187530685,-107179545.39629814,101342209.61082213,-49.399661722475116,197442625.50816733,77201291.656744823,-3235615.9396569417,162293450.77414533,144711111.39535138,-6220908.2152464408,206997302.61728621,1822067.4835697862,22393295.914971698,198373854.02872771,77565407.78632845,-3250876.5645439611,305594371376.58405,0.96637650309741963,1,1,1,0.87308023123298195,200,60,7545.7402300929225,12625.290357146016,1,1,1,1,4,273011458351.98093,76170546903.594284,330322285701.646,80188281029.47226,306494345922.47632,999999999.99999201,305594371376.58405,349182005255.5752,410510566731.11829,307494345922.47632,1019.3274562260975,1164.7164951820387,1369.2814100437568,1025.6649296947176,1,2,2,2,0.87308023123298195,0.76226909016983724,0.76226909016983724,0.76226909016983724,60,120,120,120,0.03084898969393193,0.038651815468946242,0.49654372682206305,0.026403159370413088,0.44803283126415056,0.030668088842255241,1,0.03084898969393193,0.038651815468946242,0.026403159370413088,0.030668088842255241,0.026933643055281967,0.029463084210926093,0.020126312270893999,0.023377336179033641,1,1,1,1,0,Direct_Earth_to_Mars,0.026933643055281967,0.026933643055281967,0.014731542105463047,0.010063156135446999,0.01168866808951682,1019.3274562260975,60,0.03084898969393193,0.026933643055281967,0,7545.7402300929225,8192,100000000,8.1920000000000002e-05,8.1920000000000002e-05,60,1019.3274562260975,1079.3275381460976,8625.0677682390196,1500,9045.7402300929225,DROPPED_CONTACT_NOT_REALIZED,0,0,1,200,167,0,33,33,0,0,0,0.83499999999999996,1368064,31.668148148148148,1079.3275381460949,1079.3275381460976,1079.3275381460976,12000,60,200,0,0,0,0,0
40,100039,B4,0.28679878786711899,35.600708187530685,-107179545.39629814,101342209.61082213,-49.399661722475116,197442625.50816733,77201291.656744823,-3235615.9396569417,162293450.77414533,144711111.39535138,-6220908.2152464408,206997302.61728621,1822067.4835697862,22393295.914971698,198373854.02872771,77565407.78632845,-3250876.5645439611,305594371376.58405,0.96637650309741963,1,1,1,0.87308023123298195,200,60,7545.7402300929225,12625.290357146016,1,1,1,1,4,273011458351.98093,76170546903.594284,330322285701.646,80188281029.47226,306494345922.47632,999999999.99999201,305594371376.58405,349182005255.5752,410510566731.11829,307494345922.47632,1019.3274562260975,1164.7164951820387,1369.2814100437568,1025.6649296947176,1,2,2,2,0.87308023123298195,0.76226909016983724,0.76226909016983724,0.76226909016983724,60,120,120,120,0.03084898969393193,0.038651815468946242,0.49654372682206305,0.026403159370413088,0.44803283126415056,0.030668088842255241,1,0.03084898969393193,0.038651815468946242,0.026403159370413088,0.030668088842255241,0.026933643055281967,0.029463084210926093,0.020126312270893999,0.023377336179033641,1,1,1,1,0,Direct_Earth_to_Mars,0.026933643055281967,0.026933643055281967,0.012892635592236837,0.0074912660537934574,0.011616445064476014,1019.3274562260975,60,0.03084898969393193,0.026933643055281967,0,7545.7402300929225,8192,100000000,8.1920000000000002e-05,8.1920000000000002e-05,60,1019.3274562260975,1079.3275381460976,8625.0677682390196,1500,9045.7402300929225,DROPPED_CONTACT_NOT_REALIZED,0,0,1,200,167,0,33,33,0,0,0,0.83499999999999996,1368064,31.668148148148148,1079.3275381460949,1079.3275381460976,1079.3275381460976,12000,60,200,0,0,0,0,0
41,100040,B1,1.8741253149355594,232.63762354113581,128862044.11535299,-79345015.007329255,135.39626600770617,-135188072.36229533,204491841.6846658,7606298.8180114552,-182531470.06417763,160093725.15381932,50936265.623177752,-71801018.982066751,228128699.43166405,-29019948.640721582,-135739284.09281966,205325630.49431044,7637312.5092424769,387741768385.41663,0.8675878381910811,1,1,1,0.85670695008473374,200,60,12149.862774971642,11787.725041628744,1,1,1,1,4,396095090004.31763,78038939516.000793,368304107009.49902,76929198509.331467,388728138644.61151,1000000000.000013,387741768385.41663,474134029520.31842,445233305518.83051,389728138644.61151,1293.3347844743716,1581.5010991338172,1485.1010857866261,1299.9604357725534,1,2,2,2,0.85670695008473374,0.73394679832348653,0.73394679832348653,0.73394679832348653,60,120,120,120,0.017203371486942981,0.016485412668688439,0.42469389961538873,0.019067142721098065,0.43703510717108984,0.017116177565940426,1,0.017203371486942981,0.016485412668688439,0.019067142721098065,0.017116177565940426,0.014738247917753591,0.012099415847225323,0.013994268353326896,0.012562363724058263,1,1,1,1,0,Direct_Earth_to_Mars,0.85670695008473374,0.85670695008473374,0.73394679832348653,0.73394679832348653,0.73394679832348653,1293.3347844743716,60,0.017203371486942981,0.014738247917753591,0,12149.862774971642,8192,100000000,8.1920000000000002e-05,8.1920000000000002e-05,60,1293.3347844743716,1353.3348663943716,13503.197641366012,1500,13649.862774971642,DELIVERED_MECHANICALLY,1,0,0,200,174,0,26,26,0,0,0,0.87,1425408,32.995555555555555,1353.3348663943746,1353.3348663943716,1353.3348663943716,12000,60,200,0,0,0,0,0
41,100040,B2,1.8741253149355594,232.63762354113581,128862044.11535299,-79345015.007329255,135.39626600770617,-135188072.36229533,204491841.6846658,7606298.8180114552,-182531470.06417763,160093725.15381932,50936265.623177752,-71801018.982066751,228128699.43166405,-29019948.640721582,-135739284.09281966,205325630.49431044,7637312.5092424769,387741768385.41663,0.8675878381910811,1,1,1,0.85670695008473374,200,60,12149.862774971642,11787.725041628744,1,1,1,1,4,396095090004.31763,78038939516.000793,368304107009.49902,76929198509.331467,388728138644.61151,1000000000.000013,387741768385.41663,474134029520.31842,445233305518.83051,389728138644.61151,1293.3347844743716,1581.5010991338172,1485.1010857866261,1299.9604357725534,1,2,2,2,0.85670695008473374,0.73394679832348653,0.73394679832348653,0.73394679832348653,60,120,120,120,0.017203371486942981,0.016485412668688439,0.42469389961538873,0.019067142721098065,0.43703510717108984,0.017116177565940426,1,0.017203371486942981,0.016485412668688439,0.019067142721098065,0.017116177565940426,0.014738247917753591,0.012099415847225323,0.013994268353326896,0.012562363724058263,1,1,1,1,0,Direct_Earth_to_Mars,0.85670695008473374,0.85670695008473374,0.36697339916174326,0.36697339916174326,0.36697339916174326,1293.3347844743716,60,0.017203371486942981,0.014738247917753591,0,12149.862774971642,8192,100000000,8.1920000000000002e-05,8.1920000000000002e-05,60,1293.3347844743716,1353.3348663943716,13503.197641366012,1500,13649.862774971642,DELIVERED_MECHANICALLY,1,0,0,200,174,0,26,26,0,0,0,0.87,1425408,32.995555555555555,1353.3348663943746,1353.3348663943716,1353.3348663943716,12000,60,200,0,0,0,0,0
41,100040,B3,1.8741253149355594,232.63762354113581,128862044.11535299,-79345015.007329255,135.39626600770617,-135188072.36229533,204491841.6846658,7606298.8180114552,-182531470.06417763,160093725.15381932,50936265.623177752,-71801018.982066751,228128699.43166405,-29019948.640721582,-135739284.09281966,205325630.49431044,7637312.5092424769,387741768385.41663,0.8675878381910811,1,1,1,0.85670695008473374,200,60,12149.862774971642,11787.725041628744,1,1,1,1,4,396095090004.31763,78038939516.000793,368304107009.49902,76929198509.331467,388728138644.61151,1000000000.000013,387741768385.41663,474134029520.31842,445233305518.83051,389728138644.61151,1293.3347844743716,1581.5010991338172,1485.1010857866261,1299.9604357725534,1,2,2,2,0.85670695008473374,0.73394679832348653,0.73394679832348653,0.73394679832348653,60,120,120,120,0.017203371486942981,0.016485412668688439,0.42469389961538873,0.019067142721098065,0.43703510717108984,0.017116177565940426,1,0.017203371486942981,0.016485412668688439,0.019067142721098065,0.017116177565940426,0.014738247917753591,0.012099415847225323,0.013994268353326896,0.012562363724058263,1,1,1,1,0,Direct_Earth_to_Mars,0.014738247917753591,0.014738247917753591,0.0060497079236126617,0.0069971341766634481,0.0062811818620291315,1293.3347844743716,60,0.017203371486942981,0.014738247917753591,0,12149.862774971642,8192,100000000,8.1920000000000002e-05,8.1920000000000002e-05,60,1293.3347844743716,1353.3348663943716,13503.197641366012,1500,13649.862774971642,DELIVERED_MECHANICALLY,1,0,0,200,174,0,26,26,0,0,0,0.87,1425408,32.995555555555555,1353.3348663943746,1353.3348663943716,1353.3348663943716,12000,60,200,0,0,0,0,0
41,100040,B4,1.8741253149355594,232.63762354113581,128862044.11535299,-79345015.007329255,135.39626600770617,-135188072.36229533,204491841.6846658,7606298.8180114552,-182531470.06417763,160093725.15381932,50936265.623177752,-71801018.982066751,228128699.43166405,-29019948.640721582,-135739284.09281966,205325630.49431044,7637312.5092424769,387741768385.41663,0.8675878381910811,1,1,1,0.85670695008473374,200,60,12149.862774971642,11787.725041628744,1,1,1,1,4,396095090004.31763,78038939516.000793,368304107009.49902,76929198509.331467,388728138644.61151,1000000000.000013,387741768385.41663,474134029520.31842,445233305518.83051,389728138644.61151,1293.3347844743716,1581.5010991338172,1485.1010857866261,1299.9604357725534,1,2,2,2,0.85670695008473374,0.73394679832348653,0.73394679832348653,0.73394679832348653,60,120,120,120,0.017203371486942981,0.016485412668688439,0.42469389961538873,0.019067142721098065,0.43703510717108984,0.017116177565940426,1,0.017203371486942981,0.016485412668688439,0.019067142721098065,0.017116177565940426,0.014738247917753591,0.012099415847225323,0.013994268353326896,0.012562363724058263,1,1,1,1,0,Direct_Earth_to_Mars,0.014738247917753591,0.014738247917753591,0.0049473868199040906,0.0060936168648209445,0.0062491678717467762,1293.3347844743716,60,0.017203371486942981,0.014738247917753591,0,12149.862774971642,8192,100000000,8.1920000000000002e-05,8.1920000000000002e-05,60,1293.3347844743716,1353.3348663943716,13503.197641366012,1500,13649.862774971642,DELIVERED_MECHANICALLY,1,0,0,200,174,0,26,26,0,0,0,0.87,1425408,32.995555555555555,1353.3348663943746,1353.3348663943716,1353.3348663943716,12000,60,200,0,0,0,0,0
42,100041,B1,1.033611514002112,128.30354745540308,-100089107.81924237,-113094631.34528942,119.9889695132814,65455012.59218093,219088172.21879724,2980742.7787340037,-321517.4550969869,232952389.19107482,31756480.402413134,127386606.68508849,181778811.75852463,-3002513.1867481698,65741246.888198175,220046243.20919597,2993777.5453178138,371159204248.93585,0.95155891207286813,1,1,1,0.85746479771118467,200,60,16702.79222326005,34491.512920658701,1,1,1,1,4,361539180360.67865,73121894758.695007,372430616280.59259,72548673845.851196,372144475744.14917,999999999.99999726,371159204248.93585,434661075119.37366,444979290126.44379,373144475744.14917,1238.0226959604265,1449.8368082700922,1484.2538029567838,1244.6446822686764,1,2,2,2,0.85746479771118467,0.73524587931388286,0.73524587931388286,0.73524587931388286,60,120,120,120,0.020592093268872496,0.021702523157723187,0.53054972481731588,0.020451737748716017,0.53896679559573324,0.020483200373639123,1,0.020592093268872496,0.021702523157723187,0.020451737748716017,0.020483200373639123,0.017656995089243604,0.015956690722430091,0.015037055904551639,0.01506018866987875,1,1,1,1,0,Direct_Earth_to_Mars,0.85746479771118467,0.85746479771118467,0.73524587931388286,0.73524587931388286,0.73524587931388286,1238.0226959604265,60,0.020592093268872496,0.017656995089243604,0,16702.79222326005,8192,100000000,8.1920000000000002e-05,8.1920000000000002e-05,60,1238.0226959604265,1298.0227778804265,18000.815001140476,1500,18202.79222326005,DELIVERED_MECHANICALLY,1,0,0,200,181,0,19,19,0,0,0,0.90500000000000003,1482752,34.322962962962961,1298.0227778804258,1298.0227778804265,1298.0227778804265,12000,60,200,0,0,0,0,0
42,100041,B2,1.033611514002112,128.30354745540308,-100089107.81924237,-113094631.34528942,119.9889695132814,65455012.59218093,219088172.21879724,2980742.7787340037,-321517.4550969869,232952389.19107482,31756480.402413134,127386606.68508849,181778811.75852463,-3002513.1867481698,65741246.888198175,220046243.20919597,2993777.5453178138,371159204248.93585,0.95155891207286813,1,1,1,0.85746479771118467,200,60,16702.79222326005,34491.512920658701,1,1,1,1,4,361539180360.67865,73121894758.695007,372430616280.59259,72548673845.851196,372144475744.14917,999999999.99999726,371159204248.93585,434661075119.37366,444979290126.44379,373144475744.14917,1238.0226959604265,1449.8368082700922,1484.2538029567838,1244.6446822686764,1,2,2,2,0.85746479771118467,0.73524587931388286,0.73524587931388286,0.73524587931388286,60,120,120,120,0.020592093268872496,0.021702523157723187,0.53054972481731588,0.020451737748716017,0.53896679559573324,0.020483200373639123,1,0.020592093268872496,0.021702523157723187,0.020451737748716017,0.020483200373639123,0.017656995089243604,0.015956690722430091,0.015037055904551639,0.01506018866987875,1,1,1,1,0,Direct_Earth_to_Mars,0.85746479771118467,0.85746479771118467,0.36762293965694143,0.36762293965694143,0.36762293965694143,1238.0226959604265,60,0.020592093268872496,0.017656995089243604,0,16702.79222326005,8192,100000000,8.1920000000000002e-05,8.1920000000000002e-05,60,1238.0226959604265,1298.0227778804265,18000.815001140476,1500,18202.79222326005,DELIVERED_MECHANICALLY,1,0,0,200,181,0,19,19,0,0,0,0.90500000000000003,1482752,34.322962962962961,1298.0227778804258,1298.0227778804265,1298.0227778804265,12000,60,200,0,0,0,0,0
42,100041,B3,1.033611514002112,128.30354745540308,-100089107.81924237,-113094631.34528942,119.9889695132814,65455012.59218093,219088172.21879724,2980742.7787340037,-321517.4550969869,232952389.19107482,31756480.402413134,127386606.68508849,181778811.75852463,-3002513.1867481698,65741246.888198175,220046243.20919597,2993777.5453178138,371159204248.93585,0.95155891207286813,1,1,1,0.85746479771118467,200,60,16702.79222326005,34491.512920658701,1,1,1,1,4,361539180360.67865,73121894758.695007,372430616280.59259,72548673845.851196,372144475744.14917,999999999.99999726,371159204248.93585,434661075119.37366,444979290126.44379,373144475744.14917,1238.0226959604265,1449.8368082700922,1484.2538029567838,1244.6446822686764,1,2,2,2,0.85746479771118467,0.73524587931388286,0.73524587931388286,0.73524587931388286,60,120,120,120,0.020592093268872496,0.021702523157723187,0.53054972481731588,0.020451737748716017,0.53896679559573324,0.020483200373639123,1,0.020592093268872496,0.021702523157723187,0.020451737748716017,0.020483200373639123,0.017656995089243604,0.015956690722430091,0.015037055904551639,0.01506018866987875,1,1,1,1,0,Direct_Earth_to_Mars,0.017656995089243604,0.017656995089243604,0.0079783453612150453,0.0075185279522758195,0.007530094334939375,1238.0226959604265,60,0.020592093268872496,0.017656995089243604,0,16702.79222326005,8192,100000000,8.1920000000000002e-05,8.1920000000000002e-05,60,1238.0226959604265,1298.0227778804265,18000.815001140476,1500,18202.79222326005,DELIVERED_MECHANICALLY,1,0,0,200,181,0,19,19,0,0,0,0.90500000000000003,1482752,34.322962962962961,1298.0227778804258,1298.0227778804265,1298.0227778804265,12000,60,200,0,0,0,0,0
42,100041,B4,1.033611514002112,128.30354745540308,-100089107.81924237,-113094631.34528942,119.9889695132814,65455012.59218093,219088172.21879724,2980742.7787340037,-321517.4550969869,232952389.19107482,31756480.402413134,127386606.68508849,181778811.75852463,-3002513.1867481698,65741246.888198175,220046243.20919597,2993777.5453178138,371159204248.93585,0.95155891207286813,1,1,1,0.85746479771118467,200,60,16702.79222326005,34491.512920658701,1,1,1,1,4,361539180360.67865,73121894758.695007,372430616280.59259,72548673845.851196,372144475744.14917,999999999.99999726,371159204248.93585,434661075119.37366,444979290126.44379,373144475744.14917,1238.0226959604265,1449.8368082700922,1484.2538029567838,1244.6446822686764,1,2,2,2,0.85746479771118467,0.73524587931388286,0.73524587931388286,0.73524587931388286,60,120,120,120,0.020592093268872496,0.021702523157723187,0.53054972481731588,0.020451737748716017,0.53896679559573324,0.020483200373639123,1,0.020592093268872496,0.021702523157723187,0.020451737748716017,0.020483200373639123,0.017656995089243604,0.015956690722430091,0.015037055904551639,0.01506018866987875,1,1,1,1,0,Direct_Earth_to_Mars,0.017656995089243604,0.017656995089243604,0.0068127478741419447,0.0062712375919722367,0.0074900313496583798,1238.0226959604265,60,0.020592093268872496,0.017656995089243604,0,16702.79222326005,8192,100000000,8.1920000000000002e-05,8.1920000000000002e-05,60,1238.0226959604265,1298.0227778804265,18000.815001140476,1500,18202.79222326005,DELIVERED_MECHANICALLY,1,0,0,200,181,0,19,19,0,0,0,0.90500000000000003,1482752,34.322962962962961,1298.0227778804258,1298.0227778804265,1298.0227778804265,12000,60,200,0,0,0,0,0
43,100042,B1,1.5062268979813953,186.96991245336071,38556674.197311282,-147128791.7374962,209.49679083638455,-51320122.834161319,233545044.19173005,6153669.6688158391,-112164096.25711082,211577812.4345299,46706957.277765393,18421395.382486738,231741403.07632464,-19521378.110633943,-51534675.08567778,234521417.83026883,6179396.1014434351,391188283410.6828,0.86188640640148229,1,0,1,0.93529137651131,200,60,1239.8668359734306,38978.162856182149,1,1,0,1,3,391878423508.20593,76348657544.591522,379906760079.26953,74339360791.664474,392188113060.3573,999999999.99998844,391188283410.6828,468227081052.79749,454246120870.93402,393188113060.3573,1304.8308319235584,1561.7981355997247,1515.1638454667579,1311.5013777863819,1,2,2,2,0.93529137651131,0.87476995897642107,0.87476995897642107,0.87476995897642107,60,120,120,120,0.016790500393359317,0.01673141271103331,0.44079078443724251,0.017802511441500815,0.46494081391779968,0.016704999376484436,1,0.016790500393359317,0.01673141271103331,0.017802511441500815,0.016704999376484436,0.015704010225218726,0.014636137210848178,0,0.014613031619268428,1,1,0,1,0,Direct_Earth_to_Mars,0.93529137651131,0.93529137651131,0.87476995897642107,-1,0.87476995897642107,1304.8308319235584,60,0.016790500393359317,0.015704010225218726,0,1239.8668359734306,8192,100000000,8.1920000000000002e-05,8.1920000000000002e-05,60,1304.8308319235584,1364.8309138435584,2604.697749816989,1500,2739.8668359734306,DELIVERED_MECHANICALLY,1,0,0,200,183,0,17,17,0,0,0,0.91500000000000004,1499136,34.702222222222225,1364.8309138435582,1364.8309138435584,1364.8309138435584,12000,60,200,0,0,0,0,0
43,100042,B2,1.5062268979813953,186.96991245336071,38556674.197311282,-147128791.7374962,209.49679083638455,-51320122.834161319,233545044.19173005,6153669.6688158391,-112164096.25711082,211577812.4345299,46706957.277765393,18421395.382486738,231741403.07632464,-19521378.110633943,-51534675.08567778,234521417.83026883,6179396.1014434351,391188283410.6828,0.86188640640148229,1,0,1,0.93529137651131,200,60,1239.8668359734306,38978.162856182149,1,1,0,1,3,391878423508.20593,76348657544.591522,379906760079.26953,74339360791.664474,392188113060.3573,999999999.99998844,391188283410.6828,468227081052.79749,454246120870.93402,393188113060.3573,1304.8308319235584,1561.7981355997247,1515.1638454667579,1311.5013777863819,1,2,2,2,0.93529137651131,0.87476995897642107,0.87476995897642107,0.87476995897642107,60,120,120,120,0.016790500393359317,0.01673141271103331,0.44079078443724251,0.017802511441500815,0.46494081391779968,0.016704999376484436,1,0.016790500393359317,0.01673141271103331,0.017802511441500815,0.016704999376484436,0.015704010225218726,0.014636137210848178,0,0.014613031619268428,1,1,0,1,0,Direct_Earth_to_Mars,0.93529137651131,0.93529137651131,0.43738497948821053,-1,0.43738497948821053,1304.8308319235584,60,0.016790500393359317,0.015704010225218726,0,1239.8668359734306,8192,100000000,8.1920000000000002e-05,8.1920000000000002e-05,60,1304.8308319235584,1364.8309138435584,2604.697749816989,1500,2739.8668359734306,DELIVERED_MECHANICALLY,1,0,0,200,183,0,17,17,0,0,0,0.91500000000000004,1499136,34.702222222222225,1364.8309138435582,1364.8309138435584,1364.8309138435584,12000,60,200,0,0,0,0,0
43,100042,B3,1.5062268979813953,186.96991245336071,38556674.197311282,-147128791.7374962,209.49679083638455,-51320122.834161319,233545044.19173005,6153669.6688158391,-112164096.25711082,211577812.4345299,46706957.277765393,18421395.382486738,231741403.07632464,-19521378.110633943,-51534675.08567778,234521417.83026883,6179396.1014434351,391188283410.6828,0.86188640640148229,1,0,1,0.93529137651131,200,60,1239.8668359734306,38978.162856182149,1,1,0,1,3,391878423508.20593,76348657544.591522,379906760079.26953,74339360791.664474,392188113060.3573,999999999.99998844,391188283410.6828,468227081052.79749,454246120870.93402,393188113060.3573,1304.8308319235584,1561.7981355997247,1515.1638454667579,1311.5013777863819,1,2,2,2,0.93529137651131,0.87476995897642107,0.87476995897642107,0.87476995897642107,60,120,120,120,0.016790500393359317,0.01673141271103331,0.44079078443724251,0.017802511441500815,0.46494081391779968,0.016704999376484436,1,0.016790500393359317,0.01673141271103331,0.017802511441500815,0.016704999376484436,0.015704010225218726,0.014636137210848178,0,0.014613031619268428,1,1,0,1,0,Direct_Earth_to_Mars,0.015704010225218726,0.015704010225218726,0.007318068605424089,-1,0.0073065158096342142,1304.8308319235584,60,0.016790500393359317,0.015704010225218726,0,1239.8668359734306,8192,100000000,8.1920000000000002e-05,8.1920000000000002e-05,60,1304.8308319235584,1364.8309138435584,2604.697749816989,1500,2739.8668359734306,DELIVERED_MECHANICALLY,1,0,0,200,183,0,17,17,0,0,0,0.91500000000000004,1499136,34.702222222222225,1364.8309138435582,1364.8309138435584,1364.8309138435584,12000,60,200,0,0,0,0,0
43,100042,B4,1.5062268979813953,186.96991245336071,38556674.197311282,-147128791.7374962,209.49679083638455,-51320122.834161319,233545044.19173005,6153669.6688158391,-112164096.25711082,211577812.4345299,46706957.277765393,18421395.382486738,231741403.07632464,-19521378.110633943,-51534675.08567778,234521417.83026883,6179396.1014434351,391188283410.6828,0.86188640640148229,1,0,1,0.93529137651131,200,60,1239.8668359734306,38978.162856182149,1,1,0,1,3,391878423508.20593,76348657544.591522,379906760079.26953,74339360791.664474,392188113060.3573,999999999.99998844,391188283410.6828,468227081052.79749,454246120870.93402,393188113060.3573,1304.8308319235584,1561.7981355997247,1515.1638454667579,1311.5013777863819,1,2,2,2,0.93529137651131,0.87476995897642107,0.87476995897642107,0.87476995897642107,60,120,120,120,0.016790500393359317,0.01673141271103331,0.44079078443724251,0.017802511441500815,0.46494081391779968,0.016704999376484436,1,0.016790500393359317,0.01673141271103331,0.017802511441500815,0.016704999376484436,0.015704010225218726,0.014636137210848178,0,0.014613031619268428,1,1,0,1,0,Direct_Earth_to_Mars,0.015704010225218726,0.015704010225218726,0.0061140049593044685,-1,0.0072693534782549878,1304.8308319235584,60,0.016790500393359317,0.015704010225218726,0,1239.8668359734306,8192,100000000,8.1920000000000002e-05,8.1920000000000002e-05,60,1304.8308319235584,1364.8309138435584,2604.697749816989,1500,2739.8668359734306,DELIVERED_MECHANICALLY,1,0,0,200,183,0,17,17,0,0,0,0.91500000000000004,1499136,34.702222222222225,1364.8309138435582,1364.8309138435584,1364.8309138435584,12000,60,200,0,0,0,0,0
44,100043,B1,1.9493831205790464,241.97947326606919,139418871.87074575,-58056428.161811829,102.42418277759242,-150351263.4094696,194781840.41927433,7775554.8957431102,-194144473.49799222,146602401.15639731,50954422.879488103,-89369618.438666582,223073102.42421368,-30465228.449021053,-150961993.80160943,195573048.86730048,7807139.383847137,384648383618.77106,0.97089268348165925,1,1,1,0.95125378169318053,200,60,2430.9425746434649,36845.835936335614,1,1,1,1,4,394646784561.26532,78125016850.560822,363739085954.19446,77340248512.64949,385629237212.0882,1000000000.0000021,384648383618.77106,472771801411.82617,441079334466.84393,386629237212.0882,1283.0166231446667,1576.95730957914,1471.2452784084187,1289.6238732891534,1,2,2,2,0.95125378169318053,0.90488375718557712,0.90488375718557712,0.90488375718557712,60,120,120,120,0.019562695281134579,0.018584007683921346,0.47421606850142228,0.02187643605827367,0.48388859625396213,0.019463305839384847,1,0.019562695281134579,0.018584007683921346,0.02187643605827367,0.019463305839384847,0.018609087866290605,0.016816366696592384,0.019795631654240715,0.017612029315194542,1,1,1,1,0,Direct_Earth_to_Mars,0.95125378169318053,0.95125378169318053,0.90488375718557712,0.90488375718557712,0.90488375718557712,1283.0166231446667,60,0.019562695281134579,0.018609087866290605,0,2430.9425746434649,8192,100000000,8.1920000000000002e-05,8.1920000000000002e-05,60,1283.0166231446667,1343.0167050646667,3773.9592797081314,1500,3930.9425746434649,DELIVERED_MECHANICALLY,1,0,0,200,193,0,7,7,0,0,0,0.96499999999999997,1581056,36.598518518518517,1343.0167050646621,1343.0167050646667,1343.0167050646667,12000,60,200,0,0,0,0,0
44,100043,B2,1.9493831205790464,241.97947326606919,139418871.87074575,-58056428.161811829,102.42418277759242,-150351263.4094696,194781840.41927433,7775554.8957431102,-194144473.49799222,146602401.15639731,50954422.879488103,-89369618.438666582,223073102.42421368,-30465228.449021053,-150961993.80160943,195573048.86730048,7807139.383847137,384648383618.77106,0.97089268348165925,1,1,1,0.95125378169318053,200,60,2430.9425746434649,36845.835936335614,1,1,1,1,4,394646784561.26532,78125016850.560822,363739085954.19446,77340248512.64949,385629237212.0882,1000000000.0000021,384648383618.77106,472771801411.82617,441079334466.84393,386629237212.0882,1283.0166231446667,1576.95730957914,1471.2452784084187,1289.6238732891534,1,2,2,2,0.95125378169318053,0.90488375718557712,0.90488375718557712,0.90488375718557712,60,120,120,120,0.019562695281134579,0.018584007683921346,0.47421606850142228,0.02187643605827367,0.48388859625396213,0.019463305839384847,1,0.019562695281134579,0.018584007683921346,0.02187643605827367,0.019463305839384847,0.018609087866290605,0.016816366696592384,0.019795631654240715,0.017612029315194542,1,1,1,1,0,Direct_Earth_to_Mars,0.95125378169318053,0.95125378169318053,0.45244187859278856,0.45244187859278856,0.45244187859278856,1283.0166231446667,60,0.019562695281134579,0.018609087866290605,0,2430.9425746434649,8192,100000000,8.1920000000000002e-05,8.1920000000000002e-05,60,1283.0166231446667,1343.0167050646667,3773.9592797081314,1500,3930.9425746434649,DELIVERED_MECHANICALLY,1,0,0,200,193,0,7,7,0,0,0,0.96499999999999997,1581056,36.598518518518517,1343.0167050646621,1343.0167050646667,1343.0167050646667,12000,60,200,0,0,0,0,0
44,100043,B3,1.9493831205790464,241.97947326606919,139418871.87074575,-58056428.161811829,102.42418277759242,-150351263.4094696,194781840.41927433,7775554.8957431102,-194144473.49799222,146602401.15639731,50954422.879488103,-89369618.438666582,223073102.42421368,-30465228.449021053,-150961993.80160943,195573048.86730048,7807139.383847137,384648383618.77106,0.97089268348165925,1,1,1,0.95125378169318053,200,60,2430.9425746434649,36845.835936335614,1,1,1,1,4,394646784561.26532,78125016850.560822,363739085954.19446,77340248512.64949,385629237212.0882,1000000000.0000021,384648383618.77106,472771801411.82617,441079334466.84393,386629237212.0882,1283.0166231446667,1576.95730957914,1471.2452784084187,1289.6238732891534,1,2,2,2,0.95125378169318053,0.90488375718557712,0.90488375718557712,0.90488375718557712,60,120,120,120,0.019562695281134579,0.018584007683921346,0.47421606850142228,0.02187643605827367,0.48388859625396213,0.019463305839384847,1,0.019562695281134579,0.018584007683921346,0.02187643605827367,0.019463305839384847,0.018609087866290605,0.016816366696592384,0.019795631654240715,0.017612029315194542,1,1,1,1,0,Direct_Earth_to_Mars,0.018609087866290605,0.018609087866290605,0.0084081833482961919,0.0098978158271203574,0.0088060146575972709,1283.0166231446667,60,0.019562695281134579,0.018609087866290605,0,2430.9425746434649,8192,100000000,8.1920000000000002e-05,8.1920000000000002e-05,60,1283.0166231446667,1343.0167050646667,3773.9592797081314,1500,3930.9425746434649,DELIVERED_MECHANICALLY,1,0,0,200,193,0,7,7,0,0,0,0.96499999999999997,1581056,36.598518518518517,1343.0167050646621,1343.0167050646667,1343.0167050646667,12000,60,200,0,0,0,0,0
44,100043,B4,1.9493831205790464,241.97947326606919,139418871.87074575,-58056428.161811829,102.42418277759242,-150351263.4094696,194781840.41927433,7775554.8957431102,-194144473.49799222,146602401.15639731,50954422.879488103,-89369618.438666582,223073102.42421368,-30465228.449021053,-150961993.80160943,195573048.86730048,7807139.383847137,384648383618.77106,0.97089268348165925,1,1,1,0.95125378169318053,200,60,2430.9425746434649,36845.835936335614,1,1,1,1,4,394646784561.26532,78125016850.560822,363739085954.19446,77340248512.64949,385629237212.0882,1000000000.0000021,384648383618.77106,472771801411.82617,441079334466.84393,386629237212.0882,1283.0166231446667,1576.95730957914,1471.2452784084187,1289.6238732891534,1,2,2,2,0.95125378169318053,0.90488375718557712,0.90488375718557712,0.90488375718557712,60,120,120,120,0.019562695281134579,0.018584007683921346,0.47421606850142228,0.02187643605827367,0.48388859625396213,0.019463305839384847,1,0.019562695281134579,0.018584007683921346,0.02187643605827367,0.019463305839384847,0.018609087866290605,0.016816366696592384,0.019795631654240715,0.017612029315194542,1,1,1,1,0,Direct_Earth_to_Mars,0.018609087866290605,0.018609087866290605,0.0068409201319414702,0.0086315058579202655,0.0087608979822441976,1283.0166231446667,60,0.019562695281134579,0.018609087866290605,0,2430.9425746434649,8192,100000000,8.1920000000000002e-05,8.1920000000000002e-05,60,1283.0166231446667,1343.0167050646667,3773.9592797081314,1500,3930.9425746434649,DELIVERED_MECHANICALLY,1,0,0,200,193,0,7,7,0,0,0,0.96499999999999997,1581056,36.598518518518517,1343.0167050646621,1343.0167050646667,1343.0167050646667,12000,60,200,0,0,0,0,0
45,100044,B1,3.0234822103944032,375.30879639670172,-51823635.916905835,137690336.83824533,-356.48863460676915,-244184162.8264156,-27348084.42018421,5428280.9930264084,-222170506.77223381,-92216824.434550628,22924610.245071337,-243760176.34479776,36878605.438757576,-29995092.201861702,-245177707.04062316,-27459359.167615924,5450367.7537372094,253514739037.56833,0.93264203552072855,1,1,1,0.87713571556599201,200,60,24825.809215739602,33783.861904151119,1,1,1,1,4,287055592724.57782,70701315555.081711,218865997609.71689,73348911534.375244,254342150076.84097,1000000000.0000027,253514739037.56833,357756908279.65955,292214909144.09216,255342150076.84097,845.61287203992106,1193.318573314408,974.6994968115149,851.7083057933321,1,2,2,2,0.87713571556599201,0.76936706352146489,0.76936706352146489,0.76936706352146489,60,120,120,120,0.043260730010261796,0.033741799924019933,0.55621831037067537,0.05804217511058974,0.51678859930470955,0.042979721271198673,1,0.043260730010261796,0.033741799924019933,0.05804217511058974,0.042979721271198673,0.037945531373458165,0.025959829525472003,0.044655737825233084,0.033067181945393168,1,1,1,1,0,Direct_Earth_to_Mars,0.87713571556599201,0.87713571556599201,0.76936706352146489,0.76936706352146489,0.76936706352146489,845.61287203992106,60,0.043260730010261796,0.037945531373458165,0,24825.809215739602,8192,100000000,8.1920000000000002e-05,8.1920000000000002e-05,60,845.61287203992106,905.61295395992101,25731.422169699523,1500,26325.809215739602,DELIVERED_MECHANICALLY,1,0,0,200,175,0,25,25,0,0,0,0.875,1433600,33.185185185185183,905.61295395992317,905.61295395992101,905.61295395992101,12000,60,200,0,0,0,0,0
45,100044,B2,3.0234822103944032,375.30879639670172,-51823635.916905835,137690336.83824533,-356.48863460676915,-244184162.8264156,-27348084.42018421,5428280.9930264084,-222170506.77223381,-92216824.434550628,22924610.245071337,-243760176.34479776,36878605.438757576,-29995092.201861702,-245177707.04062316,-27459359.167615924,5450367.7537372094,253514739037.56833,0.93264203552072855,1,1,1,0.87713571556599201,200,60,24825.809215739602,33783.861904151119,1,1,1,1,4,287055592724.57782,70701315555.081711,218865997609.71689,73348911534.375244,254342150076.84097,1000000000.0000027,253514739037.56833,357756908279.65955,292214909144.09216,255342150076.84097,845.61287203992106,1193.318573314408,974.6994968115149,851.7083057933321,1,2,2,2,0.87713571556599201,0.76936706352146489,0.76936706352146489,0.76936706352146489,60,120,120,120,0.043260730010261796,0.033741799924019933,0.55621831037067537,0.05804217511058974,0.51678859930470955,0.042979721271198673,1,0.043260730010261796,0.033741799924019933,0.05804217511058974,0.042979721271198673,0.037945531373458165,0.025959829525472003,0.044655737825233084,0.033067181945393168,1,1,1,1,0,Direct_Earth_to_Mars,0.87713571556599201,0.87713571556599201,0.38468353176073244,0.38468353176073244,0.38468353176073244,845.61287203992106,60,0.043260730010261796,0.037945531373458165,0,24825.809215739602,8192,100000000,8.1920000000000002e-05,8.1920000000000002e-05,60,845.61287203992106,905.61295395992101,25731.422169699523,1500,26325.809215739602,DELIVERED_MECHANICALLY,1,0,0,200,175,0,25,25,0,0,0,0.875,1433600,33.185185185185183,905.61295395992317,905.61295395992101,905.61295395992101,12000,60,200,0,0,0,0,0
45,100044,B3,3.0234822103944032,375.30879639670172,-51823635.916905835,137690336.83824533,-356.48863460676915,-244184162.8264156,-27348084.42018421,5428280.9930264084,-222170506.77223381,-92216824.434550628,22924610.245071337,-243760176.34479776,36878605.438757576,-29995092.201861702,-245177707.04062316,-27459359.167615924,5450367.7537372094,253514739037.56833,0.93264203552072855,1,1,1,0.87713571556599201,200,60,24825.809215739602,33783.861904151119,1,1,1,1,4,287055592724.57782,70701315555.081711,218865997609.71689,73348911534.375244,254342150076.84097,1000000000.0000027,253514739037.56833,357756908279.65955,292214909144.09216,255342150076.84097,845.61287203992106,1193.318573314408,974.6994968115149,851.7083057933321,1,2,2,2,0.87713571556599201,0.76936706352146489,0.76936706352146489,0.76936706352146489,60,120,120,120,0.043260730010261796,0.033741799924019933,0.55621831037067537,0.05804217511058974,0.51678859930470955,0.042979721271198673,1,0.043260730010261796,0.033741799924019933,0.05804217511058974,0.042979721271198673,0.037945531373458165,0.025959829525472003,0.044655737825233084,0.033067181945393168,1,1,1,1,0,Direct_Earth_to_Mars,0.037945531373458165,0.037945531373458165,0.012979914762736001,0.022327868912616542,0.016533590972696584,845.61287203992106,60,0.043260730010261796,0.037945531373458165,0,24825.809215739602,8192,100000000,8.1920000000000002e-05,8.1920000000000002e-05,60,845.61287203992106,905.61295395992101,25731.422169699523,1500,26325.809215739602,DELIVERED_MECHANICALLY,1,0,0,200,175,0,25,25,0,0,0,0.875,1433600,33.185185185185183,905.61295395992317,905.61295395992101,905.61295395992101,12000,60,200,0,0,0,0,0
45,100044,B4,3.0234822103944032,375.30879639670172,-51823635.916905835,137690336.83824533,-356.48863460676915,-244184162.8264156,-27348084.42018421,5428280.9930264084,-222170506.77223381,-92216824.434550628,22924610.245071337,-243760176.34479776,36878605.438757576,-29995092.201861702,-245177707.04062316,-27459359.167615924,5450367.7537372094,253514739037.56833,0.93264203552072855,1,1,1,0.87713571556599201,200,60,24825.809215739602,33783.861904151119,1,1,1,1,4,287055592724.57782,70701315555.081711,218865997609.71689,73348911534.375244,254342150076.84097,1000000000.0000027,253514739037.56833,357756908279.65955,292214909144.09216,255342150076.84097,845.61287203992106,1193.318573314408,974.6994968115149,851.7083057933321,1,2,2,2,0.87713571556599201,0.76936706352146489,0.76936706352146489,0.76936706352146489,60,120,120,120,0.043260730010261796,0.033741799924019933,0.55621831037067537,0.05804217511058974,0.51678859930470955,0.042979721271198673,1,0.043260730010261796,0.033741799924019933,0.05804217511058974,0.042979721271198673,0.037945531373458165,0.025959829525472003,0.044655737825233084,0.033067181945393168,1,1,1,1,0,Direct_Earth_to_Mars,0.037945531373458165,0.037945531373458165,0.0091978648843661949,0.019370824976818118,0.016415264771349757,845.61287203992106,60,0.043260730010261796,0.037945531373458165,0,24825.809215739602,8192,100000000,8.1920000000000002e-05,8.1920000000000002e-05,60,845.61287203992106,905.61295395992101,25731.422169699523,1500,26325.809215739602,DELIVERED_MECHANICALLY,1,0,0,200,175,0,25,25,0,0,0,0.875,1433600,33.185185185185183,905.61295395992317,905.61295395992101,905.61295395992101,12000,60,200,0,0,0,0,0
46,100045,B1,1.4974771973204242,185.88380068044833,35891857.378283232,-147802495.1237222,209.4629573011116,-49183574.214039795,233830088.64829394,6107129.7785221552,-110258602.69776306,212467283.209337,46523739.952729069,20587702.883383345,231379768.85647604,-19251654.050384417,-49389341.918454796,234808355.91197282,6132679.9768388178,391048018193.24646,0.94954605448895035,1,1,1,0.96868573902546085,200,60,10043.93731128242,23683.540363352775,1,1,1,1,4,391559330178.48566,76289127262.566986,379979000354.87335,74277204391.177719,392047896918.67035,1000000000.0000002,391048018193.24646,467848457441.05261,454256204746.05109,393047896918.67035,1304.3629692903485,1560.5352149468065,1515.1974808073753,1311.0336788481331,1,2,2,2,0.96868573902546085,0.93835206099130319,0.93835206099130319,0.93835206099130319,60,120,120,120,0.018511479927799397,0.018463165606751649,0.48638035531432477,0.019605689810776417,0.5130860650072615,0.018417177001395547,1,0.018511479927799397,0.018463165606751649,0.019605689810776417,0.018417177001395547,0.017931806614315343,0.017324949499519154,0.018397039441098245,0.017281795996901141,1,1,1,1,0,Direct_Earth_to_Mars,0.96868573902546085,0.96868573902546085,0.93835206099130319,0.93835206099130319,0.93835206099130319,1304.3629692903485,60,0.018511479927799397,0.017931806614315343,0,10043.93731128242,8192,100000000,8.1920000000000002e-05,8.1920000000000002e-05,60,1304.3629692903485,1364.3630512103484,11408.300362492768,1500,11543.93731128242,DELIVERED_MECHANICALLY,1,0,0,200,192,0,8,8,0,0,0,0.95999999999999996,1572864,36.408888888888889,1364.3630512103537,1364.3630512103484,1364.3630512103484,12000,60,200,0,0,0,0,0
46,100045,B2,1.4974771973204242,185.88380068044833,35891857.378283232,-147802495.1237222,209.4629573011116,-49183574.214039795,233830088.64829394,6107129.7785221552,-110258602.69776306,212467283.209337,46523739.952729069,20587702.883383345,231379768.85647604,-19251654.050384417,-49389341.918454796,234808355.91197282,6132679.9768388178,391048018193.24646,0.94954605448895035,1,1,1,0.96868573902546085,200,60,10043.93731128242,23683.540363352775,1,1,1,1,4,391559330178.48566,76289127262.566986,379979000354.87335,74277204391.177719,392047896918.67035,1000000000.0000002,391048018193.24646,467848457441.05261,454256204746.05109,393047896918.67035,1304.3629692903485,1560.5352149468065,1515.1974808073753,1311.0336788481331,1,2,2,2,0.96868573902546085,0.93835206099130319,0.93835206099130319,0.93835206099130319,60,120,120,120,0.018511479927799397,0.018463165606751649,0.48638035531432477,0.019605689810776417,0.5130860650072615,0.018417177001395547,1,0.018511479927799397,0.018463165606751649,0.019605689810776417,0.018417177001395547,0.017931806614315343,0.017324949499519154,0.018397039441098245,0.017281795996901141,1,1,1,1,0,Direct_Earth_to_Mars,0.96868573902546085,0.96868573902546085,0.4691760304956516,0.4691760304956516,0.4691760304956516,1304.3629692903485,60,0.018511479927799397,0.017931806614315343,0,10043.93731128242,8192,100000000,8.1920000000000002e-05,8.1920000000000002e-05,60,1304.3629692903485,1364.3630512103484,11408.300362492768,1500,11543.93731128242,DELIVERED_MECHANICALLY,1,0,0,200,192,0,8,8,0,0,0,0.95999999999999996,1572864,36.408888888888889,1364.3630512103537,1364.3630512103484,1364.3630512103484,12000,60,200,0,0,0,0,0
46,100045,B3,1.4974771973204242,185.88380068044833,35891857.378283232,-147802495.1237222,209.4629573011116,-49183574.214039795,233830088.64829394,6107129.7785221552,-110258602.69776306,212467283.209337,46523739.952729069,20587702.883383345,231379768.85647604,-19251654.050384417,-49389341.918454796,234808355.91197282,6132679.9768388178,391048018193.24646,0.94954605448895035,1,1,1,0.96868573902546085,200,60,10043.93731128242,23683.540363352775,1,1,1,1,4,391559330178.48566,76289127262.566986,379979000354.87335,74277204391.177719,392047896918.67035,1000000000.0000002,391048018193.24646,467848457441.05261,454256204746.05109,393047896918.67035,1304.3629692903485,1560.5352149468065,1515.1974808073753,1311.0336788481331,1,2,2,2,0.96868573902546085,0.93835206099130319,0.93835206099130319,0.93835206099130319,60,120,120,120,0.018511479927799397,0.018463165606751649,0.48638035531432477,0.019605689810776417,0.5130860650072615,0.018417177001395547,1,0.018511479927799397,0.018463165606751649,0.019605689810776417,0.018417177001395547,0.017931806614315343,0.017324949499519154,0.018397039441098245,0.017281795996901141,1,1,1,1,0,Direct_Earth_to_Mars,0.017931806614315343,0.017931806614315343,0.0086624747497595772,0.0091985197205491226,0.0086408979984505703,1304.3629692903485,60,0.018511479927799397,0.017931806614315343,0,10043.93731128242,8192,100000000,8.1920000000000002e-05,8.1920000000000002e-05,60,1304.3629692903485,1364.3630512103484,11408.300362492768,1500,11543.93731128242,DELIVERED_MECHANICALLY,1,0,0,200,192,0,8,8,0,0,0,0.95999999999999996,1572864,36.408888888888889,1364.3630512103537,1364.3630512103484,1364.3630512103484,12000,60,200,0,0,0,0,0
46,100045,B4,1.4974771973204242,185.88380068044833,35891857.378283232,-147802495.1237222,209.4629573011116,-49183574.214039795,233830088.64829394,6107129.7785221552,-110258602.69776306,212467283.209337,46523739.952729069,20587702.883383345,231379768.85647604,-19251654.050384417,-49389341.918454796,234808355.91197282,6132679.9768388178,391048018193.24646,0.94954605448895035,1,1,1,0.96868573902546085,200,60,10043.93731128242,23683.540363352775,1,1,1,1,4,391559330178.48566,76289127262.566986,379979000354.87335,74277204391.177719,392047896918.67035,1000000000.0000002,391048018193.24646,467848457441.05261,454256204746.05109,393047896918.67035,1304.3629692903485,1560.5352149468065,1515.1974808073753,1311.0336788481331,1,2,2,2,0.96868573902546085,0.93835206099130319,0.93835206099130319,0.93835206099130319,60,120,120,120,0.018511479927799397,0.018463165606751649,0.48638035531432477,0.019605689810776417,0.5130860650072615,0.018417177001395547,1,0.018511479927799397,0.018463165606751649,0.019605689810776417,0.018417177001395547,0.017931806614315343,0.017324949499519154,0.018397039441098245,0.017281795996901141,1,1,1,1,0,Direct_Earth_to_Mars,0.017931806614315343,0.017931806614315343,0.0072404718443884759,0.0079185773786912689,0.0085969319876637619,1304.3629692903485,60,0.018511479927799397,0.017931806614315343,0,10043.93731128242,8192,100000000,8.1920000000000002e-05,8.1920000000000002e-05,60,1304.3629692903485,1364.3630512103484,11408.300362492768,1500,11543.93731128242,DELIVERED_MECHANICALLY,1,0,0,200,192,0,8,8,0,0,0,0.95999999999999996,1572864,36.408888888888889,1364.3630512103537,1364.3630512103484,1364.3630512103484,12000,60,200,0,0,0,0,0
47,100046,B1,0.2134023257342062,26.489909464065974,-89385487.051451012,117097854.00217499,-50.47970649996973,202790926.73840308,57503023.838729426,-3779720.6147107449,173242012.41875574,128513586.60151048,-10173776.117597567,205302738.45087478,-18775801.051239785,24122135.497170463,203752842.07620624,57775782.790474281,-3797649.282873454,298216174047.68542,0.94651296277979691,1,1,0,0.89093632203547468,200,60,32323.854750285049,35379.337677992335,1,1,1,0,3,263072284975.26691,77178509360.64212,325399262819.67352,81260580229.048447,299104680493.75391,999999999.99999917,298216174047.68542,340250794335.90906,406659843048.72198,300104680493.75391,994.71705819774991,1134.9259317408573,1356.437101563449,1001.0162791652899,1,2,2,2,0.89093632203547468,0.79376752992209909,0.79376752992209909,0.79376752992209909,60,120,120,120,0.031728494332344495,0.040771966395002551,0.47371711858489529,0.026648865328103209,0.4273188131615091,0.031540271932765665,1,0.031728494332344495,0.040771966395002551,0.026648865328103209,0.031540271932765665,0.028268068044182408,0.032363463055428005,0.021153004006715152,0,1,1,1,0,0,Direct_Earth_to_Mars,0.89093632203547468,0.89093632203547468,0.79376752992209909,0.79376752992209909,-1,994.71705819774991,60,0.031728494332344495,0.028268068044182408,0,32323.854750285049,8192,100000000,8.1920000000000002e-05,8.1920000000000002e-05,60,994.71705819774991,1054.71714011775,33378.571890402796,1500,33823.854750285049,DELIVERED_MECHANICALLY,1,0,0,200,175,0,25,25,0,0,0,0.875,1433600,33.185185185185183,1054.7171401177482,1054.71714011775,1054.71714011775,12000,60,200,0,0,0,0,0
47,100046,B2,0.2134023257342062,26.489909464065974,-89385487.051451012,117097854.00217499,-50.47970649996973,202790926.73840308,57503023.838729426,-3779720.6147107449,173242012.41875574,128513586.60151048,-10173776.117597567,205302738.45087478,-18775801.051239785,24122135.497170463,203752842.07620624,57775782.790474281,-3797649.282873454,298216174047.68542,0.94651296277979691,1,1,0,0.89093632203547468,200,60,32323.854750285049,35379.337677992335,1,1,1,0,3,263072284975.26691,77178509360.64212,325399262819.67352,81260580229.048447,299104680493.75391,999999999.99999917,298216174047.68542,340250794335.90906,406659843048.72198,300104680493.75391,994.71705819774991,1134.9259317408573,1356.437101563449,1001.0162791652899,1,2,2,2,0.89093632203547468,0.79376752992209909,0.79376752992209909,0.79376752992209909,60,120,120,120,0.031728494332344495,0.040771966395002551,0.47371711858489529,0.026648865328103209,0.4273188131615091,0.031540271932765665,1,0.031728494332344495,0.040771966395002551,0.026648865328103209,0.031540271932765665,0.028268068044182408,0.032363463055428005,0.021153004006715152,0,1,1,1,0,0,Direct_Earth_to_Mars,0.89093632203547468,0.89093632203547468,0.39688376496104955,0.39688376496104955,-1,994.71705819774991,60,0.031728494332344495,0.028268068044182408,0,32323.854750285049,8192,100000000,8.1920000000000002e-05,8.1920000000000002e-05,60,994.71705819774991,1054.71714011775,33378.571890402796,1500,33823.854750285049,DELIVERED_MECHANICALLY,1,0,0,200,175,0,25,25,0,0,0,0.875,1433600,33.185185185185183,1054.7171401177482,1054.71714011775,1054.71714011775,12000,60,200,0,0,0,0,0
47,100046,B3,0.2134023257342062,26.489909464065974,-89385487.051451012,117097854.00217499,-50.47970649996973,202790926.73840308,57503023.838729426,-3779720.6147107449,173242012.41875574,128513586.60151048,-10173776.117597567,205302738.45087478,-18775801.051239785,24122135.497170463,203752842.07620624,57775782.790474281,-3797649.282873454,298216174047.68542,0.94651296277979691,1,1,0,0.89093632203547468,200,60,32323.854750285049,35379.337677992335,1,1,1,0,3,263072284975.26691,77178509360.64212,325399262819.67352,81260580229.048447,299104680493.75391,999999999.99999917,298216174047.68542,340250794335.90906,406659843048.72198,300104680493.75391,994.71705819774991,1134.9259317408573,1356.437101563449,1001.0162791652899,1,2,2,2,0.89093632203547468,0.79376752992209909,0.79376752992209909,0.79376752992209909,60,120,120,120,0.031728494332344495,0.040771966395002551,0.47371711858489529,0.026648865328103209,0.4273188131615091,0.031540271932765665,1,0.031728494332344495,0.040771966395002551,0.026648865328103209,0.031540271932765665,0.028268068044182408,0.032363463055428005,0.021153004006715152,0,1,1,1,0,0,Direct_Earth_to_Mars,0.028268068044182408,0.028268068044182408,0.016181731527714002,0.010576502003357576,-1,994.71705819774991,60,0.031728494332344495,0.028268068044182408,0,32323.854750285049,8192,100000000,8.1920000000000002e-05,8.1920000000000002e-05,60,994.71705819774991,1054.71714011775,33378.571890402796,1500,33823.854750285049,DELIVERED_MECHANICALLY,1,0,0,200,175,0,25,25,0,0,0,0.875,1433600,33.185185185185183,1054.7171401177482,1054.71714011775,1054.71714011775,12000,60,200,0,0,0,0,0
47,100046,B4,0.2134023257342062,26.489909464065974,-89385487.051451012,117097854.00217499,-50.47970649996973,202790926.73840308,57503023.838729426,-3779720.6147107449,173242012.41875574,128513586.60151048,-10173776.117597567,205302738.45087478,-18775801.051239785,24122135.497170463,203752842.07620624,57775782.790474281,-3797649.282873454,298216174047.68542,0.94651296277979691,1,1,0,0.89093632203547468,200,60,32323.854750285049,35379.337677992335,1,1,1,0,3,263072284975.26691,77178509360.64212,325399262819.67352,81260580229.048447,299104680493.75391,999999999.99999917,298216174047.68542,340250794335.90906,406659843048.72198,300104680493.75391,994.71705819774991,1134.9259317408573,1356.437101563449,1001.0162791652899,1,2,2,2,0.89093632203547468,0.79376752992209909,0.79376752992209909,0.79376752992209909,60,120,120,120,0.031728494332344495,0.040771966395002551,0.47371711858489529,0.026648865328103209,0.4273188131615091,0.031540271932765665,1,0.031728494332344495,0.040771966395002551,0.026648865328103209,0.031540271932765665,0.028268068044182408,0.032363463055428005,0.021153004006715152,0,1,1,1,0,0,Direct_Earth_to_Mars,0.028268068044182408,0.028268068044182408,0.014182638647707612,0.0077560743116479418,-1,994.71705819774991,60,0.031728494332344495,0.028268068044182408,0,32323.854750285049,8192,100000000,8.1920000000000002e-05,8.1920000000000002e-05,60,994.71705819774991,1054.71714011775,33378.571890402796,1500,33823.854750285049,DELIVERED_MECHANICALLY,1,0,0,200,175,0,25,25,0,0,0,0.875,1433600,33.185185185185183,1054.7171401177482,1054.71714011775,1054.71714011775,12000,60,200,0,0,0,0,0
48,100047,B1,1.5799605869473514,196.12257158413561,60418451.241865762,-139536302.81374022,206.58680399990723,-69133959.010215402,230357717.11798391,6524719.6473906292,-127849765.90584975,203415922.69654301,48100846.737749867,118428.23288247947,233944181.71474913,-21721042.410620693,-69421302.808925465,231315160.64424106,6551838.5590780443,391979568669.14893,0.85015321994729731,1,1,1,0.94440754764342016,200,60,6629.4680808419389,1582.7478629075101,1,1,1,1,4,394176130877.2594,76824349069.069946,378940071457.91168,74877092233.937805,392978489948.74579,999999999.99998951,391979568669.14893,471000479946.32935,453817163691.84949,393978489948.74579,1307.4702090365208,1571.0489657982966,1513.733034329051,1314.1377249791387,1,2,2,2,0.94440754764342016,0.89190561604585894,0.89190561604585894,0.89190561604585894,60,120,120,120,0.016495125650185658,0.016311798385689566,0.42942241608396392,0.017649866470646796,0.45204799569643889,0.016411373534569566,1,0.016495125650185658,0.016311798385689566,0.017649866470646796,0.016411373534569566,0.015578121163361915,0.0145485845880043,0.01574201502762938,0.014637396222508973,1,1,1,1,0,Direct_Earth_to_Mars,0.94440754764342016,0.94440754764342016,0.89190561604585894,0.89190561604585894,0.89190561604585894,1307.4702090365208,60,0.016495125650185658,0.015578121163361915,0,6629.4680808419389,8192,100000000,8.1920000000000002e-05,8.1920000000000002e-05,60,1307.4702090365208,1367.4702909565208,7996.9383717984601,1500,8129.4680808419389,DELIVERED_MECHANICALLY,1,0,0,200,186,0,14,14,0,0,0,0.93000000000000005,1523712,35.271111111111111,1367.4702909565235,1367.4702909565208,1367.4702909565208,12000,60,200,0,0,0,0,0
48,100047,B2,1.5799605869473514,196.12257158413561,60418451.241865762,-139536302.81374022,206.58680399990723,-69133959.010215402,230357717.11798391,6524719.6473906292,-127849765.90584975,203415922.69654301,48100846.737749867,118428.23288247947,233944181.71474913,-21721042.410620693,-69421302.808925465,231315160.64424106,6551838.5590780443,391979568669.14893,0.85015321994729731,1,1,1,0.94440754764342016,200,60,6629.4680808419389,1582.7478629075101,1,1,1,1,4,394176130877.2594,76824349069.069946,378940071457.91168,74877092233.937805,392978489948.74579,999999999.99998951,391979568669.14893,471000479946.32935,453817163691.84949,393978489948.74579,1307.4702090365208,1571.0489657982966,1513.733034329051,1314.1377249791387,1,2,2,2,0.94440754764342016,0.89190561604585894,0.89190561604585894,0.89190561604585894,60,120,120,120,0.016495125650185658,0.016311798385689566,0.42942241608396392,0.017649866470646796,0.45204799569643889,0.016411373534569566,1,0.016495125650185658,0.016311798385689566,0.017649866470646796,0.016411373534569566,0.015578121163361915,0.0145485845880043,0.01574201502762938,0.014637396222508973,1,1,1,1,0,Direct_Earth_to_Mars,0.94440754764342016,0.94440754764342016,0.44595280802292947,0.44595280802292947,0.44595280802292947,1307.4702090365208,60,0.016495125650185658,0.015578121163361915,0,6629.4680808419389,8192,100000000,8.1920000000000002e-05,8.1920000000000002e-05,60,1307.4702090365208,1367.4702909565208,7996.9383717984601,1500,8129.4680808419389,DELIVERED_MECHANICALLY,1,0,0,200,186,0,14,14,0,0,0,0.93000000000000005,1523712,35.271111111111111,1367.4702909565235,1367.4702909565208,1367.4702909565208,12000,60,200,0,0,0,0,0
48,100047,B3,1.5799605869473514,196.12257158413561,60418451.241865762,-139536302.81374022,206.58680399990723,-69133959.010215402,230357717.11798391,6524719.6473906292,-127849765.90584975,203415922.69654301,48100846.737749867,118428.23288247947,233944181.71474913,-21721042.410620693,-69421302.808925465,231315160.64424106,6551838.5590780443,391979568669.14893,0.85015321994729731,1,1,1,0.94440754764342016,200,60,6629.4680808419389,1582.7478629075101,1,1,1,1,4,394176130877.2594,76824349069.069946,378940071457.91168,74877092233.937805,392978489948.74579,999999999.99998951,391979568669.14893,471000479946.32935,453817163691.84949,393978489948.74579,1307.4702090365208,1571.0489657982966,1513.733034329051,1314.1377249791387,1,2,2,2,0.94440754764342016,0.89190561604585894,0.89190561604585894,0.89190561604585894,60,120,120,120,0.016495125650185658,0.016311798385689566,0.42942241608396392,0.017649866470646796,0.45204799569643889,0.016411373534569566,1,0.016495125650185658,0.016311798385689566,0.017649866470646796,0.016411373534569566,0.015578121163361915,0.0145485845880043,0.01574201502762938,0.014637396222508973,1,1,1,1,0,Direct_Earth_to_Mars,0.015578121163361915,0.015578121163361915,0.0072742922940021498,0.0078710075138146898,0.0073186981112544867,1307.4702090365208,60,0.016495125650185658,0.015578121163361915,0,6629.4680808419389,8192,100000000,8.1920000000000002e-05,8.1920000000000002e-05,60,1307.4702090365208,1367.4702909565208,7996.9383717984601,1500,8129.4680808419389,DELIVERED_MECHANICALLY,1,0,0,200,186,0,14,14,0,0,0,0.93000000000000005,1523712,35.271111111111111,1367.4702909565235,1367.4702909565208,1367.4702909565208,12000,60,200,0,0,0,0,0
48,100047,B4,1.5799605869473514,196.12257158413561,60418451.241865762,-139536302.81374022,206.58680399990723,-69133959.010215402,230357717.11798391,6524719.6473906292,-127849765.90584975,203415922.69654301,48100846.737749867,118428.23288247947,233944181.71474913,-21721042.410620693,-69421302.808925465,231315160.64424106,6551838.5590780443,391979568669.14893,0.85015321994729731,1,1,1,0.94440754764342016,200,60,6629.4680808419389,1582.7478629075101,1,1,1,1,4,394176130877.2594,76824349069.069946,378940071457.91168,74877092233.937805,392978489948.74579,999999999.99998951,391979568669.14893,471000479946.32935,453817163691.84949,393978489948.74579,1307.4702090365208,1571.0489657982966,1513.733034329051,1314.1377249791387,1,2,2,2,0.94440754764342016,0.89190561604585894,0.89190561604585894,0.89190561604585894,60,120,120,120,0.016495125650185658,0.016311798385689566,0.42942241608396392,0.017649866470646796,0.45204799569643889,0.016411373534569566,1,0.016495125650185658,0.016311798385689566,0.017649866470646796,0.016411373534569566,0.015578121163361915,0.0145485845880043,0.01574201502762938,0.014637396222508973,1,1,1,1,0,Direct_Earth_to_Mars,0.015578121163361915,0.015578121163361915,0.0060538663487162301,0.0067984959078182259,0.0072815653698313828,1307.4702090365208,60,0.016495125650185658,0.015578121163361915,0,6629.4680808419389,8192,100000000,8.1920000000000002e-05,8.1920000000000002e-05,60,1307.4702090365208,1367.4702909565208,7996.9383717984601,1500,8129.4680808419389,DELIVERED_MECHANICALLY,1,0,0,200,186,0,14,14,0,0,0,0.93000000000000005,1523712,35.271111111111111,1367.4702909565235,1367.4702909565208,1367.4702909565208,12000,60,200,0,0,0,0,0
49,100048,B1,0.64256725759294153,79.762713080318605,-149018667.42858541,-2464939.0938725974,1.8749868467436095,149201820.85548487,160736990.91333288,-299976.29549248767,93170865.91789636,205384856.03989831,13074953.276587078,189188980.16490999,98173413.29362388,11501054.931696614,149882139.19461817,161469906.38358951,-301344.10302967898,339956496595.32739,0.8857548681326427,1,1,0,0.8685751136440768,200,60,23258.75935439852,40352.080784539627,1,1,1,0,3,319418630880.99817,72882017759.088837,353050655123.89172,75182700751.168747,340905289737.66241,1000000000.0000162,339956496595.32739,392300648640.08704,428233355875.06049,341905289737.66241,1133.9442848409853,1308.5411895933523,1428.3967841062724,1140.4445955225565,1,2,2,2,0.8685751136440768,0.75442272804182098,0.75442272804182098,0.75442272804182098,60,120,120,120,0.022848207978639113,0.025880838674403835,0.49711636229504941,0.021184820565190214,0.46715713692551403,0.022721204633481252,1,0.022848207978639113,0.025880838674403835,0.021184820565190214,0.022721204633481252,0.01984538484160997,0.019525092916754007,0.015982310123867274,0,1,1,1,0,0,Direct_Earth_to_Mars,0.8685751136440768,0.8685751136440768,0.75442272804182098,0.75442272804182098,-1,1133.9442848409853,60,0.022848207978639113,0.01984538484160997,0,23258.75935439852,8192,100000000,8.1920000000000002e-05,8.1920000000000002e-05,60,1133.9442848409853,1193.9443667609853,24452.703721159505,1500,24758.75935439852,DELIVERED_MECHANICALLY,1,0,0,200,172,0,28,28,0,0,0,0.85999999999999999,1409024,32.616296296296298,1193.9443667609878,1193.9443667609853,1193.9443667609853,12000,60,200,0,0,0,0,0
49,100048,B2,0.64256725759294153,79.762713080318605,-149018667.42858541,-2464939.0938725974,1.8749868467436095,149201820.85548487,160736990.91333288,-299976.29549248767,93170865.91789636,205384856.03989831,13074953.276587078,189188980.16490999,98173413.29362388,11501054.931696614,149882139.19461817,161469906.38358951,-301344.10302967898,339956496595.32739,0.8857548681326427,1,1,0,0.8685751136440768,200,60,23258.75935439852,40352.080784539627,1,1,1,0,3,319418630880.99817,72882017759.088837,353050655123.89172,75182700751.168747,340905289737.66241,1000000000.0000162,339956496595.32739,392300648640.08704,428233355875.06049,341905289737.66241,1133.9442848409853,1308.5411895933523,1428.3967841062724,1140.4445955225565,1,2,2,2,0.8685751136440768,0.75442272804182098,0.75442272804182098,0.75442272804182098,60,120,120,120,0.022848207978639113,0.025880838674403835,0.49711636229504941,0.021184820565190214,0.46715713692551403,0.022721204633481252,1,0.022848207978639113,0.025880838674403835,0.021184820565190214,0.022721204633481252,0.01984538484160997,0.019525092916754007,0.015982310123867274,0,1,1,1,0,0,Direct_Earth_to_Mars,0.8685751136440768,0.8685751136440768,0.37721136402091049,0.37721136402091049,-1,1133.9442848409853,60,0.022848207978639113,0.01984538484160997,0,23258.75935439852,8192,100000000,8.1920000000000002e-05,8.1920000000000002e-05,60,1133.9442848409853,1193.9443667609853,24452.703721159505,1500,24758.75935439852,DELIVERED_MECHANICALLY,1,0,0,200,172,0,28,28,0,0,0,0.85999999999999999,1409024,32.616296296296298,1193.9443667609878,1193.9443667609853,1193.9443667609853,12000,60,200,0,0,0,0,0
49,100048,B3,0.64256725759294153,79.762713080318605,-149018667.42858541,-2464939.0938725974,1.8749868467436095,149201820.85548487,160736990.91333288,-299976.29549248767,93170865.91789636,205384856.03989831,13074953.276587078,189188980.16490999,98173413.29362388,11501054.931696614,149882139.19461817,161469906.38358951,-301344.10302967898,339956496595.32739,0.8857548681326427,1,1,0,0.8685751136440768,200,60,23258.75935439852,40352.080784539627,1,1,1,0,3,319418630880.99817,72882017759.088837,353050655123.89172,75182700751.168747,340905289737.66241,1000000000.0000162,339956496595.32739,392300648640.08704,428233355875.06049,341905289737.66241,1133.9442848409853,1308.5411895933523,1428.3967841062724,1140.4445955225565,1,2,2,2,0.8685751136440768,0.75442272804182098,0.75442272804182098,0.75442272804182098,60,120,120,120,0.022848207978639113,0.025880838674403835,0.49711636229504941,0.021184820565190214,0.46715713692551403,0.022721204633481252,1,0.022848207978639113,0.025880838674403835,0.021184820565190214,0.022721204633481252,0.01984538484160997,0.019525092916754007,0.015982310123867274,0,1,1,1,0,0,Direct_Earth_to_Mars,0.01984538484160997,0.01984538484160997,0.0097625464583770034,0.0079911550619336368,-1,1133.9442848409853,60,0.022848207978639113,0.01984538484160997,0,23258.75935439852,8192,100000000,8.1920000000000002e-05,8.1920000000000002e-05,60,1133.9442848409853,1193.9443667609853,24452.703721159505,1500,24758.75935439852,DELIVERED_MECHANICALLY,1,0,0,200,172,0,28,28,0,0,0,0.85999999999999999,1409024,32.616296296296298,1193.9443667609878,1193.9443667609853,1193.9443667609853,12000,60,200,0,0,0,0,0
49,100048,B4,0.64256725759294153,79.762713080318605,-149018667.42858541,-2464939.0938725974,1.8749868467436095,149201820.85548487,160736990.91333288,-299976.29549248767,93170865.91789636,205384856.03989831,13074953.276587078,189188980.16490999,98173413.29362388,11501054.931696614,149882139.19461817,161469906.38358951,-301344.10302967898,339956496595.32739,0.8857548681326427,1,1,0,0.8685751136440768,200,60,23258.75935439852,40352.080784539627,1,1,1,0,3,319418630880.99817,72882017759.088837,353050655123.89172,75182700751.168747,340905289737.66241,1000000000.0000162,339956496595.32739,392300648640.08704,428233355875.06049,341905289737.66241,1133.9442848409853,1308.5411895933523,1428.3967841062724,1140.4445955225565,1,2,2,2,0.8685751136440768,0.75442272804182098,0.75442272804182098,0.75442272804182098,60,120,120,120,0.022848207978639113,0.025880838674403835,0.49711636229504941,0.021184820565190214,0.46715713692551403,0.022721204633481252,1,0.022848207978639113,0.025880838674403835,0.021184820565190214,0.022721204633481252,0.01984538484160997,0.019525092916754007,0.015982310123867274,0,1,1,1,0,0,Direct_Earth_to_Mars,0.01984538484160997,0.01984538484160997,0.0084599429120083124,0.0063438427701497701,-1,1133.9442848409853,60,0.022848207978639113,0.01984538484160997,0,23258.75935439852,8192,100000000,8.1920000000000002e-05,8.1920000000000002e-05,60,1133.9442848409853,1193.9443667609853,24452.703721159505,1500,24758.75935439852,DELIVERED_MECHANICALLY,1,0,0,200,172,0,28,28,0,0,0,0.85999999999999999,1409024,32.616296296296298,1193.9443667609878,1193.9443667609853,1193.9443667609853,12000,60,200,0,0,0,0,0
50,100049,B1,1.213814635996846,150.67239639066744,-51828417.751570508,-142555061.11603063,170.97282047557187,21327679.581150305,231911918.75803125,4333941.1078406069,-44508521.786855757,231506351.93347973,38615716.940491945,88590470.911534771,208058473.53998408,-9672741.4290761184,21419241.852046464,232907544.27127922,4352547.2336619468,381570590004.70514,0.91969338646118437,1,1,1,0.94093760295645379,200,60,25449.561737754273,12262.787273507451,1,1,1,1,4,376120568435.05914,74228094743.55365,377810640680.88489,72728653926.875259,382565459576.20117,1000000000.0000092,381570590004.70514,450348663178.61279,450539294607.76013,383565459576.20117,1272.7504669936795,1502.1636530307298,1502.7995150358911,1279.4044682328258,1,2,2,2,0.94093760295645379,0.88536357265743704,0.88536357265743704,0.88536357265743704,60,120,120,120,0.018831224535316802,0.019380910736171288,0.49761300507117567,0.019207904084073867,0.51834301386773052,0.018733409889806894,1,0.018831224535316802,0.019380910736171288,0.019207904084073867,0.018733409889806894,0.01771900727499575,0.017159152370731491,0.017005978583137016,0.016585878708095594,1,1,1,1,0,Direct_Earth_to_Mars,0.94093760295645379,0.94093760295645379,0.88536357265743704,0.88536357265743704,0.88536357265743704,1272.7504669936795,60,0.018831224535316802,0.01771900727499575,0,25449.561737754273,8192,100000000,8.1920000000000002e-05,8.1920000000000002e-05,60,1272.7504669936795,1332.7505489136795,26782.312286667951,1500,26949.561737754273,DELIVERED_MECHANICALLY,1,0,0,200,192,0,8,8,0,0,0,0.95999999999999996,1572864,36.408888888888889,1332.7505489136745,1332.7505489136795,1332.7505489136795,12000,60,200,0,0,0,0,0
50,100049,B2,1.213814635996846,150.67239639066744,-51828417.751570508,-142555061.11603063,170.97282047557187,21327679.581150305,231911918.75803125,4333941.1078406069,-44508521.786855757,231506351.93347973,38615716.940491945,88590470.911534771,208058473.53998408,-9672741.4290761184,21419241.852046464,232907544.27127922,4352547.2336619468,381570590004.70514,0.91969338646118437,1,1,1,0.94093760295645379,200,60,25449.561737754273,12262.787273507451,1,1,1,1,4,376120568435.05914,74228094743.55365,377810640680.88489,72728653926.875259,382565459576.20117,1000000000.0000092,381570590004.70514,450348663178.61279,450539294607.76013,383565459576.20117,1272.7504669936795,1502.1636530307298,1502.7995150358911,1279.4044682328258,1,2,2,2,0.94093760295645379,0.88536357265743704,0.88536357265743704,0.88536357265743704,60,120,120,120,0.018831224535316802,0.019380910736171288,0.49761300507117567,0.019207904084073867,0.51834301386773052,0.018733409889806894,1,0.018831224535316802,0.019380910736171288,0.019207904084073867,0.018733409889806894,0.01771900727499575,0.017159152370731491,0.017005978583137016,0.016585878708095594,1,1,1,1,0,Direct_Earth_to_Mars,0.94093760295645379,0.94093760295645379,0.44268178632871852,0.44268178632871852,0.44268178632871852,1272.7504669936795,60,0.018831224535316802,0.01771900727499575,0,25449.561737754273,8192,100000000,8.1920000000000002e-05,8.1920000000000002e-05,60,1272.7504669936795,1332.7505489136795,26782.312286667951,1500,26949.561737754273,DELIVERED_MECHANICALLY,1,0,0,200,192,0,8,8,0,0,0,0.95999999999999996,1572864,36.408888888888889,1332.7505489136745,1332.7505489136795,1332.7505489136795,12000,60,200,0,0,0,0,0
50,100049,B3,1.213814635996846,150.67239639066744,-51828417.751570508,-142555061.11603063,170.97282047557187,21327679.581150305,231911918.75803125,4333941.1078406069,-44508521.786855757,231506351.93347973,38615716.940491945,88590470.911534771,208058473.53998408,-9672741.4290761184,21419241.852046464,232907544.27127922,4352547.2336619468,381570590004.70514,0.91969338646118437,1,1,1,0.94093760295645379,200,60,25449.561737754273,12262.787273507451,1,1,1,1,4,376120568435.05914,74228094743.55365,377810640680.88489,72728653926.875259,382565459576.20117,1000000000.0000092,381570590004.70514,450348663178.61279,450539294607.76013,383565459576.20117,1272.7504669936795,1502.1636530307298,1502.7995150358911,1279.4044682328258,1,2,2,2,0.94093760295645379,0.88536357265743704,0.88536357265743704,0.88536357265743704,60,120,120,120,0.018831224535316802,0.019380910736171288,0.49761300507117567,0.019207904084073867,0.51834301386773052,0.018733409889806894,1,0.018831224535316802,0.019380910736171288,0.019207904084073867,0.018733409889806894,0.01771900727499575,0.017159152370731491,0.017005978583137016,0.016585878708095594,1,1,1,1,0,Direct_Earth_to_Mars,0.01771900727499575,0.01771900727499575,0.0085795761853657455,0.0085029892915685079,0.0082929393540477972,1272.7504669936795,60,0.018831224535316802,0.01771900727499575,0,25449.561737754273,8192,100000000,8.1920000000000002e-05,8.1920000000000002e-05,60,1272.7504669936795,1332.7505489136795,26782.312286667951,1500,26949.561737754273,DELIVERED_MECHANICALLY,1,0,0,200,192,0,8,8,0,0,0,0.95999999999999996,1572864,36.408888888888889,1332.7505489136745,1332.7505489136795,1332.7505489136795,12000,60,200,0,0,0,0,0
50,100049,B4,1.213814635996846,150.67239639066744,-51828417.751570508,-142555061.11603063,170.97282047557187,21327679.581150305,231911918.75803125,4333941.1078406069,-44508521.786855757,231506351.93347973,38615716.940491945,88590470.911534771,208058473.53998408,-9672741.4290761184,21419241.852046464,232907544.27127922,4352547.2336619468,381570590004.70514,0.91969338646118437,1,1,1,0.94093760295645379,200,60,25449.561737754273,12262.787273507451,1,1,1,1,4,376120568435.05914,74228094743.55365,377810640680.88489,72728653926.875259,382565459576.20117,1000000000.0000092,381570590004.70514,450348663178.61279,450539294607.76013,383565459576.20117,1272.7504669936795,1502.1636530307298,1502.7995150358911,1279.4044682328258,1,2,2,2,0.94093760295645379,0.88536357265743704,0.88536357265743704,0.88536357265743704,60,120,120,120,0.018831224535316802,0.019380910736171288,0.49761300507117567,0.019207904084073867,0.51834301386773052,0.018733409889806894,1,0.018831224535316802,0.019380910736171288,0.019207904084073867,0.018733409889806894,0.01771900727499575,0.017159152370731491,0.017005978583137016,0.016585878708095594,1,1,1,1,0,Direct_Earth_to_Mars,0.01771900727499575,0.01771900727499575,0.0072692875869422458,0.0072013488714944198,0.008249808952280311,1272.7504669936795,60,0.018831224535316802,0.01771900727499575,0,25449.561737754273,8192,100000000,8.1920000000000002e-05,8.1920000000000002e-05,60,1272.7504669936795,1332.7505489136795,26782.312286667951,1500,26949.561737754273,DELIVERED_MECHANICALLY,1,0,0,200,192,0,8,8,0,0,0,0.95999999999999996,1572864,36.408888888888889,1332.7505489136745,1332.7505489136795,1332.7505489136795,12000,60,200,0,0,0,0,0
51,100050,B1,5.3980865405320388,670.07153387816243,115072196.46396285,93801063.835557222,-413.90775640709995,203068130.97451708,-40192061.414787605,-5832309.0246972255,204240552.77360854,39225211.498471409,-27272508.462647941,171947099.54230946,-111291304.0649876,29081185.64441058,204048712.21043336,-40386141.997826412,-5860472.2463915301,160410264962.67419,0.98650970820302564,1,1,1,0.90696447405298086,200,60,29092.712594668992,30813.363940257681,1,1,1,1,4,108042984810.18686,82268827400.134689,214810086829.59082,85103307884.278458,161112900934.36026,999999999.99999905,160410264962.67419,190311812210.32153,299913394713.86926,162112900934.36026,535.05758826775912,634.79590463749673,1000.3782345359215,540.7368276663118,1,2,2,2,0.90696447405298086,0.82258455719420021,0.82258455719420021,0.82258455719420021,60,120,120,120,0.1142937116555566,0.25193789811495826,0.43452626685959123,0.063734899830024061,0.40606332535276124,0.11329898363675826,1,0.1142937116555566,0.25193789811495826,0.063734899830024061,0.11329898363675826,0.10366033607924494,0.20724022436133047,0.05242734435449705,0.093197994285395727,1,1,1,1,0,Direct_Earth_to_Mars,0.90696447405298086,0.90696447405298086,0.82258455719420021,0.82258455719420021,0.82258455719420021,535.05758826775912,60,0.1142937116555566,0.10366033607924494,0,29092.712594668992,8192,100000000,8.1920000000000002e-05,8.1920000000000002e-05,60,535.05758826775912,595.05767018775907,29687.77026485675,1500,30592.712594668992,DELIVERED_MECHANICALLY,1,0,0,200,184,0,16,16,0,0,0,0.92000000000000004,1507328,34.891851851851854,595.05767018775828,595.05767018775907,595.05767018775907,12000,60,200,0,0,0,0,0
51,100050,B2,5.3980865405320388,670.07153387816243,115072196.46396285,93801063.835557222,-413.90775640709995,203068130.97451708,-40192061.414787605,-5832309.0246972255,204240552.77360854,39225211.498471409,-27272508.462647941,171947099.54230946,-111291304.0649876,29081185.64441058,204048712.21043336,-40386141.997826412,-5860472.2463915301,160410264962.67419,0.98650970820302564,1,1,1,0.90696447405298086,200,60,29092.712594668992,30813.363940257681,1,1,1,1,4,108042984810.18686,82268827400.134689,214810086829.59082,85103307884.278458,161112900934.36026,999999999.99999905,160410264962.67419,190311812210.32153,299913394713.86926,162112900934.36026,535.05758826775912,634.79590463749673,1000.3782345359215,540.7368276663118,1,2,2,2,0.90696447405298086,0.82258455719420021,0.82258455719420021,0.82258455719420021,60,120,120,120,0.1142937116555566,0.25193789811495826,0.43452626685959123,0.063734899830024061,0.40606332535276124,0.11329898363675826,1,0.1142937116555566,0.25193789811495826,0.063734899830024061,0.11329898363675826,0.10366033607924494,0.20724022436133047,0.05242734435449705,0.093197994285395727,1,1,1,1,0,Direct_Earth_to_Mars,0.90696447405298086,0.90696447405298086,0.4112922785971001,0.4112922785971001,0.4112922785971001,535.05758826775912,60,0.1142937116555566,0.10366033607924494,0,29092.712594668992,8192,100000000,8.1920000000000002e-05,8.1920000000000002e-05,60,535.05758826775912,595.05767018775907,29687.77026485675,1500,30592.712594668992,DELIVERED_MECHANICALLY,1,0,0,200,184,0,16,16,0,0,0,0.92000000000000004,1507328,34.891851851851854,595.05767018775828,595.05767018775907,595.05767018775907,12000,60,200,0,0,0,0,0
51,100050,B3,5.3980865405320388,670.07153387816243,115072196.46396285,93801063.835557222,-413.90775640709995,203068130.97451708,-40192061.414787605,-5832309.0246972255,204240552.77360854,39225211.498471409,-27272508.462647941,171947099.54230946,-111291304.0649876,29081185.64441058,204048712.21043336,-40386141.997826412,-5860472.2463915301,160410264962.67419,0.98650970820302564,1,1,1,0.90696447405298086,200,60,29092.712594668992,30813.363940257681,1,1,1,1,4,108042984810.18686,82268827400.134689,214810086829.59082,85103307884.278458,161112900934.36026,999999999.99999905,160410264962.67419,190311812210.32153,299913394713.86926,162112900934.36026,535.05758826775912,634.79590463749673,1000.3782345359215,540.7368276663118,1,2,2,2,0.90696447405298086,0.82258455719420021,0.82258455719420021,0.82258455719420021,60,120,120,120,0.1142937116555566,0.25193789811495826,0.43452626685959123,0.063734899830024061,0.40606332535276124,0.11329898363675826,1,0.1142937116555566,0.25193789811495826,0.063734899830024061,0.11329898363675826,0.10366033607924494,0.20724022436133047,0.05242734435449705,0.093197994285395727,1,1,1,1,0,Direct_Earth_to_Mars,0.10366033607924494,0.10366033607924494,0.10362011218066523,0.026213672177248525,0.046598997142697864,535.05758826775912,60,0.1142937116555566,0.10366033607924494,0,29092.712594668992,8192,100000000,8.1920000000000002e-05,8.1920000000000002e-05,60,535.05758826775912,595.05767018775907,29687.77026485675,1500,30592.712594668992,DELIVERED_MECHANICALLY,1,0,0,200,184,0,16,16,0,0,0,0.92000000000000004,1507328,34.891851851851854,595.05767018775828,595.05767018775907,595.05767018775907,12000,60,200,0,0,0,0,0
51,100050,B4,5.3980865405320388,670.07153387816243,115072196.46396285,93801063.835557222,-413.90775640709995,203068130.97451708,-40192061.414787605,-5832309.0246972255,204240552.77360854,39225211.498471409,-27272508.462647941,171947099.54230946,-111291304.0649876,29081185.64441058,204048712.21043336,-40386141.997826412,-5860472.2463915301,160410264962.67419,0.98650970820302564,1,1,1,0.90696447405298086,200,60,29092.712594668992,30813.363940257681,1,1,1,1,4,108042984810.18686,82268827400.134689,214810086829.59082,85103307884.278458,161112900934.36026,999999999.99999905,160410264962.67419,190311812210.32153,299913394713.86926,162112900934.36026,535.05758826775912,634.79590463749673,1000.3782345359215,540.7368276663118,1,2,2,2,0.90696447405298086,0.82258455719420021,0.82258455719420021,0.82258455719420021,60,120,120,120,0.1142937116555566,0.25193789811495826,0.43452626685959123,0.063734899830024061,0.40606332535276124,0.11329898363675826,1,0.1142937116555566,0.25193789811495826,0.063734899830024061,0.11329898363675826,0.10366033607924494,0.20724022436133047,0.05242734435449705,0.093197994285395727,1,1,1,1,0,Direct_Earth_to_Mars,0.10366033607924494,0.10366033607924494,0.087339453380818874,0.014020521169482335,0.046109578174050939,535.05758826775912,60,0.1142937116555566,0.10366033607924494,0,29092.712594668992,8192,100000000,8.1920000000000002e-05,8.1920000000000002e-05,60,535.05758826775912,595.05767018775907,29687.77026485675,1500,30592.712594668992,DELIVERED_MECHANICALLY,1,0,0,200,184,0,16,16,0,0,0,0.92000000000000004,1507328,34.891851851851854,595.05767018775828,595.05767018775907,595.05767018775907,12000,60,200,0,0,0,0,0
52,100051,B1,2.5563821275258456,317.32705293033956,91641344.470218077,116223102.30675754,-259.21891218288897,-235178332.18970555,81904405.144752905,7495686.6392576508,-243839383.87367547,15132444.826733215,40995868.20794224,-203858805.6152131,138289631.56290793,-35067620.635554358,-236122272.78137517,82233146.708369076,7525772.2462748978,328702088875.78278,0.99423813944051398,1,0,1,0.98564280690479644,200,60,25985.431600594195,35051.801041876963,1,1,0,1,3,352770920830.9151,75204857995.467484,298390667164.12274,77277691666.140045,329607261790.5199,999999999.99999607,328702088875.78278,427975778826.38257,375668358830.26282,330607261790.5199,1096.4045659632513,1427.537621168721,1253.0632382597159,1102.7593788876582,1,2,2,2,0.98564280690479644,0.97149174280316586,0.97149174280316586,0.97149174280316586,60,120,120,120,0.027432840364294889,0.023817169467638954,0.52406350022828485,0.033289343714679703,0.49632645267389836,0.027282374214679977,1,0.027432840364294889,0.023817169467638954,0.033289343714679703,0.027282374214679977,0.027038981778034814,0.023138183474754919,0,0.026504601273627606,1,1,0,1,0,Direct_Earth_to_Mars,0.98564280690479644,0.98564280690479644,0.97149174280316586,-1,0.97149174280316586,1096.4045659632513,60,0.027432840364294889,0.027038981778034814,0,25985.431600594195,8192,100000000,8.1920000000000002e-05,8.1920000000000002e-05,60,1096.4045659632513,1156.4046478832513,27141.836248477444,1500,27485.431600594195,DELIVERED_MECHANICALLY,1,0,0,200,198,0,2,2,0,0,0,0.98999999999999999,1622016,37.546666666666667,1156.404647883254,1156.4046478832513,1156.4046478832513,12000,60,200,0,0,0,0,0
52,100051,B2,2.5563821275258456,317.32705293033956,91641344.470218077,116223102.30675754,-259.21891218288897,-235178332.18970555,81904405.144752905,7495686.6392576508,-243839383.87367547,15132444.826733215,40995868.20794224,-203858805.6152131,138289631.56290793,-35067620.635554358,-236122272.78137517,82233146.708369076,7525772.2462748978,328702088875.78278,0.99423813944051398,1,0,1,0.98564280690479644,200,60,25985.431600594195,35051.801041876963,1,1,0,1,3,352770920830.9151,75204857995.467484,298390667164.12274,77277691666.140045,329607261790.5199,999999999.99999607,328702088875.78278,427975778826.38257,375668358830.26282,330607261790.5199,1096.4045659632513,1427.537621168721,1253.0632382597159,1102.7593788876582,1,2,2,2,0.98564280690479644,0.97149174280316586,0.97149174280316586,0.97149174280316586,60,120,120,120,0.027432840364294889,0.023817169467638954,0.52406350022828485,0.033289343714679703,0.49632645267389836,0.027282374214679977,1,0.027432840364294889,0.023817169467638954,0.033289343714679703,0.027282374214679977,0.027038981778034814,0.023138183474754919,0,0.026504601273627606,1,1,0,1,0,Direct_Earth_to_Mars,0.98564280690479644,0.98564280690479644,0.48574587140158293,-1,0.48574587140158293,1096.4045659632513,60,0.027432840364294889,0.027038981778034814,0,25985.431600594195,8192,100000000,8.1920000000000002e-05,8.1920000000000002e-05,60,1096.4045659632513,1156.4046478832513,27141.836248477444,1500,27485.431600594195,DELIVERED_MECHANICALLY,1,0,0,200,198,0,2,2,0,0,0,0.98999999999999999,1622016,37.546666666666667,1156.404647883254,1156.4046478832513,1156.4046478832513,12000,60,200,0,0,0,0,0
52,100051,B3,2.5563821275258456,317.32705293033956,91641344.470218077,116223102.30675754,-259.21891218288897,-235178332.18970555,81904405.144752905,7495686.6392576508,-243839383.87367547,15132444.826733215,40995868.20794224,-203858805.6152131,138289631.56290793,-35067620.635554358,-236122272.78137517,82233146.708369076,7525772.2462748978,328702088875.78278,0.99423813944051398,1,0,1,0.98564280690479644,200,60,25985.431600594195,35051.801041876963,1,1,0,1,3,352770920830.9151,75204857995.467484,298390667164.12274,77277691666.140045,329607261790.5199,999999999.99999607,328702088875.78278,427975778826.38257,375668358830.26282,330607261790.5199,1096.4045659632513,1427.537621168721,1253.0632382597159,1102.7593788876582,1,2,2,2,0.98564280690479644,0.97149174280316586,0.97149174280316586,0.97149174280316586,60,120,120,120,0.027432840364294889,0.023817169467638954,0.52406350022828485,0.033289343714679703,0.49632645267389836,0.027282374214679977,1,0.027432840364294889,0.023817169467638954,0.033289343714679703,0.027282374214679977,0.027038981778034814,0.023138183474754919,0,0.026504601273627606,1,1,0,1,0,Direct_Earth_to_Mars,0.027038981778034814,0.027038981778034814,0.01156909173737746,-1,0.013252300636813803,1096.4045659632513,60,0.027432840364294889,0.027038981778034814,0,25985.431600594195,8192,100000000,8.1920000000000002e-05,8.1920000000000002e-05,60,1096.4045659632513,1156.4046478832513,27141.836248477444,1500,27485.431600594195,DELIVERED_MECHANICALLY,1,0,0,200,198,0,2,2,0,0,0,0.98999999999999999,1622016,37.546666666666667,1156.404647883254,1156.4046478832513,1156.4046478832513,12000,60,200,0,0,0,0,0
52,100051,B4,2.5563821275258456,317.32705293033956,91641344.470218077,116223102.30675754,-259.21891218288897,-235178332.18970555,81904405.144752905,7495686.6392576508,-243839383.87367547,15132444.826733215,40995868.20794224,-203858805.6152131,138289631.56290793,-35067620.635554358,-236122272.78137517,82233146.708369076,7525772.2462748978,328702088875.78278,0.99423813944051398,1,0,1,0.98564280690479644,200,60,25985.431600594195,35051.801041876963,1,1,0,1,3,352770920830.9151,75204857995.467484,298390667164.12274,77277691666.140045,329607261790.5199,999999999.99999607,328702088875.78278,427975778826.38257,375668358830.26282,330607261790.5199,1096.4045659632513,1427.537621168721,1253.0632382597159,1102.7593788876582,1,2,2,2,0.98564280690479644,0.97149174280316586,0.97149174280316586,0.97149174280316586,60,120,120,120,0.027432840364294889,0.023817169467638954,0.52406350022828485,0.033289343714679703,0.49632645267389836,0.027282374214679977,1,0.027432840364294889,0.023817169467638954,0.033289343714679703,0.027282374214679977,0.027038981778034814,0.023138183474754919,0,0.026504601273627606,1,1,0,1,0,Direct_Earth_to_Mars,0.027038981778034814,0.027038981778034814,0.0088855136402805866,-1,0.01317593230753249,1096.4045659632513,60,0.027432840364294889,0.027038981778034814,0,25985.431600594195,8192,100000000,8.1920000000000002e-05,8.1920000000000002e-05,60,1096.4045659632513,1156.4046478832513,27141.836248477444,1500,27485.431600594195,DELIVERED_MECHANICALLY,1,0,0,200,198,0,2,2,0,0,0,0.98999999999999999,1622016,37.546666666666667,1156.404647883254,1156.4046478832513,1156.4046478832513,12000,60,200,0,0,0,0,0
53,100052,B1,4.9415136588678772,613.39654564914372,144484225.61054733,-43187257.777959384,175.42631080824867,141673104.21306339,-152258644.21991885,-6671225.2853747094,183506059.44219619,-85762282.666968346,-40974223.806721829,77136633.404595286,-195451825.24088806,26566771.307476066,142353953.74386439,-152990365.50924435,-6703285.7151270229,109311377867.71571,0.9273873324803884,1,1,1,0.92544129961344457,200,60,27030.791875468196,13665.084828661371,1,1,1,1,4,70811281956.991104,85723147110.56102,168600061379.95657,84471127426.055054,110028164198.7583,1000000000.0000113,109311377867.71571,156534429067.55212,253071188806.01163,111028164198.75832,364.61433578290763,522.1295165695534,844.13338494333436,370.34077451220253,1,2,2,2,0.92544129961344457,0.85644159903022132,0.85644159903022132,0.85644159903022132,60,120,120,120,0.23137461419784394,0.55136796692874934,0.37622723552422188,0.097259266075467032,0.38746266694013876,0.22836982076729756,1,0.23137461419784394,0.37622723552422188,0.097259266075467032,0.22836982076729756,0.21412362366081203,0.32221665519108428,0.08329688135817874,0.19558541446818936,1,1,1,1,0,Direct_Earth_to_Mars,0.92544129961344457,0.92544129961344457,0.85644159903022132,0.85644159903022132,0.85644159903022132,364.61433578290763,60,0.23137461419784394,0.21412362366081203,0,27030.791875468196,8192,100000000,8.1920000000000002e-05,8.1920000000000002e-05,60,364.61433578290763,424.61441770290764,27455.406293171105,1500,28530.791875468196,DELIVERED_MECHANICALLY,1,0,0,200,184,0,16,16,0,0,0,0.92000000000000004,1507328,34.891851851851854,424.61441770290668,424.61441770290764,424.61441770290764,12000,60,200,0,0,0,0,0
53,100052,B2,4.9415136588678772,613.39654564914372,144484225.61054733,-43187257.777959384,175.42631080824867,141673104.21306339,-152258644.21991885,-6671225.2853747094,183506059.44219619,-85762282.666968346,-40974223.806721829,77136633.404595286,-195451825.24088806,26566771.307476066,142353953.74386439,-152990365.50924435,-6703285.7151270229,109311377867.71571,0.9273873324803884,1,1,1,0.92544129961344457,200,60,27030.791875468196,13665.084828661371,1,1,1,1,4,70811281956.991104,85723147110.56102,168600061379.95657,84471127426.055054,110028164198.7583,1000000000.0000113,109311377867.71571,156534429067.55212,253071188806.01163,111028164198.75832,364.61433578290763,522.1295165695534,844.13338494333436,370.34077451220253,1,2,2,2,0.92544129961344457,0.85644159903022132,0.85644159903022132,0.85644159903022132,60,120,120,120,0.23137461419784394,0.55136796692874934,0.37622723552422188,0.097259266075467032,0.38746266694013876,0.22836982076729756,1,0.23137461419784394,0.37622723552422188,0.097259266075467032,0.22836982076729756,0.21412362366081203,0.32221665519108428,0.08329688135817874,0.19558541446818936,1,1,1,1,0,Direct_Earth_to_Mars,0.92544129961344457,0.92544129961344457,0.42822079951511066,0.42822079951511066,0.42822079951511066,364.61433578290763,60,0.23137461419784394,0.21412362366081203,0,27030.791875468196,8192,100000000,8.1920000000000002e-05,8.1920000000000002e-05,60,364.61433578290763,424.61441770290764,27455.406293171105,1500,28530.791875468196,DELIVERED_MECHANICALLY,1,0,0,200,184,0,16,16,0,0,0,0.92000000000000004,1507328,34.891851851851854,424.61441770290668,424.61441770290764,424.61441770290764,12000,60,200,0,0,0,0,0
53,100052,B3,4.9415136588678772,613.39654564914372,144484225.61054733,-43187257.777959384,175.42631080824867,141673104.21306339,-152258644.21991885,-6671225.2853747094,183506059.44219619,-85762282.666968346,-40974223.806721829,77136633.404595286,-195451825.24088806,26566771.307476066,142353953.74386439,-152990365.50924435,-6703285.7151270229,109311377867.71571,0.9273873324803884,1,1,1,0.92544129961344457,200,60,27030.791875468196,13665.084828661371,1,1,1,1,4,70811281956.991104,85723147110.56102,168600061379.95657,84471127426.055054,110028164198.7583,1000000000.0000113,109311377867.71571,156534429067.55212,253071188806.01163,111028164198.75832,364.61433578290763,522.1295165695534,844.13338494333436,370.34077451220253,1,2,2,2,0.92544129961344457,0.85644159903022132,0.85644159903022132,0.85644159903022132,60,120,120,120,0.23137461419784394,0.55136796692874934,0.37622723552422188,0.097259266075467032,0.38746266694013876,0.22836982076729756,1,0.23137461419784394,0.37622723552422188,0.097259266075467032,0.22836982076729756,0.21412362366081203,0.32221665519108428,0.08329688135817874,0.19558541446818936,1,1,1,1,0,Direct_Earth_to_Mars,0.21412362366081203,0.21412362366081203,0.16110832759554214,0.04164844067908937,0.097792707234094681,364.61433578290763,60,0.23137461419784394,0.21412362366081203,0,27030.791875468196,8192,100000000,8.1920000000000002e-05,8.1920000000000002e-05,60,364.61433578290763,424.61441770290764,27455.406293171105,1500,28530.791875468196,DELIVERED_MECHANICALLY,1,0,0,200,184,0,16,16,0,0,0,0.92000000000000004,1507328,34.891851851851854,424.61441770290668,424.61441770290764,424.61441770290764,12000,60,200,0,0,0,0,0
53,100052,B4,4.9415136588678772,613.39654564914372,144484225.61054733,-43187257.777959384,175.42631080824867,141673104.21306339,-152258644.21991885,-6671225.2853747094,183506059.44219619,-85762282.666968346,-40974223.806721829,77136633.404595286,-195451825.24088806,26566771.307476066,142353953.74386439,-152990365.50924435,-6703285.7151270229,109311377867.71571,0.9273873324803884,1,1,1,0.92544129961344457,200,60,27030.791875468196,13665.084828661371,1,1,1,1,4,70811281956.991104,85723147110.56102,168600061379.95657,84471127426.055054,110028164198.7583,1000000000.0000113,109311377867.71571,156534429067.55212,253071188806.01163,111028164198.75832,364.61433578290763,522.1295165695534,844.13338494333436,370.34077451220253,1,2,2,2,0.92544129961344457,0.85644159903022132,0.85644159903022132,0.85644159903022132,60,120,120,120,0.23137461419784394,0.55136796692874934,0.37622723552422188,0.097259266075467032,0.38746266694013876,0.22836982076729756,1,0.23137461419784394,0.37622723552422188,0.097259266075467032,0.22836982076729756,0.21412362366081203,0.32221665519108428,0.08329688135817874,0.19558541446818936,1,1,1,1,0,Direct_Earth_to_Mars,0.21412362366081203,0.21412362366081203,0.11250543014937664,0.017989595963698785,0.096280575746856931,364.61433578290763,60,0.23137461419784394,0.21412362366081203,0,27030.791875468196,8192,100000000,8.1920000000000002e-05,8.1920000000000002e-05,60,364.61433578290763,424.61441770290764,27455.406293171105,1500,28530.791875468196,DELIVERED_MECHANICALLY,1,0,0,200,184,0,16,16,0,0,0,0.92000000000000004,1507328,34.891851851851854,424.61441770290668,424.61441770290764,424.61441770290764,12000,60,200,0,0,0,0,0
54,100053,B1,1.962658243343268,243.62733159628527,140925534.88290557,-54134823.663130932,96.057495219179287,-152937790.53637606,192949915.79167727,7800747.7722722422,-196081192.83171692,144134620.17801067,50927805.027880564,-92415030.607411355,222038961.07022586,-30701100.085117824,-153558645.66667914,193733201.23532516,7832415.1205295306,384014807872.17609,0.92960177060663618,1,1,0,0.82743368075005241,200,60,28826.788755083151,7513.1768420569388,1,1,1,0,3,394306908926.23932,78129567482.456985,362853058856.99048,77405227944.048843,384994591628.15167,999999999.99999142,384014807872.17609,472436476408.69629,440258286801.03931,385994591628.15167,1280.9032951039896,1575.8388139049243,1468.5066270881898,1287.5069767450022,1,2,2,2,0.82743368075005241,0.68464649603957961,0.68464649603957961,0.68464649603957961,60,120,120,120,0.018792574685352482,0.017824339854901471,0.45399533199934938,0.021048475711351919,0.46253184594164914,0.018697044876063891,1,0.018792574685352482,0.017824339854901471,0.021048475711351919,0.018697044876063891,0.015549609242671463,0.01220337182587692,0.014410765142751289,0,1,1,1,0,0,Direct_Earth_to_Mars,0.82743368075005241,0.82743368075005241,0.68464649603957961,0.68464649603957961,-1,1280.9032951039896,60,0.018792574685352482,0.015549609242671463,0,28826.788755083151,8192,100000000,8.1920000000000002e-05,8.1920000000000002e-05,60,1280.9032951039896,1340.9033770239896,30167.692132107142,1500,30326.788755083151,DELIVERED_MECHANICALLY,1,0,0,200,169,0,31,31,0,0,0,0.84499999999999997,1384448,32.047407407407405,1340.903377023991,1340.9033770239896,1340.9033770239896,12000,60,200,0,0,0,0,0
54,100053,B2,1.962658243343268,243.62733159628527,140925534.88290557,-54134823.663130932,96.057495219179287,-152937790.53637606,192949915.79167727,7800747.7722722422,-196081192.83171692,144134620.17801067,50927805.027880564,-92415030.607411355,222038961.07022586,-30701100.085117824,-153558645.66667914,193733201.23532516,7832415.1205295306,384014807872.17609,0.92960177060663618,1,1,0,0.82743368075005241,200,60,28826.788755083151,7513.1768420569388,1,1,1,0,3,394306908926.23932,78129567482.456985,362853058856.99048,77405227944.048843,384994591628.15167,999999999.99999142,384014807872.17609,472436476408.69629,440258286801.03931,385994591628.15167,1280.9032951039896,1575.8388139049243,1468.5066270881898,1287.5069767450022,1,2,2,2,0.82743368075005241,0.68464649603957961,0.68464649603957961,0.68464649603957961,60,120,120,120,0.018792574685352482,0.017824339854901471,0.45399533199934938,0.021048475711351919,0.46253184594164914,0.018697044876063891,1,0.018792574685352482,0.017824339854901471,0.021048475711351919,0.018697044876063891,0.015549609242671463,0.01220337182587692,0.014410765142751289,0,1,1,1,0,0,Direct_Earth_to_Mars,0.82743368075005241,0.82743368075005241,0.34232324801978981,0.34232324801978981,-1,1280.9032951039896,60,0.018792574685352482,0.015549609242671463,0,28826.788755083151,8192,100000000,8.1920000000000002e-05,8.1920000000000002e-05,60,1280.9032951039896,1340.9033770239896,30167.692132107142,1500,30326.788755083151,DELIVERED_MECHANICALLY,1,0,0,200,169,0,31,31,0,0,0,0.84499999999999997,1384448,32.047407407407405,1340.903377023991,1340.9033770239896,1340.9033770239896,12000,60,200,0,0,0,0,0
54,100053,B3,1.962658243343268,243.62733159628527,140925534.88290557,-54134823.663130932,96.057495219179287,-152937790.53637606,192949915.79167727,7800747.7722722422,-196081192.83171692,144134620.17801067,50927805.027880564,-92415030.607411355,222038961.07022586,-30701100.085117824,-153558645.66667914,193733201.23532516,7832415.1205295306,384014807872.17609,0.92960177060663618,1,1,0,0.82743368075005241,200,60,28826.788755083151,7513.1768420569388,1,1,1,0,3,394306908926.23932,78129567482.456985,362853058856.99048,77405227944.048843,384994591628.15167,999999999.99999142,384014807872.17609,472436476408.69629,440258286801.03931,385994591628.15167,1280.9032951039896,1575.8388139049243,1468.5066270881898,1287.5069767450022,1,2,2,2,0.82743368075005241,0.68464649603957961,0.68464649603957961,0.68464649603957961,60,120,120,120,0.018792574685352482,0.017824339854901471,0.45399533199934938,0.021048475711351919,0.46253184594164914,0.018697044876063891,1,0.018792574685352482,0.017824339854901471,0.021048475711351919,0.018697044876063891,0.015549609242671463,0.01220337182587692,0.014410765142751289,0,1,1,1,0,0,Direct_Earth_to_Mars,0.015549609242671463,0.015549609242671463,0.00610168591293846,0.0072053825713756445,-1,1280.9032951039896,60,0.018792574685352482,0.015549609242671463,0,28826.788755083151,8192,100000000,8.1920000000000002e-05,8.1920000000000002e-05,60,1280.9032951039896,1340.9033770239896,30167.692132107142,1500,30326.788755083151,DELIVERED_MECHANICALLY,1,0,0,200,169,0,31,31,0,0,0,0.84499999999999997,1384448,32.047407407407405,1340.903377023991,1340.9033770239896,1340.9033770239896,12000,60,200,0,0,0,0,0
54,100053,B4,1.962658243343268,243.62733159628527,140925534.88290557,-54134823.663130932,96.057495219179287,-152937790.53637606,192949915.79167727,7800747.7722722422,-196081192.83171692,144134620.17801067,50927805.027880564,-92415030.607411355,222038961.07022586,-30701100.085117824,-153558645.66667914,193733201.23532516,7832415.1205295306,384014807872.17609,0.92960177060663618,1,1,0,0.82743368075005241,200,60,28826.788755083151,7513.1768420569388,1,1,1,0,3,394306908926.23932,78129567482.456985,362853058856.99048,77405227944.048843,384994591628.15167,999999999.99999142,384014807872.17609,472436476408.69629,440258286801.03931,385994591628.15167,1280.9032951039896,1575.8388139049243,1468.5066270881898,1287.5069767450022,1,2,2,2,0.82743368075005241,0.68464649603957961,0.68464649603957961,0.68464649603957961,60,120,120,120,0.018792574685352482,0.017824339854901471,0.45399533199934938,0.021048475711351919,0.46253184594164914,0.018697044876063891,1,0.018792574685352482,0.017824339854901471,0.021048475711351919,0.018697044876063891,0.015549609242671463,0.01220337182587692,0.014410765142751289,0,1,1,1,0,0,Direct_Earth_to_Mars,0.015549609242671463,0.015549609242671463,0.0049596884672520923,0.0062848870464141645,-1,1280.9032951039896,60,0.018792574685352482,0.015549609242671463,0,28826.788755083151,8192,100000000,8.1920000000000002e-05,8.1920000000000002e-05,60,1280.9032951039896,1340.9033770239896,30167.692132107142,1500,30326.788755083151,DELIVERED_MECHANICALLY,1,0,0,200,169,0,31,31,0,0,0,0.84499999999999997,1384448,32.047407407407405,1340.903377023991,1340.9033770239896,1340.9033770239896,12000,60,200,0,0,0,0,0
55,100054,B1,3.2287025810460541,400.78306908815864,-107045264.67783278,101481452.72333544,-278.73478770281065,-230985144.47604033,-74842698.135161504,4108925.1708488637,-195920446.3641724,-134003848.37843476,13045383.015078753,-244987121.60004207,-11537273.741478261,-25630656.093863539,-231936317.36974254,-75150892.611993268,4125845.298996618,215564805887.00519,0.87439242720767885,1,1,1,0.91284612462321213,200,60,10964.836254771255,37396.731316375801,1,1,1,1,4,252036335168.6879,69350090343.02179,180161329553.38742,71330742424.608536,216364935608.09332,999999999.99998748,215564805887.00519,321386425511.70972,251492071977.99597,217364935608.09332,719.0287054269686,1072.0027535413933,838.8661506937824,725.0331407875027,1,2,2,2,0.91284612462321213,0.83328804723961691,0.83328804723961691,0.83328804723961691,60,120,120,120,0.056096524926998438,0.041036032129273758,0.54199790863527286,0.08030979489043602,0.51231631278075429,0.055682395862887757,1,0.056096524926998438,0.041036032129273758,0.08030979489043602,0.055682395862887757,0.051207495384439944,0.034194835079464712,0.066921192158465592,0.046399474914209066,1,1,1,1,0,Direct_Earth_to_Mars,0.91284612462321213,0.91284612462321213,0.83328804723961691,0.83328804723961691,0.83328804723961691,719.0287054269686,60,0.056096524926998438,0.051207495384439944,0,10964.836254771255,8192,100000000,8.1920000000000002e-05,8.1920000000000002e-05,60,719.0287054269686,779.02878734696856,11743.865042118223,1500,12464.836254771255,DELIVERED_MECHANICALLY,1,0,0,200,183,0,17,17,0,0,0,0.91500000000000004,1499136,34.702222222222225,779.02878734696674,779.02878734696856,779.02878734696856,12000,60,200,0,0,0,0,0
55,100054,B2,3.2287025810460541,400.78306908815864,-107045264.67783278,101481452.72333544,-278.73478770281065,-230985144.47604033,-74842698.135161504,4108925.1708488637,-195920446.3641724,-134003848.37843476,13045383.015078753,-244987121.60004207,-11537273.741478261,-25630656.093863539,-231936317.36974254,-75150892.611993268,4125845.298996618,215564805887.00519,0.87439242720767885,1,1,1,0.91284612462321213,200,60,10964.836254771255,37396.731316375801,1,1,1,1,4,252036335168.6879,69350090343.02179,180161329553.38742,71330742424.608536,216364935608.09332,999999999.99998748,215564805887.00519,321386425511.70972,251492071977.99597,217364935608.09332,719.0287054269686,1072.0027535413933,838.8661506937824,725.0331407875027,1,2,2,2,0.91284612462321213,0.83328804723961691,0.83328804723961691,0.83328804723961691,60,120,120,120,0.056096524926998438,0.041036032129273758,0.54199790863527286,0.08030979489043602,0.51231631278075429,0.055682395862887757,1,0.056096524926998438,0.041036032129273758,0.08030979489043602,0.055682395862887757,0.051207495384439944,0.034194835079464712,0.066921192158465592,0.046399474914209066,1,1,1,1,0,Direct_Earth_to_Mars,0.91284612462321213,0.91284612462321213,0.41664402361980846,0.41664402361980846,0.41664402361980846,719.0287054269686,60,0.056096524926998438,0.051207495384439944,0,10964.836254771255,8192,100000000,8.1920000000000002e-05,8.1920000000000002e-05,60,719.0287054269686,779.02878734696856,11743.865042118223,1500,12464.836254771255,DELIVERED_MECHANICALLY,1,0,0,200,183,0,17,17,0,0,0,0.91500000000000004,1499136,34.702222222222225,779.02878734696674,779.02878734696856,779.02878734696856,12000,60,200,0,0,0,0,0
55,100054,B3,3.2287025810460541,400.78306908815864,-107045264.67783278,101481452.72333544,-278.73478770281065,-230985144.47604033,-74842698.135161504,4108925.1708488637,-195920446.3641724,-134003848.37843476,13045383.015078753,-244987121.60004207,-11537273.741478261,-25630656.093863539,-231936317.36974254,-75150892.611993268,4125845.298996618,215564805887.00519,0.87439242720767885,1,1,1,0.91284612462321213,200,60,10964.836254771255,37396.731316375801,1,1,1,1,4,252036335168.6879,69350090343.02179,180161329553.38742,71330742424.608536,216364935608.09332,999999999.99998748,215564805887.00519,321386425511.70972,251492071977.99597,217364935608.09332,719.0287054269686,1072.0027535413933,838.8661506937824,725.0331407875027,1,2,2,2,0.91284612462321213,0.83328804723961691,0.83328804723961691,0.83328804723961691,60,120,120,120,0.056096524926998438,0.041036032129273758,0.54199790863527286,0.08030979489043602,0.51231631278075429,0.055682395862887757,1,0.056096524926998438,0.041036032129273758,0.08030979489043602,0.055682395862887757,0.051207495384439944,0.034194835079464712,0.066921192158465592,0.046399474914209066,1,1,1,1,0,Direct_Earth_to_Mars,0.051207495384439944,0.051207495384439944,0.017097417539732356,0.033460596079232796,0.023199737457104533,719.0287054269686,60,0.056096524926998438,0.051207495384439944,0,10964.836254771255,8192,100000000,8.1920000000000002e-05,8.1920000000000002e-05,60,719.0287054269686,779.02878734696856,11743.865042118223,1500,12464.836254771255,DELIVERED_MECHANICALLY,1,0,0,200,183,0,17,17,0,0,0,0.91500000000000004,1499136,34.702222222222225,779.02878734696674,779.02878734696856,779.02878734696856,12000,60,200,0,0,0,0,0
55,100054,B4,3.2287025810460541,400.78306908815864,-107045264.67783278,101481452.72333544,-278.73478770281065,-230985144.47604033,-74842698.135161504,4108925.1708488637,-195920446.3641724,-134003848.37843476,13045383.015078753,-244987121.60004207,-11537273.741478261,-25630656.093863539,-231936317.36974254,-75150892.611993268,4125845.298996618,215564805887.00519,0.87439242720767885,1,1,1,0.91284612462321213,200,60,10964.836254771255,37396.731316375801,1,1,1,1,4,252036335168.6879,69350090343.02179,180161329553.38742,71330742424.608536,216364935608.09332,999999999.99998748,215564805887.00519,321386425511.70972,251492071977.99597,217364935608.09332,719.0287054269686,1072.0027535413933,838.8661506937824,725.0331407875027,1,2,2,2,0.91284612462321213,0.83328804723961691,0.83328804723961691,0.83328804723961691,60,120,120,120,0.056096524926998438,0.041036032129273758,0.54199790863527286,0.08030979489043602,0.51231631278075429,0.055682395862887757,1,0.056096524926998438,0.041036032129273758,0.08030979489043602,0.055682395862887757,0.051207495384439944,0.034194835079464712,0.066921192158465592,0.046399474914209066,1,1,1,1,0,Direct_Earth_to_Mars,0.051207495384439944,0.051207495384439944,0.01146781942408827,0.028680533910883647,0.023007606482524198,719.0287054269686,60,0.056096524926998438,0.051207495384439944,0,10964.836254771255,8192,100000000,8.1920000000000002e-05,8.1920000000000002e-05,60,719.0287054269686,779.02878734696856,11743.865042118223,1500,12464.836254771255,DELIVERED_MECHANICALLY,1,0,0,200,183,0,17,17,0,0,0,0.91500000000000004,1499136,34.702222222222225,779.02878734696674,779.02878734696856,779.02878734696856,12000,60,200,0,0,0,0,0
56,100055,B1,4.8921642899075604,607.27074401427421,139452099.9486846,-57973607.940576911,233.29130777884114,131512607.734613,-161772307.34414774,-6620832.239035829,177084007.49327487,-98207785.556405976,-41642773.814192146,64640027.376330115,-200958036.3608574,25716284.339764062,132143092.27290669,-162547859.89581186,-6652573.1681319363,104312243017.04601,0.85874329175549013,1,1,1,0.80588279654952977,200,60,27760.351976983227,21893.60950943199,1,1,1,1,4,69058595081.679642,85695608392.50589,163409633298.56769,83983048712.087723,105040257039.80499,1000000000.0000045,104312243017.04601,154754203474.18555,247392682010.6554,106040257039.80499,347.93943634771847,516.19147256232668,825.19240163660902,353.70332568313876,1,2,2,2,0.80588279654952977,0.64944708177449084,0.64944708177449084,0.64944708177449084,60,120,120,120,0.23527624201085337,0.53680081330214935,0.34860331297935543,0.095872341008416628,0.36296551962887263,0.23202623409156939,1,0.23527624201085337,0.34860331297935543,0.095872341008416628,0.23202623409156939,0.18960507587337047,0.22639940431136188,0.062264012090805024,0.15068876062589462,1,1,1,1,0,Direct_Earth_to_Mars,0.80588279654952977,0.80588279654952977,0.64944708177449084,0.64944708177449084,0.64944708177449084,347.93943634771847,60,0.23527624201085337,0.18960507587337047,0,27760.351976983227,8192,100000000,8.1920000000000002e-05,8.1920000000000002e-05,60,347.93943634771847,407.93951826771848,28168.291495250945,1500,29260.351976983227,DROPPED_CONTACT_NOT_REALIZED,0,0,1,200,160,0,40,40,0,0,0,0.80000000000000004,1310720,30.340740740740742,407.93951826771814,407.93951826771848,407.93951826771848,12000,60,200,0,0,0,0,0
56,100055,B2,4.8921642899075604,607.27074401427421,139452099.9486846,-57973607.940576911,233.29130777884114,131512607.734613,-161772307.34414774,-6620832.239035829,177084007.49327487,-98207785.556405976,-41642773.814192146,64640027.376330115,-200958036.3608574,25716284.339764062,132143092.27290669,-162547859.89581186,-6652573.1681319363,104312243017.04601,0.85874329175549013,1,1,1,0.80588279654952977,200,60,27760.351976983227,21893.60950943199,1,1,1,1,4,69058595081.679642,85695608392.50589,163409633298.56769,83983048712.087723,105040257039.80499,1000000000.0000045,104312243017.04601,154754203474.18555,247392682010.6554,106040257039.80499,347.93943634771847,516.19147256232668,825.19240163660902,353.70332568313876,1,2,2,2,0.80588279654952977,0.64944708177449084,0.64944708177449084,0.64944708177449084,60,120,120,120,0.23527624201085337,0.53680081330214935,0.34860331297935543,0.095872341008416628,0.36296551962887263,0.23202623409156939,1,0.23527624201085337,0.34860331297935543,0.095872341008416628,0.23202623409156939,0.18960507587337047,0.22639940431136188,0.062264012090805024,0.15068876062589462,1,1,1,1,0,Direct_Earth_to_Mars,0.80588279654952977,0.80588279654952977,0.32472354088724542,0.32472354088724542,0.32472354088724542,347.93943634771847,60,0.23527624201085337,0.18960507587337047,0,27760.351976983227,8192,100000000,8.1920000000000002e-05,8.1920000000000002e-05,60,347.93943634771847,407.93951826771848,28168.291495250945,1500,29260.351976983227,DROPPED_CONTACT_NOT_REALIZED,0,0,1,200,160,0,40,40,0,0,0,0.80000000000000004,1310720,30.340740740740742,407.93951826771814,407.93951826771848,407.93951826771848,12000,60,200,0,0,0,0,0
56,100055,B3,4.8921642899075604,607.27074401427421,139452099.9486846,-57973607.940576911,233.29130777884114,131512607.734613,-161772307.34414774,-6620832.239035829,177084007.49327487,-98207785.556405976,-41642773.814192146,64640027.376330115,-200958036.3608574,25716284.339764062,132143092.27290669,-162547859.89581186,-6652573.1681319363,104312243017.04601,0.85874329175549013,1,1,1,0.80588279654952977,200,60,27760.351976983227,21893.60950943199,1,1,1,1,4,69058595081.679642,85695608392.50589,163409633298.56769,83983048712.087723,105040257039.80499,1000000000.0000045,104312243017.04601,154754203474.18555,247392682010.6554,106040257039.80499,347.93943634771847,516.19147256232668,825.19240163660902,353.70332568313876,1,2,2,2,0.80588279654952977,0.64944708177449084,0.64944708177449084,0.64944708177449084,60,120,120,120,0.23527624201085337,0.53680081330214935,0.34860331297935543,0.095872341008416628,0.36296551962887263,0.23202623409156939,1,0.23527624201085337,0.34860331297935543,0.095872341008416628,0.23202623409156939,0.18960507587337047,0.22639940431136188,0.062264012090805024,0.15068876062589462,1,1,1,1,0,Direct_Earth_to_Mars,0.18960507587337047,0.18960507587337047,0.11319970215568094,0.031132006045402512,0.075344380312947309,347.93943634771847,60,0.23527624201085337,0.18960507587337047,0,27760.351976983227,8192,100000000,8.1920000000000002e-05,8.1920000000000002e-05,60,347.93943634771847,407.93951826771848,28168.291495250945,1500,29260.351976983227,DROPPED_CONTACT_NOT_REALIZED,0,0,1,200,160,0,40,40,0,0,0,0.80000000000000004,1310720,30.340740740740742,407.93951826771814,407.93951826771848,407.93951826771848,12000,60,200,0,0,0,0,0
56,100055,B4,4.8921642899075604,607.27074401427421,139452099.9486846,-57973607.940576911,233.29130777884114,131512607.734613,-161772307.34414774,-6620832.239035829,177084007.49327487,-98207785.556405976,-41642773.814192146,64640027.376330115,-200958036.3608574,25716284.339764062,132143092.27290669,-162547859.89581186,-6652573.1681319363,104312243017.04601,0.85874329175549013,1,1,1,0.80588279654952977,200,60,27760.351976983227,21893.60950943199,1,1,1,1,4,69058595081.679642,85695608392.50589,163409633298.56769,83983048712.087723,105040257039.80499,1000000000.0000045,104312243017.04601,154754203474.18555,247392682010.6554,106040257039.80499,347.93943634771847,516.19147256232668,825.19240163660902,353.70332568313876,1,2,2,2,0.80588279654952977,0.64944708177449084,0.64944708177449084,0.64944708177449084,60,120,120,120,0.23527624201085337,0.53680081330214935,0.34860331297935543,0.095872341008416628,0.36296551962887263,0.23202623409156939,1,0.23527624201085337,0.34860331297935543,0.095872341008416628,0.23202623409156939,0.18960507587337047,0.22639940431136188,0.062264012090805024,0.15068876062589462,1,1,1,1,0,Direct_Earth_to_Mars,0.18960507587337047,0.18960507587337047,0.076302385173597692,0.013126699439219071,0.074116581085074934,347.93943634771847,60,0.23527624201085337,0.18960507587337047,0,27760.351976983227,8192,100000000,8.1920000000000002e-05,8.1920000000000002e-05,60,347.93943634771847,407.93951826771848,28168.291495250945,1500,29260.351976983227,DROPPED_CONTACT_NOT_REALIZED,0,0,1,200,160,0,40,40,0,0,0,0.80000000000000004,1310720,30.340740740740742,407.93951826771814,407.93951826771848,407.93951826771848,12000,60,200,0,0,0,0,0
57,100056,B1,3.6740869965618215,456.06921839851503,-146305558.87786657,-30790322.048695881,95.101625350262637,-167650708.79513991,-163355095.93952063,698144.53882890439,-108560969.94316398,-199753776.69311029,-9853372.5844646804,-211725480.05786455,-112013234.25622395,-12670240.597544989,-168366928.52842233,-164052964.4071517,701127.07853294839,134274055478.83459,0.97640176095198672,1,1,1,0.90403549490050072,200,60,35051.831308117187,8083.8028959446756,1,1,1,1,4,173408171158.87466,70198260033.989517,105059340191.1445,68973081300.770432,135078226687.53398,999999999.99998164,134274055478.83459,243606431192.8642,174032421491.91492,136078226687.53397,447.87877077663308,812.56314607359639,580.49506835195098,453.89668674961297,1,2,2,2,0.90403549490050072,0.81728017603999326,0.81728017603999326,0.81728017603999326,60,120,120,120,0.16144686907167469,0.096799858713257039,0.59069207489865883,0.26372087103874048,0.61186355158569727,0.15953028397886818,1,0.16144686907167469,0.096799858713257039,0.26372087103874048,0.15953028397886818,0.14595370018134776,0.079112605569817182,0.21553383990796218,0.13038093857395949,1,1,1,1,0,Direct_Earth_to_Mars,0.90403549490050072,0.90403549490050072,0.81728017603999326,0.81728017603999326,0.81728017603999326,447.87877077663308,60,0.16144686907167469,0.14595370018134776,0,35051.831308117187,8192,100000000,8.1920000000000002e-05,8.1920000000000002e-05,60,447.87877077663308,507.87885269663309,35559.710160813818,1500,36551.831308117187,DROPPED_CONTACT_NOT_REALIZED,0,0,1,200,182,0,18,18,0,0,0,0.91000000000000003,1490944,34.51259259259259,507.87885269663406,507.87885269663309,507.87885269663309,12000,60,200,0,0,0,0,0
57,100056,B2,3.6740869965618215,456.06921839851503,-146305558.87786657,-30790322.048695881,95.101625350262637,-167650708.79513991,-163355095.93952063,698144.53882890439,-108560969.94316398,-199753776.69311029,-9853372.5844646804,-211725480.05786455,-112013234.25622395,-12670240.597544989,-168366928.52842233,-164052964.4071517,701127.07853294839,134274055478.83459,0.97640176095198672,1,1,1,0.90403549490050072,200,60,35051.831308117187,8083.8028959446756,1,1,1,1,4,173408171158.87466,70198260033.989517,105059340191.1445,68973081300.770432,135078226687.53398,999999999.99998164,134274055478.83459,243606431192.8642,174032421491.91492,136078226687.53397,447.87877077663308,812.56314607359639,580.49506835195098,453.89668674961297,1,2,2,2,0.90403549490050072,0.81728017603999326,0.81728017603999326,0.81728017603999326,60,120,120,120,0.16144686907167469,0.096799858713257039,0.59069207489865883,0.26372087103874048,0.61186355158569727,0.15953028397886818,1,0.16144686907167469,0.096799858713257039,0.26372087103874048,0.15953028397886818,0.14595370018134776,0.079112605569817182,0.21553383990796218,0.13038093857395949,1,1,1,1,0,Direct_Earth_to_Mars,0.90403549490050072,0.90403549490050072,0.40864008801999663,0.40864008801999663,0.40864008801999663,447.87877077663308,60,0.16144686907167469,0.14595370018134776,0,35051.831308117187,8192,100000000,8.1920000000000002e-05,8.1920000000000002e-05,60,447.87877077663308,507.87885269663309,35559.710160813818,1500,36551.831308117187,DROPPED_CONTACT_NOT_REALIZED,0,0,1,200,182,0,18,18,0,0,0,0.91000000000000003,1490944,34.51259259259259,507.87885269663406,507.87885269663309,507.87885269663309,12000,60,200,0,0,0,0,0
57,100056,B3,3.6740869965618215,456.06921839851503,-146305558.87786657,-30790322.048695881,95.101625350262637,-167650708.79513991,-163355095.93952063,698144.53882890439,-108560969.94316398,-199753776.69311029,-9853372.5844646804,-211725480.05786455,-112013234.25622395,-12670240.597544989,-168366928.52842233,-164052964.4071517,701127.07853294839,134274055478.83459,0.97640176095198672,1,1,1,0.90403549490050072,200,60,35051.831308117187,8083.8028959446756,1,1,1,1,4,173408171158.87466,70198260033.989517,105059340191.1445,68973081300.770432,135078226687.53398,999999999.99998164,134274055478.83459,243606431192.8642,174032421491.91492,136078226687.53397,447.87877077663308,812.56314607359639,580.49506835195098,453.89668674961297,1,2,2,2,0.90403549490050072,0.81728017603999326,0.81728017603999326,0.81728017603999326,60,120,120,120,0.16144686907167469,0.096799858713257039,0.59069207489865883,0.26372087103874048,0.61186355158569727,0.15953028397886818,1,0.16144686907167469,0.096799858713257039,0.26372087103874048,0.15953028397886818,0.14595370018134776,0.079112605569817182,0.21553383990796218,0.13038093857395949,1,1,1,1,0,Direct_Earth_to_Mars,0.14595370018134776,0.14595370018134776,0.039556302784908591,0.10776691995398109,0.065190469286979746,447.87877077663308,60,0.16144686907167469,0.14595370018134776,0,35051.831308117187,8192,100000000,8.1920000000000002e-05,8.1920000000000002e-05,60,447.87877077663308,507.87885269663309,35559.710160813818,1500,36551.831308117187,DROPPED_CONTACT_NOT_REALIZED,0,0,1,200,182,0,18,18,0,0,0,0.91000000000000003,1490944,34.51259259259259,507.87885269663406,507.87885269663309,507.87885269663309,12000,60,200,0,0,0,0,0
57,100056,B4,3.6740869965618215,456.06921839851503,-146305558.87786657,-30790322.048695881,95.101625350262637,-167650708.79513991,-163355095.93952063,698144.53882890439,-108560969.94316398,-199753776.69311029,-9853372.5844646804,-211725480.05786455,-112013234.25622395,-12670240.597544989,-168366928.52842233,-164052964.4071517,701127.07853294839,134274055478.83459,0.97640176095198672,1,1,1,0.90403549490050072,200,60,35051.831308117187,8083.8028959446756,1,1,1,1,4,173408171158.87466,70198260033.989517,105059340191.1445,68973081300.770432,135078226687.53398,999999999.99998164,134274055478.83459,243606431192.8642,174032421491.91492,136078226687.53397,447.87877077663308,812.56314607359639,580.49506835195098,453.89668674961297,1,2,2,2,0.90403549490050072,0.81728017603999326,0.81728017603999326,0.81728017603999326,60,120,120,120,0.16144686907167469,0.096799858713257039,0.59069207489865883,0.26372087103874048,0.61186355158569727,0.15953028397886818,1,0.16144686907167469,0.096799858713257039,0.26372087103874048,0.15953028397886818,0.14595370018134776,0.079112605569817182,0.21553383990796218,0.13038093857395949,1,1,1,1,0,Direct_Earth_to_Mars,0.14595370018134776,0.14595370018134776,0.021803140289319168,0.083147158814636371,0.064326151970152567,447.87877077663308,60,0.16144686907167469,0.14595370018134776,0,35051.831308117187,8192,100000000,8.1920000000000002e-05,8.1920000000000002e-05,60,447.87877077663308,507.87885269663309,35559.710160813818,1500,36551.831308117187,DROPPED_CONTACT_NOT_REALIZED,0,0,1,200,182,0,18,18,0,0,0,0.91000000000000003,1490944,34.51259259259259,507.87885269663406,507.87885269663309,507.87885269663309,12000,60,200,0,0,0,0,0
58,100057,B1,3.3487739648622186,415.68768681232007,-130115692.69716747,70365369.607913494,-199.75778341559618,-218440135.94539428,-101212967.36808318,3248180.1648719208,-176165248.14023957,-155621241.57561395,6948533.4677914279,-240851040.05750501,-39766649.955482282,-22557118.065988805,-219347388.36328849,-101633337.50276345,3261670.9059190364,193004883271.58929,0.91366483396310272,1,1,1,0.88526196772714216,200,60,35150.340609868872,12981.522934610779,1,1,1,1,4,230735335144.31549,69000862717.408844,157797951354.54025,70312246184.26001,193794970418.28094,1000000000.0000039,193004883271.58929,299736197861.72437,228110197538.80026,194794970418.28094,643.77879676981081,999.78718432863366,760.87457484589811,649.74973455063696,1,2,2,2,0.88526196772714216,0.78368875150413164,0.78368875150413164,0.78368875150413164,60,120,120,120,0.073119901952767352,0.051161583622319436,0.57208841545976929,0.10938794759574826,0.55094754342201091,0.072524908899777002,1,0.073119901952767352,0.051161583622319436,0.10938794759574826,0.072524908899777002,0.064730268282722533,0.040094757593949745,0.085726104080911331,0.056836955308617126,1,1,1,1,0,Direct_Earth_to_Mars,0.88526196772714216,0.88526196772714216,0.78368875150413164,0.78368875150413164,0.78368875150413164,643.77879676981081,60,0.073119901952767352,0.064730268282722533,0,35150.340609868872,8192,100000000,8.1920000000000002e-05,8.1920000000000002e-05,60,643.77879676981081,703.77887868981077,35854.119488558681,1500,36650.340609868872,DELIVERED_MECHANICALLY,1,0,0,200,175,0,25,25,0,0,0,0.875,1433600,33.185185185185183,703.7788786898127,703.77887868981077,703.77887868981077,12000,60,200,0,0,0,0,0
58,100057,B2,3.3487739648622186,415.68768681232007,-130115692.69716747,70365369.607913494,-199.75778341559618,-218440135.94539428,-101212967.36808318,3248180.1648719208,-176165248.14023957,-155621241.57561395,6948533.4677914279,-240851040.05750501,-39766649.955482282,-22557118.065988805,-219347388.36328849,-101633337.50276345,3261670.9059190364,193004883271.58929,0.91366483396310272,1,1,1,0.88526196772714216,200,60,35150.340609868872,12981.522934610779,1,1,1,1,4,230735335144.31549,69000862717.408844,157797951354.54025,70312246184.26001,193794970418.28094,1000000000.0000039,193004883271.58929,299736197861.72437,228110197538.80026,194794970418.28094,643.77879676981081,999.78718432863366,760.87457484589811,649.74973455063696,1,2,2,2,0.88526196772714216,0.78368875150413164,0.78368875150413164,0.78368875150413164,60,120,120,120,0.073119901952767352,0.051161583622319436,0.57208841545976929,0.10938794759574826,0.55094754342201091,0.072524908899777002,1,0.073119901952767352,0.051161583622319436,0.10938794759574826,0.072524908899777002,0.064730268282722533,0.040094757593949745,0.085726104080911331,0.056836955308617126,1,1,1,1,0,Direct_Earth_to_Mars,0.88526196772714216,0.88526196772714216,0.39184437575206582,0.39184437575206582,0.39184437575206582,643.77879676981081,60,0.073119901952767352,0.064730268282722533,0,35150.340609868872,8192,100000000,8.1920000000000002e-05,8.1920000000000002e-05,60,643.77879676981081,703.77887868981077,35854.119488558681,1500,36650.340609868872,DELIVERED_MECHANICALLY,1,0,0,200,175,0,25,25,0,0,0,0.875,1433600,33.185185185185183,703.7788786898127,703.77887868981077,703.77887868981077,12000,60,200,0,0,0,0,0
58,100057,B3,3.3487739648622186,415.68768681232007,-130115692.69716747,70365369.607913494,-199.75778341559618,-218440135.94539428,-101212967.36808318,3248180.1648719208,-176165248.14023957,-155621241.57561395,6948533.4677914279,-240851040.05750501,-39766649.955482282,-22557118.065988805,-219347388.36328849,-101633337.50276345,3261670.9059190364,193004883271.58929,0.91366483396310272,1,1,1,0.88526196772714216,200,60,35150.340609868872,12981.522934610779,1,1,1,1,4,230735335144.31549,69000862717.408844,157797951354.54025,70312246184.26001,193794970418.28094,1000000000.0000039,193004883271.58929,299736197861.72437,228110197538.80026,194794970418.28094,643.77879676981081,999.78718432863366,760.87457484589811,649.74973455063696,1,2,2,2,0.88526196772714216,0.78368875150413164,0.78368875150413164,0.78368875150413164,60,120,120,120,0.073119901952767352,0.051161583622319436,0.57208841545976929,0.10938794759574826,0.55094754342201091,0.072524908899777002,1,0.073119901952767352,0.051161583622319436,0.10938794759574826,0.072524908899777002,0.064730268282722533,0.040094757593949745,0.085726104080911331,0.056836955308617126,1,1,1,1,0,Direct_Earth_to_Mars,0.064730268282722533,0.064730268282722533,0.020047378796974873,0.042863052040455665,0.028418477654308563,643.77879676981081,60,0.073119901952767352,0.064730268282722533,0,35150.340609868872,8192,100000000,8.1920000000000002e-05,8.1920000000000002e-05,60,643.77879676981081,703.77887868981077,35854.119488558681,1500,36650.340609868872,DELIVERED_MECHANICALLY,1,0,0,200,175,0,25,25,0,0,0,0.875,1433600,33.185185185185183,703.7788786898127,703.77887868981077,703.77887868981077,12000,60,200,0,0,0,0,0
58,100057,B4,3.3487739648622186,415.68768681232007,-130115692.69716747,70365369.607913494,-199.75778341559618,-218440135.94539428,-101212967.36808318,3248180.1648719208,-176165248.14023957,-155621241.57561395,6948533.4677914279,-240851040.05750501,-39766649.955482282,-22557118.065988805,-219347388.36328849,-101633337.50276345,3261670.9059190364,193004883271.58929,0.91366483396310272,1,1,1,0.88526196772714216,200,60,35150.340609868872,12981.522934610779,1,1,1,1,4,230735335144.31549,69000862717.408844,157797951354.54025,70312246184.26001,193794970418.28094,1000000000.0000039,193004883271.58929,299736197861.72437,228110197538.80026,194794970418.28094,643.77879676981081,999.78718432863366,760.87457484589811,649.74973455063696,1,2,2,2,0.88526196772714216,0.78368875150413164,0.78368875150413164,0.78368875150413164,60,120,120,120,0.073119901952767352,0.051161583622319436,0.57208841545976929,0.10938794759574826,0.55094754342201091,0.072524908899777002,1,0.073119901952767352,0.051161583622319436,0.10938794759574826,0.072524908899777002,0.064730268282722533,0.040094757593949745,0.085726104080911331,0.056836955308617126,1,1,1,1,0,Direct_Earth_to_Mars,0.064730268282722533,0.064730268282722533,0.012908824600479003,0.036266587136355659,0.028157323316143228,643.77879676981081,60,0.073119901952767352,0.064730268282722533,0,35150.340609868872,8192,100000000,8.1920000000000002e-05,8.1920000000000002e-05,60,643.77879676981081,703.77887868981077,35854.119488558681,1500,36650.340609868872,DELIVERED_MECHANICALLY,1,0,0,200,175,0,25,25,0,0,0,0.875,1433600,33.185185185185183,703.7788786898127,703.77887868981077,703.77887868981077,12000,60,200,0,0,0,0,0
59,100058,B1,5.8434335352368754,725.3530380943746,-13133737.765242627,146533529.30654484,-696.71008463495673,195472601.26814634,83066275.710802913,-3063489.5296665491,158698429.78382453,149411788.64262795,-5002622.6838970836,207137107.69993842,8090315.6087295832,21824693.9045876,196392852.69917563,83457337.468804881,-3077911.9121658313,218068974555.65549,0.85496101172530048,1,1,1,0.94913078067123302,200,60,22621.663421050311,30202.268568226977,1,1,1,1,4,171929047705.3367,75880346677.747253,261078755275.88919,79855350341.615143,218836622487.63425,1000000000.0000008,218068974555.65549,247809394383.08395,340934105617.50433,219836622487.63425,727.38150285408767,826.58236952329537,1137.2051554953446,733.27759335435042,1,2,2,2,0.94913078067123302,0.90084923881758427,0.90084923881758427,0.90084923881758427,60,120,120,120,0.053597413616911088,0.086224975643497917,0.44266275531233723,0.037392846675250162,0.39969025252257512,0.053222048838504468,1,0.053597413616911088,0.086224975643497917,0.037392846675250162,0.053222048838504468,0.050870955028177796,0.077675703675509841,0.033685317464621743,0.047945042184479043,1,1,1,1,0,Direct_Earth_to_Mars,0.94913078067123302,0.94913078067123302,0.90084923881758427,0.90084923881758427,0.90084923881758427,727.38150285408767,60,0.053597413616911088,0.050870955028177796,0,22621.663421050311,8192,100000000,8.1920000000000002e-05,8.1920000000000002e-05,60,727.38150285408767,787.38158477408763,23409.045005824399,1500,24121.663421050311,DELIVERED_MECHANICALLY,1,0,0,200,190,0,10,10,0,0,0,0.94999999999999996,1556480,36.029629629629632,787.38158477408911,787.38158477408763,787.38158477408763,12000,60,200,0,0,0,0,0
59,100058,B2,5.8434335352368754,725.3530380943746,-13133737.765242627,146533529.30654484,-696.71008463495673,195472601.26814634,83066275.710802913,-3063489.5296665491,158698429.78382453,149411788.64262795,-5002622.6838970836,207137107.69993842,8090315.6087295832,21824693.9045876,196392852.69917563,83457337.468804881,-3077911.9121658313,218068974555.65549,0.85496101172530048,1,1,1,0.94913078067123302,200,60,22621.663421050311,30202.268568226977,1,1,1,1,4,171929047705.3367,75880346677.747253,261078755275.88919,79855350341.615143,218836622487.63425,1000000000.0000008,218068974555.65549,247809394383.08395,340934105617.50433,219836622487.63425,727.38150285408767,826.58236952329537,1137.2051554953446,733.27759335435042,1,2,2,2,0.94913078067123302,0.90084923881758427,0.90084923881758427,0.90084923881758427,60,120,120,120,0.053597413616911088,0.086224975643497917,0.44266275531233723,0.037392846675250162,0.39969025252257512,0.053222048838504468,1,0.053597413616911088,0.086224975643497917,0.037392846675250162,0.053222048838504468,0.050870955028177796,0.077675703675509841,0.033685317464621743,0.047945042184479043,1,1,1,1,0,Direct_Earth_to_Mars,0.94913078067123302,0.94913078067123302,0.45042461940879214,0.45042461940879214,0.45042461940879214,727.38150285408767,60,0.053597413616911088,0.050870955028177796,0,22621.663421050311,8192,100000000,8.1920000000000002e-05,8.1920000000000002e-05,60,727.38150285408767,787.38158477408763,23409.045005824399,1500,24121.663421050311,DELIVERED_MECHANICALLY,1,0,0,200,190,0,10,10,0,0,0,0.94999999999999996,1556480,36.029629629629632,787.38158477408911,787.38158477408763,787.38158477408763,12000,60,200,0,0,0,0,0
59,100058,B3,5.8434335352368754,725.3530380943746,-13133737.765242627,146533529.30654484,-696.71008463495673,195472601.26814634,83066275.710802913,-3063489.5296665491,158698429.78382453,149411788.64262795,-5002622.6838970836,207137107.69993842,8090315.6087295832,21824693.9045876,196392852.69917563,83457337.468804881,-3077911.9121658313,218068974555.65549,0.85496101172530048,1,1,1,0.94913078067123302,200,60,22621.663421050311,30202.268568226977,1,1,1,1,4,171929047705.3367,75880346677.747253,261078755275.88919,79855350341.615143,218836622487.63425,1000000000.0000008,218068974555.65549,247809394383.08395,340934105617.50433,219836622487.63425,727.38150285408767,826.58236952329537,1137.2051554953446,733.27759335435042,1,2,2,2,0.94913078067123302,0.90084923881758427,0.90084923881758427,0.90084923881758427,60,120,120,120,0.053597413616911088,0.086224975643497917,0.44266275531233723,0.037392846675250162,0.39969025252257512,0.053222048838504468,1,0.053597413616911088,0.086224975643497917,0.037392846675250162,0.053222048838504468,0.050870955028177796,0.077675703675509841,0.033685317464621743,0.047945042184479043,1,1,1,1,0,Direct_Earth_to_Mars,0.050870955028177796,0.050870955028177796,0.038837851837754921,0.016842658732310872,0.023972521092239522,727.38150285408767,60,0.053597413616911088,0.050870955028177796,0,22621.663421050311,8192,100000000,8.1920000000000002e-05,8.1920000000000002e-05,60,727.38150285408767,787.38158477408763,23409.045005824399,1500,24121.663421050311,DELIVERED_MECHANICALLY,1,0,0,200,190,0,10,10,0,0,0,0.94999999999999996,1556480,36.029629629629632,787.38158477408911,787.38158477408763,787.38158477408763,12000,60,200,0,0,0,0,0
59,100058,B4,5.8434335352368754,725.3530380943746,-13133737.765242627,146533529.30654484,-696.71008463495673,195472601.26814634,83066275.710802913,-3063489.5296665491,158698429.78382453,149411788.64262795,-5002622.6838970836,207137107.69993842,8090315.6087295832,21824693.9045876,196392852.69917563,83457337.468804881,-3077911.9121658313,218068974555.65549,0.85496101172530048,1,1,1,0.94913078067123302,200,60,22621.663421050311,30202.268568226977,1,1,1,1,4,171929047705.3367,75880346677.747253,261078755275.88919,79855350341.615143,218836622487.63425,1000000000.0000008,218068974555.65549,247809394383.08395,340934105617.50433,219836622487.63425,727.38150285408767,826.58236952329537,1137.2051554953446,733.27759335435042,1,2,2,2,0.94913078067123302,0.90084923881758427,0.90084923881758427,0.90084923881758427,60,120,120,120,0.053597413616911088,0.086224975643497917,0.44266275531233723,0.037392846675250162,0.39969025252257512,0.053222048838504468,1,0.053597413616911088,0.086224975643497917,0.037392846675250162,0.053222048838504468,0.050870955028177796,0.077675703675509841,0.033685317464621743,0.047945042184479043,1,1,1,1,0,Direct_Earth_to_Mars,0.050870955028177796,0.050870955028177796,0.034176793600936346,0.010772936054295752,0.02377976441296786,727.38150285408767,60,0.053597413616911088,0.050870955028177796,0,22621.663421050311,8192,100000000,8.1920000000000002e-05,8.1920000000000002e-05,60,727.38150285408767,787.38158477408763,23409.045005824399,1500,24121.663421050311,DELIVERED_MECHANICALLY,1,0,0,200,190,0,10,10,0,0,0,0.94999999999999996,1556480,36.029629629629632,787.38158477408911,787.38158477408763,787.38158477408763,12000,60,200,0,0,0,0,0
60,100059,B1,1.8102990856573884,224.7147903236698,117380810.89224821,-95871343.003757522,158.89809248492668,-121704296.70941587,211790562.18961945,7427803.6731813131,-171870193.07163978,170828528.92342383,50694900.278732508,-56549395.884934135,231313212.65184778,-27653384.552922208,-122202306.02392502,212657201.04746842,7458197.960939466,389708489118.49823,0.93737286259168251,1,1,1,0.89366805524853343,200,60,7599.0128268229155,35638.835741598115,1,1,1,1,4,396692477599.13739,77888041288.765289,371572561896.73969,76530939820.922745,390698803110.91431,999999999.99998665,389708489118.49823,474580518887.90271,448103501717.66241,391698803110.91431,1299.8948936574325,1582.9903898862665,1494.6747889181536,1306.5336995027162,1,2,2,2,0.89366805524853343,0.79864259297169582,0.79864259297169582,0.79864259297169582,60,120,120,120,0.018400004501197217,0.017757823353314342,0.46063411264941628,0.020239994404513451,0.47711554705756748,0.01830684481823534,1,0.018400004501197217,0.017757823353314342,0.020239994404513451,0.01830684481823534,0.016443496239149178,0.0141821540884243,0.016164521612953238,0.014620626014765926,1,1,1,1,0,Direct_Earth_to_Mars,0.89366805524853343,0.89366805524853343,0.79864259297169582,0.79864259297169582,0.79864259297169582,1299.8948936574325,60,0.018400004501197217,0.016443496239149178,0,7599.0128268229155,8192,100000000,8.1920000000000002e-05,8.1920000000000002e-05,60,1299.8948936574325,1359.8949755774324,8958.9078024003484,1500,9099.0128268229164,DELIVERED_MECHANICALLY,1,0,0,200,170,0,30,30,0,0,0,0.84999999999999998,1392640,32.237037037037034,1359.8949755774295,1359.8949755774324,1359.8949755774324,12000,60,200,0,0,0,0,0
60,100059,B2,1.8102990856573884,224.7147903236698,117380810.89224821,-95871343.003757522,158.89809248492668,-121704296.70941587,211790562.18961945,7427803.6731813131,-171870193.07163978,170828528.92342383,50694900.278732508,-56549395.884934135,231313212.65184778,-27653384.552922208,-122202306.02392502,212657201.04746842,7458197.960939466,389708489118.49823,0.93737286259168251,1,1,1,0.89366805524853343,200,60,7599.0128268229155,35638.835741598115,1,1,1,1,4,396692477599.13739,77888041288.765289,371572561896.73969,76530939820.922745,390698803110.91431,999999999.99998665,389708489118.49823,474580518887.90271,448103501717.66241,391698803110.91431,1299.8948936574325,1582.9903898862665,1494.6747889181536,1306.5336995027162,1,2,2,2,0.89366805524853343,0.79864259297169582,0.79864259297169582,0.79864259297169582,60,120,120,120,0.018400004501197217,0.017757823353314342,0.46063411264941628,0.020239994404513451,0.47711554705756748,0.01830684481823534,1,0.018400004501197217,0.017757823353314342,0.020239994404513451,0.01830684481823534,0.016443496239149178,0.0141821540884243,0.016164521612953238,0.014620626014765926,1,1,1,1,0,Direct_Earth_to_Mars,0.89366805524853343,0.89366805524853343,0.39932129648584791,0.39932129648584791,0.39932129648584791,1299.8948936574325,60,0.018400004501197217,0.016443496239149178,0,7599.0128268229155,8192,100000000,8.1920000000000002e-05,8.1920000000000002e-05,60,1299.8948936574325,1359.8949755774324,8958.9078024003484,1500,9099.0128268229164,DELIVERED_MECHANICALLY,1,0,0,200,170,0,30,30,0,0,0,0.84999999999999998,1392640,32.237037037037034,1359.8949755774295,1359.8949755774324,1359.8949755774324,12000,60,200,0,0,0,0,0
60,100059,B3,1.8102990856573884,224.7147903236698,117380810.89224821,-95871343.003757522,158.89809248492668,-121704296.70941587,211790562.18961945,7427803.6731813131,-171870193.07163978,170828528.92342383,50694900.278732508,-56549395.884934135,231313212.65184778,-27653384.552922208,-122202306.02392502,212657201.04746842,7458197.960939466,389708489118.49823,0.93737286259168251,1,1,1,0.89366805524853343,200,60,7599.0128268229155,35638.835741598115,1,1,1,1,4,396692477599.13739,77888041288.765289,371572561896.73969,76530939820.922745,390698803110.91431,999999999.99998665,389708489118.49823,474580518887.90271,448103501717.66241,391698803110.91431,1299.8948936574325,1582.9903898862665,1494.6747889181536,1306.5336995027162,1,2,2,2,0.89366805524853343,0.79864259297169582,0.79864259297169582,0.79864259297169582,60,120,120,120,0.018400004501197217,0.017757823353314342,0.46063411264941628,0.020239994404513451,0.47711554705756748,0.01830684481823534,1,0.018400004501197217,0.017757823353314342,0.020239994404513451,0.01830684481823534,0.016443496239149178,0.0141821540884243,0.016164521612953238,0.014620626014765926,1,1,1,1,0,Direct_Earth_to_Mars,0.016443496239149178,0.016443496239149178,0.0070910770442121499,0.008082260806476619,0.0073103130073829629,1299.8948936574325,60,0.018400004501197217,0.016443496239149178,0,7599.0128268229155,8192,100000000,8.1920000000000002e-05,8.1920000000000002e-05,60,1299.8948936574325,1359.8949755774324,8958.9078024003484,1500,9099.0128268229164,DELIVERED_MECHANICALLY,1,0,0,200,170,0,30,30,0,0,0,0.84999999999999998,1392640,32.237037037037034,1359.8949755774295,1359.8949755774324,1359.8949755774324,12000,60,200,0,0,0,0,0
60,100059,B4,1.8102990856573884,224.7147903236698,117380810.89224821,-95871343.003757522,158.89809248492668,-121704296.70941587,211790562.18961945,7427803.6731813131,-171870193.07163978,170828528.92342383,50694900.278732508,-56549395.884934135,231313212.65184778,-27653384.552922208,-122202306.02392502,212657201.04746842,7458197.960939466,389708489118.49823,0.93737286259168251,1,1,1,0.89366805524853343,200,60,7599.0128268229155,35638.835741598115,1,1,1,1,4,396692477599.13739,77888041288.765289,371572561896.73969,76530939820.922745,390698803110.91431,999999999.99998665,389708489118.49823,474580518887.90271,448103501717.66241,391698803110.91431,1299.8948936574325,1582.9903898862665,1494.6747889181536,1306.5336995027162,1,2,2,2,0.89366805524853343,0.79864259297169582,0.79864259297169582,0.79864259297169582,60,120,120,120,0.018400004501197217,0.017757823353314342,0.46063411264941628,0.020239994404513451,0.47711554705756748,0.01830684481823534,1,0.018400004501197217,0.017757823353314342,0.020239994404513451,0.01830684481823534,0.016443496239149178,0.0141821540884243,0.016164521612953238,0.014620626014765926,1,1,1,1,0,Direct_Earth_to_Mars,0.016443496239149178,0.016443496239149178,0.0058229379655078493,0.007029013688757588,0.0072731675830110245,1299.8948936574325,60,0.018400004501197217,0.016443496239149178,0,7599.0128268229155,8192,100000000,8.1920000000000002e-05,8.1920000000000002e-05,60,1299.8948936574325,1359.8949755774324,8958.9078024003484,1500,9099.0128268229164,DELIVERED_MECHANICALLY,1,0,0,200,170,0,30,30,0,0,0,0.84999999999999998,1392640,32.237037037037034,1359.8949755774295,1359.8949755774324,1359.8949755774324,12000,60,200,0,0,0,0,0
61,100060,B1,1.6373990638288096,203.25248475218027,76487568.364284918,-131331932.74467258,200.23299433985378,-82730720.580273524,226921492.68287787,6786909.340292952,-139573297.9073078,196259538.92566526,48998893.756761745,-14146314.371281706,234622080.74683371,-23338873.968414694,-83073110.235694572,227860630.7822727,6814997.6675080173,392099527907.79211,0.86063858808020888,0,1,1,0.88135361594641237,200,60,18079.821042380445,11295.501697795096,1,0,1,1,3,395473567020.86292,77156241703.218796,377732118140.41553,75303935166.324097,393097124528.30029,1000000000.0000074,392099527907.79211,472629808724.08173,453036053306.73962,394097124528.30029,1307.8703399192532,1576.4836848701859,1511.127596086523,1314.533437385925,1,2,2,2,0.88135361594641237,0.77678419634181617,0.77678419634181617,0.77678419634181617,60,120,120,120,0.016688352364913478,0.016404808977776988,0.43098680097741293,0.017982011535123497,0.45245017062401871,0.016603756889453019,1,0.016688352364913478,0.016404808977776988,0.017982011535123497,0.016603756889453019,0.014708339701004356,0,0.013968142378920174,0.012897535951628656,1,0,1,1,0,Direct_Earth_to_Mars,0.88135361594641237,0.88135361594641237,-1,0.77678419634181617,0.77678419634181617,1307.8703399192532,60,0.016688352364913478,0.014708339701004356,0,18079.821042380445,8192,100000000,8.1920000000000002e-05,8.1920000000000002e-05,60,1307.8703399192532,1367.8704218392531,19447.691464219697,1500,19579.821042380445,DELIVERED_MECHANICALLY,1,0,0,200,171,0,29,29,0,0,0,0.85499999999999998,1400832,32.426666666666669,1367.8704218392588,1367.8704218392531,1367.8704218392531,12000,60,200,0,0,0,0,0
61,100060,B2,1.6373990638288096,203.25248475218027,76487568.364284918,-131331932.74467258,200.23299433985378,-82730720.580273524,226921492.68287787,6786909.340292952,-139573297.9073078,196259538.92566526,48998893.756761745,-14146314.371281706,234622080.74683371,-23338873.968414694,-83073110.235694572,227860630.7822727,6814997.6675080173,392099527907.79211,0.86063858808020888,0,1,1,0.88135361594641237,200,60,18079.821042380445,11295.501697795096,1,0,1,1,3,395473567020.86292,77156241703.218796,377732118140.41553,75303935166.324097,393097124528.30029,1000000000.0000074,392099527907.79211,472629808724.08173,453036053306.73962,394097124528.30029,1307.8703399192532,1576.4836848701859,1511.127596086523,1314.533437385925,1,2,2,2,0.88135361594641237,0.77678419634181617,0.77678419634181617,0.77678419634181617,60,120,120,120,0.016688352364913478,0.016404808977776988,0.43098680097741293,0.017982011535123497,0.45245017062401871,0.016603756889453019,1,0.016688352364913478,0.016404808977776988,0.017982011535123497,0.016603756889453019,0.014708339701004356,0,0.013968142378920174,0.012897535951628656,1,0,1,1,0,Direct_Earth_to_Mars,0.88135361594641237,0.88135361594641237,-1,0.38839209817090808,0.38839209817090808,1307.8703399192532,60,0.016688352364913478,0.014708339701004356,0,18079.821042380445,8192,100000000,8.1920000000000002e-05,8.1920000000000002e-05,60,1307.8703399192532,1367.8704218392531,19447.691464219697,1500,19579.821042380445,DELIVERED_MECHANICALLY,1,0,0,200,171,0,29,29,0,0,0,0.85499999999999998,1400832,32.426666666666669,1367.8704218392588,1367.8704218392531,1367.8704218392531,12000,60,200,0,0,0,0,0
61,100060,B3,1.6373990638288096,203.25248475218027,76487568.364284918,-131331932.74467258,200.23299433985378,-82730720.580273524,226921492.68287787,6786909.340292952,-139573297.9073078,196259538.92566526,48998893.756761745,-14146314.371281706,234622080.74683371,-23338873.968414694,-83073110.235694572,227860630.7822727,6814997.6675080173,392099527907.79211,0.86063858808020888,0,1,1,0.88135361594641237,200,60,18079.821042380445,11295.501697795096,1,0,1,1,3,395473567020.86292,77156241703.218796,377732118140.41553,75303935166.324097,393097124528.30029,1000000000.0000074,392099527907.79211,472629808724.08173,453036053306.73962,394097124528.30029,1307.8703399192532,1576.4836848701859,1511.127596086523,1314.533437385925,1,2,2,2,0.88135361594641237,0.77678419634181617,0.77678419634181617,0.77678419634181617,60,120,120,120,0.016688352364913478,0.016404808977776988,0.43098680097741293,0.017982011535123497,0.45245017062401871,0.016603756889453019,1,0.016688352364913478,0.016404808977776988,0.017982011535123497,0.016603756889453019,0.014708339701004356,0,0.013968142378920174,0.012897535951628656,1,0,1,1,0,Direct_Earth_to_Mars,0.014708339701004356,0.014708339701004356,-1,0.0069840711894600871,0.006448767975814328,1307.8703399192532,60,0.016688352364913478,0.014708339701004356,0,18079.821042380445,8192,100000000,8.1920000000000002e-05,8.1920000000000002e-05,60,1307.8703399192532,1367.8704218392531,19447.691464219697,1500,19579.821042380445,DELIVERED_MECHANICALLY,1,0,0,200,171,0,29,29,0,0,0,0.85499999999999998,1400832,32.426666666666669,1367.8704218392588,1367.8704218392531,1367.8704218392531,12000,60,200,0,0,0,0,0
61,100060,B4,1.6373990638288096,203.25248475218027,76487568.364284918,-131331932.74467258,200.23299433985378,-82730720.580273524,226921492.68287787,6786909.340292952,-139573297.9073078,196259538.92566526,48998893.756761745,-14146314.371281706,234622080.74683371,-23338873.968414694,-83073110.235694572,227860630.7822727,6814997.6675080173,392099527907.79211,0.86063858808020888,0,1,1,0.88135361594641237,200,60,18079.821042380445,11295.501697795096,1,0,1,1,3,395473567020.86292,77156241703.218796,377732118140.41553,75303935166.324097,393097124528.30029,1000000000.0000074,392099527907.79211,472629808724.08173,453036053306.73962,394097124528.30029,1307.8703399192532,1576.4836848701859,1511.127596086523,1314.533437385925,1,2,2,2,0.88135361594641237,0.77678419634181617,0.77678419634181617,0.77678419634181617,60,120,120,120,0.016688352364913478,0.016404808977776988,0.43098680097741293,0.017982011535123497,0.45245017062401871,0.016603756889453019,1,0.016688352364913478,0.016404808977776988,0.017982011535123497,0.016603756889453019,0.014708339701004356,0,0.013968142378920174,0.012897535951628656,1,0,1,1,0,Direct_Earth_to_Mars,0.014708339701004356,0.014708339701004356,-1,0.0060446646492560143,0.006416080507895482,1307.8703399192532,60,0.016688352364913478,0.014708339701004356,0,18079.821042380445,8192,100000000,8.1920000000000002e-05,8.1920000000000002e-05,60,1307.8703399192532,1367.8704218392531,19447.691464219697,1500,19579.821042380445,DELIVERED_MECHANICALLY,1,0,0,200,171,0,29,29,0,0,0,0.85499999999999998,1400832,32.426666666666669,1367.8704218392588,1367.8704218392531,1367.8704218392531,12000,60,200,0,0,0,0,0
62,100061,B1,1.1568329551296856,143.59918590859709,-68233193.166725963,-135269267.1590462,156.31545744830674,35459053.925905056,228843696.76058233,3922346.9118325803,-30637010.796206996,232898583.47641036,36590120.945418477,101361664.56301124,200684357.00097182,-7595605.8815710833,35612153.501838699,229831762.4039112,3939282.2099406752,378610243100.38184,0.93143397982196341,1,1,1,0.80947413765755172,200,60,14942.723076621913,636.36635337290909,1,1,1,1,4,371886897701.42615,73839795085.964676,376410612175.0213,72586264134.712677,379602600788.58582,999999999.99998772,378610243100.38184,445726692787.39081,448996876309.73401,380602600788.58582,1262.8760610419674,1486.7468071627445,1497.6546908263308,1269.5216837511202,1,2,2,2,0.80947413765755172,0.655248379536437,0.655248379536437,0.655248379536437,60,120,120,120,0.019371026894092799,0.020077776140063171,0.50927973731850362,0.019598085355627071,0.52702167068467132,0.019269879741541433,1,0.019371026894092799,0.020077776140063171,0.019598085355627071,0.019269879741541433,0.015680345290637013,0.013155930280471732,0.012841613671291415,0.01262655747450704,1,1,1,1,0,Direct_Earth_to_Mars,0.80947413765755172,0.80947413765755172,0.655248379536437,0.655248379536437,0.655248379536437,1262.8760610419674,60,0.019371026894092799,0.015680345290637013,0,14942.723076621913,8192,100000000,8.1920000000000002e-05,8.1920000000000002e-05,60,1262.8760610419674,1322.8761429619674,16265.599219583881,1500,16442.723076621915,DELIVERED_MECHANICALLY,1,0,0,200,161,0,39,39,0,0,0,0.80500000000000005,1318912,30.53037037037037,1322.8761429619644,1322.8761429619674,1322.8761429619674,12000,60,200,0,0,0,0,0
62,100061,B2,1.1568329551296856,143.59918590859709,-68233193.166725963,-135269267.1590462,156.31545744830674,35459053.925905056,228843696.76058233,3922346.9118325803,-30637010.796206996,232898583.47641036,36590120.945418477,101361664.56301124,200684357.00097182,-7595605.8815710833,35612153.501838699,229831762.4039112,3939282.2099406752,378610243100.38184,0.93143397982196341,1,1,1,0.80947413765755172,200,60,14942.723076621913,636.36635337290909,1,1,1,1,4,371886897701.42615,73839795085.964676,376410612175.0213,72586264134.712677,379602600788.58582,999999999.99998772,378610243100.38184,445726692787.39081,448996876309.73401,380602600788.58582,1262.8760610419674,1486.7468071627445,1497.6546908263308,1269.5216837511202,1,2,2,2,0.80947413765755172,0.655248379536437,0.655248379536437,0.655248379536437,60,120,120,120,0.019371026894092799,0.020077776140063171,0.50927973731850362,0.019598085355627071,0.52702167068467132,0.019269879741541433,1,0.019371026894092799,0.020077776140063171,0.019598085355627071,0.019269879741541433,0.015680345290637013,0.013155930280471732,0.012841613671291415,0.01262655747450704,1,1,1,1,0,Direct_Earth_to_Mars,0.80947413765755172,0.80947413765755172,0.3276241897682185,0.3276241897682185,0.3276241897682185,1262.8760610419674,60,0.019371026894092799,0.015680345290637013,0,14942.723076621913,8192,100000000,8.1920000000000002e-05,8.1920000000000002e-05,60,1262.8760610419674,1322.8761429619674,16265.599219583881,1500,16442.723076621915,DELIVERED_MECHANICALLY,1,0,0,200,161,0,39,39,0,0,0,0.80500000000000005,1318912,30.53037037037037,1322.8761429619644,1322.8761429619674,1322.8761429619674,12000,60,200,0,0,0,0,0
62,100061,B3,1.1568329551296856,143.59918590859709,-68233193.166725963,-135269267.1590462,156.31545744830674,35459053.925905056,228843696.76058233,3922346.9118325803,-30637010.796206996,232898583.47641036,36590120.945418477,101361664.56301124,200684357.00097182,-7595605.8815710833,35612153.501838699,229831762.4039112,3939282.2099406752,378610243100.38184,0.93143397982196341,1,1,1,0.80947413765755172,200,60,14942.723076621913,636.36635337290909,1,1,1,1,4,371886897701.42615,73839795085.964676,376410612175.0213,72586264134.712677,379602600788.58582,999999999.99998772,378610243100.38184,445726692787.39081,448996876309.73401,380602600788.58582,1262.8760610419674,1486.7468071627445,1497.6546908263308,1269.5216837511202,1,2,2,2,0.80947413765755172,0.655248379536437,0.655248379536437,0.655248379536437,60,120,120,120,0.019371026894092799,0.020077776140063171,0.50927973731850362,0.019598085355627071,0.52702167068467132,0.019269879741541433,1,0.019371026894092799,0.020077776140063171,0.019598085355627071,0.019269879741541433,0.015680345290637013,0.013155930280471732,0.012841613671291415,0.01262655747450704,1,1,1,1,0,Direct_Earth_to_Mars,0.015680345290637013,0.015680345290637013,0.0065779651402358662,0.0064208068356457074,0.0063132787372535198,1262.8760610419674,60,0.019371026894092799,0.015680345290637013,0,14942.723076621913,8192,100000000,8.1920000000000002e-05,8.1920000000000002e-05,60,1262.8760610419674,1322.8761429619674,16265.599219583881,1500,16442.723076621915,DELIVERED_MECHANICALLY,1,0,0,200,161,0,39,39,0,0,0,0.80500000000000005,1318912,30.53037037037037,1322.8761429619644,1322.8761429619674,1322.8761429619674,12000,60,200,0,0,0,0,0
62,100061,B4,1.1568329551296856,143.59918590859709,-68233193.166725963,-135269267.1590462,156.31545744830674,35459053.925905056,228843696.76058233,3922346.9118325803,-30637010.796206996,232898583.47641036,36590120.945418477,101361664.56301124,200684357.00097182,-7595605.8815710833,35612153.501838699,229831762.4039112,3939282.2099406752,378610243100.38184,0.93143397982196341,1,1,1,0.80947413765755172,200,60,14942.723076621913,636.36635337290909,1,1,1,1,4,371886897701.42615,73839795085.964676,376410612175.0213,72586264134.712677,379602600788.58582,999999999.99998772,378610243100.38184,445726692787.39081,448996876309.73401,380602600788.58582,1262.8760610419674,1486.7468071627445,1497.6546908263308,1269.5216837511202,1,2,2,2,0.80947413765755172,0.655248379536437,0.655248379536437,0.655248379536437,60,120,120,120,0.019371026894092799,0.020077776140063171,0.50927973731850362,0.019598085355627071,0.52702167068467132,0.019269879741541433,1,0.019371026894092799,0.020077776140063171,0.019598085355627071,0.019269879741541433,0.015680345290637013,0.013155930280471732,0.012841613671291415,0.01262655747450704,1,1,1,1,0,Direct_Earth_to_Mars,0.015680345290637013,0.015680345290637013,0.0055874710246228993,0.0054142542302843023,0.0062802303308477818,1262.8760610419674,60,0.019371026894092799,0.015680345290637013,0,14942.723076621913,8192,100000000,8.1920000000000002e-05,8.1920000000000002e-05,60,1262.8760610419674,1322.8761429619674,16265.599219583881,1500,16442.723076621915,DELIVERED_MECHANICALLY,1,0,0,200,161,0,39,39,0,0,0,0.80500000000000005,1318912,30.53037037037037,1322.8761429619644,1322.8761429619674,1322.8761429619674,12000,60,200,0,0,0,0,0
63,100062,B1,5.8333063464636359,724.09593692265275,-9855518.557002442,146798433.8139421,-696.82794168147552,196384894.04900724,80412829.542868957,-3141496.3137313011,160342955.61393327,147292155.41225487,-5553723.6886794679,207094708.70068124,5246302.7109504873,22084317.572979148,197310218.10351437,80791717.775730848,-3156298.3794416892,216684150015.04514,0.96622540726966633,1,1,1,0.91627586379561543,200,60,19270.619614945816,2085.6761561875664,1,1,1,1,4,170289754472.92004,76011080743.597,259984912616.19009,80006553307.174057,217449963967.33545,1000000000.0000136,216684150015.04514,246300835216.51703,339991465923.36414,218449963967.33545,722.76234161122466,821.55048437797541,1134.0609270292332,728.65231476762995,1,2,2,2,0.91627586379561543,0.83956145857440123,0.83956145857440123,0.83956145857440123,60,120,120,120,0.061349277025794811,0.099331432814383239,0.49855138110782876,0.042615486133982208,0.45000010587232281,0.060917918926114395,1,0.061349277025794811,0.099331432814383239,0.042615486133982208,0.060917918926114395,0.056212861800046643,0.083394842615928735,0.035778319696503275,0.051144336866925724,1,1,1,1,0,Direct_Earth_to_Mars,0.91627586379561543,0.91627586379561543,0.83956145857440123,0.83956145857440123,0.83956145857440123,722.76234161122466,60,0.061349277025794811,0.056212861800046643,0,19270.619614945816,8192,100000000,8.1920000000000002e-05,8.1920000000000002e-05,60,722.76234161122466,782.76242353122461,20053.382038477041,1500,20770.619614945816,DELIVERED_MECHANICALLY,1,0,0,200,179,0,21,21,0,0,0,0.89500000000000002,1466368,33.943703703703704,782.76242353122404,782.76242353122461,782.76242353122461,12000,60,200,0,0,0,0,0
63,100062,B2,5.8333063464636359,724.09593692265275,-9855518.557002442,146798433.8139421,-696.82794168147552,196384894.04900724,80412829.542868957,-3141496.3137313011,160342955.61393327,147292155.41225487,-5553723.6886794679,207094708.70068124,5246302.7109504873,22084317.572979148,197310218.10351437,80791717.775730848,-3156298.3794416892,216684150015.04514,0.96622540726966633,1,1,1,0.91627586379561543,200,60,19270.619614945816,2085.6761561875664,1,1,1,1,4,170289754472.92004,76011080743.597,259984912616.19009,80006553307.174057,217449963967.33545,1000000000.0000136,216684150015.04514,246300835216.51703,339991465923.36414,218449963967.33545,722.76234161122466,821.55048437797541,1134.0609270292332,728.65231476762995,1,2,2,2,0.91627586379561543,0.83956145857440123,0.83956145857440123,0.83956145857440123,60,120,120,120,0.061349277025794811,0.099331432814383239,0.49855138110782876,0.042615486133982208,0.45000010587232281,0.060917918926114395,1,0.061349277025794811,0.099331432814383239,0.042615486133982208,0.060917918926114395,0.056212861800046643,0.083394842615928735,0.035778319696503275,0.051144336866925724,1,1,1,1,0,Direct_Earth_to_Mars,0.91627586379561543,0.91627586379561543,0.41978072928720062,0.41978072928720062,0.41978072928720062,722.76234161122466,60,0.061349277025794811,0.056212861800046643,0,19270.619614945816,8192,100000000,8.1920000000000002e-05,8.1920000000000002e-05,60,722.76234161122466,782.76242353122461,20053.382038477041,1500,20770.619614945816,DELIVERED_MECHANICALLY,1,0,0,200,179,0,21,21,0,0,0,0.89500000000000002,1466368,33.943703703703704,782.76242353122404,782.76242353122461,782.76242353122461,12000,60,200,0,0,0,0,0
63,100062,B3,5.8333063464636359,724.09593692265275,-9855518.557002442,146798433.8139421,-696.82794168147552,196384894.04900724,80412829.542868957,-3141496.3137313011,160342955.61393327,147292155.41225487,-5553723.6886794679,207094708.70068124,5246302.7109504873,22084317.572979148,197310218.10351437,80791717.775730848,-3156298.3794416892,216684150015.04514,0.96622540726966633,1,1,1,0.91627586379561543,200,60,19270.619614945816,2085.6761561875664,1,1,1,1,4,170289754472.92004,76011080743.597,259984912616.19009,80006553307.174057,217449963967.33545,1000000000.0000136,216684150015.04514,246300835216.51703,339991465923.36414,218449963967.33545,722.76234161122466,821.55048437797541,1134.0609270292332,728.65231476762995,1,2,2,2,0.91627586379561543,0.83956145857440123,0.83956145857440123,0.83956145857440123,60,120,120,120,0.061349277025794811,0.099331432814383239,0.49855138110782876,0.042615486133982208,0.45000010587232281,0.060917918926114395,1,0.061349277025794811,0.099331432814383239,0.042615486133982208,0.060917918926114395,0.056212861800046643,0.083394842615928735,0.035778319696503275,0.051144336866925724,1,1,1,1,0,Direct_Earth_to_Mars,0.056212861800046643,0.056212861800046643,0.041697421307964368,0.017889159848251637,0.025572168433462862,722.76234161122466,60,0.061349277025794811,0.056212861800046643,0,19270.619614945816,8192,100000000,8.1920000000000002e-05,8.1920000000000002e-05,60,722.76234161122466,782.76242353122461,20053.382038477041,1500,20770.619614945816,DELIVERED_MECHANICALLY,1,0,0,200,179,0,21,21,0,0,0,0.89500000000000002,1466368,33.943703703703704,782.76242353122404,782.76242353122461,782.76242353122461,12000,60,200,0,0,0,0,0
63,100062,B4,5.8333063464636359,724.09593692265275,-9855518.557002442,146798433.8139421,-696.82794168147552,196384894.04900724,80412829.542868957,-3141496.3137313011,160342955.61393327,147292155.41225487,-5553723.6886794679,207094708.70068124,5246302.7109504873,22084317.572979148,197310218.10351437,80791717.775730848,-3156298.3794416892,216684150015.04514,0.96622540726966633,1,1,1,0.91627586379561543,200,60,19270.619614945816,2085.6761561875664,1,1,1,1,4,170289754472.92004,76011080743.597,259984912616.19009,80006553307.174057,217449963967.33545,1000000000.0000136,216684150015.04514,246300835216.51703,339991465923.36414,218449963967.33545,722.76234161122466,821.55048437797541,1134.0609270292332,728.65231476762995,1,2,2,2,0.91627586379561543,0.83956145857440123,0.83956145857440123,0.83956145857440123,60,120,120,120,0.061349277025794811,0.099331432814383239,0.49855138110782876,0.042615486133982208,0.45000010587232281,0.060917918926114395,1,0.061349277025794811,0.099331432814383239,0.042615486133982208,0.060917918926114395,0.056212861800046643,0.083394842615928735,0.035778319696503275,0.051144336866925724,1,1,1,1,0,Direct_Earth_to_Mars,0.056212861800046643,0.056212861800046643,0.036683474036914632,0.011401160866418389,0.025365458892339394,722.76234161122466,60,0.061349277025794811,0.056212861800046643,0,19270.619614945816,8192,100000000,8.1920000000000002e-05,8.1920000000000002e-05,60,722.76234161122466,782.76242353122461,20053.382038477041,1500,20770.619614945816,DELIVERED_MECHANICALLY,1,0,0,200,179,0,21,21,0,0,0,0.89500000000000002,1466368,33.943703703703704,782.76242353122404,782.76242353122461,782.76242353122461,12000,60,200,0,0,0,0,0
64,100063,B1,0.36268789132609008,45.020921734973996,-122692220.19264475,82332234.573659599,-44.931350417091629,190123730.02596524,96867423.510698393,-2643750.2855543653,149611677.47296709,160243209.78694731,-2081831.6271890071,206768504.55779421,23100158.63031197,20391611.171683334,191014678.50941709,97321358.871954754,-2656139.2982631857,313164620617.66675,0.85400340501952288,1,1,1,0.92696486558705926,200,60,35061.42605251741,5238.3505927205515,1,1,1,1,4,283238179944.75342,75219893916.225937,335363426169.68146,79052424153.937927,314076021016.85724,999999999.99999082,313164620617.66675,358458073860.97937,414415850323.61938,315076021016.85724,1044.578454361797,1195.6573511040006,1382.3077062162088,1050.9540394158014,1,2,2,2,0.92696486558705926,0.85926386203283489,0.85926386203283489,0.85926386203283489,60,120,120,120,0.025959690067961828,0.031735204241488867,0.44996574649584364,0.022636719634252095,0.40739388256558795,0.02580924659605081,1,0.025959690067961828,0.031735204241488867,0.022636719634252095,0.02580924659605081,0.024063720614529951,0.027268914158942528,0.019450915136681957,0.022176952906280419,1,1,1,1,0,Direct_Earth_to_Mars,0.92696486558705926,0.92696486558705926,0.85926386203283489,0.85926386203283489,0.85926386203283489,1044.578454361797,60,0.025959690067961828,0.024063720614529951,0,35061.42605251741,8192,100000000,8.1920000000000002e-05,8.1920000000000002e-05,60,1044.578454361797,1104.5785362817969,36166.004588799209,1500,36561.42605251741,DELIVERED_MECHANICALLY,1,0,0,200,179,0,21,21,0,0,0,0.89500000000000002,1466368,33.943703703703704,1104.5785362817985,1104.5785362817969,1104.5785362817969,12000,60,200,0,0,0,0,0
64,100063,B2,0.36268789132609008,45.020921734973996,-122692220.19264475,82332234.573659599,-44.931350417091629,190123730.02596524,96867423.510698393,-2643750.2855543653,149611677.47296709,160243209.78694731,-2081831.6271890071,206768504.55779421,23100158.63031197,20391611.171683334,191014678.50941709,97321358.871954754,-2656139.2982631857,313164620617.66675,0.85400340501952288,1,1,1,0.92696486558705926,200,60,35061.42605251741,5238.3505927205515,1,1,1,1,4,283238179944.75342,75219893916.225937,335363426169.68146,79052424153.937927,314076021016.85724,999999999.99999082,313164620617.66675,358458073860.97937,414415850323.61938,315076021016.85724,1044.578454361797,1195.6573511040006,1382.3077062162088,1050.9540394158014,1,2,2,2,0.92696486558705926,0.85926386203283489,0.85926386203283489,0.85926386203283489,60,120,120,120,0.025959690067961828,0.031735204241488867,0.44996574649584364,0.022636719634252095,0.40739388256558795,0.02580924659605081,1,0.025959690067961828,0.031735204241488867,0.022636719634252095,0.02580924659605081,0.024063720614529951,0.027268914158942528,0.019450915136681957,0.022176952906280419,1,1,1,1,0,Direct_Earth_to_Mars,0.92696486558705926,0.92696486558705926,0.42963193101641745,0.42963193101641745,0.42963193101641745,1044.578454361797,60,0.025959690067961828,0.024063720614529951,0,35061.42605251741,8192,100000000,8.1920000000000002e-05,8.1920000000000002e-05,60,1044.578454361797,1104.5785362817969,36166.004588799209,1500,36561.42605251741,DELIVERED_MECHANICALLY,1,0,0,200,179,0,21,21,0,0,0,0.89500000000000002,1466368,33.943703703703704,1104.5785362817985,1104.5785362817969,1104.5785362817969,12000,60,200,0,0,0,0,0
64,100063,B3,0.36268789132609008,45.020921734973996,-122692220.19264475,82332234.573659599,-44.931350417091629,190123730.02596524,96867423.510698393,-2643750.2855543653,149611677.47296709,160243209.78694731,-2081831.6271890071,206768504.55779421,23100158.63031197,20391611.171683334,191014678.50941709,97321358.871954754,-2656139.2982631857,313164620617.66675,0.85400340501952288,1,1,1,0.92696486558705926,200,60,35061.42605251741,5238.3505927205515,1,1,1,1,4,283238179944.75342,75219893916.225937,335363426169.68146,79052424153.937927,314076021016.85724,999999999.99999082,313164620617.66675,358458073860.97937,414415850323.61938,315076021016.85724,1044.578454361797,1195.6573511040006,1382.3077062162088,1050.9540394158014,1,2,2,2,0.92696486558705926,0.85926386203283489,0.85926386203283489,0.85926386203283489,60,120,120,120,0.025959690067961828,0.031735204241488867,0.44996574649584364,0.022636719634252095,0.40739388256558795,0.02580924659605081,1,0.025959690067961828,0.031735204241488867,0.022636719634252095,0.02580924659605081,0.024063720614529951,0.027268914158942528,0.019450915136681957,0.022176952906280419,1,1,1,1,0,Direct_Earth_to_Mars,0.024063720614529951,0.024063720614529951,0.013634457079471264,0.0097254575683409783,0.011088476453140209,1044.578454361797,60,0.025959690067961828,0.024063720614529951,0,35061.42605251741,8192,100000000,8.1920000000000002e-05,8.1920000000000002e-05,60,1044.578454361797,1104.5785362817969,36166.004588799209,1500,36561.42605251741,DELIVERED_MECHANICALLY,1,0,0,200,179,0,21,21,0,0,0,0.89500000000000002,1466368,33.943703703703704,1104.5785362817985,1104.5785362817969,1104.5785362817969,12000,60,200,0,0,0,0,0
64,100063,B4,0.36268789132609008,45.020921734973996,-122692220.19264475,82332234.573659599,-44.931350417091629,190123730.02596524,96867423.510698393,-2643750.2855543653,149611677.47296709,160243209.78694731,-2081831.6271890071,206768504.55779421,23100158.63031197,20391611.171683334,191014678.50941709,97321358.871954754,-2656139.2982631857,313164620617.66675,0.85400340501952288,1,1,1,0.92696486558705926,200,60,35061.42605251741,5238.3505927205515,1,1,1,1,4,283238179944.75342,75219893916.225937,335363426169.68146,79052424153.937927,314076021016.85724,999999999.99999082,313164620617.66675,358458073860.97937,414415850323.61938,315076021016.85724,1044.578454361797,1195.6573511040006,1382.3077062162088,1050.9540394158014,1,2,2,2,0.92696486558705926,0.85926386203283489,0.85926386203283489,0.85926386203283489,60,120,120,120,0.025959690067961828,0.031735204241488867,0.44996574649584364,0.022636719634252095,0.40739388256558795,0.02580924659605081,1,0.025959690067961828,0.031735204241488867,0.022636719634252095,0.02580924659605081,0.024063720614529951,0.027268914158942528,0.019450915136681957,0.022176952906280419,1,1,1,1,0,Direct_Earth_to_Mars,0.024063720614529951,0.024063720614529951,0.011911656871415441,0.0073493068070256962,0.011021208502216667,1044.578454361797,60,0.025959690067961828,0.024063720614529951,0,35061.42605251741,8192,100000000,8.1920000000000002e-05,8.1920000000000002e-05,60,1044.578454361797,1104.5785362817969,36166.004588799209,1500,36561.42605251741,DELIVERED_MECHANICALLY,1,0,0,200,179,0,21,21,0,0,0,0.89500000000000002,1466368,33.943703703703704,1104.5785362817985,1104.5785362817969,1104.5785362817969,12000,60,200,0,0,0,0,0
65,100064,B1,2.2911323883787125,284.40125631026825,141273850.04322243,48288735.88498117,-97.864871987066593,-207211402.96344656,137608034.56209087,7975282.4234902719,-232372732.32816929,76221854.538466737,47479573.135837056,-160974934.68700978,183960923.7823039,-34636439.691108517,-208044012.87591633,138160966.55315551,8007328.4359470056,359838179422.41315,0.94595375024379025,1,1,1,0.86293260068607081,200,60,39108.813674035853,7962.5073542894443,1,1,1,1,4,377685513084.45294,77213629483.261948,333108010433.33167,78116324793.931976,360782629952.76093,1000000000.0000037,359838179422.41315,454899142567.7149,411224335227.26367,361782629952.76093,1200.2607719226589,1517.3420365834386,1371.6622255745954,1206.7465975742525,1,2,2,2,0.86293260068607081,0.74465267332682572,0.74465267332682572,0.74465267332682572,60,120,120,120,0.021779139020265983,0.019769447626667398,0.47300665834652555,0.0254147028131004,0.46213789706719882,0.021665262160969444,1,0.021779139020265983,0.019769447626667398,0.0254147028131004,0.021665262160969444,0.01879392907546161,0.014721372025392547,0.01892512639158201,0.016133095386492418,1,1,1,1,0,Direct_Earth_to_Mars,0.86293260068607081,0.86293260068607081,0.74465267332682572,0.74465267332682572,0.74465267332682572,1200.2607719226589,60,0.021779139020265983,0.01879392907546161,0,39108.813674035853,8192,100000000,8.1920000000000002e-05,8.1920000000000002e-05,60,1200.2607719226589,1260.2608538426589,40369.074527878511,1500,40608.813674035853,DELIVERED_MECHANICALLY,1,0,0,200,173,0,27,27,0,0,0,0.86499999999999999,1417216,32.805925925925926,1260.2608538426578,1260.2608538426589,1260.2608538426589,12000,60,200,0,0,0,0,0
65,100064,B2,2.2911323883787125,284.40125631026825,141273850.04322243,48288735.88498117,-97.864871987066593,-207211402.96344656,137608034.56209087,7975282.4234902719,-232372732.32816929,76221854.538466737,47479573.135837056,-160974934.68700978,183960923.7823039,-34636439.691108517,-208044012.87591633,138160966.55315551,8007328.4359470056,359838179422.41315,0.94595375024379025,1,1,1,0.86293260068607081,200,60,39108.813674035853,7962.5073542894443,1,1,1,1,4,377685513084.45294,77213629483.261948,333108010433.33167,78116324793.931976,360782629952.76093,1000000000.0000037,359838179422.41315,454899142567.7149,411224335227.26367,361782629952.76093,1200.2607719226589,1517.3420365834386,1371.6622255745954,1206.7465975742525,1,2,2,2,0.86293260068607081,0.74465267332682572,0.74465267332682572,0.74465267332682572,60,120,120,120,0.021779139020265983,0.019769447626667398,0.47300665834652555,0.0254147028131004,0.46213789706719882,0.021665262160969444,1,0.021779139020265983,0.019769447626667398,0.0254147028131004,0.021665262160969444,0.01879392907546161,0.014721372025392547,0.01892512639158201,0.016133095386492418,1,1,1,1,0,Direct_Earth_to_Mars,0.86293260068607081,0.86293260068607081,0.37232633666341286,0.37232633666341286,0.37232633666341286,1200.2607719226589,60,0.021779139020265983,0.01879392907546161,0,39108.813674035853,8192,100000000,8.1920000000000002e-05,8.1920000000000002e-05,60,1200.2607719226589,1260.2608538426589,40369.074527878511,1500,40608.813674035853,DELIVERED_MECHANICALLY,1,0,0,200,173,0,27,27,0,0,0,0.86499999999999999,1417216,32.805925925925926,1260.2608538426578,1260.2608538426589,1260.2608538426589,12000,60,200,0,0,0,0,0
65,100064,B3,2.2911323883787125,284.40125631026825,141273850.04322243,48288735.88498117,-97.864871987066593,-207211402.96344656,137608034.56209087,7975282.4234902719,-232372732.32816929,76221854.538466737,47479573.135837056,-160974934.68700978,183960923.7823039,-34636439.691108517,-208044012.87591633,138160966.55315551,8007328.4359470056,359838179422.41315,0.94595375024379025,1,1,1,0.86293260068607081,200,60,39108.813674035853,7962.5073542894443,1,1,1,1,4,377685513084.45294,77213629483.261948,333108010433.33167,78116324793.931976,360782629952.76093,1000000000.0000037,359838179422.41315,454899142567.7149,411224335227.26367,361782629952.76093,1200.2607719226589,1517.3420365834386,1371.6622255745954,1206.7465975742525,1,2,2,2,0.86293260068607081,0.74465267332682572,0.74465267332682572,0.74465267332682572,60,120,120,120,0.021779139020265983,0.019769447626667398,0.47300665834652555,0.0254147028131004,0.46213789706719882,0.021665262160969444,1,0.021779139020265983,0.019769447626667398,0.0254147028131004,0.021665262160969444,0.01879392907546161,0.014721372025392547,0.01892512639158201,0.016133095386492418,1,1,1,1,0,Direct_Earth_to_Mars,0.01879392907546161,0.01879392907546161,0.0073606860126962737,0.0094625631957910052,0.008066547693246209,1200.2607719226589,60,0.021779139020265983,0.01879392907546161,0,39108.813674035853,8192,100000000,8.1920000000000002e-05,8.1920000000000002e-05,60,1200.2607719226589,1260.2608538426589,40369.074527878511,1500,40608.813674035853,DELIVERED_MECHANICALLY,1,0,0,200,173,0,27,27,0,0,0,0.86499999999999999,1417216,32.805925925925926,1260.2608538426578,1260.2608538426589,1260.2608538426589,12000,60,200,0,0,0,0,0
65,100064,B4,2.2911323883787125,284.40125631026825,141273850.04322243,48288735.88498117,-97.864871987066593,-207211402.96344656,137608034.56209087,7975282.4234902719,-232372732.32816929,76221854.538466737,47479573.135837056,-160974934.68700978,183960923.7823039,-34636439.691108517,-208044012.87591633,138160966.55315551,8007328.4359470056,359838179422.41315,0.94595375024379025,1,1,1,0.86293260068607081,200,60,39108.813674035853,7962.5073542894443,1,1,1,1,4,377685513084.45294,77213629483.261948,333108010433.33167,78116324793.931976,360782629952.76093,1000000000.0000037,359838179422.41315,454899142567.7149,411224335227.26367,361782629952.76093,1200.2607719226589,1517.3420365834386,1371.6622255745954,1206.7465975742525,1,2,2,2,0.86293260068607081,0.74465267332682572,0.74465267332682572,0.74465267332682572,60,120,120,120,0.021779139020265983,0.019769447626667398,0.47300665834652555,0.0254147028131004,0.46213789706719882,0.021665262160969444,1,0.021779139020265983,0.019769447626667398,0.0254147028131004,0.021665262160969444,0.01879392907546161,0.014721372025392547,0.01892512639158201,0.016133095386492418,1,1,1,1,0,Direct_Earth_to_Mars,0.01879392907546161,0.01879392907546161,0.0058225123027449491,0.00828013135740421,0.008023192922614308,1200.2607719226589,60,0.021779139020265983,0.01879392907546161,0,39108.813674035853,8192,100000000,8.1920000000000002e-05,8.1920000000000002e-05,60,1200.2607719226589,1260.2608538426589,40369.074527878511,1500,40608.813674035853,DELIVERED_MECHANICALLY,1,0,0,200,173,0,27,27,0,0,0,0.86499999999999999,1417216,32.805925925925926,1260.2608538426578,1260.2608538426589,1260.2608538426589,12000,60,200,0,0,0,0,0
66,100065,B1,0.49350013784089514,61.258816776868706,-141422542.81826821,44639042.645576276,-28.845215887847775,173537563.96596351,128627597.34539527,-1570756.4032367505,124903397.98698507,183833165.32621765,5074424.6863533529,201734723.32853648,59145972.43141526,16494241.422242163,174340919.96761319,129223052.01206023,-1578027.8927911241,325969957773.96521,0.93394284604471356,1,1,1,0.95028733791521613,200,60,29176.090866223509,32740.272701248283,1,1,1,1,4,300549930316.54614,73872154891.20018,343859595289.72894,77130539627.568405,326899845751.01025,999999999.99998641,325969957773.96521,374422085207.74634,420990134917.29736,327899845751.01025,1087.2913868377759,1248.9062215068257,1404.2366074626329,1093.728638262209,1,2,2,2,0.95028733791521613,0.90304602460198813,0.90304602460198813,0.90304602460198813,60,120,120,120,0.026202964758363798,0.030822816584515737,0.51020422368356078,0.023547417814998785,0.46800753521147759,0.026054104689314857,1,0.026202964758363798,0.030822816584515737,0.023547417814998785,0.026054104689314857,0.024900345625711758,0.027834421983683168,0.021264402047476687,0.0235280556642498,1,1,1,1,0,Direct_Earth_to_Mars,0.95028733791521613,0.95028733791521613,0.90304602460198813,0.90304602460198813,0.90304602460198813,1087.2913868377759,60,0.026202964758363798,0.024900345625711758,0,29176.090866223509,8192,100000000,8.1920000000000002e-05,8.1920000000000002e-05,60,1087.2913868377759,1147.2914687577759,30323.382334981285,1500,30676.090866223509,DELIVERED_MECHANICALLY,1,0,0,200,195,0,5,5,0,0,0,0.97499999999999998,1597440,36.977777777777774,1147.2914687577788,1147.2914687577759,1147.2914687577759,12000,60,200,0,0,0,0,0
66,100065,B2,0.49350013784089514,61.258816776868706,-141422542.81826821,44639042.645576276,-28.845215887847775,173537563.96596351,128627597.34539527,-1570756.4032367505,124903397.98698507,183833165.32621765,5074424.6863533529,201734723.32853648,59145972.43141526,16494241.422242163,174340919.96761319,129223052.01206023,-1578027.8927911241,325969957773.96521,0.93394284604471356,1,1,1,0.95028733791521613,200,60,29176.090866223509,32740.272701248283,1,1,1,1,4,300549930316.54614,73872154891.20018,343859595289.72894,77130539627.568405,326899845751.01025,999999999.99998641,325969957773.96521,374422085207.74634,420990134917.29736,327899845751.01025,1087.2913868377759,1248.9062215068257,1404.2366074626329,1093.728638262209,1,2,2,2,0.95028733791521613,0.90304602460198813,0.90304602460198813,0.90304602460198813,60,120,120,120,0.026202964758363798,0.030822816584515737,0.51020422368356078,0.023547417814998785,0.46800753521147759,0.026054104689314857,1,0.026202964758363798,0.030822816584515737,0.023547417814998785,0.026054104689314857,0.024900345625711758,0.027834421983683168,0.021264402047476687,0.0235280556642498,1,1,1,1,0,Direct_Earth_to_Mars,0.95028733791521613,0.95028733791521613,0.45152301230099406,0.45152301230099406,0.45152301230099406,1087.2913868377759,60,0.026202964758363798,0.024900345625711758,0,29176.090866223509,8192,100000000,8.1920000000000002e-05,8.1920000000000002e-05,60,1087.2913868377759,1147.2914687577759,30323.382334981285,1500,30676.090866223509,DELIVERED_MECHANICALLY,1,0,0,200,195,0,5,5,0,0,0,0.97499999999999998,1597440,36.977777777777774,1147.2914687577788,1147.2914687577759,1147.2914687577759,12000,60,200,0,0,0,0,0
66,100065,B3,0.49350013784089514,61.258816776868706,-141422542.81826821,44639042.645576276,-28.845215887847775,173537563.96596351,128627597.34539527,-1570756.4032367505,124903397.98698507,183833165.32621765,5074424.6863533529,201734723.32853648,59145972.43141526,16494241.422242163,174340919.96761319,129223052.01206023,-1578027.8927911241,325969957773.96521,0.93394284604471356,1,1,1,0.95028733791521613,200,60,29176.090866223509,32740.272701248283,1,1,1,1,4,300549930316.54614,73872154891.20018,343859595289.72894,77130539627.568405,326899845751.01025,999999999.99998641,325969957773.96521,374422085207.74634,420990134917.29736,327899845751.01025,1087.2913868377759,1248.9062215068257,1404.2366074626329,1093.728638262209,1,2,2,2,0.95028733791521613,0.90304602460198813,0.90304602460198813,0.90304602460198813,60,120,120,120,0.026202964758363798,0.030822816584515737,0.51020422368356078,0.023547417814998785,0.46800753521147759,0.026054104689314857,1,0.026202964758363798,0.030822816584515737,0.023547417814998785,0.026054104689314857,0.024900345625711758,0.027834421983683168,0.021264402047476687,0.0235280556642498,1,1,1,1,0,Direct_Earth_to_Mars,0.024900345625711758,0.024900345625711758,0.013917210991841584,0.010632201023738344,0.0117640278321249,1087.2913868377759,60,0.026202964758363798,0.024900345625711758,0,29176.090866223509,8192,100000000,8.1920000000000002e-05,8.1920000000000002e-05,60,1087.2913868377759,1147.2914687577759,30323.382334981285,1500,30676.090866223509,DELIVERED_MECHANICALLY,1,0,0,200,195,0,5,5,0,0,0,0.97499999999999998,1597440,36.977777777777774,1147.2914687577788,1147.2914687577759,1147.2914687577759,12000,60,200,0,0,0,0,0
66,100065,B4,0.49350013784089514,61.258816776868706,-141422542.81826821,44639042.645576276,-28.845215887847775,173537563.96596351,128627597.34539527,-1570756.4032367505,124903397.98698507,183833165.32621765,5074424.6863533529,201734723.32853648,59145972.43141526,16494241.422242163,174340919.96761319,129223052.01206023,-1578027.8927911241,325969957773.96521,0.93394284604471356,1,1,1,0.95028733791521613,200,60,29176.090866223509,32740.272701248283,1,1,1,1,4,300549930316.54614,73872154891.20018,343859595289.72894,77130539627.568405,326899845751.01025,999999999.99998641,325969957773.96521,374422085207.74634,420990134917.29736,327899845751.01025,1087.2913868377759,1248.9062215068257,1404.2366074626329,1093.728638262209,1,2,2,2,0.95028733791521613,0.90304602460198813,0.90304602460198813,0.90304602460198813,60,120,120,120,0.026202964758363798,0.030822816584515737,0.51020422368356078,0.023547417814998785,0.46800753521147759,0.026054104689314857,1,0.026202964758363798,0.030822816584515737,0.023547417814998785,0.026054104689314857,0.024900345625711758,0.027834421983683168,0.021264402047476687,0.0235280556642498,1,1,1,1,0,Direct_Earth_to_Mars,0.024900345625711758,0.024900345625711758,0.012116252909667063,0.0082324449703153803,0.011694789446779392,1087.2913868377759,60,0.026202964758363798,0.024900345625711758,0,29176.090866223509,8192,100000000,8.1920000000000002e-05,8.1920000000000002e-05,60,1087.2913868377759,1147.2914687577759,30323.382334981285,1500,30676.090866223509,DELIVERED_MECHANICALLY,1,0,0,200,195,0,5,5,0,0,0,0.97499999999999998,1597440,36.977777777777774,1147.2914687577788,1147.2914687577759,1147.2914687577759,12000,60,200,0,0,0,0,0
67,100066,B1,4.8097118741306577,597.03581793505202,127726628.6362111,-81208914.922368541,321.65036867706283,113358764.35260639,-176174451.27130967,-6476409.7015345916,164707951.27386013,-118055180.40547451,-42368103.199262097,43229140.786829703,-208421006.04668653,24075982.393299378,113899613.9680783,-177015002.8137531,-6507309.5063861869,96264410179.04213,0.97992833904695931,1,0,1,0.97323639791216965,200,60,36344.676822507041,35546.322545238632,1,1,0,1,3,67233540203.682793,85456435132.674393,154603942450.65952,83014776149.041031,97017225660.99707,1000000000.0000023,96264410179.04213,152689975336.35718,237618718599.70056,98017225660.99707,321.09543088406315,509.30612186910332,792.59078919179638,326.94204690125775,1,2,2,2,0.97323639791216965,0.94718908622105502,0.94718908622105502,0.94718908622105502,60,120,120,120,0.31524491821452316,0.64626054615629025,0.40002769416325074,0.12221892911293802,0.42390525513137284,0.31037154663193983,1,0.31524491821452316,0.40002769416325074,0.12221892911293802,0.31037154663193983,0.30680782866321904,0.37890186609760512,0,0.29398054164332266,1,1,0,1,0,Direct_Earth_to_Mars,0.97323639791216965,0.97323639791216965,0.94718908622105502,-1,0.94718908622105502,321.09543088406315,60,0.31524491821452316,0.30680782866321904,0,36344.676822507041,8192,100000000,8.1920000000000002e-05,8.1920000000000002e-05,60,321.09543088406315,381.09551280406316,36725.772335311107,1500,37844.676822507041,DELIVERED_MECHANICALLY,1,0,0,200,194,0,6,6,0,0,0,0.96999999999999997,1589248,36.788148148148146,381.09551280406447,381.09551280406316,381.09551280406316,12000,60,200,0,0,0,0,0
67,100066,B2,4.8097118741306577,597.03581793505202,127726628.6362111,-81208914.922368541,321.65036867706283,113358764.35260639,-176174451.27130967,-6476409.7015345916,164707951.27386013,-118055180.40547451,-42368103.199262097,43229140.786829703,-208421006.04668653,24075982.393299378,113899613.9680783,-177015002.8137531,-6507309.5063861869,96264410179.04213,0.97992833904695931,1,0,1,0.97323639791216965,200,60,36344.676822507041,35546.322545238632,1,1,0,1,3,67233540203.682793,85456435132.674393,154603942450.65952,83014776149.041031,97017225660.99707,1000000000.0000023,96264410179.04213,152689975336.35718,237618718599.70056,98017225660.99707,321.09543088406315,509.30612186910332,792.59078919179638,326.94204690125775,1,2,2,2,0.97323639791216965,0.94718908622105502,0.94718908622105502,0.94718908622105502,60,120,120,120,0.31524491821452316,0.64626054615629025,0.40002769416325074,0.12221892911293802,0.42390525513137284,0.31037154663193983,1,0.31524491821452316,0.40002769416325074,0.12221892911293802,0.31037154663193983,0.30680782866321904,0.37890186609760512,0,0.29398054164332266,1,1,0,1,0,Direct_Earth_to_Mars,0.97323639791216965,0.97323639791216965,0.47359454311052751,-1,0.47359454311052751,321.09543088406315,60,0.31524491821452316,0.30680782866321904,0,36344.676822507041,8192,100000000,8.1920000000000002e-05,8.1920000000000002e-05,60,321.09543088406315,381.09551280406316,36725.772335311107,1500,37844.676822507041,DELIVERED_MECHANICALLY,1,0,0,200,194,0,6,6,0,0,0,0.96999999999999997,1589248,36.788148148148146,381.09551280406447,381.09551280406316,381.09551280406316,12000,60,200,0,0,0,0,0
67,100066,B3,4.8097118741306577,597.03581793505202,127726628.6362111,-81208914.922368541,321.65036867706283,113358764.35260639,-176174451.27130967,-6476409.7015345916,164707951.27386013,-118055180.40547451,-42368103.199262097,43229140.786829703,-208421006.04668653,24075982.393299378,113899613.9680783,-177015002.8137531,-6507309.5063861869,96264410179.04213,0.97992833904695931,1,0,1,0.97323639791216965,200,60,36344.676822507041,35546.322545238632,1,1,0,1,3,67233540203.682793,85456435132.674393,154603942450.65952,83014776149.041031,97017225660.99707,1000000000.0000023,96264410179.04213,152689975336.35718,237618718599.70056,98017225660.99707,321.09543088406315,509.30612186910332,792.59078919179638,326.94204690125775,1,2,2,2,0.97323639791216965,0.94718908622105502,0.94718908622105502,0.94718908622105502,60,120,120,120,0.31524491821452316,0.64626054615629025,0.40002769416325074,0.12221892911293802,0.42390525513137284,0.31037154663193983,1,0.31524491821452316,0.40002769416325074,0.12221892911293802,0.31037154663193983,0.30680782866321904,0.37890186609760512,0,0.29398054164332266,1,1,0,1,0,Direct_Earth_to_Mars,0.30680782866321904,0.30680782866321904,0.18945093304880256,-1,0.14699027082166133,321.09543088406315,60,0.31524491821452316,0.30680782866321904,0,36344.676822507041,8192,100000000,8.1920000000000002e-05,8.1920000000000002e-05,60,321.09543088406315,381.09551280406316,36725.772335311107,1500,37844.676822507041,DELIVERED_MECHANICALLY,1,0,0,200,194,0,6,6,0,0,0,0.96999999999999997,1589248,36.788148148148146,381.09551280406447,381.09551280406316,381.09551280406316,12000,60,200,0,0,0,0,0
67,100066,B4,4.8097118741306577,597.03581793505202,127726628.6362111,-81208914.922368541,321.65036867706283,113358764.35260639,-176174451.27130967,-6476409.7015345916,164707951.27386013,-118055180.40547451,-42368103.199262097,43229140.786829703,-208421006.04668653,24075982.393299378,113899613.9680783,-177015002.8137531,-6507309.5063861869,96264410179.04213,0.97992833904695931,1,0,1,0.97323639791216965,200,60,36344.676822507041,35546.322545238632,1,1,0,1,3,67233540203.682793,85456435132.674393,154603942450.65952,83014776149.041031,97017225660.99707,1000000000.0000023,96264410179.04213,152689975336.35718,237618718599.70056,98017225660.99707,321.09543088406315,509.30612186910332,792.59078919179638,326.94204690125775,1,2,2,2,0.97323639791216965,0.94718908622105502,0.94718908622105502,0.94718908622105502,60,120,120,120,0.31524491821452316,0.64626054615629025,0.40002769416325074,0.12221892911293802,0.42390525513137284,0.31037154663193983,1,0.31524491821452316,0.40002769416325074,0.12221892911293802,0.31037154663193983,0.30680782866321904,0.37890186609760512,0,0.29398054164332266,1,1,0,1,0,Direct_Earth_to_Mars,0.30680782866321904,0.30680782866321904,0.1194406003906771,-1,0.14436168364572904,321.09543088406315,60,0.31524491821452316,0.30680782866321904,0,36344.676822507041,8192,100000000,8.1920000000000002e-05,8.1920000000000002e-05,60,321.09543088406315,381.09551280406316,36725.772335311107,1500,37844.676822507041,DELIVERED_MECHANICALLY,1,0,0,200,194,0,6,6,0,0,0,0.96999999999999997,1589248,36.788148148148146,381.09551280406447,381.09551280406316,381.09551280406316,12000,60,200,0,0,0,0,0
68,100067,B1,0.93341735885373356,115.86631609169775,-121139860.0038801,-89404958.752609551,87.976067552035232,88937396.7679777,208026926.7509532,2171873.7151229251,24355830.861187283,229941502.60639077,27406050.208243184,146588107.83550906,163559737.39449957,783045.78751324036,89330487.480096698,208946376.33850738,2181473.0896980264,364146806906.62372,0.85810626512814003,1,0,1,0.85947266443034731,200,60,2218.7034349972446,13481.756417091348,1,1,0,1,3,351997507389.8822,72717198469.019592,368334108226.67877,72820768046.397278,365124697550.97614,1000000000.0000091,364146806906.62372,424714705858.90179,441154876273.07605,366124697550.97614,1214.632444651847,1416.6601262805264,1471.4972524118614,1221.2298117110611,1,2,2,2,0.85947266443034731,0.73869326090300036,0.73869326090300036,0.73869326090300036,60,120,120,120,0.019291826435207143,0.020646535250758994,0.48378464579989183,0.018855692379856775,0.48240949578744868,0.019188628629976334,1,0.019291826435207143,0.020646535250758994,0.018855692379856775,0.019188628629976334,0.016580797467995293,0.015251456450731907,0,0.014174510654933891,1,1,0,1,0,Direct_Earth_to_Mars,0.85947266443034731,0.85947266443034731,0.73869326090300036,-1,0.73869326090300036,1214.632444651847,60,0.019291826435207143,0.016580797467995293,0,2218.7034349972446,8192,100000000,8.1920000000000002e-05,8.1920000000000002e-05,60,1214.632444651847,1274.6325265718469,3493.3359615690915,1500,3718.7034349972446,DELIVERED_MECHANICALLY,1,0,0,200,180,0,20,20,0,0,0,0.90000000000000002,1474560,34.133333333333333,1274.6325265718415,1274.6325265718469,1274.6325265718469,12000,60,200,0,0,0,0,0
68,100067,B2,0.93341735885373356,115.86631609169775,-121139860.0038801,-89404958.752609551,87.976067552035232,88937396.7679777,208026926.7509532,2171873.7151229251,24355830.861187283,229941502.60639077,27406050.208243184,146588107.83550906,163559737.39449957,783045.78751324036,89330487.480096698,208946376.33850738,2181473.0896980264,364146806906.62372,0.85810626512814003,1,0,1,0.85947266443034731,200,60,2218.7034349972446,13481.756417091348,1,1,0,1,3,351997507389.8822,72717198469.019592,368334108226.67877,72820768046.397278,365124697550.97614,1000000000.0000091,364146806906.62372,424714705858.90179,441154876273.07605,366124697550.97614,1214.632444651847,1416.6601262805264,1471.4972524118614,1221.2298117110611,1,2,2,2,0.85947266443034731,0.73869326090300036,0.73869326090300036,0.73869326090300036,60,120,120,120,0.019291826435207143,0.020646535250758994,0.48378464579989183,0.018855692379856775,0.48240949578744868,0.019188628629976334,1,0.019291826435207143,0.020646535250758994,0.018855692379856775,0.019188628629976334,0.016580797467995293,0.015251456450731907,0,0.014174510654933891,1,1,0,1,0,Direct_Earth_to_Mars,0.85947266443034731,0.85947266443034731,0.36934663045150018,-1,0.36934663045150018,1214.632444651847,60,0.019291826435207143,0.016580797467995293,0,2218.7034349972446,8192,100000000,8.1920000000000002e-05,8.1920000000000002e-05,60,1214.632444651847,1274.6325265718469,3493.3359615690915,1500,3718.7034349972446,DELIVERED_MECHANICALLY,1,0,0,200,180,0,20,20,0,0,0,0.90000000000000002,1474560,34.133333333333333,1274.6325265718415,1274.6325265718469,1274.6325265718469,12000,60,200,0,0,0,0,0
68,100067,B3,0.93341735885373356,115.86631609169775,-121139860.0038801,-89404958.752609551,87.976067552035232,88937396.7679777,208026926.7509532,2171873.7151229251,24355830.861187283,229941502.60639077,27406050.208243184,146588107.83550906,163559737.39449957,783045.78751324036,89330487.480096698,208946376.33850738,2181473.0896980264,364146806906.62372,0.85810626512814003,1,0,1,0.85947266443034731,200,60,2218.7034349972446,13481.756417091348,1,1,0,1,3,351997507389.8822,72717198469.019592,368334108226.67877,72820768046.397278,365124697550.97614,1000000000.0000091,364146806906.62372,424714705858.90179,441154876273.07605,366124697550.97614,1214.632444651847,1416.6601262805264,1471.4972524118614,1221.2298117110611,1,2,2,2,0.85947266443034731,0.73869326090300036,0.73869326090300036,0.73869326090300036,60,120,120,120,0.019291826435207143,0.020646535250758994,0.48378464579989183,0.018855692379856775,0.48240949578744868,0.019188628629976334,1,0.019291826435207143,0.020646535250758994,0.018855692379856775,0.019188628629976334,0.016580797467995293,0.015251456450731907,0,0.014174510654933891,1,1,0,1,0,Direct_Earth_to_Mars,0.016580797467995293,0.016580797467995293,0.0076257282253659533,-1,0.0070872553274669457,1214.632444651847,60,0.019291826435207143,0.016580797467995293,0,2218.7034349972446,8192,100000000,8.1920000000000002e-05,8.1920000000000002e-05,60,1214.632444651847,1274.6325265718469,3493.3359615690915,1500,3718.7034349972446,DELIVERED_MECHANICALLY,1,0,0,200,180,0,20,20,0,0,0,0.90000000000000002,1474560,34.133333333333333,1274.6325265718415,1274.6325265718469,1274.6325265718469,12000,60,200,0,0,0,0,0
68,100067,B4,0.93341735885373356,115.86631609169775,-121139860.0038801,-89404958.752609551,87.976067552035232,88937396.7679777,208026926.7509532,2171873.7151229251,24355830.861187283,229941502.60639077,27406050.208243184,146588107.83550906,163559737.39449957,783045.78751324036,89330487.480096698,208946376.33850738,2181473.0896980264,364146806906.62372,0.85810626512814003,1,0,1,0.85947266443034731,200,60,2218.7034349972446,13481.756417091348,1,1,0,1,3,351997507389.8822,72717198469.019592,368334108226.67877,72820768046.397278,365124697550.97614,1000000000.0000091,364146806906.62372,424714705858.90179,441154876273.07605,366124697550.97614,1214.632444651847,1416.6601262805264,1471.4972524118614,1221.2298117110611,1,2,2,2,0.85947266443034731,0.73869326090300036,0.73869326090300036,0.73869326090300036,60,120,120,120,0.019291826435207143,0.020646535250758994,0.48378464579989183,0.018855692379856775,0.48240949578744868,0.019188628629976334,1,0.019291826435207143,0.020646535250758994,0.018855692379856775,0.019188628629976334,0.016580797467995293,0.015251456450731907,0,0.014174510654933891,1,1,0,1,0,Direct_Earth_to_Mars,0.016580797467995293,0.016580797467995293,0.0065382350676768406,-1,0.0070489683282557499,1214.632444651847,60,0.019291826435207143,0.016580797467995293,0,2218.7034349972446,8192,100000000,8.1920000000000002e-05,8.1920000000000002e-05,60,1214.632444651847,1274.6325265718469,3493.3359615690915,1500,3718.7034349972446,DELIVERED_MECHANICALLY,1,0,0,200,180,0,20,20,0,0,0,0.90000000000000002,1474560,34.133333333333333,1274.6325265718415,1274.6325265718469,1274.6325265718469,12000,60,200,0,0,0,0,0
69,100068,B1,2.482607424767068,308.1693027038848,109284116.87256843,100296353.60204199,-218.01435111962741,-228966340.69954032,98138864.892965391,7683111.9009131277,-242341447.29177323,32414568.095261734,43108905.948460899,-193249744.26361591,152113729.23853949,-35195583.020885453,-229885033.7253511,98532632.33696042,7713939.2325564064,338344588199.45319,0.91800452181341274,1,1,1,0.93077080111446731,200,60,13977.223386524709,6717.6024260686172,1,1,1,1,4,360703300160.00848,75852248152.612473,308950629178.45807,77637257294.977188,339261450288.7782,999999999.99999285,338344588199.45319,436555548312.62097,386587886473.43524,340261450288.7782,1128.5676724464749,1456.1559316631788,1289.485945541812,1134.9614752794469,1,2,2,2,0.93077080111446731,0.86633428420726721,0.86633428420726721,0.86633428420726721,60,120,120,120,0.023906259922737358,0.021034387688758201,0.47565623227395959,0.028671600573690878,0.45403542259486046,0.023777220060171453,1,0.023906259922737358,0.021034387688758201,0.028671600573690878,0.023777220060171453,0.022251248699936933,0.018222811202078491,0.024839190560085159,0.020599020921267312,1,1,1,1,0,Direct_Earth_to_Mars,0.93077080111446731,0.93077080111446731,0.86633428420726721,0.86633428420726721,0.86633428420726721,1128.5676724464749,60,0.023906259922737358,0.022251248699936933,0,13977.223386524709,8192,100000000,8.1920000000000002e-05,8.1920000000000002e-05,60,1128.5676724464749,1188.5677543664749,15165.791140891184,1500,15477.223386524709,DELIVERED_MECHANICALLY,1,0,0,200,183,0,17,17,0,0,0,0.91500000000000004,1499136,34.702222222222225,1188.5677543664713,1188.5677543664749,1188.5677543664749,12000,60,200,0,0,0,0,0
69,100068,B2,2.482607424767068,308.1693027038848,109284116.87256843,100296353.60204199,-218.01435111962741,-228966340.69954032,98138864.892965391,7683111.9009131277,-242341447.29177323,32414568.095261734,43108905.948460899,-193249744.26361591,152113729.23853949,-35195583.020885453,-229885033.7253511,98532632.33696042,7713939.2325564064,338344588199.45319,0.91800452181341274,1,1,1,0.93077080111446731,200,60,13977.223386524709,6717.6024260686172,1,1,1,1,4,360703300160.00848,75852248152.612473,308950629178.45807,77637257294.977188,339261450288.7782,999999999.99999285,338344588199.45319,436555548312.62097,386587886473.43524,340261450288.7782,1128.5676724464749,1456.1559316631788,1289.485945541812,1134.9614752794469,1,2,2,2,0.93077080111446731,0.86633428420726721,0.86633428420726721,0.86633428420726721,60,120,120,120,0.023906259922737358,0.021034387688758201,0.47565623227395959,0.028671600573690878,0.45403542259486046,0.023777220060171453,1,0.023906259922737358,0.021034387688758201,0.028671600573690878,0.023777220060171453,0.022251248699936933,0.018222811202078491,0.024839190560085159,0.020599020921267312,1,1,1,1,0,Direct_Earth_to_Mars,0.93077080111446731,0.93077080111446731,0.43316714210363361,0.43316714210363361,0.43316714210363361,1128.5676724464749,60,0.023906259922737358,0.022251248699936933,0,13977.223386524709,8192,100000000,8.1920000000000002e-05,8.1920000000000002e-05,60,1128.5676724464749,1188.5677543664749,15165.791140891184,1500,15477.223386524709,DELIVERED_MECHANICALLY,1,0,0,200,183,0,17,17,0,0,0,0.91500000000000004,1499136,34.702222222222225,1188.5677543664713,1188.5677543664749,1188.5677543664749,12000,60,200,0,0,0,0,0
69,100068,B3,2.482607424767068,308.1693027038848,109284116.87256843,100296353.60204199,-218.01435111962741,-228966340.69954032,98138864.892965391,7683111.9009131277,-242341447.29177323,32414568.095261734,43108905.948460899,-193249744.26361591,152113729.23853949,-35195583.020885453,-229885033.7253511,98532632.33696042,7713939.2325564064,338344588199.45319,0.91800452181341274,1,1,1,0.93077080111446731,200,60,13977.223386524709,6717.6024260686172,1,1,1,1,4,360703300160.00848,75852248152.612473,308950629178.45807,77637257294.977188,339261450288.7782,999999999.99999285,338344588199.45319,436555548312.62097,386587886473.43524,340261450288.7782,1128.5676724464749,1456.1559316631788,1289.485945541812,1134.9614752794469,1,2,2,2,0.93077080111446731,0.86633428420726721,0.86633428420726721,0.86633428420726721,60,120,120,120,0.023906259922737358,0.021034387688758201,0.47565623227395959,0.028671600573690878,0.45403542259486046,0.023777220060171453,1,0.023906259922737358,0.021034387688758201,0.028671600573690878,0.023777220060171453,0.022251248699936933,0.018222811202078491,0.024839190560085159,0.020599020921267312,1,1,1,1,0,Direct_Earth_to_Mars,0.022251248699936933,0.022251248699936933,0.0091114056010392457,0.01241959528004258,0.010299510460633656,1128.5676724464749,60,0.023906259922737358,0.022251248699936933,0,13977.223386524709,8192,100000000,8.1920000000000002e-05,8.1920000000000002e-05,60,1128.5676724464749,1188.5677543664749,15165.791140891184,1500,15477.223386524709,DELIVERED_MECHANICALLY,1,0,0,200,183,0,17,17,0,0,0,0.91500000000000004,1499136,34.702222222222225,1188.5677543664713,1188.5677543664749,1188.5677543664749,12000,60,200,0,0,0,0,0
69,100068,B4,2.482607424767068,308.1693027038848,109284116.87256843,100296353.60204199,-218.01435111962741,-228966340.69954032,98138864.892965391,7683111.9009131277,-242341447.29177323,32414568.095261734,43108905.948460899,-193249744.26361591,152113729.23853949,-35195583.020885453,-229885033.7253511,98532632.33696042,7713939.2325564064,338344588199.45319,0.91800452181341274,1,1,1,0.93077080111446731,200,60,13977.223386524709,6717.6024260686172,1,1,1,1,4,360703300160.00848,75852248152.612473,308950629178.45807,77637257294.977188,339261450288.7782,999999999.99999285,338344588199.45319,436555548312.62097,386587886473.43524,340261450288.7782,1128.5676724464749,1456.1559316631788,1289.485945541812,1134.9614752794469,1,2,2,2,0.93077080111446731,0.86633428420726721,0.86633428420726721,0.86633428420726721,60,120,120,120,0.023906259922737358,0.021034387688758201,0.47565623227395959,0.028671600573690878,0.45403542259486046,0.023777220060171453,1,0.023906259922737358,0.021034387688758201,0.028671600573690878,0.023777220060171453,0.022251248699936933,0.018222811202078491,0.024839190560085159,0.020599020921267312,1,1,1,1,0,Direct_Earth_to_Mars,0.022251248699936933,0.022251248699936933,0.0070616323350315103,0.010869721989901592,0.010241488192393044,1128.5676724464749,60,0.023906259922737358,0.022251248699936933,0,13977.223386524709,8192,100000000,8.1920000000000002e-05,8.1920000000000002e-05,60,1128.5676724464749,1188.5677543664749,15165.791140891184,1500,15477.223386524709,DELIVERED_MECHANICALLY,1,0,0,200,183,0,17,17,0,0,0,0.91500000000000004,1499136,34.702222222222225,1188.5677543664713,1188.5677543664749,1188.5677543664749,12000,60,200,0,0,0,0,0
70,100069,B1,2.3159401153639725,287.48067186765678,138383034.92894444,55687045.678693555,-113.91961829334413,-210471373.00460687,132745873.59008612,7953545.2822039556,-234149350.64209953,70668750.413845822,47007450.981489584,-165517868.11359176,180193806.8318789,-34781630.146811597,-211316762.80115005,133279067.27559419,7985491.8882052014,357352377337.05505,0.92675877540402418,1,1,1,0.97255211625526805,200,60,31763.0609399979,38951.958546389869,1,1,1,1,4,375785232458.58948,77067654675.670563,330253609085.48425,78092376003.377426,358293511311.71893,1000000000.0000005,357352377337.05505,452852887134.26001,408345985088.86169,359293511311.71893,1191.9692372817046,1510.5166348707805,1362.0613245125473,1198.444000372645,1,2,2,2,0.97255211625526805,0.94585761883260044,0.94585761883260044,0.94585761883260044,60,120,120,120,0.021635086760022307,0.01956467211245326,0.46516572504024783,0.025331263216063129,0.45303809149106927,0.021521577736657832,1,0.021635086760022307,0.01956467211245326,0.025331263216063129,0.021521577736657832,0.021041249413826024,0.018505394177525624,0.023959768307567311,0.020356348271515882,1,1,1,1,0,Direct_Earth_to_Mars,0.97255211625526805,0.97255211625526805,0.94585761883260044,0.94585761883260044,0.94585761883260044,1191.9692372817046,60,0.021635086760022307,0.021041249413826024,0,31763.0609399979,8192,100000000,8.1920000000000002e-05,8.1920000000000002e-05,60,1191.9692372817046,1251.9693192017046,33015.030259199608,1500,33263.0609399979,DELIVERED_MECHANICALLY,1,0,0,200,196,0,4,4,0,0,0,0.97999999999999998,1605632,37.16740740740741,1251.9693192017087,1251.9693192017046,1251.9693192017046,12000,60,200,0,0,0,0,0
70,100069,B2,2.3159401153639725,287.48067186765678,138383034.92894444,55687045.678693555,-113.91961829334413,-210471373.00460687,132745873.59008612,7953545.2822039556,-234149350.64209953,70668750.413845822,47007450.981489584,-165517868.11359176,180193806.8318789,-34781630.146811597,-211316762.80115005,133279067.27559419,7985491.8882052014,357352377337.05505,0.92675877540402418,1,1,1,0.97255211625526805,200,60,31763.0609399979,38951.958546389869,1,1,1,1,4,375785232458.58948,77067654675.670563,330253609085.48425,78092376003.377426,358293511311.71893,1000000000.0000005,357352377337.05505,452852887134.26001,408345985088.86169,359293511311.71893,1191.9692372817046,1510.5166348707805,1362.0613245125473,1198.444000372645,1,2,2,2,0.97255211625526805,0.94585761883260044,0.94585761883260044,0.94585761883260044,60,120,120,120,0.021635086760022307,0.01956467211245326,0.46516572504024783,0.025331263216063129,0.45303809149106927,0.021521577736657832,1,0.021635086760022307,0.01956467211245326,0.025331263216063129,0.021521577736657832,0.021041249413826024,0.018505394177525624,0.023959768307567311,0.020356348271515882,1,1,1,1,0,Direct_Earth_to_Mars,0.97255211625526805,0.97255211625526805,0.47292880941630022,0.47292880941630022,0.47292880941630022,1191.9692372817046,60,0.021635086760022307,0.021041249413826024,0,31763.0609399979,8192,100000000,8.1920000000000002e-05,8.1920000000000002e-05,60,1191.9692372817046,1251.9693192017046,33015.030259199608,1500,33263.0609399979,DELIVERED_MECHANICALLY,1,0,0,200,196,0,4,4,0,0,0,0.97999999999999998,1605632,37.16740740740741,1251.9693192017087,1251.9693192017046,1251.9693192017046,12000,60,200,0,0,0,0,0
70,100069,B3,2.3159401153639725,287.48067186765678,138383034.92894444,55687045.678693555,-113.91961829334413,-210471373.00460687,132745873.59008612,7953545.2822039556,-234149350.64209953,70668750.413845822,47007450.981489584,-165517868.11359176,180193806.8318789,-34781630.146811597,-211316762.80115005,133279067.27559419,7985491.8882052014,357352377337.05505,0.92675877540402418,1,1,1,0.97255211625526805,200,60,31763.0609399979,38951.958546389869,1,1,1,1,4,375785232458.58948,77067654675.670563,330253609085.48425,78092376003.377426,358293511311.71893,1000000000.0000005,357352377337.05505,452852887134.26001,408345985088.86169,359293511311.71893,1191.9692372817046,1510.5166348707805,1362.0613245125473,1198.444000372645,1,2,2,2,0.97255211625526805,0.94585761883260044,0.94585761883260044,0.94585761883260044,60,120,120,120,0.021635086760022307,0.01956467211245326,0.46516572504024783,0.025331263216063129,0.45303809149106927,0.021521577736657832,1,0.021635086760022307,0.01956467211245326,0.025331263216063129,0.021521577736657832,0.021041249413826024,0.018505394177525624,0.023959768307567311,0.020356348271515882,1,1,1,1,0,Direct_Earth_to_Mars,0.021041249413826024,0.021041249413826024,0.009252697088762812,0.011979884153783656,0.010178174135757941,1191.9692372817046,60,0.021635086760022307,0.021041249413826024,0,31763.0609399979,8192,100000000,8.1920000000000002e-05,8.1920000000000002e-05,60,1191.9692372817046,1251.9693192017046,33015.030259199608,1500,33263.0609399979,DELIVERED_MECHANICALLY,1,0,0,200,196,0,4,4,0,0,0,0.97999999999999998,1605632,37.16740740740741,1251.9693192017087,1251.9693192017046,1251.9693192017046,12000,60,200,0,0,0,0,0
70,100069,B4,2.3159401153639725,287.48067186765678,138383034.92894444,55687045.678693555,-113.91961829334413,-210471373.00460687,132745873.59008612,7953545.2822039556,-234149350.64209953,70668750.413845822,47007450.981489584,-165517868.11359176,180193806.8318789,-34781630.146811597,-211316762.80115005,133279067.27559419,7985491.8882052014,357352377337.05505,0.92675877540402418,1,1,1,0.97255211625526805,200,60,31763.0609399979,38951.958546389869,1,1,1,1,4,375785232458.58948,77067654675.670563,330253609085.48425,78092376003.377426,358293511311.71893,1000000000.0000005,357352377337.05505,452852887134.26001,408345985088.86169,359293511311.71893,1191.9692372817046,1510.5166348707805,1362.0613245125473,1198.444000372645,1,2,2,2,0.97255211625526805,0.94585761883260044,0.94585761883260044,0.94585761883260044,60,120,120,120,0.021635086760022307,0.01956467211245326,0.46516572504024783,0.025331263216063129,0.45303809149106927,0.021521577736657832,1,0.021635086760022307,0.01956467211245326,0.025331263216063129,0.021521577736657832,0.021041249413826024,0.018505394177525624,0.023959768307567311,0.020356348271515882,1,1,1,1,0,Direct_Earth_to_Mars,0.021041249413826024,0.021041249413826024,0.007301429217715795,0.010483854963445985,0.010123185111484068,1191.9692372817046,60,0.021635086760022307,0.021041249413826024,0,31763.0609399979,8192,100000000,8.1920000000000002e-05,8.1920000000000002e-05,60,1191.9692372817046,1251.9693192017046,33015.030259199608,1500,33263.0609399979,DELIVERED_MECHANICALLY,1,0,0,200,196,0,4,4,0,0,0,0.97999999999999998,1605632,37.16740740740741,1251.9693192017087,1251.9693192017046,1251.9693192017046,12000,60,200,0,0,0,0,0
71,100070,B1,3.731645351239282,463.2140121539756,-141723427.97135791,-48576417.770786986,152.18442553411421,-156324301.93119612,-172458912.54159737,229068.66868249388,-94823966.238692775,-204930939.99031246,-12751551.015731905,-203927192.97538108,-123682955.10953417,-10736037.195558282,-156995899.84254941,-173199827.70338824,230052.78975351813,124740171692.15259,0.86216862140437045,0,1,1,0.85190021930433379,200,60,1051.0984944917345,34519.900373355864,1,0,1,1,3,163734242184.75104,70747581897.278397,98109969391.97995,69031607295.448303,125555945914.8544,999999999.99999321,124740171692.15259,234481824082.02942,167141576687.42825,126555945914.8544,416.07795761225015,782.12749860583529,557.51026246640515,422.13457610024818,1,2,2,2,0.85190021930433379,0.72573398365077202,0.72573398365077202,0.72573398365077202,60,120,120,120,0.16518279984727519,0.095873475208634637,0.5135163750196684,0.26702456585515194,0.53936346761705634,0.16304328972315663,1,0.16518279984727519,0.095873475208634637,0.26702456585515194,0.16304328972315663,0.14071926341519761,0,0.19378880191067732,0.11832605615831343,1,0,1,1,0,Direct_Earth_to_Mars,0.85190021930433379,0.85190021930433379,-1,0.72573398365077202,0.72573398365077202,416.07795761225015,60,0.16518279984727519,0.14071926341519761,0,1051.0984944917345,8192,100000000,8.1920000000000002e-05,8.1920000000000002e-05,60,416.07795761225015,476.07803953225016,1527.1765340239847,1500,2551.0984944917345,DELIVERED_MECHANICALLY,1,0,0,200,167,0,33,33,0,0,0,0.83499999999999996,1368064,31.668148148148148,476.07803953225073,476.07803953225016,476.07803953225016,12000,60,200,0,0,0,0,0
71,100070,B2,3.731645351239282,463.2140121539756,-141723427.97135791,-48576417.770786986,152.18442553411421,-156324301.93119612,-172458912.54159737,229068.66868249388,-94823966.238692775,-204930939.99031246,-12751551.015731905,-203927192.97538108,-123682955.10953417,-10736037.195558282,-156995899.84254941,-173199827.70338824,230052.78975351813,124740171692.15259,0.86216862140437045,0,1,1,0.85190021930433379,200,60,1051.0984944917345,34519.900373355864,1,0,1,1,3,163734242184.75104,70747581897.278397,98109969391.97995,69031607295.448303,125555945914.8544,999999999.99999321,124740171692.15259,234481824082.02942,167141576687.42825,126555945914.8544,416.07795761225015,782.12749860583529,557.51026246640515,422.13457610024818,1,2,2,2,0.85190021930433379,0.72573398365077202,0.72573398365077202,0.72573398365077202,60,120,120,120,0.16518279984727519,0.095873475208634637,0.5135163750196684,0.26702456585515194,0.53936346761705634,0.16304328972315663,1,0.16518279984727519,0.095873475208634637,0.26702456585515194,0.16304328972315663,0.14071926341519761,0,0.19378880191067732,0.11832605615831343,1,0,1,1,0,Direct_Earth_to_Mars,0.85190021930433379,0.85190021930433379,-1,0.36286699182538601,0.36286699182538601,416.07795761225015,60,0.16518279984727519,0.14071926341519761,0,1051.0984944917345,8192,100000000,8.1920000000000002e-05,8.1920000000000002e-05,60,416.07795761225015,476.07803953225016,1527.1765340239847,1500,2551.0984944917345,DELIVERED_MECHANICALLY,1,0,0,200,167,0,33,33,0,0,0,0.83499999999999996,1368064,31.668148148148148,476.07803953225073,476.07803953225016,476.07803953225016,12000,60,200,0,0,0,0,0
71,100070,B3,3.731645351239282,463.2140121539756,-141723427.97135791,-48576417.770786986,152.18442553411421,-156324301.93119612,-172458912.54159737,229068.66868249388,-94823966.238692775,-204930939.99031246,-12751551.015731905,-203927192.97538108,-123682955.10953417,-10736037.195558282,-156995899.84254941,-173199827.70338824,230052.78975351813,124740171692.15259,0.86216862140437045,0,1,1,0.85190021930433379,200,60,1051.0984944917345,34519.900373355864,1,0,1,1,3,163734242184.75104,70747581897.278397,98109969391.97995,69031607295.448303,125555945914.8544,999999999.99999321,124740171692.15259,234481824082.02942,167141576687.42825,126555945914.8544,416.07795761225015,782.12749860583529,557.51026246640515,422.13457610024818,1,2,2,2,0.85190021930433379,0.72573398365077202,0.72573398365077202,0.72573398365077202,60,120,120,120,0.16518279984727519,0.095873475208634637,0.5135163750196684,0.26702456585515194,0.53936346761705634,0.16304328972315663,1,0.16518279984727519,0.095873475208634637,0.26702456585515194,0.16304328972315663,0.14071926341519761,0,0.19378880191067732,0.11832605615831343,1,0,1,1,0,Direct_Earth_to_Mars,0.14071926341519761,0.14071926341519761,-1,0.096894400955338661,0.059163028079156715,416.07795761225015,60,0.16518279984727519,0.14071926341519761,0,1051.0984944917345,8192,100000000,8.1920000000000002e-05,8.1920000000000002e-05,60,416.07795761225015,476.07803953225016,1527.1765340239847,1500,2551.0984944917345,DELIVERED_MECHANICALLY,1,0,0,200,167,0,33,33,0,0,0,0.83499999999999996,1368064,31.668148148148148,476.07803953225073,476.07803953225016,476.07803953225016,12000,60,200,0,0,0,0,0
71,100070,B4,3.731645351239282,463.2140121539756,-141723427.97135791,-48576417.770786986,152.18442553411421,-156324301.93119612,-172458912.54159737,229068.66868249388,-94823966.238692775,-204930939.99031246,-12751551.015731905,-203927192.97538108,-123682955.10953417,-10736037.195558282,-156995899.84254941,-173199827.70338824,230052.78975351813,124740171692.15259,0.86216862140437045,0,1,1,0.85190021930433379,200,60,1051.0984944917345,34519.900373355864,1,0,1,1,3,163734242184.75104,70747581897.278397,98109969391.97995,69031607295.448303,125555945914.8544,999999999.99999321,124740171692.15259,234481824082.02942,167141576687.42825,126555945914.8544,416.07795761225015,782.12749860583529,557.51026246640515,422.13457610024818,1,2,2,2,0.85190021930433379,0.72573398365077202,0.72573398365077202,0.72573398365077202,60,120,120,120,0.16518279984727519,0.095873475208634637,0.5135163750196684,0.26702456585515194,0.53936346761705634,0.16304328972315663,1,0.16518279984727519,0.095873475208634637,0.26702456585515194,0.16304328972315663,0.14071926341519761,0,0.19378880191067732,0.11832605615831343,1,0,1,1,0,Direct_Earth_to_Mars,0.14071926341519761,0.14071926341519761,-1,0.072313690290121135,0.05831418055526881,416.07795761225015,60,0.16518279984727519,0.14071926341519761,0,1051.0984944917345,8192,100000000,8.1920000000000002e-05,8.1920000000000002e-05,60,416.07795761225015,476.07803953225016,1527.1765340239847,1500,2551.0984944917345,DELIVERED_MECHANICALLY,1,0,0,200,167,0,33,33,0,0,0,0.83499999999999996,1368064,31.668148148148148,476.07803953225073,476.07803953225016,476.07803953225016,12000,60,200,0,0,0,0,0
72,100071,B1,2.6483165231964163,328.73898956021611,66433261.007709526,131868644.35942103,-303.42397401012619,-241148144.18279892,61068366.724555753,7205910.0374468155,-243840041.98774302,-6508355.4860711647,38050487.180240497,-215535469.7181282,120028349.40536441,-34643781.740663163,-242117136.68813911,61313754.429569997,7234865.1548254034,315707031351.20905,0.93976968766715252,1,1,1,0.90737860954731686,200,60,19498.780961357854,28593.065944143644,1,1,1,1,4,341856079810.71948,74332009508.974335,284335590951.2876,76705184654.475983,316597043693.78339,1000000000.0000105,315707031351.20905,416188089319.69385,361040775605.76355,317597043693.78339,1053.0588103776151,1388.219110472628,1204.2721000859358,1059.3630543488439,1,2,2,2,0.90737860954731686,0.82333594106402208,0.82333594106402208,0.82333594106402208,60,120,120,120,0.028108534876475723,0.02397287395297781,0.50705488438185486,0.034653273690022739,0.47616479027311676,0.02795072051994656,1,0.028108534876475723,0.02397287395297781,0.034653273690022739,0.02795072051994656,0.025505083292628804,0.019737728736084169,0.028531285704523988,0.023012832782707673,1,1,1,1,0,Direct_Earth_to_Mars,0.90737860954731686,0.90737860954731686,0.82333594106402208,0.82333594106402208,0.82333594106402208,1053.0588103776151,60,0.028108534876475723,0.025505083292628804,0,19498.780961357854,8192,100000000,8.1920000000000002e-05,8.1920000000000002e-05,60,1053.0588103776151,1113.0588922976151,20611.839853655471,1500,20998.780961357854,DELIVERED_MECHANICALLY,1,0,0,200,188,0,12,12,0,0,0,0.93999999999999995,1540096,35.650370370370368,1113.0588922976165,1113.0588922976151,1113.0588922976151,12000,60,200,0,0,0,0,0
72,100071,B2,2.6483165231964163,328.73898956021611,66433261.007709526,131868644.35942103,-303.42397401012619,-241148144.18279892,61068366.724555753,7205910.0374468155,-243840041.98774302,-6508355.4860711647,38050487.180240497,-215535469.7181282,120028349.40536441,-34643781.740663163,-242117136.68813911,61313754.429569997,7234865.1548254034,315707031351.20905,0.93976968766715252,1,1,1,0.90737860954731686,200,60,19498.780961357854,28593.065944143644,1,1,1,1,4,341856079810.71948,74332009508.974335,284335590951.2876,76705184654.475983,316597043693.78339,1000000000.0000105,315707031351.20905,416188089319.69385,361040775605.76355,317597043693.78339,1053.0588103776151,1388.219110472628,1204.2721000859358,1059.3630543488439,1,2,2,2,0.90737860954731686,0.82333594106402208,0.82333594106402208,0.82333594106402208,60,120,120,120,0.028108534876475723,0.02397287395297781,0.50705488438185486,0.034653273690022739,0.47616479027311676,0.02795072051994656,1,0.028108534876475723,0.02397287395297781,0.034653273690022739,0.02795072051994656,0.025505083292628804,0.019737728736084169,0.028531285704523988,0.023012832782707673,1,1,1,1,0,Direct_Earth_to_Mars,0.90737860954731686,0.90737860954731686,0.41166797053201104,0.41166797053201104,0.41166797053201104,1053.0588103776151,60,0.028108534876475723,0.025505083292628804,0,19498.780961357854,8192,100000000,8.1920000000000002e-05,8.1920000000000002e-05,60,1053.0588103776151,1113.0588922976151,20611.839853655471,1500,20998.780961357854,DELIVERED_MECHANICALLY,1,0,0,200,188,0,12,12,0,0,0,0.93999999999999995,1540096,35.650370370370368,1113.0588922976165,1113.0588922976151,1113.0588922976151,12000,60,200,0,0,0,0,0
72,100071,B3,2.6483165231964163,328.73898956021611,66433261.007709526,131868644.35942103,-303.42397401012619,-241148144.18279892,61068366.724555753,7205910.0374468155,-243840041.98774302,-6508355.4860711647,38050487.180240497,-215535469.7181282,120028349.40536441,-34643781.740663163,-242117136.68813911,61313754.429569997,7234865.1548254034,315707031351.20905,0.93976968766715252,1,1,1,0.90737860954731686,200,60,19498.780961357854,28593.065944143644,1,1,1,1,4,341856079810.71948,74332009508.974335,284335590951.2876,76705184654.475983,316597043693.78339,1000000000.0000105,315707031351.20905,416188089319.69385,361040775605.76355,317597043693.78339,1053.0588103776151,1388.219110472628,1204.2721000859358,1059.3630543488439,1,2,2,2,0.90737860954731686,0.82333594106402208,0.82333594106402208,0.82333594106402208,60,120,120,120,0.028108534876475723,0.02397287395297781,0.50705488438185486,0.034653273690022739,0.47616479027311676,0.02795072051994656,1,0.028108534876475723,0.02397287395297781,0.034653273690022739,0.02795072051994656,0.025505083292628804,0.019737728736084169,0.028531285704523988,0.023012832782707673,1,1,1,1,0,Direct_Earth_to_Mars,0.025505083292628804,0.025505083292628804,0.0098688643680420844,0.014265642852261994,0.011506416391353837,1053.0588103776151,60,0.028108534876475723,0.025505083292628804,0,19498.780961357854,8192,100000000,8.1920000000000002e-05,8.1920000000000002e-05,60,1053.0588103776151,1113.0588922976151,20611.839853655471,1500,20998.780961357854,DELIVERED_MECHANICALLY,1,0,0,200,188,0,12,12,0,0,0,0.93999999999999995,1540096,35.650370370370368,1113.0588922976165,1113.0588922976151,1113.0588922976151,12000,60,200,0,0,0,0,0
72,100071,B4,2.6483165231964163,328.73898956021611,66433261.007709526,131868644.35942103,-303.42397401012619,-241148144.18279892,61068366.724555753,7205910.0374468155,-243840041.98774302,-6508355.4860711647,38050487.180240497,-215535469.7181282,120028349.40536441,-34643781.740663163,-242117136.68813911,61313754.429569997,7234865.1548254034,315707031351.20905,0.93976968766715252,1,1,1,0.90737860954731686,200,60,19498.780961357854,28593.065944143644,1,1,1,1,4,341856079810.71948,74332009508.974335,284335590951.2876,76705184654.475983,316597043693.78339,1000000000.0000105,315707031351.20905,416188089319.69385,361040775605.76355,317597043693.78339,1053.0588103776151,1388.219110472628,1204.2721000859358,1059.3630543488439,1,2,2,2,0.90737860954731686,0.82333594106402208,0.82333594106402208,0.82333594106402208,60,120,120,120,0.028108534876475723,0.02397287395297781,0.50705488438185486,0.034653273690022739,0.47616479027311676,0.02795072051994656,1,0.028108534876475723,0.02397287395297781,0.034653273690022739,0.02795072051994656,0.025505083292628804,0.019737728736084169,0.028531285704523988,0.023012832782707673,1,1,1,1,0,Direct_Earth_to_Mars,0.025505083292628804,0.025505083292628804,0.0074862062427956651,0.012474390870803159,0.011437941985088811,1053.0588103776151,60,0.028108534876475723,0.025505083292628804,0,19498.780961357854,8192,100000000,8.1920000000000002e-05,8.1920000000000002e-05,60,1053.0588103776151,1113.0588922976151,20611.839853655471,1500,20998.780961357854,DELIVERED_MECHANICALLY,1,0,0,200,188,0,12,12,0,0,0,0.93999999999999995,1540096,35.650370370370368,1113.0588922976165,1113.0588922976151,1113.0588922976151,12000,60,200,0,0,0,0,0
73,100072,B1,4.5869335511909117,569.38205368985575,78384988.492243662,-130195029.55910659,493.3996295410227,58596807.593079321,-204889899.66997334,-5732178.853298693,122168073.35539645,-164220358.44952166,-41859155.299570248,-16240732.078215657,-217595337.50331682,18446409.963568896,58871675.870058097,-205851005.50501701,-5759067.5898947539,77483929013.291534,0.90749900060520039,1,1,1,0.90747614868113879,200,60,41987.10693147569,24650.644135944171,1,1,1,1,4,69475979413.430176,83668846298.097305,130127217214.94408,79666113572.614807,78343912390.251328,1000000000.0000006,77483929013.291534,153144825711.52747,209793330787.5589,79343912390.251328,258.45206475414119,510.82330123925107,699.77762103922248,264.65614539776959,1,2,2,2,0.90747614868113879,0.82351296042515232,0.82351296042515232,0.82351296042515232,60,120,120,120,0.45061762232377028,0.56048253627298228,0.38645940392445077,0.15976997084638792,0.42626942060920459,0.44077903439508714,1,0.45061762232377028,0.38645940392445077,0.15976997084638792,0.44077903439508714,0.40892474443422699,0.31825432780996421,0.13157264167874919,0.36298724750803824,1,1,1,1,0,Direct_Earth_to_Mars,0.90747614868113879,0.90747614868113879,0.82351296042515232,0.82351296042515232,0.82351296042515232,258.45206475414119,60,0.45061762232377028,0.40892474443422699,0,41987.10693147569,8192,100000000,8.1920000000000002e-05,8.1920000000000002e-05,60,258.45206475414119,318.4521466741412,42305.559078149832,1500,43487.10693147569,DELIVERED_MECHANICALLY,1,0,0,200,187,0,13,13,0,0,0,0.93500000000000005,1531904,35.460740740740739,318.45214667414211,318.4521466741412,318.4521466741412,12000,60,200,0,0,0,0,0
73,100072,B2,4.5869335511909117,569.38205368985575,78384988.492243662,-130195029.55910659,493.3996295410227,58596807.593079321,-204889899.66997334,-5732178.853298693,122168073.35539645,-164220358.44952166,-41859155.299570248,-16240732.078215657,-217595337.50331682,18446409.963568896,58871675.870058097,-205851005.50501701,-5759067.5898947539,77483929013.291534,0.90749900060520039,1,1,1,0.90747614868113879,200,60,41987.10693147569,24650.644135944171,1,1,1,1,4,69475979413.430176,83668846298.097305,130127217214.94408,79666113572.614807,78343912390.251328,1000000000.0000006,77483929013.291534,153144825711.52747,209793330787.5589,79343912390.251328,258.45206475414119,510.82330123925107,699.77762103922248,264.65614539776959,1,2,2,2,0.90747614868113879,0.82351296042515232,0.82351296042515232,0.82351296042515232,60,120,120,120,0.45061762232377028,0.56048253627298228,0.38645940392445077,0.15976997084638792,0.42626942060920459,0.44077903439508714,1,0.45061762232377028,0.38645940392445077,0.15976997084638792,0.44077903439508714,0.40892474443422699,0.31825432780996421,0.13157264167874919,0.36298724750803824,1,1,1,1,0,Direct_Earth_to_Mars,0.90747614868113879,0.90747614868113879,0.41175648021257616,0.41175648021257616,0.41175648021257616,258.45206475414119,60,0.45061762232377028,0.40892474443422699,0,41987.10693147569,8192,100000000,8.1920000000000002e-05,8.1920000000000002e-05,60,258.45206475414119,318.4521466741412,42305.559078149832,1500,43487.10693147569,DELIVERED_MECHANICALLY,1,0,0,200,187,0,13,13,0,0,0,0.93500000000000005,1531904,35.460740740740739,318.45214667414211,318.4521466741412,318.4521466741412,12000,60,200,0,0,0,0,0
73,100072,B3,4.5869335511909117,569.38205368985575,78384988.492243662,-130195029.55910659,493.3996295410227,58596807.593079321,-204889899.66997334,-5732178.853298693,122168073.35539645,-164220358.44952166,-41859155.299570248,-16240732.078215657,-217595337.50331682,18446409.963568896,58871675.870058097,-205851005.50501701,-5759067.5898947539,77483929013.291534,0.90749900060520039,1,1,1,0.90747614868113879,200,60,41987.10693147569,24650.644135944171,1,1,1,1,4,69475979413.430176,83668846298.097305,130127217214.94408,79666113572.614807,78343912390.251328,1000000000.0000006,77483929013.291534,153144825711.52747,209793330787.5589,79343912390.251328,258.45206475414119,510.82330123925107,699.77762103922248,264.65614539776959,1,2,2,2,0.90747614868113879,0.82351296042515232,0.82351296042515232,0.82351296042515232,60,120,120,120,0.45061762232377028,0.56048253627298228,0.38645940392445077,0.15976997084638792,0.42626942060920459,0.44077903439508714,1,0.45061762232377028,0.38645940392445077,0.15976997084638792,0.44077903439508714,0.40892474443422699,0.31825432780996421,0.13157264167874919,0.36298724750803824,1,1,1,1,0,Direct_Earth_to_Mars,0.40892474443422699,0.40892474443422699,0.15912716390498211,0.065786320839374593,0.18149362375401912,258.45206475414119,60,0.45061762232377028,0.40892474443422699,0,41987.10693147569,8192,100000000,8.1920000000000002e-05,8.1920000000000002e-05,60,258.45206475414119,318.4521466741412,42305.559078149832,1500,43487.10693147569,DELIVERED_MECHANICALLY,1,0,0,200,187,0,13,13,0,0,0,0.93500000000000005,1531904,35.460740740740739,318.45214667414211,318.4521466741412,318.4521466741412,12000,60,200,0,0,0,0,0
73,100072,B4,4.5869335511909117,569.38205368985575,78384988.492243662,-130195029.55910659,493.3996295410227,58596807.593079321,-204889899.66997334,-5732178.853298693,122168073.35539645,-164220358.44952166,-41859155.299570248,-16240732.078215657,-217595337.50331682,18446409.963568896,58871675.870058097,-205851005.50501701,-5759067.5898947539,77483929013.291534,0.90749900060520039,1,1,1,0.90747614868113879,200,60,41987.10693147569,24650.644135944171,1,1,1,1,4,69475979413.430176,83668846298.097305,130127217214.94408,79666113572.614807,78343912390.251328,1000000000.0000006,77483929013.291534,153144825711.52747,209793330787.5589,79343912390.251328,258.45206475414119,510.82330123925107,699.77762103922248,264.65614539776959,1,2,2,2,0.90747614868113879,0.82351296042515232,0.82351296042515232,0.82351296042515232,60,120,120,120,0.45061762232377028,0.56048253627298228,0.38645940392445077,0.15976997084638792,0.42626942060920459,0.44077903439508714,1,0.45061762232377028,0.38645940392445077,0.15976997084638792,0.44077903439508714,0.40892474443422699,0.31825432780996421,0.13157264167874919,0.36298724750803824,1,1,1,1,0,Direct_Earth_to_Mars,0.40892474443422699,0.40892474443422699,0.080510704914870362,0.024297162330319443,0.17723904248827166,258.45206475414119,60,0.45061762232377028,0.40892474443422699,0,41987.10693147569,8192,100000000,8.1920000000000002e-05,8.1920000000000002e-05,60,258.45206475414119,318.4521466741412,42305.559078149832,1500,43487.10693147569,DELIVERED_MECHANICALLY,1,0,0,200,187,0,13,13,0,0,0,0.93500000000000005,1531904,35.460740740740739,318.45214667414211,318.4521466741412,318.4521466741412,12000,60,200,0,0,0,0,0
74,100073,B1,6.1751386382977271,766.52802584870051,-107926732.51672442,100560635.42447348,-503.74255739569884,149512632.15736493,160389583.27895424,-314187.80452380469,93555191.43221353,205166059.10574776,12987999.40717211,189373158.81160668,97733891.226502791,11559469.675351761,150194500.33977413,161121056.9481,-315620.69125795231,264300260845.24338,0.99413186164253853,1,1,1,0.81637958234147956,200,60,42672.987324273839,20463.008755064493,1,1,1,1,4,227389449086.30887,72891125280.045334,297537978839.71222,75203597478.275925,265130599526.289,999999999.99999011,264300260845.24338,300280574366.35419,372741576317.98816,266130599526.289,881.58859521428747,1001.6029832099873,1243.3007882521285,887.69379428381922,1,2,2,2,0.81637958234147956,0.66647562246404857,0.66647562246404857,0.66647562246404857,60,120,120,120,0.042426196094322029,0.057317687390019301,0.55780187370292544,0.033476840364299085,0.52402504747911149,0.042160870644207114,1,0.042426196094322029,0.057317687390019301,0.033476840364299085,0.042160870644207114,0.034635880247820328,0.038200841381462861,0.02231149801992582,0.028099192506224169,1,1,1,1,0,Direct_Earth_to_Mars,0.81637958234147956,0.81637958234147956,0.66647562246404857,0.66647562246404857,0.66647562246404857,881.58859521428747,60,0.042426196094322029,0.034635880247820328,0,42672.987324273839,8192,100000000,8.1920000000000002e-05,8.1920000000000002e-05,60,881.58859521428747,941.58867713428742,43614.576001408124,1500,44172.987324273839,DELIVERED_MECHANICALLY,1,0,0,200,164,0,36,36,0,0,0,0.81999999999999995,1343488,31.099259259259259,941.58867713428742,941.58867713428742,941.58867713428742,12000,60,200,0,0,0,0,0
74,100073,B2,6.1751386382977271,766.52802584870051,-107926732.51672442,100560635.42447348,-503.74255739569884,149512632.15736493,160389583.27895424,-314187.80452380469,93555191.43221353,205166059.10574776,12987999.40717211,189373158.81160668,97733891.226502791,11559469.675351761,150194500.33977413,161121056.9481,-315620.69125795231,264300260845.24338,0.99413186164253853,1,1,1,0.81637958234147956,200,60,42672.987324273839,20463.008755064493,1,1,1,1,4,227389449086.30887,72891125280.045334,297537978839.71222,75203597478.275925,265130599526.289,999999999.99999011,264300260845.24338,300280574366.35419,372741576317.98816,266130599526.289,881.58859521428747,1001.6029832099873,1243.3007882521285,887.69379428381922,1,2,2,2,0.81637958234147956,0.66647562246404857,0.66647562246404857,0.66647562246404857,60,120,120,120,0.042426196094322029,0.057317687390019301,0.55780187370292544,0.033476840364299085,0.52402504747911149,0.042160870644207114,1,0.042426196094322029,0.057317687390019301,0.033476840364299085,0.042160870644207114,0.034635880247820328,0.038200841381462861,0.02231149801992582,0.028099192506224169,1,1,1,1,0,Direct_Earth_to_Mars,0.81637958234147956,0.81637958234147956,0.33323781123202428,0.33323781123202428,0.33323781123202428,881.58859521428747,60,0.042426196094322029,0.034635880247820328,0,42672.987324273839,8192,100000000,8.1920000000000002e-05,8.1920000000000002e-05,60,881.58859521428747,941.58867713428742,43614.576001408124,1500,44172.987324273839,DELIVERED_MECHANICALLY,1,0,0,200,164,0,36,36,0,0,0,0.81999999999999995,1343488,31.099259259259259,941.58867713428742,941.58867713428742,941.58867713428742,12000,60,200,0,0,0,0,0
74,100073,B3,6.1751386382977271,766.52802584870051,-107926732.51672442,100560635.42447348,-503.74255739569884,149512632.15736493,160389583.27895424,-314187.80452380469,93555191.43221353,205166059.10574776,12987999.40717211,189373158.81160668,97733891.226502791,11559469.675351761,150194500.33977413,161121056.9481,-315620.69125795231,264300260845.24338,0.99413186164253853,1,1,1,0.81637958234147956,200,60,42672.987324273839,20463.008755064493,1,1,1,1,4,227389449086.30887,72891125280.045334,297537978839.71222,75203597478.275925,265130599526.289,999999999.99999011,264300260845.24338,300280574366.35419,372741576317.98816,266130599526.289,881.58859521428747,1001.6029832099873,1243.3007882521285,887.69379428381922,1,2,2,2,0.81637958234147956,0.66647562246404857,0.66647562246404857,0.66647562246404857,60,120,120,120,0.042426196094322029,0.057317687390019301,0.55780187370292544,0.033476840364299085,0.52402504747911149,0.042160870644207114,1,0.042426196094322029,0.057317687390019301,0.033476840364299085,0.042160870644207114,0.034635880247820328,0.038200841381462861,0.02231149801992582,0.028099192506224169,1,1,1,1,0,Direct_Earth_to_Mars,0.034635880247820328,0.034635880247820328,0.01910042069073143,0.01115574900996291,0.014049596253112084,881.58859521428747,60,0.042426196094322029,0.034635880247820328,0,42672.987324273839,8192,100000000,8.1920000000000002e-05,8.1920000000000002e-05,60,881.58859521428747,941.58867713428742,43614.576001408124,1500,44172.987324273839,DELIVERED_MECHANICALLY,1,0,0,200,164,0,36,36,0,0,0,0.81999999999999995,1343488,31.099259259259259,941.58867713428742,941.58867713428742,941.58867713428742,12000,60,200,0,0,0,0,0
74,100073,B4,6.1751386382977271,766.52802584870051,-107926732.51672442,100560635.42447348,-503.74255739569884,149512632.15736493,160389583.27895424,-314187.80452380469,93555191.43221353,205166059.10574776,12987999.40717211,189373158.81160668,97733891.226502791,11559469.675351761,150194500.33977413,161121056.9481,-315620.69125795231,264300260845.24338,0.99413186164253853,1,1,1,0.81637958234147956,200,60,42672.987324273839,20463.008755064493,1,1,1,1,4,227389449086.30887,72891125280.045334,297537978839.71222,75203597478.275925,265130599526.289,999999999.99999011,264300260845.24338,300280574366.35419,372741576317.98816,266130599526.289,881.58859521428747,1001.6029832099873,1243.3007882521285,887.69379428381922,1,2,2,2,0.81637958234147956,0.66647562246404857,0.66647562246404857,0.66647562246404857,60,120,120,120,0.042426196094322029,0.057317687390019301,0.55780187370292544,0.033476840364299085,0.52402504747911149,0.042160870644207114,1,0.042426196094322029,0.057317687390019301,0.033476840364299085,0.042160870644207114,0.034635880247820328,0.038200841381462861,0.02231149801992582,0.028099192506224169,1,1,1,1,0,Direct_Earth_to_Mars,0.034635880247820328,0.034635880247820328,0.01681176406921062,0.007910218662438415,0.013952968809590301,881.58859521428747,60,0.042426196094322029,0.034635880247820328,0,42672.987324273839,8192,100000000,8.1920000000000002e-05,8.1920000000000002e-05,60,881.58859521428747,941.58867713428742,43614.576001408124,1500,44172.987324273839,DELIVERED_MECHANICALLY,1,0,0,200,164,0,36,36,0,0,0,0.81999999999999995,1343488,31.099259259259259,941.58867713428742,941.58867713428742,941.58867713428742,12000,60,200,0,0,0,0,0
75,100074,B1,0.37376833243458368,46.396351364318761,-124686611.88396257,79355834.21678631,-43.982280144455224,188908699.72853994,99669344.864886284,-2555190.3166486057,147652281.03686056,162401478.83106196,-1475194.7414592297,206567863.0383096,26193173.378887869,20082398.090101831,189793083.94216171,100135951.19538982,-2567152.5501618874,314262926469.19562,0.85767482349955926,1,1,1,0.99662971973587677,200,60,14604.311744972883,1085.6324092200955,1,1,1,1,4,284723072048.091,75090472802.185715,336093885905.39148,78886337435.03627,315175954658.56116,999999999.99999583,314262926469.19562,359813544850.27673,414980223340.42773,316175954658.56116,1048.2419161747687,1200.1786019021906,1384.1902046044954,1054.6229308157476,1,2,2,2,0.99662971973587677,0.99327079826081233,0.99327079826081233,0.99327079826081233,60,120,120,120,0.02588937978278031,0.031540068010020975,0.4534592543464141,0.022635324410228169,0.41086993310929809,0.025739599983201109,1,0.02588937978278031,0.031540068010020975,0.022635324410228169,0.025739599983201109,0.025802125317048015,0.031327828529513845,0.022483006745839786,0.025566393022228157,1,1,1,1,0,Direct_Earth_to_Mars,0.99662971973587677,0.99662971973587677,0.99327079826081233,0.99327079826081233,0.99327079826081233,1048.2419161747687,60,0.02588937978278031,0.025802125317048015,0,14604.311744972883,8192,100000000,8.1920000000000002e-05,8.1920000000000002e-05,60,1048.2419161747687,1108.2419980947686,15712.553743067652,1500,16104.311744972883,DELIVERED_MECHANICALLY,1,0,0,200,198,0,2,2,0,0,0,0.98999999999999999,1622016,37.546666666666667,1108.2419980947723,1108.2419980947686,1108.2419980947686,12000,60,200,0,0,0,0,0
75,100074,B2,0.37376833243458368,46.396351364318761,-124686611.88396257,79355834.21678631,-43.982280144455224,188908699.72853994,99669344.864886284,-2555190.3166486057,147652281.03686056,162401478.83106196,-1475194.7414592297,206567863.0383096,26193173.378887869,20082398.090101831,189793083.94216171,100135951.19538982,-2567152.5501618874,314262926469.19562,0.85767482349955926,1,1,1,0.99662971973587677,200,60,14604.311744972883,1085.6324092200955,1,1,1,1,4,284723072048.091,75090472802.185715,336093885905.39148,78886337435.03627,315175954658.56116,999999999.99999583,314262926469.19562,359813544850.27673,414980223340.42773,316175954658.56116,1048.2419161747687,1200.1786019021906,1384.1902046044954,1054.6229308157476,1,2,2,2,0.99662971973587677,0.99327079826081233,0.99327079826081233,0.99327079826081233,60,120,120,120,0.02588937978278031,0.031540068010020975,0.4534592543464141,0.022635324410228169,0.41086993310929809,0.025739599983201109,1,0.02588937978278031,0.031540068010020975,0.022635324410228169,0.025739599983201109,0.025802125317048015,0.031327828529513845,0.022483006745839786,0.025566393022228157,1,1,1,1,0,Direct_Earth_to_Mars,0.99662971973587677,0.99662971973587677,0.49663539913040616,0.49663539913040616,0.49663539913040616,1048.2419161747687,60,0.02588937978278031,0.025802125317048015,0,14604.311744972883,8192,100000000,8.1920000000000002e-05,8.1920000000000002e-05,60,1048.2419161747687,1108.2419980947686,15712.553743067652,1500,16104.311744972883,DELIVERED_MECHANICALLY,1,0,0,200,198,0,2,2,0,0,0,0.98999999999999999,1622016,37.546666666666667,1108.2419980947723,1108.2419980947686,1108.2419980947686,12000,60,200,0,0,0,0,0
75,100074,B3,0.37376833243458368,46.396351364318761,-124686611.88396257,79355834.21678631,-43.982280144455224,188908699.72853994,99669344.864886284,-2555190.3166486057,147652281.03686056,162401478.83106196,-1475194.7414592297,206567863.0383096,26193173.378887869,20082398.090101831,189793083.94216171,100135951.19538982,-2567152.5501618874,314262926469.19562,0.85767482349955926,1,1,1,0.99662971973587677,200,60,14604.311744972883,1085.6324092200955,1,1,1,1,4,284723072048.091,75090472802.185715,336093885905.39148,78886337435.03627,315175954658.56116,999999999.99999583,314262926469.19562,359813544850.27673,414980223340.42773,316175954658.56116,1048.2419161747687,1200.1786019021906,1384.1902046044954,1054.6229308157476,1,2,2,2,0.99662971973587677,0.99327079826081233,0.99327079826081233,0.99327079826081233,60,120,120,120,0.02588937978278031,0.031540068010020975,0.4534592543464141,0.022635324410228169,0.41086993310929809,0.025739599983201109,1,0.02588937978278031,0.031540068010020975,0.022635324410228169,0.025739599983201109,0.025802125317048015,0.031327828529513845,0.022483006745839786,0.025566393022228157,1,1,1,1,0,Direct_Earth_to_Mars,0.025802125317048015,0.025802125317048015,0.015663914264756922,0.011241503372919893,0.012783196511114078,1048.2419161747687,60,0.02588937978278031,0.025802125317048015,0,14604.311744972883,8192,100000000,8.1920000000000002e-05,8.1920000000000002e-05,60,1048.2419161747687,1108.2419980947686,15712.553743067652,1500,16104.311744972883,DELIVERED_MECHANICALLY,1,0,0,200,198,0,2,2,0,0,0,0.98999999999999999,1622016,37.546666666666667,1108.2419980947723,1108.2419980947686,1108.2419980947686,12000,60,200,0,0,0,0,0
75,100074,B4,0.37376833243458368,46.396351364318761,-124686611.88396257,79355834.21678631,-43.982280144455224,188908699.72853994,99669344.864886284,-2555190.3166486057,147652281.03686056,162401478.83106196,-1475194.7414592297,206567863.0383096,26193173.378887869,20082398.090101831,189793083.94216171,100135951.19538982,-2567152.5501618874,314262926469.19562,0.85767482349955926,1,1,1,0.99662971973587677,200,60,14604.311744972883,1085.6324092200955,1,1,1,1,4,284723072048.091,75090472802.185715,336093885905.39148,78886337435.03627,315175954658.56116,999999999.99999583,314262926469.19562,359813544850.27673,414980223340.42773,316175954658.56116,1048.2419161747687,1200.1786019021906,1384.1902046044954,1054.6229308157476,1,2,2,2,0.99662971973587677,0.99327079826081233,0.99327079826081233,0.99327079826081233,60,120,120,120,0.02588937978278031,0.031540068010020975,0.4534592543464141,0.022635324410228169,0.41086993310929809,0.025739599983201109,1,0.02588937978278031,0.031540068010020975,0.022635324410228169,0.025739599983201109,0.025802125317048015,0.031327828529513845,0.022483006745839786,0.025566393022228157,1,1,1,1,0,Direct_Earth_to_Mars,0.025802125317048015,0.025802125317048015,0.013680940051474284,0.0085131472518125938,0.012705851555194301,1048.2419161747687,60,0.02588937978278031,0.025802125317048015,0,14604.311744972883,8192,100000000,8.1920000000000002e-05,8.1920000000000002e-05,60,1048.2419161747687,1108.2419980947686,15712.553743067652,1500,16104.311744972883,DELIVERED_MECHANICALLY,1,0,0,200,198,0,2,2,0,0,0,0.98999999999999999,1622016,37.546666666666667,1108.2419980947723,1108.2419980947686,1108.2419980947686,12000,60,200,0,0,0,0,0
76,100075,B1,5.7560121623805394,714.50130888185868,15206976.286931682,146441065.9773255,-686.43923801582662,202272494.49275607,59756941.943239838,-3718906.0991316373,172070905.57599649,130398324.99954611,-9725869.6853900049,205587820.40322188,-16454127.301483674,23936318.733325433,203231370.09548441,60040220.566300854,-3736535.6257572784,206207348604.77106,0.95829124828470391,1,1,1,0.92589037101096505,200,60,40887.174992254906,1899.6350209520306,1,1,1,1,4,157981774389.50378,77061174301.533737,251699602733.90005,81141419274.31636,206959501651.79153,1000000000.0000106,206207348604.77106,235042948691.03754,332841022008.21643,207959501651.79153,687.81637293119104,783.99916174462157,1110.2102135030568,693.66077935887768,1,2,2,2,0.92589037101096505,0.85727297913082257,0.85727297913082257,0.85727297913082257,60,120,120,120,0.067185341809089194,0.1144639773789756,0.48107364116095147,0.045093894781685635,0.43390795036492807,0.066697885742574986,1,0.067185341809089194,0.1144639773789756,0.045093894781685635,0.066697885742574986,0.062206261054116099,0.09812687489083749,0.038657777520107496,0.057178295212264474,1,1,1,1,0,Direct_Earth_to_Mars,0.92589037101096505,0.92589037101096505,0.85727297913082257,0.85727297913082257,0.85727297913082257,687.81637293119104,60,0.067185341809089194,0.062206261054116099,0,40887.174992254906,8192,100000000,8.1920000000000002e-05,8.1920000000000002e-05,60,687.81637293119104,747.816454851191,41634.991447106098,1500,42387.174992254906,DELIVERED_MECHANICALLY,1,0,0,200,183,0,17,17,0,0,0,0.91500000000000004,1499136,34.702222222222225,747.81645485118827,747.816454851191,747.816454851191,12000,60,200,0,0,0,0,0
76,100075,B2,5.7560121623805394,714.50130888185868,15206976.286931682,146441065.9773255,-686.43923801582662,202272494.49275607,59756941.943239838,-3718906.0991316373,172070905.57599649,130398324.99954611,-9725869.6853900049,205587820.40322188,-16454127.301483674,23936318.733325433,203231370.09548441,60040220.566300854,-3736535.6257572784,206207348604.77106,0.95829124828470391,1,1,1,0.92589037101096505,200,60,40887.174992254906,1899.6350209520306,1,1,1,1,4,157981774389.50378,77061174301.533737,251699602733.90005,81141419274.31636,206959501651.79153,1000000000.0000106,206207348604.77106,235042948691.03754,332841022008.21643,207959501651.79153,687.81637293119104,783.99916174462157,1110.2102135030568,693.66077935887768,1,2,2,2,0.92589037101096505,0.85727297913082257,0.85727297913082257,0.85727297913082257,60,120,120,120,0.067185341809089194,0.1144639773789756,0.48107364116095147,0.045093894781685635,0.43390795036492807,0.066697885742574986,1,0.067185341809089194,0.1144639773789756,0.045093894781685635,0.066697885742574986,0.062206261054116099,0.09812687489083749,0.038657777520107496,0.057178295212264474,1,1,1,1,0,Direct_Earth_to_Mars,0.92589037101096505,0.92589037101096505,0.42863648956541128,0.42863648956541128,0.42863648956541128,687.81637293119104,60,0.067185341809089194,0.062206261054116099,0,40887.174992254906,8192,100000000,8.1920000000000002e-05,8.1920000000000002e-05,60,687.81637293119104,747.816454851191,41634.991447106098,1500,42387.174992254906,DELIVERED_MECHANICALLY,1,0,0,200,183,0,17,17,0,0,0,0.91500000000000004,1499136,34.702222222222225,747.81645485118827,747.816454851191,747.816454851191,12000,60,200,0,0,0,0,0
76,100075,B3,5.7560121623805394,714.50130888185868,15206976.286931682,146441065.9773255,-686.43923801582662,202272494.49275607,59756941.943239838,-3718906.0991316373,172070905.57599649,130398324.99954611,-9725869.6853900049,205587820.40322188,-16454127.301483674,23936318.733325433,203231370.09548441,60040220.566300854,-3736535.6257572784,206207348604.77106,0.95829124828470391,1,1,1,0.92589037101096505,200,60,40887.174992254906,1899.6350209520306,1,1,1,1,4,157981774389.50378,77061174301.533737,251699602733.90005,81141419274.31636,206959501651.79153,1000000000.0000106,206207348604.77106,235042948691.03754,332841022008.21643,207959501651.79153,687.81637293119104,783.99916174462157,1110.2102135030568,693.66077935887768,1,2,2,2,0.92589037101096505,0.85727297913082257,0.85727297913082257,0.85727297913082257,60,120,120,120,0.067185341809089194,0.1144639773789756,0.48107364116095147,0.045093894781685635,0.43390795036492807,0.066697885742574986,1,0.067185341809089194,0.1144639773789756,0.045093894781685635,0.066697885742574986,0.062206261054116099,0.09812687489083749,0.038657777520107496,0.057178295212264474,1,1,1,1,0,Direct_Earth_to_Mars,0.062206261054116099,0.062206261054116099,0.049063437445418745,0.019328888760053748,0.028589147606132237,687.81637293119104,60,0.067185341809089194,0.062206261054116099,0,40887.174992254906,8192,100000000,8.1920000000000002e-05,8.1920000000000002e-05,60,687.81637293119104,747.816454851191,41634.991447106098,1500,42387.174992254906,DELIVERED_MECHANICALLY,1,0,0,200,183,0,17,17,0,0,0,0.91500000000000004,1499136,34.702222222222225,747.81645485118827,747.816454851191,747.816454851191,12000,60,200,0,0,0,0,0
76,100075,B4,5.7560121623805394,714.50130888185868,15206976.286931682,146441065.9773255,-686.43923801582662,202272494.49275607,59756941.943239838,-3718906.0991316373,172070905.57599649,130398324.99954611,-9725869.6853900049,205587820.40322188,-16454127.301483674,23936318.733325433,203231370.09548441,60040220.566300854,-3736535.6257572784,206207348604.77106,0.95829124828470391,1,1,1,0.92589037101096505,200,60,40887.174992254906,1899.6350209520306,1,1,1,1,4,157981774389.50378,77061174301.533737,251699602733.90005,81141419274.31636,206959501651.79153,1000000000.0000106,206207348604.77106,235042948691.03754,332841022008.21643,207959501651.79153,687.81637293119104,783.99916174462157,1110.2102135030568,693.66077935887768,1,2,2,2,0.92589037101096505,0.85727297913082257,0.85727297913082257,0.85727297913082257,60,120,120,120,0.067185341809089194,0.1144639773789756,0.48107364116095147,0.045093894781685635,0.43390795036492807,0.066697885742574986,1,0.067185341809089194,0.1144639773789756,0.045093894781685635,0.066697885742574986,0.062206261054116099,0.09812687489083749,0.038657777520107496,0.057178295212264474,1,1,1,1,0,Direct_Earth_to_Mars,0.062206261054116099,0.062206261054116099,0.043044224067980405,0.011974962937677955,0.028348271081174617,687.81637293119104,60,0.067185341809089194,0.062206261054116099,0,40887.174992254906,8192,100000000,8.1920000000000002e-05,8.1920000000000002e-05,60,687.81637293119104,747.816454851191,41634.991447106098,1500,42387.174992254906,DELIVERED_MECHANICALLY,1,0,0,200,183,0,17,17,0,0,0,0.91500000000000004,1499136,34.702222222222225,747.81645485118827,747.816454851191,747.816454851191,12000,60,200,0,0,0,0,0
77,100076,B1,4.7521101049133936,589.88563507605249,117245259.03198855,-96040691.647133201,376.14739517778179,99904845.342726693,-185066058.70156863,-6332047.2008643216,154910034.71338376,-131115229.67021558,-42581249.964489199,27986115.756144371,-212331222.59360471,22777859.337997142,100379665.60655542,-185945626.79976219,-6362141.6803880744,90919225203.216949,0.85237424598236067,1,1,1,0.84038478417836249,200,60,774.61585795082703,9536.8657781340753,1,1,1,1,4,66798603480.872154,85148502698.934891,148355977252.84979,82237944320.786545,91694205048.625046,1000000000.0000072,90919225203.216949,151947106179.80704,230593921573.63635,92694205048.625046,303.26626151840208,506.82823942564056,769.15917803080833,309.18680803410621,1,2,2,2,0.84038478417836249,0.70624658547851293,0.70624658547851293,0.70624658547851293,60,120,120,120,0.30740020479539421,0.56948309757559168,0.35047865516581417,0.1154530757403211,0.37572588232506537,0.30222600141152522,1,0.30740020479539421,0.35047865516581417,0.1154530757403211,0.30222600141152522,0.25833445476336181,0.24752435349395743,0.081538340524593911,0.21344608153971392,1,1,1,1,0,Direct_Earth_to_Mars,0.84038478417836249,0.84038478417836249,0.70624658547851293,0.70624658547851293,0.70624658547851293,303.26626151840208,60,0.30740020479539421,0.25833445476336181,0,774.61585795082703,8192,100000000,8.1920000000000002e-05,8.1920000000000002e-05,60,303.26626151840208,363.26634343840209,1137.8822013892291,1500,2274.6158579508269,DELIVERED_MECHANICALLY,1,0,0,200,159,0,41,41,0,0,0,0.79500000000000004,1302528,30.15111111111111,363.26634343840135,363.26634343840209,363.26634343840209,12000,60,200,0,0,0,0,0
77,100076,B2,4.7521101049133936,589.88563507605249,117245259.03198855,-96040691.647133201,376.14739517778179,99904845.342726693,-185066058.70156863,-6332047.2008643216,154910034.71338376,-131115229.67021558,-42581249.964489199,27986115.756144371,-212331222.59360471,22777859.337997142,100379665.60655542,-185945626.79976219,-6362141.6803880744,90919225203.216949,0.85237424598236067,1,1,1,0.84038478417836249,200,60,774.61585795082703,9536.8657781340753,1,1,1,1,4,66798603480.872154,85148502698.934891,148355977252.84979,82237944320.786545,91694205048.625046,1000000000.0000072,90919225203.216949,151947106179.80704,230593921573.63635,92694205048.625046,303.26626151840208,506.82823942564056,769.15917803080833,309.18680803410621,1,2,2,2,0.84038478417836249,0.70624658547851293,0.70624658547851293,0.70624658547851293,60,120,120,120,0.30740020479539421,0.56948309757559168,0.35047865516581417,0.1154530757403211,0.37572588232506537,0.30222600141152522,1,0.30740020479539421,0.35047865516581417,0.1154530757403211,0.30222600141152522,0.25833445476336181,0.24752435349395743,0.081538340524593911,0.21344608153971392,1,1,1,1,0,Direct_Earth_to_Mars,0.84038478417836249,0.84038478417836249,0.35312329273925647,0.35312329273925647,0.35312329273925647,303.26626151840208,60,0.30740020479539421,0.25833445476336181,0,774.61585795082703,8192,100000000,8.1920000000000002e-05,8.1920000000000002e-05,60,303.26626151840208,363.26634343840209,1137.8822013892291,1500,2274.6158579508269,DELIVERED_MECHANICALLY,1,0,0,200,159,0,41,41,0,0,0,0.79500000000000004,1302528,30.15111111111111,363.26634343840135,363.26634343840209,363.26634343840209,12000,60,200,0,0,0,0,0
77,100076,B3,4.7521101049133936,589.88563507605249,117245259.03198855,-96040691.647133201,376.14739517778179,99904845.342726693,-185066058.70156863,-6332047.2008643216,154910034.71338376,-131115229.67021558,-42581249.964489199,27986115.756144371,-212331222.59360471,22777859.337997142,100379665.60655542,-185945626.79976219,-6362141.6803880744,90919225203.216949,0.85237424598236067,1,1,1,0.84038478417836249,200,60,774.61585795082703,9536.8657781340753,1,1,1,1,4,66798603480.872154,85148502698.934891,148355977252.84979,82237944320.786545,91694205048.625046,1000000000.0000072,90919225203.216949,151947106179.80704,230593921573.63635,92694205048.625046,303.26626151840208,506.82823942564056,769.15917803080833,309.18680803410621,1,2,2,2,0.84038478417836249,0.70624658547851293,0.70624658547851293,0.70624658547851293,60,120,120,120,0.30740020479539421,0.56948309757559168,0.35047865516581417,0.1154530757403211,0.37572588232506537,0.30222600141152522,1,0.30740020479539421,0.35047865516581417,0.1154530757403211,0.30222600141152522,0.25833445476336181,0.24752435349395743,0.081538340524593911,0.21344608153971392,1,1,1,1,0,Direct_Earth_to_Mars,0.25833445476336181,0.25833445476336181,0.12376217674697872,0.040769170262296955,0.10672304076985696,303.26626151840208,60,0.30740020479539421,0.25833445476336181,0,774.61585795082703,8192,100000000,8.1920000000000002e-05,8.1920000000000002e-05,60,303.26626151840208,363.26634343840209,1137.8822013892291,1500,2274.6158579508269,DELIVERED_MECHANICALLY,1,0,0,200,159,0,41,41,0,0,0,0.79500000000000004,1302528,30.15111111111111,363.26634343840135,363.26634343840209,363.26634343840209,12000,60,200,0,0,0,0,0
77,100076,B4,4.7521101049133936,589.88563507605249,117245259.03198855,-96040691.647133201,376.14739517778179,99904845.342726693,-185066058.70156863,-6332047.2008643216,154910034.71338376,-131115229.67021558,-42581249.964489199,27986115.756144371,-212331222.59360471,22777859.337997142,100379665.60655542,-185945626.79976219,-6362141.6803880744,90919225203.216949,0.85237424598236067,1,1,1,0.84038478417836249,200,60,774.61585795082703,9536.8657781340753,1,1,1,1,4,66798603480.872154,85148502698.934891,148355977252.84979,82237944320.786545,91694205048.625046,1000000000.0000072,90919225203.216949,151947106179.80704,230593921573.63635,92694205048.625046,303.26626151840208,506.82823942564056,769.15917803080833,309.18680803410621,1,2,2,2,0.84038478417836249,0.70624658547851293,0.70624658547851293,0.70624658547851293,60,120,120,120,0.30740020479539421,0.56948309757559168,0.35047865516581417,0.1154530757403211,0.37572588232506537,0.30222600141152522,1,0.30740020479539421,0.35047865516581417,0.1154530757403211,0.30222600141152522,0.25833445476336181,0.24752435349395743,0.081538340524593911,0.21344608153971392,1,1,1,1,0,Direct_Earth_to_Mars,0.25833445476336181,0.25833445476336181,0.07405446212304552,0.016074584044238994,0.10467942600119055,303.26626151840208,60,0.30740020479539421,0.25833445476336181,0,774.61585795082703,8192,100000000,8.1920000000000002e-05,8.1920000000000002e-05,60,303.26626151840208,363.26634343840209,1137.8822013892291,1500,2274.6158579508269,DELIVERED_MECHANICALLY,1,0,0,200,159,0,41,41,0,0,0,0.79500000000000004,1302528,30.15111111111111,363.26634343840135,363.26634343840209,363.26634343840209,12000,60,200,0,0,0,0,0
78,100077,B1,2.4177838569968859,300.12266855656713,122508024.07523111,84183079.134267926,-178.79821837405572,-222492850.99004206,111971845.45758814,7813801.1706108712,-239938913.84152412,47457777.425522551,44772758.844939314,-183062116.7685883,163582994.8096039,-35150701.44839064,-223385670.97413859,112421166.41705203,7845156.415535979,346206408970.90509,0.91855206764127706,1,1,1,0.89148579946342987,200,60,2407.2595344019705,7600.5983612300961,1,1,1,1,4,367043793757.67767,76370116115.118301,317668092239.59265,77874527439.83226,347133097144.1828,999999999.99999547,346206408970.90509,443413909872.79596,395542619679.42493,348133097144.1828,1154.7912240523851,1479.032387834543,1319.3549689106901,1161.2178023488418,1,2,2,2,0.89148579946342987,0.79474693064495072,0.79474693064495072,0.79474693064495072,60,120,120,120,0.022846456904275336,0.020326064262206598,0.46950709839346438,0.027135752830183362,0.45154206621858384,0.022724640330895756,1,0.022846456904275336,0.020326064262206598,0.027135752830183362,0.022724640330895756,0.020367291898214696,0.016154077184480718,0.02156605627252826,0.018060338152989859,1,1,1,1,0,Direct_Earth_to_Mars,0.89148579946342987,0.89148579946342987,0.79474693064495072,0.79474693064495072,0.79474693064495072,1154.7912240523851,60,0.022846456904275336,0.020367291898214696,0,2407.2595344019705,8192,100000000,8.1920000000000002e-05,8.1920000000000002e-05,60,1154.7912240523851,1214.7913059723851,3622.0508403743556,1500,3907.2595344019705,DELIVERED_MECHANICALLY,1,0,0,200,174,0,26,26,0,0,0,0.87,1425408,32.995555555555555,1214.7913059723819,1214.7913059723851,1214.7913059723851,12000,60,200,0,0,0,0,0
78,100077,B2,2.4177838569968859,300.12266855656713,122508024.07523111,84183079.134267926,-178.79821837405572,-222492850.99004206,111971845.45758814,7813801.1706108712,-239938913.84152412,47457777.425522551,44772758.844939314,-183062116.7685883,163582994.8096039,-35150701.44839064,-223385670.97413859,112421166.41705203,7845156.415535979,346206408970.90509,0.91855206764127706,1,1,1,0.89148579946342987,200,60,2407.2595344019705,7600.5983612300961,1,1,1,1,4,367043793757.67767,76370116115.118301,317668092239.59265,77874527439.83226,347133097144.1828,999999999.99999547,346206408970.90509,443413909872.79596,395542619679.42493,348133097144.1828,1154.7912240523851,1479.032387834543,1319.3549689106901,1161.2178023488418,1,2,2,2,0.89148579946342987,0.79474693064495072,0.79474693064495072,0.79474693064495072,60,120,120,120,0.022846456904275336,0.020326064262206598,0.46950709839346438,0.027135752830183362,0.45154206621858384,0.022724640330895756,1,0.022846456904275336,0.020326064262206598,0.027135752830183362,0.022724640330895756,0.020367291898214696,0.016154077184480718,0.02156605627252826,0.018060338152989859,1,1,1,1,0,Direct_Earth_to_Mars,0.89148579946342987,0.89148579946342987,0.39737346532247536,0.39737346532247536,0.39737346532247536,1154.7912240523851,60,0.022846456904275336,0.020367291898214696,0,2407.2595344019705,8192,100000000,8.1920000000000002e-05,8.1920000000000002e-05,60,1154.7912240523851,1214.7913059723851,3622.0508403743556,1500,3907.2595344019705,DELIVERED_MECHANICALLY,1,0,0,200,174,0,26,26,0,0,0,0.87,1425408,32.995555555555555,1214.7913059723819,1214.7913059723851,1214.7913059723851,12000,60,200,0,0,0,0,0
78,100077,B3,2.4177838569968859,300.12266855656713,122508024.07523111,84183079.134267926,-178.79821837405572,-222492850.99004206,111971845.45758814,7813801.1706108712,-239938913.84152412,47457777.425522551,44772758.844939314,-183062116.7685883,163582994.8096039,-35150701.44839064,-223385670.97413859,112421166.41705203,7845156.415535979,346206408970.90509,0.91855206764127706,1,1,1,0.89148579946342987,200,60,2407.2595344019705,7600.5983612300961,1,1,1,1,4,367043793757.67767,76370116115.118301,317668092239.59265,77874527439.83226,347133097144.1828,999999999.99999547,346206408970.90509,443413909872.79596,395542619679.42493,348133097144.1828,1154.7912240523851,1479.032387834543,1319.3549689106901,1161.2178023488418,1,2,2,2,0.89148579946342987,0.79474693064495072,0.79474693064495072,0.79474693064495072,60,120,120,120,0.022846456904275336,0.020326064262206598,0.46950709839346438,0.027135752830183362,0.45154206621858384,0.022724640330895756,1,0.022846456904275336,0.020326064262206598,0.027135752830183362,0.022724640330895756,0.020367291898214696,0.016154077184480718,0.02156605627252826,0.018060338152989859,1,1,1,1,0,Direct_Earth_to_Mars,0.020367291898214696,0.020367291898214696,0.0080770385922403591,0.01078302813626413,0.0090301690764949295,1154.7912240523851,60,0.022846456904275336,0.020367291898214696,0,2407.2595344019705,8192,100000000,8.1920000000000002e-05,8.1920000000000002e-05,60,1154.7912240523851,1214.7913059723851,3622.0508403743556,1500,3907.2595344019705,DELIVERED_MECHANICALLY,1,0,0,200,174,0,26,26,0,0,0,0.87,1425408,32.995555555555555,1214.7913059723819,1214.7913059723851,1214.7913059723851,12000,60,200,0,0,0,0,0
78,100077,B4,2.4177838569968859,300.12266855656713,122508024.07523111,84183079.134267926,-178.79821837405572,-222492850.99004206,111971845.45758814,7813801.1706108712,-239938913.84152412,47457777.425522551,44772758.844939314,-183062116.7685883,163582994.8096039,-35150701.44839064,-223385670.97413859,112421166.41705203,7845156.415535979,346206408970.90509,0.91855206764127706,1,1,1,0.89148579946342987,200,60,2407.2595344019705,7600.5983612300961,1,1,1,1,4,367043793757.67767,76370116115.118301,317668092239.59265,77874527439.83226,347133097144.1828,999999999.99999547,346206408970.90509,443413909872.79596,395542619679.42493,348133097144.1828,1154.7912240523851,1479.032387834543,1319.3549689106901,1161.2178023488418,1,2,2,2,0.89148579946342987,0.79474693064495072,0.79474693064495072,0.79474693064495072,60,120,120,120,0.022846456904275336,0.020326064262206598,0.46950709839346438,0.027135752830183362,0.45154206621858384,0.022724640330895756,1,0.022846456904275336,0.020326064262206598,0.027135752830183362,0.022724640330895756,0.020367291898214696,0.016154077184480718,0.02156605627252826,0.018060338152989859,1,1,1,1,0,Direct_Earth_to_Mars,0.020367291898214696,0.020367291898214696,0.0063063482310267219,0.009438056136438196,0.0089801930181853239,1154.7912240523851,60,0.022846456904275336,0.020367291898214696,0,2407.2595344019705,8192,100000000,8.1920000000000002e-05,8.1920000000000002e-05,60,1154.7912240523851,1214.7913059723851,3622.0508403743556,1500,3907.2595344019705,DELIVERED_MECHANICALLY,1,0,0,200,174,0,26,26,0,0,0,0.87,1425408,32.995555555555555,1214.7913059723819,1214.7913059723851,1214.7913059723851,12000,60,200,0,0,0,0,0
79,100078,B1,4.297997989139092,533.5161049314778,-8377538.9910789058,-151765765.90839425,541.47162849845745,-18578325.74150081,-218431023.83452219,-4119232.3686053636,52633709.969668455,-203639154.04428089,-36121490.248488955,-91124716.747271955,-206446057.84067267,9248472.9781822208,-18663058.31261443,-219427250.43308675,-4138019.4840033189,67566894269.15686,0.93322495222366375,1,1,1,0.9380874033422768,200,60,42305.086934981831,42640.498520648041,1,1,1,1,4,87852274142.652756,79461298450.446136,99612017294.92337,74734957042.032852,68563810298.016281,1000000000.000012,67566894269.15686,167313572593.09888,174346974336.95624,69563810298.016296,225.37322971700087,558.08396462007636,581.54427730805946,232.03405703140859,1,2,2,2,0.9380874033422768,0.88000797630945549,0.88000797630945549,0.88000797630945549,60,120,120,120,0.60940177359617209,0.36046708244736253,0.44061604998393022,0.28038072672591347,0.49810861057467459,0.59180923568071364,1,0.60940177359617209,0.36046708244736253,0.28038072672591347,0.59180923568071364,0.57167212738501116,0.31721390775067715,0.24673727592224556,0.52079684785263036,1,1,1,1,0,Direct_Earth_to_Mars,0.9380874033422768,0.9380874033422768,0.88000797630945549,0.88000797630945549,0.88000797630945549,225.37322971700087,60,0.60940177359617209,0.57167212738501116,0,42305.086934981831,8192,100000000,8.1920000000000002e-05,8.1920000000000002e-05,60,225.37322971700087,285.37331163700088,42590.46024661883,1500,43805.086934981831,DELIVERED_MECHANICALLY,1,0,0,200,191,0,9,9,0,0,0,0.95499999999999996,1564672,36.21925925925926,285.37331163700031,285.37331163700088,285.37331163700088,12000,60,200,0,0,0,0,0
79,100078,B2,4.297997989139092,533.5161049314778,-8377538.9910789058,-151765765.90839425,541.47162849845745,-18578325.74150081,-218431023.83452219,-4119232.3686053636,52633709.969668455,-203639154.04428089,-36121490.248488955,-91124716.747271955,-206446057.84067267,9248472.9781822208,-18663058.31261443,-219427250.43308675,-4138019.4840033189,67566894269.15686,0.93322495222366375,1,1,1,0.9380874033422768,200,60,42305.086934981831,42640.498520648041,1,1,1,1,4,87852274142.652756,79461298450.446136,99612017294.92337,74734957042.032852,68563810298.016281,1000000000.000012,67566894269.15686,167313572593.09888,174346974336.95624,69563810298.016296,225.37322971700087,558.08396462007636,581.54427730805946,232.03405703140859,1,2,2,2,0.9380874033422768,0.88000797630945549,0.88000797630945549,0.88000797630945549,60,120,120,120,0.60940177359617209,0.36046708244736253,0.44061604998393022,0.28038072672591347,0.49810861057467459,0.59180923568071364,1,0.60940177359617209,0.36046708244736253,0.28038072672591347,0.59180923568071364,0.57167212738501116,0.31721390775067715,0.24673727592224556,0.52079684785263036,1,1,1,1,0,Direct_Earth_to_Mars,0.9380874033422768,0.9380874033422768,0.44000398815472774,0.44000398815472774,0.44000398815472774,225.37322971700087,60,0.60940177359617209,0.57167212738501116,0,42305.086934981831,8192,100000000,8.1920000000000002e-05,8.1920000000000002e-05,60,225.37322971700087,285.37331163700088,42590.46024661883,1500,43805.086934981831,DELIVERED_MECHANICALLY,1,0,0,200,191,0,9,9,0,0,0,0.95499999999999996,1564672,36.21925925925926,285.37331163700031,285.37331163700088,285.37331163700088,12000,60,200,0,0,0,0,0
79,100078,B3,4.297997989139092,533.5161049314778,-8377538.9910789058,-151765765.90839425,541.47162849845745,-18578325.74150081,-218431023.83452219,-4119232.3686053636,52633709.969668455,-203639154.04428089,-36121490.248488955,-91124716.747271955,-206446057.84067267,9248472.9781822208,-18663058.31261443,-219427250.43308675,-4138019.4840033189,67566894269.15686,0.93322495222366375,1,1,1,0.9380874033422768,200,60,42305.086934981831,42640.498520648041,1,1,1,1,4,87852274142.652756,79461298450.446136,99612017294.92337,74734957042.032852,68563810298.016281,1000000000.000012,67566894269.15686,167313572593.09888,174346974336.95624,69563810298.016296,225.37322971700087,558.08396462007636,581.54427730805946,232.03405703140859,1,2,2,2,0.9380874033422768,0.88000797630945549,0.88000797630945549,0.88000797630945549,60,120,120,120,0.60940177359617209,0.36046708244736253,0.44061604998393022,0.28038072672591347,0.49810861057467459,0.59180923568071364,1,0.60940177359617209,0.36046708244736253,0.28038072672591347,0.59180923568071364,0.57167212738501116,0.31721390775067715,0.24673727592224556,0.52079684785263036,1,1,1,1,0,Direct_Earth_to_Mars,0.57167212738501116,0.57167212738501116,0.15860695387533857,0.12336863796112278,0.26039842392631518,225.37322971700087,60,0.60940177359617209,0.57167212738501116,0,42305.086934981831,8192,100000000,8.1920000000000002e-05,8.1920000000000002e-05,60,225.37322971700087,285.37331163700088,42590.46024661883,1500,43805.086934981831,DELIVERED_MECHANICALLY,1,0,0,200,191,0,9,9,0,0,0,0.95499999999999996,1564672,36.21925925925926,285.37331163700031,285.37331163700088,285.37331163700088,12000,60,200,0,0,0,0,0
79,100078,B4,4.297997989139092,533.5161049314778,-8377538.9910789058,-151765765.90839425,541.47162849845745,-18578325.74150081,-218431023.83452219,-4119232.3686053636,52633709.969668455,-203639154.04428089,-36121490.248488955,-91124716.747271955,-206446057.84067267,9248472.9781822208,-18663058.31261443,-219427250.43308675,-4138019.4840033189,67566894269.15686,0.93322495222366375,1,1,1,0.9380874033422768,200,60,42305.086934981831,42640.498520648041,1,1,1,1,4,87852274142.652756,79461298450.446136,99612017294.92337,74734957042.032852,68563810298.016281,1000000000.000012,67566894269.15686,167313572593.09888,174346974336.95624,69563810298.016296,225.37322971700087,558.08396462007636,581.54427730805946,232.03405703140859,1,2,2,2,0.9380874033422768,0.88000797630945549,0.88000797630945549,0.88000797630945549,60,120,120,120,0.60940177359617209,0.36046708244736253,0.44061604998393022,0.28038072672591347,0.49810861057467459,0.59180923568071364,1,0.60940177359617209,0.36046708244736253,0.28038072672591347,0.59180923568071364,0.57167212738501116,0.31721390775067715,0.24673727592224556,0.52079684785263036,1,1,1,1,0,Direct_Earth_to_Mars,0.57167212738501116,0.57167212738501116,0.064050866386736058,0.047810612997154688,0.25292336204571231,225.37322971700087,60,0.60940177359617209,0.57167212738501116,0,42305.086934981831,8192,100000000,8.1920000000000002e-05,8.1920000000000002e-05,60,225.37322971700087,285.37331163700088,42590.46024661883,1500,43805.086934981831,DELIVERED_MECHANICALLY,1,0,0,200,191,0,9,9,0,0,0,0.95499999999999996,1564672,36.21925925925926,285.37331163700031,285.37331163700088,285.37331163700088,12000,60,200,0,0,0,0,0
80,100079,B1,0.27942753227721434,34.685704601973391,-105509419.20220917,103049036.13310611,-49.648333796152933,198058041.58601624,75250444.411455035,-3291609.4945105473,163453582.56329849,143134903.86809951,-6620692.2641929844,206912429.04079854,-248965.25480691722,22576444.404811673,198992730.57023409,75605571.428190365,-3307143.4819731554,304855374427.51239,0.98242249917968849,1,1,1,0.94371568564515551,200,60,25887.811064491663,27102.8210456948,1,1,1,1,4,272014348921.93979,76268284444.211517,329829632437.78741,80297678980.7258,305754214755.3717,1000000000.0000124,304855374427.51239,348282633366.15131,410127311418.51318,306754214755.3717,1016.8624897515423,1161.7165889464686,1368.0030400884361,1023.1961799712199,1,2,2,2,0.94371568564515551,0.89059929533270599,0.89059929533270599,0.89059929533270599,60,120,120,120,0.031513444396272815,0.039582202614240343,0.50349554267105445,0.026921809313511364,0.45423186908429691,0.031328433571679623,1,0.031513444396272815,0.039582202614240343,0.026921809313511364,0.031328433571679623,0.029739731785469084,0.035251881755958843,0.023976544403694702,0.027901080862815363,1,1,1,1,0,Direct_Earth_to_Mars,0.94371568564515551,0.94371568564515551,0.89059929533270599,0.89059929533270599,0.89059929533270599,1016.8624897515423,60,0.031513444396272815,0.029739731785469084,0,25887.811064491663,8192,100000000,8.1920000000000002e-05,8.1920000000000002e-05,60,1016.8624897515423,1076.8625716715424,26964.673636163207,1500,27387.811064491663,DELIVERED_MECHANICALLY,1,0,0,200,190,0,10,10,0,0,0,0.94999999999999996,1556480,36.029629629629632,1076.8625716715451,1076.8625716715424,1076.8625716715424,12000,60,200,0,0,0,0,0
80,100079,B2,0.27942753227721434,34.685704601973391,-105509419.20220917,103049036.13310611,-49.648333796152933,198058041.58601624,75250444.411455035,-3291609.4945105473,163453582.56329849,143134903.86809951,-6620692.2641929844,206912429.04079854,-248965.25480691722,22576444.404811673,198992730.57023409,75605571.428190365,-3307143.4819731554,304855374427.51239,0.98242249917968849,1,1,1,0.94371568564515551,200,60,25887.811064491663,27102.8210456948,1,1,1,1,4,272014348921.93979,76268284444.211517,329829632437.78741,80297678980.7258,305754214755.3717,1000000000.0000124,304855374427.51239,348282633366.15131,410127311418.51318,306754214755.3717,1016.8624897515423,1161.7165889464686,1368.0030400884361,1023.1961799712199,1,2,2,2,0.94371568564515551,0.89059929533270599,0.89059929533270599,0.89059929533270599,60,120,120,120,0.031513444396272815,0.039582202614240343,0.50349554267105445,0.026921809313511364,0.45423186908429691,0.031328433571679623,1,0.031513444396272815,0.039582202614240343,0.026921809313511364,0.031328433571679623,0.029739731785469084,0.035251881755958843,0.023976544403694702,0.027901080862815363,1,1,1,1,0,Direct_Earth_to_Mars,0.94371568564515551,0.94371568564515551,0.44529964766635299,0.44529964766635299,0.44529964766635299,1016.8624897515423,60,0.031513444396272815,0.029739731785469084,0,25887.811064491663,8192,100000000,8.1920000000000002e-05,8.1920000000000002e-05,60,1016.8624897515423,1076.8625716715424,26964.673636163207,1500,27387.811064491663,DELIVERED_MECHANICALLY,1,0,0,200,190,0,10,10,0,0,0,0.94999999999999996,1556480,36.029629629629632,1076.8625716715451,1076.8625716715424,1076.8625716715424,12000,60,200,0,0,0,0,0
80,100079,B3,0.27942753227721434,34.685704601973391,-105509419.20220917,103049036.13310611,-49.648333796152933,198058041.58601624,75250444.411455035,-3291609.4945105473,163453582.56329849,143134903.86809951,-6620692.2641929844,206912429.04079854,-248965.25480691722,22576444.404811673,198992730.57023409,75605571.428190365,-3307143.4819731554,304855374427.51239,0.98242249917968849,1,1,1,0.94371568564515551,200,60,25887.811064491663,27102.8210456948,1,1,1,1,4,272014348921.93979,76268284444.211517,329829632437.78741,80297678980.7258,305754214755.3717,1000000000.0000124,304855374427.51239,348282633366.15131,410127311418.51318,306754214755.3717,1016.8624897515423,1161.7165889464686,1368.0030400884361,1023.1961799712199,1,2,2,2,0.94371568564515551,0.89059929533270599,0.89059929533270599,0.89059929533270599,60,120,120,120,0.031513444396272815,0.039582202614240343,0.50349554267105445,0.026921809313511364,0.45423186908429691,0.031328433571679623,1,0.031513444396272815,0.039582202614240343,0.026921809313511364,0.031328433571679623,0.029739731785469084,0.035251881755958843,0.023976544403694702,0.027901080862815363,1,1,1,1,0,Direct_Earth_to_Mars,0.029739731785469084,0.029739731785469084,0.017625940877979421,0.011988272201847351,0.013950540431407681,1016.8624897515423,60,0.031513444396272815,0.029739731785469084,0,25887.811064491663,8192,100000000,8.1920000000000002e-05,8.1920000000000002e-05,60,1016.8624897515423,1076.8625716715424,26964.673636163207,1500,27387.811064491663,DELIVERED_MECHANICALLY,1,0,0,200,190,0,10,10,0,0,0,0.94999999999999996,1556480,36.029629629629632,1076.8625716715451,1076.8625716715424,1076.8625716715424,12000,60,200,0,0,0,0,0
80,100079,B4,0.27942753227721434,34.685704601973391,-105509419.20220917,103049036.13310611,-49.648333796152933,198058041.58601624,75250444.411455035,-3291609.4945105473,163453582.56329849,143134903.86809951,-6620692.2641929844,206912429.04079854,-248965.25480691722,22576444.404811673,198992730.57023409,75605571.428190365,-3307143.4819731554,304855374427.51239,0.98242249917968849,1,1,1,0.94371568564515551,200,60,25887.811064491663,27102.8210456948,1,1,1,1,4,272014348921.93979,76268284444.211517,329829632437.78741,80297678980.7258,305754214755.3717,1000000000.0000124,304855374427.51239,348282633366.15131,410127311418.51318,306754214755.3717,1016.8624897515423,1161.7165889464686,1368.0030400884361,1023.1961799712199,1,2,2,2,0.94371568564515551,0.89059929533270599,0.89059929533270599,0.89059929533270599,60,120,120,120,0.031513444396272815,0.039582202614240343,0.50349554267105445,0.026921809313511364,0.45423186908429691,0.031328433571679623,1,0.031513444396272815,0.039582202614240343,0.026921809313511364,0.031328433571679623,0.029739731785469084,0.035251881755958843,0.023976544403694702,0.027901080862815363,1,1,1,1,0,Direct_Earth_to_Mars,0.029739731785469084,0.029739731785469084,0.015428167503099615,0.0089111090851096628,0.013864185142735562,1016.8624897515423,60,0.031513444396272815,0.029739731785469084,0,25887.811064491663,8192,100000000,8.1920000000000002e-05,8.1920000000000002e-05,60,1016.8624897515423,1076.8625716715424,26964.673636163207,1500,27387.811064491663,DELIVERED_MECHANICALLY,1,0,0,200,190,0,10,10,0,0,0,0.94999999999999996,1556480,36.029629629629632,1076.8625716715451,1076.8625716715424,1076.8625716715424,12000,60,200,0,0,0,0,0
81,100080,B1,5.9477105545125095,738.29708071570315,-46224960.69958023,139657887.74535185,-675.20265926816387,184265977.93370566,109529440.88622759,-2233709.8449166594,140430263.40951875,169882138.07442081,700639.48358560842,205503707.3348701,37205810.351994589,18941459.861688286,185125537.05673161,110040370.96246533,-2244129.596283251,232462432547.51886,0.91015506091454523,1,1,1,0.90254036064198295,200,60,36500.143906117381,17770.379912143046,1,1,1,1,4,189087730531.25717,74650039060.387894,272438167211.22049,78295188203.827988,233249401285.60693,999999999.99999464,232462432547.51886,263737769591.64508,350733355415.04846,234249401285.60693,775.3917029603698,879.7123735545199,1169.8911121249114,781.35223911143078,1,2,2,2,0.90254036064198295,0.81457910258776067,0.81457910258776067,0.81457910258776067,60,120,120,120,0.050210566070596624,0.075888151612266905,0.48690091997572421,0.03655651389391288,0.442619485426265,0.049872323087021692,1,0.050210566070596624,0.075888151612266905,0.03655651389391288,0.049872323087021692,0.045317062409394392,0.061816902437364298,0.029778172281440557,0.040624952184192986,1,1,1,1,0,Direct_Earth_to_Mars,0.90254036064198295,0.90254036064198295,0.81457910258776067,0.81457910258776067,0.81457910258776067,775.3917029603698,60,0.050210566070596624,0.045317062409394392,0,36500.143906117381,8192,100000000,8.1920000000000002e-05,8.1920000000000002e-05,60,775.3917029603698,835.39178488036976,37335.535690997749,1500,38000.143906117381,DELIVERED_MECHANICALLY,1,0,0,200,184,0,16,16,0,0,0,0.92000000000000004,1507328,34.891851851851854,835.39178488036862,835.39178488036976,835.39178488036976,12000,60,200,0,0,0,0,0
81,100080,B2,5.9477105545125095,738.29708071570315,-46224960.69958023,139657887.74535185,-675.20265926816387,184265977.93370566,109529440.88622759,-2233709.8449166594,140430263.40951875,169882138.07442081,700639.48358560842,205503707.3348701,37205810.351994589,18941459.861688286,185125537.05673161,110040370.96246533,-2244129.596283251,232462432547.51886,0.91015506091454523,1,1,1,0.90254036064198295,200,60,36500.143906117381,17770.379912143046,1,1,1,1,4,189087730531.25717,74650039060.387894,272438167211.22049,78295188203.827988,233249401285.60693,999999999.99999464,232462432547.51886,263737769591.64508,350733355415.04846,234249401285.60693,775.3917029603698,879.7123735545199,1169.8911121249114,781.35223911143078,1,2,2,2,0.90254036064198295,0.81457910258776067,0.81457910258776067,0.81457910258776067,60,120,120,120,0.050210566070596624,0.075888151612266905,0.48690091997572421,0.03655651389391288,0.442619485426265,0.049872323087021692,1,0.050210566070596624,0.075888151612266905,0.03655651389391288,0.049872323087021692,0.045317062409394392,0.061816902437364298,0.029778172281440557,0.040624952184192986,1,1,1,1,0,Direct_Earth_to_Mars,0.90254036064198295,0.90254036064198295,0.40728955129388034,0.40728955129388034,0.40728955129388034,775.3917029603698,60,0.050210566070596624,0.045317062409394392,0,36500.143906117381,8192,100000000,8.1920000000000002e-05,8.1920000000000002e-05,60,775.3917029603698,835.39178488036976,37335.535690997749,1500,38000.143906117381,DELIVERED_MECHANICALLY,1,0,0,200,184,0,16,16,0,0,0,0.92000000000000004,1507328,34.891851851851854,835.39178488036862,835.39178488036976,835.39178488036976,12000,60,200,0,0,0,0,0
81,100080,B3,5.9477105545125095,738.29708071570315,-46224960.69958023,139657887.74535185,-675.20265926816387,184265977.93370566,109529440.88622759,-2233709.8449166594,140430263.40951875,169882138.07442081,700639.48358560842,205503707.3348701,37205810.351994589,18941459.861688286,185125537.05673161,110040370.96246533,-2244129.596283251,232462432547.51886,0.91015506091454523,1,1,1,0.90254036064198295,200,60,36500.143906117381,17770.379912143046,1,1,1,1,4,189087730531.25717,74650039060.387894,272438167211.22049,78295188203.827988,233249401285.60693,999999999.99999464,232462432547.51886,263737769591.64508,350733355415.04846,234249401285.60693,775.3917029603698,879.7123735545199,1169.8911121249114,781.35223911143078,1,2,2,2,0.90254036064198295,0.81457910258776067,0.81457910258776067,0.81457910258776067,60,120,120,120,0.050210566070596624,0.075888151612266905,0.48690091997572421,0.03655651389391288,0.442619485426265,0.049872323087021692,1,0.050210566070596624,0.075888151612266905,0.03655651389391288,0.049872323087021692,0.045317062409394392,0.061816902437364298,0.029778172281440557,0.040624952184192986,1,1,1,1,0,Direct_Earth_to_Mars,0.045317062409394392,0.045317062409394392,0.030908451218682149,0.014889086140720278,0.020312476092096493,775.3917029603698,60,0.050210566070596624,0.045317062409394392,0,36500.143906117381,8192,100000000,8.1920000000000002e-05,8.1920000000000002e-05,60,775.3917029603698,835.39178488036976,37335.535690997749,1500,38000.143906117381,DELIVERED_MECHANICALLY,1,0,0,200,184,0,16,16,0,0,0,0.92000000000000004,1507328,34.891851851851854,835.39178488036862,835.39178488036976,835.39178488036976,12000,60,200,0,0,0,0,0
81,100080,B4,5.9477105545125095,738.29708071570315,-46224960.69958023,139657887.74535185,-675.20265926816387,184265977.93370566,109529440.88622759,-2233709.8449166594,140430263.40951875,169882138.07442081,700639.48358560842,205503707.3348701,37205810.351994589,18941459.861688286,185125537.05673161,110040370.96246533,-2244129.596283251,232462432547.51886,0.91015506091454523,1,1,1,0.90254036064198295,200,60,36500.143906117381,17770.379912143046,1,1,1,1,4,189087730531.25717,74650039060.387894,272438167211.22049,78295188203.827988,233249401285.60693,999999999.99999464,232462432547.51886,263737769591.64508,350733355415.04846,234249401285.60693,775.3917029603698,879.7123735545199,1169.8911121249114,781.35223911143078,1,2,2,2,0.90254036064198295,0.81457910258776067,0.81457910258776067,0.81457910258776067,60,120,120,120,0.050210566070596624,0.075888151612266905,0.48690091997572421,0.03655651389391288,0.442619485426265,0.049872323087021692,1,0.050210566070596624,0.075888151612266905,0.03655651389391288,0.049872323087021692,0.045317062409394392,0.061816902437364298,0.029778172281440557,0.040624952184192986,1,1,1,1,0,Direct_Earth_to_Mars,0.045317062409394392,0.045317062409394392,0.027243173276607521,0.0098683319657052581,0.020157522612725666,775.3917029603698,60,0.050210566070596624,0.045317062409394392,0,36500.143906117381,8192,100000000,8.1920000000000002e-05,8.1920000000000002e-05,60,775.3917029603698,835.39178488036976,37335.535690997749,1500,38000.143906117381,DELIVERED_MECHANICALLY,1,0,0,200,184,0,16,16,0,0,0,0.92000000000000004,1507328,34.891851851851854,835.39178488036862,835.39178488036976,835.39178488036976,12000,60,200,0,0,0,0,0
82,100081,B1,1.475456785410667,183.15037818449375,29134538.00484018,-149280312.66644195,209.03291220387445,-43788277.16513855,234458758.52516937,5987696.1559846243,-105424026.82926351,214629818.43551058,46046062.248346999,26030791.155585553,230375106.80202854,-18565022.143013075,-43971808.188045174,235441452.0351072,6012792.5532741891,390652354060.95319,0.97027396123647836,1,1,1,0.88287315668910304,200,60,7776.7233954410549,19601.027207084815,1,1,1,1,4,390713208744.20325,76136884594.312668,380121741794.52045,74122968696.88765,391652301473.30621,999999999.99999261,390652354060.95319,466850093338.51593,454244710491.40808,392652301473.30621,1303.0432090091833,1557.2051145380785,1515.1591410654039,1309.7141476761381,1,2,2,2,0.88287315668910304,0.77946501080218145,0.77946501080218145,0.77946501080218145,60,120,120,120,0.018953908101157897,0.018948004311765927,0.49898726020090622,0.020018624841172384,0.52647051336744344,0.018857247279977951,1,0.018953908101157897,0.018948004311765927,0.020018624841172384,0.018857247279977951,0.016733896676864434,0.014769306385550409,0.01560381762806925,0.01469856445478742,1,1,1,1,0,Direct_Earth_to_Mars,0.88287315668910304,0.88287315668910304,0.77946501080218145,0.77946501080218145,0.77946501080218145,1303.0432090091833,60,0.018953908101157897,0.016733896676864434,0,7776.7233954410549,8192,100000000,8.1920000000000002e-05,8.1920000000000002e-05,60,1303.0432090091833,1363.0432909291833,9139.7666863702379,1500,9276.7233954410549,DELIVERED_MECHANICALLY,1,0,0,200,169,0,31,31,0,0,0,0.84499999999999997,1384448,32.047407407407405,1363.0432909291785,1363.0432909291833,1363.0432909291833,12000,60,200,0,0,0,0,0
82,100081,B2,1.475456785410667,183.15037818449375,29134538.00484018,-149280312.66644195,209.03291220387445,-43788277.16513855,234458758.52516937,5987696.1559846243,-105424026.82926351,214629818.43551058,46046062.248346999,26030791.155585553,230375106.80202854,-18565022.143013075,-43971808.188045174,235441452.0351072,6012792.5532741891,390652354060.95319,0.97027396123647836,1,1,1,0.88287315668910304,200,60,7776.7233954410549,19601.027207084815,1,1,1,1,4,390713208744.20325,76136884594.312668,380121741794.52045,74122968696.88765,391652301473.30621,999999999.99999261,390652354060.95319,466850093338.51593,454244710491.40808,392652301473.30621,1303.0432090091833,1557.2051145380785,1515.1591410654039,1309.7141476761381,1,2,2,2,0.88287315668910304,0.77946501080218145,0.77946501080218145,0.77946501080218145,60,120,120,120,0.018953908101157897,0.018948004311765927,0.49898726020090622,0.020018624841172384,0.52647051336744344,0.018857247279977951,1,0.018953908101157897,0.018948004311765927,0.020018624841172384,0.018857247279977951,0.016733896676864434,0.014769306385550409,0.01560381762806925,0.01469856445478742,1,1,1,1,0,Direct_Earth_to_Mars,0.88287315668910304,0.88287315668910304,0.38973250540109072,0.38973250540109072,0.38973250540109072,1303.0432090091833,60,0.018953908101157897,0.016733896676864434,0,7776.7233954410549,8192,100000000,8.1920000000000002e-05,8.1920000000000002e-05,60,1303.0432090091833,1363.0432909291833,9139.7666863702379,1500,9276.7233954410549,DELIVERED_MECHANICALLY,1,0,0,200,169,0,31,31,0,0,0,0.84499999999999997,1384448,32.047407407407405,1363.0432909291785,1363.0432909291833,1363.0432909291833,12000,60,200,0,0,0,0,0
82,100081,B3,1.475456785410667,183.15037818449375,29134538.00484018,-149280312.66644195,209.03291220387445,-43788277.16513855,234458758.52516937,5987696.1559846243,-105424026.82926351,214629818.43551058,46046062.248346999,26030791.155585553,230375106.80202854,-18565022.143013075,-43971808.188045174,235441452.0351072,6012792.5532741891,390652354060.95319,0.97027396123647836,1,1,1,0.88287315668910304,200,60,7776.7233954410549,19601.027207084815,1,1,1,1,4,390713208744.20325,76136884594.312668,380121741794.52045,74122968696.88765,391652301473.30621,999999999.99999261,390652354060.95319,466850093338.51593,454244710491.40808,392652301473.30621,1303.0432090091833,1557.2051145380785,1515.1591410654039,1309.7141476761381,1,2,2,2,0.88287315668910304,0.77946501080218145,0.77946501080218145,0.77946501080218145,60,120,120,120,0.018953908101157897,0.018948004311765927,0.49898726020090622,0.020018624841172384,0.52647051336744344,0.018857247279977951,1,0.018953908101157897,0.018948004311765927,0.020018624841172384,0.018857247279977951,0.016733896676864434,0.014769306385550409,0.01560381762806925,0.01469856445478742,1,1,1,1,0,Direct_Earth_to_Mars,0.016733896676864434,0.016733896676864434,0.0073846531927752044,0.0078019088140346251,0.0073492822273937101,1303.0432090091833,60,0.018953908101157897,0.016733896676864434,0,7776.7233954410549,8192,100000000,8.1920000000000002e-05,8.1920000000000002e-05,60,1303.0432090091833,1363.0432909291833,9139.7666863702379,1500,9276.7233954410549,DELIVERED_MECHANICALLY,1,0,0,200,169,0,31,31,0,0,0,0.84499999999999997,1384448,32.047407407407405,1363.0432909291785,1363.0432909291833,1363.0432909291833,12000,60,200,0,0,0,0,0
82,100081,B4,1.475456785410667,183.15037818449375,29134538.00484018,-149280312.66644195,209.03291220387445,-43788277.16513855,234458758.52516937,5987696.1559846243,-105424026.82926351,214629818.43551058,46046062.248346999,26030791.155585553,230375106.80202854,-18565022.143013075,-43971808.188045174,235441452.0351072,6012792.5532741891,390652354060.95319,0.97027396123647836,1,1,1,0.88287315668910304,200,60,7776.7233954410549,19601.027207084815,1,1,1,1,4,390713208744.20325,76136884594.312668,380121741794.52045,74122968696.88765,391652301473.30621,999999999.99999261,390652354060.95319,466850093338.51593,454244710491.40808,392652301473.30621,1303.0432090091833,1557.2051145380785,1515.1591410654039,1309.7141476761381,1,2,2,2,0.88287315668910304,0.77946501080218145,0.77946501080218145,0.77946501080218145,60,120,120,120,0.018953908101157897,0.018948004311765927,0.49898726020090622,0.020018624841172384,0.52647051336744344,0.018857247279977951,1,0.018953908101157897,0.018948004311765927,0.020018624841172384,0.018857247279977951,0.016733896676864434,0.014769306385550409,0.01560381762806925,0.01469856445478742,1,1,1,1,0,Direct_Earth_to_Mars,0.016733896676864434,0.016733896676864434,0.006179354347027103,0.0067096742658254343,0.0073118491653228201,1303.0432090091833,60,0.018953908101157897,0.016733896676864434,0,7776.7233954410549,8192,100000000,8.1920000000000002e-05,8.1920000000000002e-05,60,1303.0432090091833,1363.0432909291833,9139.7666863702379,1500,9276.7233954410549,DELIVERED_MECHANICALLY,1,0,0,200,169,0,31,31,0,0,0,0.84499999999999997,1384448,32.047407407407405,1363.0432909291785,1363.0432909291833,1363.0432909291833,12000,60,200,0,0,0,0,0
83,100082,B1,5.1980114553205716,645.23595218975947,144725985.71783778,37432919.199751303,-159.42557078586051,184146527.71712235,-93618242.356056944,-6486546.4252342489,203986902.14015481,-16500814.687440738,-34817094.483336881,136075526.04597649,-154953133.61909747,29228053.286559369,185037504.1999422,-94071205.837563962,-6517930.999199613,137005325783.17282,0.89498484604157547,1,1,1,0.9179355183575133,200,60,31279.101399699339,9779.6656552348923,1,1,1,1,4,87366600214.521301,84518388891.074097,194785811059.47345,85722358346.524521,137698347014.22128,999999999.99999297,137005325783.17282,171884989105.5954,280508169405.99799,138698347014.22128,456.98907866301806,573.33218514207942,935.65099868578386,462.63624754576813,1,2,2,2,0.9179355183575133,0.84260561586227667,0.84260561586227667,0.84260561586227667,60,120,120,120,0.14214319330091943,0.34955063505617462,0.37350682983233352,0.070321209398757217,0.36308871086807731,0.14071601044610207,1,0.14214319330091943,0.34955063505617462,0.070321209398757217,0.14071601044610207,0.13047828582367169,0.29453332812655791,0.059253045953619944,0.11856810064362039,1,1,1,1,0,Direct_Earth_to_Mars,0.9179355183575133,0.9179355183575133,0.84260561586227667,0.84260561586227667,0.84260561586227667,456.98907866301806,60,0.14214319330091943,0.13047828582367169,0,31279.101399699339,8192,100000000,8.1920000000000002e-05,8.1920000000000002e-05,60,456.98907866301806,516.98916058301802,31796.090560282355,1500,32779.101399699342,DELIVERED_MECHANICALLY,1,0,0,200,183,0,17,17,0,0,0,0.91500000000000004,1499136,34.702222222222225,516.9891605830195,516.98916058301802,516.98916058301802,12000,60,200,0,0,0,0,0
83,100082,B2,5.1980114553205716,645.23595218975947,144725985.71783778,37432919.199751303,-159.42557078586051,184146527.71712235,-93618242.356056944,-6486546.4252342489,203986902.14015481,-16500814.687440738,-34817094.483336881,136075526.04597649,-154953133.61909747,29228053.286559369,185037504.1999422,-94071205.837563962,-6517930.999199613,137005325783.17282,0.89498484604157547,1,1,1,0.9179355183575133,200,60,31279.101399699339,9779.6656552348923,1,1,1,1,4,87366600214.521301,84518388891.074097,194785811059.47345,85722358346.524521,137698347014.22128,999999999.99999297,137005325783.17282,171884989105.5954,280508169405.99799,138698347014.22128,456.98907866301806,573.33218514207942,935.65099868578386,462.63624754576813,1,2,2,2,0.9179355183575133,0.84260561586227667,0.84260561586227667,0.84260561586227667,60,120,120,120,0.14214319330091943,0.34955063505617462,0.37350682983233352,0.070321209398757217,0.36308871086807731,0.14071601044610207,1,0.14214319330091943,0.34955063505617462,0.070321209398757217,0.14071601044610207,0.13047828582367169,0.29453332812655791,0.059253045953619944,0.11856810064362039,1,1,1,1,0,Direct_Earth_to_Mars,0.9179355183575133,0.9179355183575133,0.42130280793113833,0.42130280793113833,0.42130280793113833,456.98907866301806,60,0.14214319330091943,0.13047828582367169,0,31279.101399699339,8192,100000000,8.1920000000000002e-05,8.1920000000000002e-05,60,456.98907866301806,516.98916058301802,31796.090560282355,1500,32779.101399699342,DELIVERED_MECHANICALLY,1,0,0,200,183,0,17,17,0,0,0,0.91500000000000004,1499136,34.702222222222225,516.9891605830195,516.98916058301802,516.98916058301802,12000,60,200,0,0,0,0,0
83,100082,B3,5.1980114553205716,645.23595218975947,144725985.71783778,37432919.199751303,-159.42557078586051,184146527.71712235,-93618242.356056944,-6486546.4252342489,203986902.14015481,-16500814.687440738,-34817094.483336881,136075526.04597649,-154953133.61909747,29228053.286559369,185037504.1999422,-94071205.837563962,-6517930.999199613,137005325783.17282,0.89498484604157547,1,1,1,0.9179355183575133,200,60,31279.101399699339,9779.6656552348923,1,1,1,1,4,87366600214.521301,84518388891.074097,194785811059.47345,85722358346.524521,137698347014.22128,999999999.99999297,137005325783.17282,171884989105.5954,280508169405.99799,138698347014.22128,456.98907866301806,573.33218514207942,935.65099868578386,462.63624754576813,1,2,2,2,0.9179355183575133,0.84260561586227667,0.84260561586227667,0.84260561586227667,60,120,120,120,0.14214319330091943,0.34955063505617462,0.37350682983233352,0.070321209398757217,0.36308871086807731,0.14071601044610207,1,0.14214319330091943,0.34955063505617462,0.070321209398757217,0.14071601044610207,0.13047828582367169,0.29453332812655791,0.059253045953619944,0.11856810064362039,1,1,1,1,1,Earth_Relay0_Mars,0.14726666406327896,0.13047828582367169,0.14726666406327896,0.029626522976809972,0.059284050321810194,573.33218514207942,120,0.34955063505617462,0.29453332812655791,0,31279.101399699339,8192,100000000,8.1920000000000002e-05,0.00016384,120,573.33218514207942,693.33234898207945,31972.433748681418,1500,32779.101399699342,DELIVERED_MECHANICALLY,1,0,0,200,168,0,32,32,0,0,0,0.83999999999999997,1376256,31.857777777777777,693.33234898207695,693.33234898207945,693.33234898207945,24000,120,0,200,0,0,0,0
83,100082,B4,5.1980114553205716,645.23595218975947,144725985.71783778,37432919.199751303,-159.42557078586051,184146527.71712235,-93618242.356056944,-6486546.4252342489,203986902.14015481,-16500814.687440738,-34817094.483336881,136075526.04597649,-154953133.61909747,29228053.286559369,185037504.1999422,-94071205.837563962,-6517930.999199613,137005325783.17282,0.89498484604157547,1,1,1,0.9179355183575133,200,60,31279.101399699339,9779.6656552348923,1,1,1,1,4,87366600214.521301,84518388891.074097,194785811059.47345,85722358346.524521,137698347014.22128,999999999.99999297,137005325783.17282,171884989105.5954,280508169405.99799,138698347014.22128,456.98907866301806,573.33218514207942,935.65099868578386,462.63624754576813,1,2,2,2,0.9179355183575133,0.84260561586227667,0.84260561586227667,0.84260561586227667,60,120,120,120,0.14214319330091943,0.34955063505617462,0.37350682983233352,0.070321209398757217,0.36308871086807731,0.14071601044610207,1,0.14214319330091943,0.34955063505617462,0.070321209398757217,0.14071601044610207,0.13047828582367169,0.29453332812655791,0.059253045953619944,0.11856810064362039,1,1,1,1,0,Direct_Earth_to_Mars,0.13047828582367169,0.13047828582367169,0.11738266030081039,0.014470136256123289,0.058560399622158532,456.98907866301806,60,0.14214319330091943,0.13047828582367169,0,31279.101399699339,8192,100000000,8.1920000000000002e-05,8.1920000000000002e-05,60,456.98907866301806,516.98916058301802,31796.090560282355,1500,32779.101399699342,DELIVERED_MECHANICALLY,1,0,0,200,183,0,17,17,0,0,0,0.91500000000000004,1499136,34.702222222222225,516.9891605830195,516.98916058301802,516.98916058301802,12000,60,200,0,0,0,0,0
84,100083,B1,1.8654342587822599,231.55879138756893,127430067.70448738,-81685695.592344135,138.84527341581861,-133384410.96646495,205537300.92921653,7583870.8878380153,-181122622.84082973,161594886.87939578,50915612.441664845,-69741614.586322531,228622674.52944082,-28841367.108042173,-133928522.23282725,206375743.44497201,7614807.5584939821,388044784795.41315,0.85125042756945191,1,1,1,0.86966218084067815,200,60,40574.209528529245,9108.4761059240755,1,1,1,1,4,396210285204.82416,78022512466.436707,368781492662.90723,76877421707.564529,389031731834.15625,1000000000.0000124,388044784795.41315,474232797671.26086,445658914370.47174,390031731834.15625,1294.3455129933727,1581.8305459348262,1486.5207283871639,1300.9730881726359,1,2,2,2,0.86966218084067815,0.75631230878456435,0.75631230878456435,0.75631230878456435,60,120,120,120,0.016853066188097711,0.016165574303511204,0.41687203842946724,0.018659688644682575,0.42938316131032633,0.016767664489944403,1,0.016853066188097711,0.016165574303511204,0.018659688644682575,0.016767664489944403,0.01465647429499335,0.012226222824316985,0.014112552200060998,0.012681591043314806,1,1,1,1,0,Direct_Earth_to_Mars,0.86966218084067815,0.86966218084067815,0.75631230878456435,0.75631230878456435,0.75631230878456435,1294.3455129933727,60,0.016853066188097711,0.01465647429499335,0,40574.209528529245,8192,100000000,8.1920000000000002e-05,8.1920000000000002e-05,60,1294.3455129933727,1354.3455949133727,41928.555123442617,1500,42074.209528529245,DELIVERED_MECHANICALLY,1,0,0,200,178,0,22,22,0,0,0,0.89000000000000001,1458176,33.754074074074076,1354.3455949133765,1354.3455949133727,1354.3455949133727,12000,60,200,0,0,0,0,0
84,100083,B2,1.8654342587822599,231.55879138756893,127430067.70448738,-81685695.592344135,138.84527341581861,-133384410.96646495,205537300.92921653,7583870.8878380153,-181122622.84082973,161594886.87939578,50915612.441664845,-69741614.586322531,228622674.52944082,-28841367.108042173,-133928522.23282725,206375743.44497201,7614807.5584939821,388044784795.41315,0.85125042756945191,1,1,1,0.86966218084067815,200,60,40574.209528529245,9108.4761059240755,1,1,1,1,4,396210285204.82416,78022512466.436707,368781492662.90723,76877421707.564529,389031731834.15625,1000000000.0000124,388044784795.41315,474232797671.26086,445658914370.47174,390031731834.15625,1294.3455129933727,1581.8305459348262,1486.5207283871639,1300.9730881726359,1,2,2,2,0.86966218084067815,0.75631230878456435,0.75631230878456435,0.75631230878456435,60,120,120,120,0.016853066188097711,0.016165574303511204,0.41687203842946724,0.018659688644682575,0.42938316131032633,0.016767664489944403,1,0.016853066188097711,0.016165574303511204,0.018659688644682575,0.016767664489944403,0.01465647429499335,0.012226222824316985,0.014112552200060998,0.012681591043314806,1,1,1,1,0,Direct_Earth_to_Mars,0.86966218084067815,0.86966218084067815,0.37815615439228217,0.37815615439228217,0.37815615439228217,1294.3455129933727,60,0.016853066188097711,0.01465647429499335,0,40574.209528529245,8192,100000000,8.1920000000000002e-05,8.1920000000000002e-05,60,1294.3455129933727,1354.3455949133727,41928.555123442617,1500,42074.209528529245,DELIVERED_MECHANICALLY,1,0,0,200,178,0,22,22,0,0,0,0.89000000000000001,1458176,33.754074074074076,1354.3455949133765,1354.3455949133727,1354.3455949133727,12000,60,200,0,0,0,0,0
84,100083,B3,1.8654342587822599,231.55879138756893,127430067.70448738,-81685695.592344135,138.84527341581861,-133384410.96646495,205537300.92921653,7583870.8878380153,-181122622.84082973,161594886.87939578,50915612.441664845,-69741614.586322531,228622674.52944082,-28841367.108042173,-133928522.23282725,206375743.44497201,7614807.5584939821,388044784795.41315,0.85125042756945191,1,1,1,0.86966218084067815,200,60,40574.209528529245,9108.4761059240755,1,1,1,1,4,396210285204.82416,78022512466.436707,368781492662.90723,76877421707.564529,389031731834.15625,1000000000.0000124,388044784795.41315,474232797671.26086,445658914370.47174,390031731834.15625,1294.3455129933727,1581.8305459348262,1486.5207283871639,1300.9730881726359,1,2,2,2,0.86966218084067815,0.75631230878456435,0.75631230878456435,0.75631230878456435,60,120,120,120,0.016853066188097711,0.016165574303511204,0.41687203842946724,0.018659688644682575,0.42938316131032633,0.016767664489944403,1,0.016853066188097711,0.016165574303511204,0.018659688644682575,0.016767664489944403,0.01465647429499335,0.012226222824316985,0.014112552200060998,0.012681591043314806,1,1,1,1,0,Direct_Earth_to_Mars,0.01465647429499335,0.01465647429499335,0.0061131114121584923,0.0070562761000304989,0.0063407955216574028,1294.3455129933727,60,0.016853066188097711,0.01465647429499335,0,40574.209528529245,8192,100000000,8.1920000000000002e-05,8.1920000000000002e-05,60,1294.3455129933727,1354.3455949133727,41928.555123442617,1500,42074.209528529245,DELIVERED_MECHANICALLY,1,0,0,200,178,0,22,22,0,0,0,0.89000000000000001,1458176,33.754074074074076,1354.3455949133765,1354.3455949133727,1354.3455949133727,12000,60,200,0,0,0,0,0
84,100083,B4,1.8654342587822599,231.55879138756893,127430067.70448738,-81685695.592344135,138.84527341581861,-133384410.96646495,205537300.92921653,7583870.8878380153,-181122622.84082973,161594886.87939578,50915612.441664845,-69741614.586322531,228622674.52944082,-28841367.108042173,-133928522.23282725,206375743.44497201,7614807.5584939821,388044784795.41315,0.85125042756945191,1,1,1,0.86966218084067815,200,60,40574.209528529245,9108.4761059240755,1,1,1,1,4,396210285204.82416,78022512466.436707,368781492662.90723,76877421707.564529,389031731834.15625,1000000000.0000124,388044784795.41315,474232797671.26086,445658914370.47174,390031731834.15625,1294.3455129933727,1581.8305459348262,1486.5207283871639,1300.9730881726359,1,2,2,2,0.86966218084067815,0.75631230878456435,0.75631230878456435,0.75631230878456435,60,120,120,120,0.016853066188097711,0.016165574303511204,0.41687203842946724,0.018659688644682575,0.42938316131032633,0.016767664489944403,1,0.016853066188097711,0.016165574303511204,0.018659688644682575,0.016767664489944403,0.01465647429499335,0.012226222824316985,0.014112552200060998,0.012681591043314806,1,1,1,1,0,Direct_Earth_to_Mars,0.01465647429499335,0.01465647429499335,0.0050021023725267798,0.0061440510946834895,0.0063084934706786637,1294.3455129933727,60,0.016853066188097711,0.01465647429499335,0,40574.209528529245,8192,100000000,8.1920000000000002e-05,8.1920000000000002e-05,60,1294.3455129933727,1354.3455949133727,41928.555123442617,1500,42074.209528529245,DELIVERED_MECHANICALLY,1,0,0,200,178,0,22,22,0,0,0,0.89000000000000001,1458176,33.754074074074076,1354.3455949133765,1354.3455949133727,1354.3455949133727,12000,60,200,0,0,0,0,0
85,100084,B1,5.7795315830099021,717.42080528835572,7593921.24317481,146994981.90548798,-691.69065455109887,200684997.68411985,66112405.787559353,-3546752.0749844043,168660524.89374083,135669379.86815149,-8463852.8361969013,206268081.37863618,-9858579.7833479904,23397654.240323767,201634652.48766679,66425254.104347952,-3563535.5425274069,209377003190.04642,0.89693632131123868,1,1,1,0.83229011567272737,200,60,39780.99483005872,10054.493176829394,1,1,1,1,4,161685946110.39035,76732766017.170319,254208466248.29422,80800758064.757065,210133244100.40356,999999999.99999738,209377003190.04642,238418712127.56067,335009224313.05127,211133244100.40356,698.3889365912155,795.25921323402497,1117.4423759608114,704.24697832022537,1,2,2,2,0.83229011567272737,0.69270683664652188,0.69270683664652188,0.69270683664652188,60,120,120,120,0.06099425590754138,0.1022827396047228,0.45413522486399571,0.041377750423563883,0.40955857745901342,0.0605560258637012,1,0.06099425590754138,0.1022827396047228,0.041377750423563883,0.0605560258637012,0.050764916304659548,0.070851952995127448,0.028662650603456217,0.041947573115929421,1,1,1,1,0,Direct_Earth_to_Mars,0.83229011567272737,0.83229011567272737,0.69270683664652188,0.69270683664652188,0.69270683664652188,698.3889365912155,60,0.06099425590754138,0.050764916304659548,0,39780.99483005872,8192,100000000,8.1920000000000002e-05,8.1920000000000002e-05,60,698.3889365912155,758.38901851121545,40539.383848569938,1500,41280.99483005872,DELIVERED_MECHANICALLY,1,0,0,200,172,0,28,28,0,0,0,0.85999999999999999,1409024,32.616296296296298,758.38901851121341,758.38901851121545,758.38901851121545,12000,60,200,0,0,0,0,0
85,100084,B2,5.7795315830099021,717.42080528835572,7593921.24317481,146994981.90548798,-691.69065455109887,200684997.68411985,66112405.787559353,-3546752.0749844043,168660524.89374083,135669379.86815149,-8463852.8361969013,206268081.37863618,-9858579.7833479904,23397654.240323767,201634652.48766679,66425254.104347952,-3563535.5425274069,209377003190.04642,0.89693632131123868,1,1,1,0.83229011567272737,200,60,39780.99483005872,10054.493176829394,1,1,1,1,4,161685946110.39035,76732766017.170319,254208466248.29422,80800758064.757065,210133244100.40356,999999999.99999738,209377003190.04642,238418712127.56067,335009224313.05127,211133244100.40356,698.3889365912155,795.25921323402497,1117.4423759608114,704.24697832022537,1,2,2,2,0.83229011567272737,0.69270683664652188,0.69270683664652188,0.69270683664652188,60,120,120,120,0.06099425590754138,0.1022827396047228,0.45413522486399571,0.041377750423563883,0.40955857745901342,0.0605560258637012,1,0.06099425590754138,0.1022827396047228,0.041377750423563883,0.0605560258637012,0.050764916304659548,0.070851952995127448,0.028662650603456217,0.041947573115929421,1,1,1,1,0,Direct_Earth_to_Mars,0.83229011567272737,0.83229011567272737,0.34635341832326094,0.34635341832326094,0.34635341832326094,698.3889365912155,60,0.06099425590754138,0.050764916304659548,0,39780.99483005872,8192,100000000,8.1920000000000002e-05,8.1920000000000002e-05,60,698.3889365912155,758.38901851121545,40539.383848569938,1500,41280.99483005872,DELIVERED_MECHANICALLY,1,0,0,200,172,0,28,28,0,0,0,0.85999999999999999,1409024,32.616296296296298,758.38901851121341,758.38901851121545,758.38901851121545,12000,60,200,0,0,0,0,0
85,100084,B3,5.7795315830099021,717.42080528835572,7593921.24317481,146994981.90548798,-691.69065455109887,200684997.68411985,66112405.787559353,-3546752.0749844043,168660524.89374083,135669379.86815149,-8463852.8361969013,206268081.37863618,-9858579.7833479904,23397654.240323767,201634652.48766679,66425254.104347952,-3563535.5425274069,209377003190.04642,0.89693632131123868,1,1,1,0.83229011567272737,200,60,39780.99483005872,10054.493176829394,1,1,1,1,4,161685946110.39035,76732766017.170319,254208466248.29422,80800758064.757065,210133244100.40356,999999999.99999738,209377003190.04642,238418712127.56067,335009224313.05127,211133244100.40356,698.3889365912155,795.25921323402497,1117.4423759608114,704.24697832022537,1,2,2,2,0.83229011567272737,0.69270683664652188,0.69270683664652188,0.69270683664652188,60,120,120,120,0.06099425590754138,0.1022827396047228,0.45413522486399571,0.041377750423563883,0.40955857745901342,0.0605560258637012,1,0.06099425590754138,0.1022827396047228,0.041377750423563883,0.0605560258637012,0.050764916304659548,0.070851952995127448,0.028662650603456217,0.041947573115929421,1,1,1,1,0,Direct_Earth_to_Mars,0.050764916304659548,0.050764916304659548,0.035425976497563724,0.014331325301728108,0.02097378655796471,698.3889365912155,60,0.06099425590754138,0.050764916304659548,0,39780.99483005872,8192,100000000,8.1920000000000002e-05,8.1920000000000002e-05,60,698.3889365912155,758.38901851121545,40539.383848569938,1500,41280.99483005872,DELIVERED_MECHANICALLY,1,0,0,200,172,0,28,28,0,0,0,0.85999999999999999,1409024,32.616296296296298,758.38901851121341,758.38901851121545,758.38901851121545,12000,60,200,0,0,0,0,0
85,100084,B4,5.7795315830099021,717.42080528835572,7593921.24317481,146994981.90548798,-691.69065455109887,200684997.68411985,66112405.787559353,-3546752.0749844043,168660524.89374083,135669379.86815149,-8463852.8361969013,206268081.37863618,-9858579.7833479904,23397654.240323767,201634652.48766679,66425254.104347952,-3563535.5425274069,209377003190.04642,0.89693632131123868,1,1,1,0.83229011567272737,200,60,39780.99483005872,10054.493176829394,1,1,1,1,4,161685946110.39035,76732766017.170319,254208466248.29422,80800758064.757065,210133244100.40356,999999999.99999738,209377003190.04642,238418712127.56067,335009224313.05127,211133244100.40356,698.3889365912155,795.25921323402497,1117.4423759608114,704.24697832022537,1,2,2,2,0.83229011567272737,0.69270683664652188,0.69270683664652188,0.69270683664652188,60,120,120,120,0.06099425590754138,0.1022827396047228,0.45413522486399571,0.041377750423563883,0.40955857745901342,0.0605560258637012,1,0.06099425590754138,0.1022827396047228,0.041377750423563883,0.0605560258637012,0.050764916304659548,0.070851952995127448,0.028662650603456217,0.041947573115929421,1,1,1,1,0,Direct_Earth_to_Mars,0.050764916304659548,0.050764916304659548,0.031110749353315863,0.0089569173791272817,0.020799323165640385,698.3889365912155,60,0.06099425590754138,0.050764916304659548,0,39780.99483005872,8192,100000000,8.1920000000000002e-05,8.1920000000000002e-05,60,698.3889365912155,758.38901851121545,40539.383848569938,1500,41280.99483005872,DELIVERED_MECHANICALLY,1,0,0,200,172,0,28,28,0,0,0,0.85999999999999999,1409024,32.616296296296298,758.38901851121341,758.38901851121545,758.38901851121545,12000,60,200,0,0,0,0,0
86,100085,B1,1.1667965087233871,144.83597483172369,-65428277.442940019,-136685232.6953426,158.99756330697159,32996668.762515422,229445981.9507679,3995484.2069419334,-33072063.684011385,232716646.47704208,36954202.306161761,99158617.891726002,202037267.64344898,-7961427.0035366043,33138993.38614719,230435651.94624519,4012717.9401430762,379151023996.12714,0.88391164283334434,1,1,1,0.92536869417990997,200,60,13356.465537049377,23114.942245858321,1,1,1,1,4,372653021216.4613,73905694992.185913,376676472856.11017,72605845895.848801,380143856254.42419,999999999.99999487,379151023996.12714,446558716208.64722,449282318751.95898,381143856254.42419,1264.6798665648002,1489.5220687413182,1498.6068003734456,1271.327072229567,1,2,2,2,0.92536869417990997,0.85630722016823169,0.85630722016823169,0.85630722016823169,60,120,120,120,0.018330304242471649,0.018975133792428441,0.48243446833876297,0.018571934771144039,0.49986296479950554,0.018234681747205415,1,0.018330304242471649,0.018975133792428441,0.018571934771144039,0.018234681747205415,0.016962289700776453,0.016248544070114675,0.015903281837024077,0.015614489637601862,1,1,1,1,0,Direct_Earth_to_Mars,0.92536869417990997,0.92536869417990997,0.85630722016823169,0.85630722016823169,0.85630722016823169,1264.6798665648002,60,0.018330304242471649,0.016962289700776453,0,13356.465537049377,8192,100000000,8.1920000000000002e-05,8.1920000000000002e-05,60,1264.6798665648002,1324.6799484848002,14681.145485534176,1500,14856.465537049377,DELIVERED_MECHANICALLY,1,0,0,200,181,0,19,19,0,0,0,0.90500000000000003,1482752,34.322962962962961,1324.6799484847947,1324.6799484848002,1324.6799484848002,12000,60,200,0,0,0,0,0
86,100085,B2,1.1667965087233871,144.83597483172369,-65428277.442940019,-136685232.6953426,158.99756330697159,32996668.762515422,229445981.9507679,3995484.2069419334,-33072063.684011385,232716646.47704208,36954202.306161761,99158617.891726002,202037267.64344898,-7961427.0035366043,33138993.38614719,230435651.94624519,4012717.9401430762,379151023996.12714,0.88391164283334434,1,1,1,0.92536869417990997,200,60,13356.465537049377,23114.942245858321,1,1,1,1,4,372653021216.4613,73905694992.185913,376676472856.11017,72605845895.848801,380143856254.42419,999999999.99999487,379151023996.12714,446558716208.64722,449282318751.95898,381143856254.42419,1264.6798665648002,1489.5220687413182,1498.6068003734456,1271.327072229567,1,2,2,2,0.92536869417990997,0.85630722016823169,0.85630722016823169,0.85630722016823169,60,120,120,120,0.018330304242471649,0.018975133792428441,0.48243446833876297,0.018571934771144039,0.49986296479950554,0.018234681747205415,1,0.018330304242471649,0.018975133792428441,0.018571934771144039,0.018234681747205415,0.016962289700776453,0.016248544070114675,0.015903281837024077,0.015614489637601862,1,1,1,1,0,Direct_Earth_to_Mars,0.92536869417990997,0.92536869417990997,0.42815361008411584,0.42815361008411584,0.42815361008411584,1264.6798665648002,60,0.018330304242471649,0.016962289700776453,0,13356.465537049377,8192,100000000,8.1920000000000002e-05,8.1920000000000002e-05,60,1264.6798665648002,1324.6799484848002,14681.145485534176,1500,14856.465537049377,DELIVERED_MECHANICALLY,1,0,0,200,181,0,19,19,0,0,0,0.90500000000000003,1482752,34.322962962962961,1324.6799484847947,1324.6799484848002,1324.6799484848002,12000,60,200,0,0,0,0,0
86,100085,B3,1.1667965087233871,144.83597483172369,-65428277.442940019,-136685232.6953426,158.99756330697159,32996668.762515422,229445981.9507679,3995484.2069419334,-33072063.684011385,232716646.47704208,36954202.306161761,99158617.891726002,202037267.64344898,-7961427.0035366043,33138993.38614719,230435651.94624519,4012717.9401430762,379151023996.12714,0.88391164283334434,1,1,1,0.92536869417990997,200,60,13356.465537049377,23114.942245858321,1,1,1,1,4,372653021216.4613,73905694992.185913,376676472856.11017,72605845895.848801,380143856254.42419,999999999.99999487,379151023996.12714,446558716208.64722,449282318751.95898,381143856254.42419,1264.6798665648002,1489.5220687413182,1498.6068003734456,1271.327072229567,1,2,2,2,0.92536869417990997,0.85630722016823169,0.85630722016823169,0.85630722016823169,60,120,120,120,0.018330304242471649,0.018975133792428441,0.48243446833876297,0.018571934771144039,0.49986296479950554,0.018234681747205415,1,0.018330304242471649,0.018975133792428441,0.018571934771144039,0.018234681747205415,0.016962289700776453,0.016248544070114675,0.015903281837024077,0.015614489637601862,1,1,1,1,0,Direct_Earth_to_Mars,0.016962289700776453,0.016962289700776453,0.0081242720350573373,0.0079516409185120384,0.0078072448188009312,1264.6798665648002,60,0.018330304242471649,0.016962289700776453,0,13356.465537049377,8192,100000000,8.1920000000000002e-05,8.1920000000000002e-05,60,1264.6798665648002,1324.6799484848002,14681.145485534176,1500,14856.465537049377,DELIVERED_MECHANICALLY,1,0,0,200,181,0,19,19,0,0,0,0.90500000000000003,1482752,34.322962962962961,1324.6799484847947,1324.6799484848002,1324.6799484848002,12000,60,200,0,0,0,0,0
86,100085,B4,1.1667965087233871,144.83597483172369,-65428277.442940019,-136685232.6953426,158.99756330697159,32996668.762515422,229445981.9507679,3995484.2069419334,-33072063.684011385,232716646.47704208,36954202.306161761,99158617.891726002,202037267.64344898,-7961427.0035366043,33138993.38614719,230435651.94624519,4012717.9401430762,379151023996.12714,0.88391164283334434,1,1,1,0.92536869417990997,200,60,13356.465537049377,23114.942245858321,1,1,1,1,4,372653021216.4613,73905694992.185913,376676472856.11017,72605845895.848801,380143856254.42419,999999999.99999487,379151023996.12714,446558716208.64722,449282318751.95898,381143856254.42419,1264.6798665648002,1489.5220687413182,1498.6068003734456,1271.327072229567,1,2,2,2,0.92536869417990997,0.85630722016823169,0.85630722016823169,0.85630722016823169,60,120,120,120,0.018330304242471649,0.018975133792428441,0.48243446833876297,0.018571934771144039,0.49986296479950554,0.018234681747205415,1,0.018330304242471649,0.018975133792428441,0.018571934771144039,0.018234681747205415,0.016962289700776453,0.016248544070114675,0.015903281837024077,0.015614489637601862,1,1,1,1,0,Direct_Earth_to_Mars,0.016962289700776453,0.016962289700776453,0.0068979194661511374,0.0067104194197497528,0.0077664241966971786,1264.6798665648002,60,0.018330304242471649,0.016962289700776453,0,13356.465537049377,8192,100000000,8.1920000000000002e-05,8.1920000000000002e-05,60,1264.6798665648002,1324.6799484848002,14681.145485534176,1500,14856.465537049377,DELIVERED_MECHANICALLY,1,0,0,200,181,0,19,19,0,0,0,0.90500000000000003,1482752,34.322962962962961,1324.6799484847947,1324.6799484848002,1324.6799484848002,12000,60,200,0,0,0,0,0
87,100086,B1,1.3458308430479555,167.05974062668543,-11409386.987184031,-151553239.63844714,197.12928127683327,-11639510.574570628,235538378.42169285,5220171.1088514077,-75946214.879498959,225080619.91064012,42761294.0423356,57651190.697677314,221708961.04823193,-14313291.060233885,-11688854.879624974,236536915.04592499,5242301.3963734452,387126880825.43451,0.95568112374766412,1,0,0,0.81833930344870331,200,60,26927.698623465385,3843.4379355642968,1,1,0,0,2,384508228419.69397,75193436167.952545,379866963285.54401,73307640884.155945,388125657387.38513,1000000000.0000144,387126880825.43451,459701664587.64648,453174604169.69995,389125657387.38513,1291.2837919460792,1533.3611227072931,1511.5897403925949,1297.9508251747336,1,2,2,2,0.81833930344870331,0.66967921556890897,0.66967921556890897,0.66967921556890897,60,120,120,120,0.019010416711254554,0.019270235285526936,0.50389312199794123,0.019744004600614731,0.53015126999751017,0.018912702333746964,1,0.019010416711254554,0.019270235285526936,0.019744004600614731,0.018912702333746964,0.015556971169757641,0.012904876049839989,0,0,1,1,0,0,0,Direct_Earth_to_Mars,0.81833930344870331,0.81833930344870331,0.66967921556890897,-1,-1,1291.2837919460792,60,0.019010416711254554,0.015556971169757641,0,26927.698623465385,8192,100000000,8.1920000000000002e-05,8.1920000000000002e-05,60,1291.2837919460792,1351.2838738660791,28278.982497331464,1500,28427.698623465385,DROPPED_CONTACT_NOT_REALIZED,0,0,1,200,171,0,29,29,0,0,0,0.85499999999999998,1400832,32.426666666666669,1351.2838738660791,1351.2838738660791,1351.2838738660791,12000,60,200,0,0,0,0,0
87,100086,B2,1.3458308430479555,167.05974062668543,-11409386.987184031,-151553239.63844714,197.12928127683327,-11639510.574570628,235538378.42169285,5220171.1088514077,-75946214.879498959,225080619.91064012,42761294.0423356,57651190.697677314,221708961.04823193,-14313291.060233885,-11688854.879624974,236536915.04592499,5242301.3963734452,387126880825.43451,0.95568112374766412,1,0,0,0.81833930344870331,200,60,26927.698623465385,3843.4379355642968,1,1,0,0,2,384508228419.69397,75193436167.952545,379866963285.54401,73307640884.155945,388125657387.38513,1000000000.0000144,387126880825.43451,459701664587.64648,453174604169.69995,389125657387.38513,1291.2837919460792,1533.3611227072931,1511.5897403925949,1297.9508251747336,1,2,2,2,0.81833930344870331,0.66967921556890897,0.66967921556890897,0.66967921556890897,60,120,120,120,0.019010416711254554,0.019270235285526936,0.50389312199794123,0.019744004600614731,0.53015126999751017,0.018912702333746964,1,0.019010416711254554,0.019270235285526936,0.019744004600614731,0.018912702333746964,0.015556971169757641,0.012904876049839989,0,0,1,1,0,0,0,Direct_Earth_to_Mars,0.81833930344870331,0.81833930344870331,0.33483960778445448,-1,-1,1291.2837919460792,60,0.019010416711254554,0.015556971169757641,0,26927.698623465385,8192,100000000,8.1920000000000002e-05,8.1920000000000002e-05,60,1291.2837919460792,1351.2838738660791,28278.982497331464,1500,28427.698623465385,DROPPED_CONTACT_NOT_REALIZED,0,0,1,200,171,0,29,29,0,0,0,0.85499999999999998,1400832,32.426666666666669,1351.2838738660791,1351.2838738660791,1351.2838738660791,12000,60,200,0,0,0,0,0
87,100086,B3,1.3458308430479555,167.05974062668543,-11409386.987184031,-151553239.63844714,197.12928127683327,-11639510.574570628,235538378.42169285,5220171.1088514077,-75946214.879498959,225080619.91064012,42761294.0423356,57651190.697677314,221708961.04823193,-14313291.060233885,-11688854.879624974,236536915.04592499,5242301.3963734452,387126880825.43451,0.95568112374766412,1,0,0,0.81833930344870331,200,60,26927.698623465385,3843.4379355642968,1,1,0,0,2,384508228419.69397,75193436167.952545,379866963285.54401,73307640884.155945,388125657387.38513,1000000000.0000144,387126880825.43451,459701664587.64648,453174604169.69995,389125657387.38513,1291.2837919460792,1533.3611227072931,1511.5897403925949,1297.9508251747336,1,2,2,2,0.81833930344870331,0.66967921556890897,0.66967921556890897,0.66967921556890897,60,120,120,120,0.019010416711254554,0.019270235285526936,0.50389312199794123,0.019744004600614731,0.53015126999751017,0.018912702333746964,1,0.019010416711254554,0.019270235285526936,0.019744004600614731,0.018912702333746964,0.015556971169757641,0.012904876049839989,0,0,1,1,0,0,0,Direct_Earth_to_Mars,0.015556971169757641,0.015556971169757641,0.0064524380249199945,-1,-1,1291.2837919460792,60,0.019010416711254554,0.015556971169757641,0,26927.698623465385,8192,100000000,8.1920000000000002e-05,8.1920000000000002e-05,60,1291.2837919460792,1351.2838738660791,28278.982497331464,1500,28427.698623465385,DROPPED_CONTACT_NOT_REALIZED,0,0,1,200,171,0,29,29,0,0,0,0.85499999999999998,1400832,32.426666666666669,1351.2838738660791,1351.2838738660791,1351.2838738660791,12000,60,200,0,0,0,0,0
87,100086,B4,1.3458308430479555,167.05974062668543,-11409386.987184031,-151553239.63844714,197.12928127683327,-11639510.574570628,235538378.42169285,5220171.1088514077,-75946214.879498959,225080619.91064012,42761294.0423356,57651190.697677314,221708961.04823193,-14313291.060233885,-11688854.879624974,236536915.04592499,5242301.3963734452,387126880825.43451,0.95568112374766412,1,0,0,0.81833930344870331,200,60,26927.698623465385,3843.4379355642968,1,1,0,0,2,384508228419.69397,75193436167.952545,379866963285.54401,73307640884.155945,388125657387.38513,1000000000.0000144,387126880825.43451,459701664587.64648,453174604169.69995,389125657387.38513,1291.2837919460792,1533.3611227072931,1511.5897403925949,1297.9508251747336,1,2,2,2,0.81833930344870331,0.66967921556890897,0.66967921556890897,0.66967921556890897,60,120,120,120,0.019010416711254554,0.019270235285526936,0.50389312199794123,0.019744004600614731,0.53015126999751017,0.018912702333746964,1,0.019010416711254554,0.019270235285526936,0.019744004600614731,0.018912702333746964,0.015556971169757641,0.012904876049839989,0,0,1,1,0,0,0,Direct_Earth_to_Mars,0.015556971169757641,0.015556971169757641,0.0054337680255026671,-1,-1,1291.2837919460792,60,0.019010416711254554,0.015556971169757641,0,26927.698623465385,8192,100000000,8.1920000000000002e-05,8.1920000000000002e-05,60,1291.2837919460792,1351.2838738660791,28278.982497331464,1500,28427.698623465385,DROPPED_CONTACT_NOT_REALIZED,0,0,1,200,171,0,29,29,0,0,0,0.85499999999999998,1400832,32.426666666666669,1351.2838738660791,1351.2838738660791,1351.2838738660791,12000,60,200,0,0,0,0,0
88,100087,B1,1.1462927564771863,142.29081728104177,-71168054.383272782,-133707204.06897675,153.42809985543889,38059235.854486406,228176169.82695216,3844456.1136645586,-28057272.857191037,233062456.57169238,36200476.766978033,103677519.10407789,199224069.55267811,-7207513.1274109967,38223737.776589729,229162406.61473787,3861072.8534897524,378027718425.67657,0.88234398435795058,1,1,1,0.80876677721774448,200,60,12654.753362779416,38173.891283324599,1,1,1,1,4,371064666682.37286,73771136597.525665,376119871823.6424,72568100643.608673,379019557870.70746,999999999.99998963,378027718425.67657,444835803279.89856,448687972467.2511,380019557870.70746,1260.9330167634309,1483.7751943959258,1496.6243244404641,1267.5769108429201,1,2,2,2,0.80876677721774448,0.65410369993117679,0.65410369993117679,0.65410369993117679,60,120,120,120,0.018406699584888955,0.019103986835789462,0.4833372481019868,0.01859390705138577,0.49949564034884197,0.018310490283692089,1,0.018406699584888955,0.019103986835789462,0.01859390705138577,0.018310490283692089,0.014886727102485835,0.012495988472726382,0.01216234339848783,0.011976959442116859,1,1,1,1,0,Direct_Earth_to_Mars,0.80876677721774448,0.80876677721774448,0.65410369993117679,0.65410369993117679,0.65410369993117679,1260.9330167634309,60,0.018406699584888955,0.014886727102485835,0,12654.753362779416,8192,100000000,8.1920000000000002e-05,8.1920000000000002e-05,60,1260.9330167634309,1320.9330986834309,13975.686461462847,1500,14154.753362779416,DROPPED_CONTACT_NOT_REALIZED,0,0,1,200,166,0,34,34,0,0,0,0.82999999999999996,1359872,31.47851851851852,1320.9330986834268,1320.9330986834309,1320.9330986834309,12000,60,200,0,0,0,0,0
88,100087,B2,1.1462927564771863,142.29081728104177,-71168054.383272782,-133707204.06897675,153.42809985543889,38059235.854486406,228176169.82695216,3844456.1136645586,-28057272.857191037,233062456.57169238,36200476.766978033,103677519.10407789,199224069.55267811,-7207513.1274109967,38223737.776589729,229162406.61473787,3861072.8534897524,378027718425.67657,0.88234398435795058,1,1,1,0.80876677721774448,200,60,12654.753362779416,38173.891283324599,1,1,1,1,4,371064666682.37286,73771136597.525665,376119871823.6424,72568100643.608673,379019557870.70746,999999999.99998963,378027718425.67657,444835803279.89856,448687972467.2511,380019557870.70746,1260.9330167634309,1483.7751943959258,1496.6243244404641,1267.5769108429201,1,2,2,2,0.80876677721774448,0.65410369993117679,0.65410369993117679,0.65410369993117679,60,120,120,120,0.018406699584888955,0.019103986835789462,0.4833372481019868,0.01859390705138577,0.49949564034884197,0.018310490283692089,1,0.018406699584888955,0.019103986835789462,0.01859390705138577,0.018310490283692089,0.014886727102485835,0.012495988472726382,0.01216234339848783,0.011976959442116859,1,1,1,1,0,Direct_Earth_to_Mars,0.80876677721774448,0.80876677721774448,0.32705184996558839,0.32705184996558839,0.32705184996558839,1260.9330167634309,60,0.018406699584888955,0.014886727102485835,0,12654.753362779416,8192,100000000,8.1920000000000002e-05,8.1920000000000002e-05,60,1260.9330167634309,1320.9330986834309,13975.686461462847,1500,14154.753362779416,DROPPED_CONTACT_NOT_REALIZED,0,0,1,200,166,0,34,34,0,0,0,0.82999999999999996,1359872,31.47851851851852,1320.9330986834268,1320.9330986834309,1320.9330986834309,12000,60,200,0,0,0,0,0
88,100087,B3,1.1462927564771863,142.29081728104177,-71168054.383272782,-133707204.06897675,153.42809985543889,38059235.854486406,228176169.82695216,3844456.1136645586,-28057272.857191037,233062456.57169238,36200476.766978033,103677519.10407789,199224069.55267811,-7207513.1274109967,38223737.776589729,229162406.61473787,3861072.8534897524,378027718425.67657,0.88234398435795058,1,1,1,0.80876677721774448,200,60,12654.753362779416,38173.891283324599,1,1,1,1,4,371064666682.37286,73771136597.525665,376119871823.6424,72568100643.608673,379019557870.70746,999999999.99998963,378027718425.67657,444835803279.89856,448687972467.2511,380019557870.70746,1260.9330167634309,1483.7751943959258,1496.6243244404641,1267.5769108429201,1,2,2,2,0.80876677721774448,0.65410369993117679,0.65410369993117679,0.65410369993117679,60,120,120,120,0.018406699584888955,0.019103986835789462,0.4833372481019868,0.01859390705138577,0.49949564034884197,0.018310490283692089,1,0.018406699584888955,0.019103986835789462,0.01859390705138577,0.018310490283692089,0.014886727102485835,0.012495988472726382,0.01216234339848783,0.011976959442116859,1,1,1,1,0,Direct_Earth_to_Mars,0.014886727102485835,0.014886727102485835,0.0062479942363631909,0.0060811716992439152,0.0059884797210584297,1260.9330167634309,60,0.018406699584888955,0.014886727102485835,0,12654.753362779416,8192,100000000,8.1920000000000002e-05,8.1920000000000002e-05,60,1260.9330167634309,1320.9330986834309,13975.686461462847,1500,14154.753362779416,DROPPED_CONTACT_NOT_REALIZED,0,0,1,200,166,0,34,34,0,0,0,0.82999999999999996,1359872,31.47851851851852,1320.9330986834268,1320.9330986834309,1320.9330986834309,12000,60,200,0,0,0,0,0
88,100087,B4,1.1462927564771863,142.29081728104177,-71168054.383272782,-133707204.06897675,153.42809985543889,38059235.854486406,228176169.82695216,3844456.1136645586,-28057272.857191037,233062456.57169238,36200476.766978033,103677519.10407789,199224069.55267811,-7207513.1274109967,38223737.776589729,229162406.61473787,3861072.8534897524,378027718425.67657,0.88234398435795058,1,1,1,0.80876677721774448,200,60,12654.753362779416,38173.891283324599,1,1,1,1,4,371064666682.37286,73771136597.525665,376119871823.6424,72568100643.608673,379019557870.70746,999999999.99998963,378027718425.67657,444835803279.89856,448687972467.2511,380019557870.70746,1260.9330167634309,1483.7751943959258,1496.6243244404641,1267.5769108429201,1,2,2,2,0.80876677721774448,0.65410369993117679,0.65410369993117679,0.65410369993117679,60,120,120,120,0.018406699584888955,0.019103986835789462,0.4833372481019868,0.01859390705138577,0.49949564034884197,0.018310490283692089,1,0.018406699584888955,0.019103986835789462,0.01859390705138577,0.018310490283692089,0.014886727102485835,0.012495988472726382,0.01216234339848783,0.011976959442116859,1,1,1,1,0,Direct_Earth_to_Mars,0.014886727102485835,0.014886727102485835,0.005309633326486078,0.0051234969597669803,0.0059570916256903748,1260.9330167634309,60,0.018406699584888955,0.014886727102485835,0,12654.753362779416,8192,100000000,8.1920000000000002e-05,8.1920000000000002e-05,60,1260.9330167634309,1320.9330986834309,13975.686461462847,1500,14154.753362779416,DROPPED_CONTACT_NOT_REALIZED,0,0,1,200,166,0,34,34,0,0,0,0.82999999999999996,1359872,31.47851851851852,1320.9330986834268,1320.9330986834309,1320.9330986834309,12000,60,200,0,0,0,0,0
89,100088,B1,4.5892424685956126,569.66866262347492,79004031.624067828,-129815800.97333488,492.19264583344744,59196146.500629902,-204672544.87501115,-5742354.4756443379,122668241.72937113,-163806356.65782988,-41882669.722417474,-15622828.816013217,-217581975.45952171,18512517.411536042,59473882.122174427,-205632824.55239448,-5769296.3710835129,77645764266.184875,0.97002548862930338,1,1,1,0.86135067522931696,200,60,19101.507627913659,3711.8860466609758,1,1,1,1,4,69398273551.034653,83695128880.148239,130383431379.8774,79704650276.582245,78504383724.88588,1000000000.0000091,77645764266.184875,153093402431.18289,210088081656.45966,79504383724.885895,258.99187547093021,510.65177595457936,700.76077937444848,265.19140668741125,1,2,2,2,0.86135067522931696,0.74192498571800025,0.74192498571800025,0.74192498571800025,60,120,120,120,0.4796593265087945,0.60044204928432221,0.41282697428995291,0.17010756133257746,0.45519880194801871,0.46922442864029534,1,0.4796593265087945,0.41282697428995291,0.17010756133257746,0.46922442864029534,0.41315488476838957,0.30628664700407859,0.12620705001219637,0.34812932751748793,1,1,1,1,0,Direct_Earth_to_Mars,0.86135067522931696,0.86135067522931696,0.74192498571800025,0.74192498571800025,0.74192498571800025,258.99187547093021,60,0.4796593265087945,0.41315488476838957,0,19101.507627913659,8192,100000000,8.1920000000000002e-05,8.1920000000000002e-05,60,258.99187547093021,318.99195739093022,19420.499585304591,1500,20601.507627913659,DELIVERED_MECHANICALLY,1,0,0,200,171,0,29,29,0,0,0,0.85499999999999998,1400832,32.426666666666669,318.99195739092994,318.99195739093022,318.99195739093022,12000,60,200,0,0,0,0,0
89,100088,B2,4.5892424685956126,569.66866262347492,79004031.624067828,-129815800.97333488,492.19264583344744,59196146.500629902,-204672544.87501115,-5742354.4756443379,122668241.72937113,-163806356.65782988,-41882669.722417474,-15622828.816013217,-217581975.45952171,18512517.411536042,59473882.122174427,-205632824.55239448,-5769296.3710835129,77645764266.184875,0.97002548862930338,1,1,1,0.86135067522931696,200,60,19101.507627913659,3711.8860466609758,1,1,1,1,4,69398273551.034653,83695128880.148239,130383431379.8774,79704650276.582245,78504383724.88588,1000000000.0000091,77645764266.184875,153093402431.18289,210088081656.45966,79504383724.885895,258.99187547093021,510.65177595457936,700.76077937444848,265.19140668741125,1,2,2,2,0.86135067522931696,0.74192498571800025,0.74192498571800025,0.74192498571800025,60,120,120,120,0.4796593265087945,0.60044204928432221,0.41282697428995291,0.17010756133257746,0.45519880194801871,0.46922442864029534,1,0.4796593265087945,0.41282697428995291,0.17010756133257746,0.46922442864029534,0.41315488476838957,0.30628664700407859,0.12620705001219637,0.34812932751748793,1,1,1,1,0,Direct_Earth_to_Mars,0.86135067522931696,0.86135067522931696,0.37096249285900013,0.37096249285900013,0.37096249285900013,258.99187547093021,60,0.4796593265087945,0.41315488476838957,0,19101.507627913659,8192,100000000,8.1920000000000002e-05,8.1920000000000002e-05,60,258.99187547093021,318.99195739093022,19420.499585304591,1500,20601.507627913659,DELIVERED_MECHANICALLY,1,0,0,200,171,0,29,29,0,0,0,0.85499999999999998,1400832,32.426666666666669,318.99195739092994,318.99195739093022,318.99195739093022,12000,60,200,0,0,0,0,0
89,100088,B3,4.5892424685956126,569.66866262347492,79004031.624067828,-129815800.97333488,492.19264583344744,59196146.500629902,-204672544.87501115,-5742354.4756443379,122668241.72937113,-163806356.65782988,-41882669.722417474,-15622828.816013217,-217581975.45952171,18512517.411536042,59473882.122174427,-205632824.55239448,-5769296.3710835129,77645764266.184875,0.97002548862930338,1,1,1,0.86135067522931696,200,60,19101.507627913659,3711.8860466609758,1,1,1,1,4,69398273551.034653,83695128880.148239,130383431379.8774,79704650276.582245,78504383724.88588,1000000000.0000091,77645764266.184875,153093402431.18289,210088081656.45966,79504383724.885895,258.99187547093021,510.65177595457936,700.76077937444848,265.19140668741125,1,2,2,2,0.86135067522931696,0.74192498571800025,0.74192498571800025,0.74192498571800025,60,120,120,120,0.4796593265087945,0.60044204928432221,0.41282697428995291,0.17010756133257746,0.45519880194801871,0.46922442864029534,1,0.4796593265087945,0.41282697428995291,0.17010756133257746,0.46922442864029534,0.41315488476838957,0.30628664700407859,0.12620705001219637,0.34812932751748793,1,1,1,1,0,Direct_Earth_to_Mars,0.41315488476838957,0.41315488476838957,0.1531433235020393,0.063103525006098185,0.17406466375874396,258.99187547093021,60,0.4796593265087945,0.41315488476838957,0,19101.507627913659,8192,100000000,8.1920000000000002e-05,8.1920000000000002e-05,60,258.99187547093021,318.99195739093022,19420.499585304591,1500,20601.507627913659,DELIVERED_MECHANICALLY,1,0,0,200,171,0,29,29,0,0,0,0.85499999999999998,1400832,32.426666666666669,318.99195739092994,318.99195739093022,318.99195739093022,12000,60,200,0,0,0,0,0
89,100088,B4,4.5892424685956126,569.66866262347492,79004031.624067828,-129815800.97333488,492.19264583344744,59196146.500629902,-204672544.87501115,-5742354.4756443379,122668241.72937113,-163806356.65782988,-41882669.722417474,-15622828.816013217,-217581975.45952171,18512517.411536042,59473882.122174427,-205632824.55239448,-5769296.3710835129,77645764266.184875,0.97002548862930338,1,1,1,0.86135067522931696,200,60,19101.507627913659,3711.8860466609758,1,1,1,1,4,69398273551.034653,83695128880.148239,130383431379.8774,79704650276.582245,78504383724.88588,1000000000.0000091,77645764266.184875,153093402431.18289,210088081656.45966,79504383724.885895,258.99187547093021,510.65177595457936,700.76077937444848,265.19140668741125,1,2,2,2,0.86135067522931696,0.74192498571800025,0.74192498571800025,0.74192498571800025,60,120,120,120,0.4796593265087945,0.60044204928432221,0.41282697428995291,0.17010756133257746,0.45519880194801871,0.46922442864029534,1,0.4796593265087945,0.41282697428995291,0.17010756133257746,0.46922442864029534,0.41315488476838957,0.30628664700407859,0.12620705001219637,0.34812932751748793,1,1,1,1,0,Direct_Earth_to_Mars,0.41315488476838957,0.41315488476838957,0.077671083186778955,0.023322224603873183,0.16999545454062404,258.99187547093021,60,0.4796593265087945,0.41315488476838957,0,19101.507627913659,8192,100000000,8.1920000000000002e-05,8.1920000000000002e-05,60,258.99187547093021,318.99195739093022,19420.499585304591,1500,20601.507627913659,DELIVERED_MECHANICALLY,1,0,0,200,171,0,29,29,0,0,0,0.85499999999999998,1400832,32.426666666666669,318.99195739092994,318.99195739093022,318.99195739093022,12000,60,200,0,0,0,0,0
90,100089,B1,0.30575173071503919,37.953361741758314,-111345607.95509672,96834485.260651916,-48.611751405194276,195781590.87572661,82186081.237984672,-3090365.7580753556,159250778.99575478,148710073.33402517,-5190763.4502128074,207128235.90429288,7145873.6758494768,21912983.816445086,196703546.25633657,82573103.835306928,-3104918.6040603435,307491856903.79547,0.92018493051144112,1,1,1,0.9470250133395679,200,60,11889.380764514941,5172.7280963040866,1,1,1,1,4,275572902857.56958,75923339043.20256,331586817079.30371,79905860825.838623,308394728599.90283,999999999.9999913,307491856903.79547,351496241900.77216,411492677905.14233,309394728599.90283,1025.6566274309389,1172.4357635115816,1372.5572978823961,1032.0037645093489,1,2,2,2,0.9470250133395679,0.8968563758908088,0.8968563758908088,0.8968563758908088,60,120,120,120,0.029013035129041406,0.036123296848193188,0.47589353247936245,0.024949732303210709,0.42963844206380181,0.028843403803668153,1,0.029013035129041406,0.036123296848193188,0.024949732303210709,0.028843403803668153,0.02747606998010179,0.032397409096498422,0.022376326492903397,0.025868390603712991,1,1,1,1,0,Direct_Earth_to_Mars,0.9470250133395679,0.9470250133395679,0.8968563758908088,0.8968563758908088,0.8968563758908088,1025.6566274309389,60,0.029013035129041406,0.02747606998010179,0,11889.380764514941,8192,100000000,8.1920000000000002e-05,8.1920000000000002e-05,60,1025.6566274309389,1085.6567093509389,12975.037473865879,1500,13389.380764514941,DELIVERED_MECHANICALLY,1,0,0,200,192,0,8,8,0,0,0,0.95999999999999996,1572864,36.408888888888889,1085.656709350937,1085.6567093509389,1085.6567093509389,12000,60,200,0,0,0,0,0
90,100089,B2,0.30575173071503919,37.953361741758314,-111345607.95509672,96834485.260651916,-48.611751405194276,195781590.87572661,82186081.237984672,-3090365.7580753556,159250778.99575478,148710073.33402517,-5190763.4502128074,207128235.90429288,7145873.6758494768,21912983.816445086,196703546.25633657,82573103.835306928,-3104918.6040603435,307491856903.79547,0.92018493051144112,1,1,1,0.9470250133395679,200,60,11889.380764514941,5172.7280963040866,1,1,1,1,4,275572902857.56958,75923339043.20256,331586817079.30371,79905860825.838623,308394728599.90283,999999999.9999913,307491856903.79547,351496241900.77216,411492677905.14233,309394728599.90283,1025.6566274309389,1172.4357635115816,1372.5572978823961,1032.0037645093489,1,2,2,2,0.9470250133395679,0.8968563758908088,0.8968563758908088,0.8968563758908088,60,120,120,120,0.029013035129041406,0.036123296848193188,0.47589353247936245,0.024949732303210709,0.42963844206380181,0.028843403803668153,1,0.029013035129041406,0.036123296848193188,0.024949732303210709,0.028843403803668153,0.02747606998010179,0.032397409096498422,0.022376326492903397,0.025868390603712991,1,1,1,1,0,Direct_Earth_to_Mars,0.9470250133395679,0.9470250133395679,0.4484281879454044,0.4484281879454044,0.4484281879454044,1025.6566274309389,60,0.029013035129041406,0.02747606998010179,0,11889.380764514941,8192,100000000,8.1920000000000002e-05,8.1920000000000002e-05,60,1025.6566274309389,1085.6567093509389,12975.037473865879,1500,13389.380764514941,DELIVERED_MECHANICALLY,1,0,0,200,192,0,8,8,0,0,0,0.95999999999999996,1572864,36.408888888888889,1085.656709350937,1085.6567093509389,1085.6567093509389,12000,60,200,0,0,0,0,0
90,100089,B3,0.30575173071503919,37.953361741758314,-111345607.95509672,96834485.260651916,-48.611751405194276,195781590.87572661,82186081.237984672,-3090365.7580753556,159250778.99575478,148710073.33402517,-5190763.4502128074,207128235.90429288,7145873.6758494768,21912983.816445086,196703546.25633657,82573103.835306928,-3104918.6040603435,307491856903.79547,0.92018493051144112,1,1,1,0.9470250133395679,200,60,11889.380764514941,5172.7280963040866,1,1,1,1,4,275572902857.56958,75923339043.20256,331586817079.30371,79905860825.838623,308394728599.90283,999999999.9999913,307491856903.79547,351496241900.77216,411492677905.14233,309394728599.90283,1025.6566274309389,1172.4357635115816,1372.5572978823961,1032.0037645093489,1,2,2,2,0.9470250133395679,0.8968563758908088,0.8968563758908088,0.8968563758908088,60,120,120,120,0.029013035129041406,0.036123296848193188,0.47589353247936245,0.024949732303210709,0.42963844206380181,0.028843403803668153,1,0.029013035129041406,0.036123296848193188,0.024949732303210709,0.028843403803668153,0.02747606998010179,0.032397409096498422,0.022376326492903397,0.025868390603712991,1,1,1,1,0,Direct_Earth_to_Mars,0.02747606998010179,0.02747606998010179,0.016198704548249211,0.011188163246451699,0.012934195301856495,1025.6566274309389,60,0.029013035129041406,0.02747606998010179,0,11889.380764514941,8192,100000000,8.1920000000000002e-05,8.1920000000000002e-05,60,1025.6566274309389,1085.6567093509389,12975.037473865879,1500,13389.380764514941,DELIVERED_MECHANICALLY,1,0,0,200,192,0,8,8,0,0,0,0.95999999999999996,1572864,36.408888888888889,1085.656709350937,1085.6567093509389,1085.6567093509389,12000,60,200,0,0,0,0,0
90,100089,B4,0.30575173071503919,37.953361741758314,-111345607.95509672,96834485.260651916,-48.611751405194276,195781590.87572661,82186081.237984672,-3090365.7580753556,159250778.99575478,148710073.33402517,-5190763.4502128074,207128235.90429288,7145873.6758494768,21912983.816445086,196703546.25633657,82573103.835306928,-3104918.6040603435,307491856903.79547,0.92018493051144112,1,1,1,0.9470250133395679,200,60,11889.380764514941,5172.7280963040866,1,1,1,1,4,275572902857.56958,75923339043.20256,331586817079.30371,79905860825.838623,308394728599.90283,999999999.9999913,307491856903.79547,351496241900.77216,411492677905.14233,309394728599.90283,1025.6566274309389,1172.4357635115816,1372.5572978823961,1032.0037645093489,1,2,2,2,0.9470250133395679,0.8968563758908088,0.8968563758908088,0.8968563758908088,60,120,120,120,0.029013035129041406,0.036123296848193188,0.47589353247936245,0.024949732303210709,0.42963844206380181,0.028843403803668153,1,0.029013035129041406,0.036123296848193188,0.024949732303210709,0.028843403803668153,0.02747606998010179,0.032397409096498422,0.022376326492903397,0.025868390603712991,1,1,1,1,0,Direct_Earth_to_Mars,0.02747606998010179,0.02747606998010179,0.014170762435585986,0.0083604624741033251,0.012854646066279006,1025.6566274309389,60,0.029013035129041406,0.02747606998010179,0,11889.380764514941,8192,100000000,8.1920000000000002e-05,8.1920000000000002e-05,60,1025.6566274309389,1085.6567093509389,12975.037473865879,1500,13389.380764514941,DELIVERED_MECHANICALLY,1,0,0,200,192,0,8,8,0,0,0,0.95999999999999996,1572864,36.408888888888889,1085.656709350937,1085.6567093509389,1085.6567093509389,12000,60,200,0,0,0,0,0
91,100090,B1,4.7042923742726694,583.94995770659614,107242287.30258726,-107301536.48288506,416.31073415120318,88320080.07981053,-191684763.82650471,-6186003.8865708234,146105527.68759456,-141394447.94248426,-42574511.392419331,15220894.126429358,-214759830.6875093,21612147.915545113,88738373.361146912,-192592603.23030421,-6215301.4581053499,86699773805.72757,0.8822997693478033,1,1,1,0.82430506129998826,200,60,6225.8786339995841,10114.393678912913,1,1,1,1,4,66972401285.482353,84808002602.641846,143116346859.49399,81539480874.606461,87496263037.039505,1000000000.0000086,86699773805.72757,151780403888.12421,224655827734.10046,88496263037.03952,289.19204071290051,506.27219442336292,749.35232733188946,295.1843330121398,1,2,2,2,0.82430506129998826,0.67947883408477738,0.67947883408477738,0.67947883408477738,60,120,120,120,0.34991738669331618,0.58642126377955617,0.3657023755342223,0.12841713218585682,0.39560845676913203,0.34357570132677834,1,0.34991738669331618,0.3657023755342223,0.12841713218585682,0.34357570132677834,0.28843867288816571,0.24848702375002679,0.087256723254156732,0.23345241695737903,1,1,1,1,0,Direct_Earth_to_Mars,0.82430506129998826,0.82430506129998826,0.67947883408477738,0.67947883408477738,0.67947883408477738,289.19204071290051,60,0.34991738669331618,0.28843867288816571,0,6225.8786339995841,8192,100000000,8.1920000000000002e-05,8.1920000000000002e-05,60,289.19204071290051,349.19212263290052,6575.0707566324845,1500,7725.8786339995841,DELIVERED_MECHANICALLY,1,0,0,200,170,0,30,30,0,0,0,0.84999999999999998,1392640,32.237037037037034,349.19212263289995,349.19212263290052,349.19212263290052,12000,60,200,0,0,0,0,0
91,100090,B2,4.7042923742726694,583.94995770659614,107242287.30258726,-107301536.48288506,416.31073415120318,88320080.07981053,-191684763.82650471,-6186003.8865708234,146105527.68759456,-141394447.94248426,-42574511.392419331,15220894.126429358,-214759830.6875093,21612147.915545113,88738373.361146912,-192592603.23030421,-6215301.4581053499,86699773805.72757,0.8822997693478033,1,1,1,0.82430506129998826,200,60,6225.8786339995841,10114.393678912913,1,1,1,1,4,66972401285.482353,84808002602.641846,143116346859.49399,81539480874.606461,87496263037.039505,1000000000.0000086,86699773805.72757,151780403888.12421,224655827734.10046,88496263037.03952,289.19204071290051,506.27219442336292,749.35232733188946,295.1843330121398,1,2,2,2,0.82430506129998826,0.67947883408477738,0.67947883408477738,0.67947883408477738,60,120,120,120,0.34991738669331618,0.58642126377955617,0.3657023755342223,0.12841713218585682,0.39560845676913203,0.34357570132677834,1,0.34991738669331618,0.3657023755342223,0.12841713218585682,0.34357570132677834,0.28843867288816571,0.24848702375002679,0.087256723254156732,0.23345241695737903,1,1,1,1,0,Direct_Earth_to_Mars,0.82430506129998826,0.82430506129998826,0.33973941704238869,0.33973941704238869,0.33973941704238869,289.19204071290051,60,0.34991738669331618,0.28843867288816571,0,6225.8786339995841,8192,100000000,8.1920000000000002e-05,8.1920000000000002e-05,60,289.19204071290051,349.19212263290052,6575.0707566324845,1500,7725.8786339995841,DELIVERED_MECHANICALLY,1,0,0,200,170,0,30,30,0,0,0,0.84999999999999998,1392640,32.237037037037034,349.19212263289995,349.19212263290052,349.19212263290052,12000,60,200,0,0,0,0,0
91,100090,B3,4.7042923742726694,583.94995770659614,107242287.30258726,-107301536.48288506,416.31073415120318,88320080.07981053,-191684763.82650471,-6186003.8865708234,146105527.68759456,-141394447.94248426,-42574511.392419331,15220894.126429358,-214759830.6875093,21612147.915545113,88738373.361146912,-192592603.23030421,-6215301.4581053499,86699773805.72757,0.8822997693478033,1,1,1,0.82430506129998826,200,60,6225.8786339995841,10114.393678912913,1,1,1,1,4,66972401285.482353,84808002602.641846,143116346859.49399,81539480874.606461,87496263037.039505,1000000000.0000086,86699773805.72757,151780403888.12421,224655827734.10046,88496263037.03952,289.19204071290051,506.27219442336292,749.35232733188946,295.1843330121398,1,2,2,2,0.82430506129998826,0.67947883408477738,0.67947883408477738,0.67947883408477738,60,120,120,120,0.34991738669331618,0.58642126377955617,0.3657023755342223,0.12841713218585682,0.39560845676913203,0.34357570132677834,1,0.34991738669331618,0.3657023755342223,0.12841713218585682,0.34357570132677834,0.28843867288816571,0.24848702375002679,0.087256723254156732,0.23345241695737903,1,1,1,1,0,Direct_Earth_to_Mars,0.28843867288816571,0.28843867288816571,0.1242435118750134,0.043628361627078366,0.11672620847868952,289.19204071290051,60,0.34991738669331618,0.28843867288816571,0,6225.8786339995841,8192,100000000,8.1920000000000002e-05,8.1920000000000002e-05,60,289.19204071290051,349.19212263290052,6575.0707566324845,1500,7725.8786339995841,DELIVERED_MECHANICALLY,1,0,0,200,170,0,30,30,0,0,0,0.84999999999999998,1392640,32.237037037037034,349.19212263289995,349.19212263290052,349.19212263290052,12000,60,200,0,0,0,0,0
91,100090,B4,4.7042923742726694,583.94995770659614,107242287.30258726,-107301536.48288506,416.31073415120318,88320080.07981053,-191684763.82650471,-6186003.8865708234,146105527.68759456,-141394447.94248426,-42574511.392419331,15220894.126429358,-214759830.6875093,21612147.915545113,88738373.361146912,-192592603.23030421,-6215301.4581053499,86699773805.72757,0.8822997693478033,1,1,1,0.82430506129998826,200,60,6225.8786339995841,10114.393678912913,1,1,1,1,4,66972401285.482353,84808002602.641846,143116346859.49399,81539480874.606461,87496263037.039505,1000000000.0000086,86699773805.72757,151780403888.12421,224655827734.10046,88496263037.03952,289.19204071290051,506.27219442336292,749.35232733188946,295.1843330121398,1,2,2,2,0.82430506129998826,0.67947883408477738,0.67947883408477738,0.67947883408477738,60,120,120,120,0.34991738669331618,0.58642126377955617,0.3657023755342223,0.12841713218585682,0.39560845676913203,0.34357570132677834,1,0.34991738669331618,0.3657023755342223,0.12841713218585682,0.34357570132677834,0.28843867288816571,0.24848702375002679,0.087256723254156732,0.23345241695737903,1,1,1,1,0,Direct_Earth_to_Mars,0.28843867288816571,0.28843867288816571,0.070970191806399033,0.016837173211723559,0.11435664654073434,289.19204071290051,60,0.34991738669331618,0.28843867288816571,0,6225.8786339995841,8192,100000000,8.1920000000000002e-05,8.1920000000000002e-05,60,289.19204071290051,349.19212263290052,6575.0707566324845,1500,7725.8786339995841,DELIVERED_MECHANICALLY,1,0,0,200,170,0,30,30,0,0,0,0.84999999999999998,1392640,32.237037037037034,349.19212263289995,349.19212263290052,349.19212263290052,12000,60,200,0,0,0,0,0
92,100091,B1,4.7626267656356829,591.19108190958298,119291060.22236204,-93430976.432695746,366.68089935462626,102404115.23682819,-183516724.95952141,-6361010.3316674139,156766368.04824826,-128784318.63913059,-42560395.439561151,30782071.343882732,-211697615.15420777,23023737.633941319,102891171.89425179,-184389571.15748322,-6391264.7059453791,91875340086.874969,0.95646508282925824,1,1,1,0.93429323432814937,200,60,30911.760976546197,3496.8760402969579,1,1,1,1,4,66825713419.94519,85213181577.398605,149502222581.5282,82385333382.649612,92645967226.144943,999999999.99999213,91875340086.874969,152038894997.34381,231887555964.1778,93645967226.144928,306.45543724774842,507.13440626198735,773.47416932681051,312.36146506385899,1,2,2,2,0.93429323432814937,0.87290384771135421,0.87290384771135421,0.87290384771135421,60,120,120,120,0.33779754281575086,0.6385092565771604,0.39268186417833639,0.12757309948454129,0.42010185437096514,0.33220132938923014,1,0.33779754281575086,0.39268186417833639,0.12757309948454129,0.33220132938923014,0.31560195882542941,0.34277351016773722,0.11135904940451948,0.28997981863868594,1,1,1,1,0,Direct_Earth_to_Mars,0.93429323432814937,0.93429323432814937,0.87290384771135421,0.87290384771135421,0.87290384771135421,306.45543724774842,60,0.33779754281575086,0.31560195882542941,0,30911.760976546197,8192,100000000,8.1920000000000002e-05,8.1920000000000002e-05,60,306.45543724774842,366.45551916774843,31278.216495713947,1500,32411.760976546197,DELIVERED_MECHANICALLY,1,0,0,200,185,0,15,15,0,0,0,0.92500000000000004,1515520,35.081481481481482,366.45551916774957,366.45551916774843,366.45551916774843,12000,60,200,0,0,0,0,0
92,100091,B2,4.7626267656356829,591.19108190958298,119291060.22236204,-93430976.432695746,366.68089935462626,102404115.23682819,-183516724.95952141,-6361010.3316674139,156766368.04824826,-128784318.63913059,-42560395.439561151,30782071.343882732,-211697615.15420777,23023737.633941319,102891171.89425179,-184389571.15748322,-6391264.7059453791,91875340086.874969,0.95646508282925824,1,1,1,0.93429323432814937,200,60,30911.760976546197,3496.8760402969579,1,1,1,1,4,66825713419.94519,85213181577.398605,149502222581.5282,82385333382.649612,92645967226.144943,999999999.99999213,91875340086.874969,152038894997.34381,231887555964.1778,93645967226.144928,306.45543724774842,507.13440626198735,773.47416932681051,312.36146506385899,1,2,2,2,0.93429323432814937,0.87290384771135421,0.87290384771135421,0.87290384771135421,60,120,120,120,0.33779754281575086,0.6385092565771604,0.39268186417833639,0.12757309948454129,0.42010185437096514,0.33220132938923014,1,0.33779754281575086,0.39268186417833639,0.12757309948454129,0.33220132938923014,0.31560195882542941,0.34277351016773722,0.11135904940451948,0.28997981863868594,1,1,1,1,0,Direct_Earth_to_Mars,0.93429323432814937,0.93429323432814937,0.4364519238556771,0.4364519238556771,0.4364519238556771,306.45543724774842,60,0.33779754281575086,0.31560195882542941,0,30911.760976546197,8192,100000000,8.1920000000000002e-05,8.1920000000000002e-05,60,306.45543724774842,366.45551916774843,31278.216495713947,1500,32411.760976546197,DELIVERED_MECHANICALLY,1,0,0,200,185,0,15,15,0,0,0,0.92500000000000004,1515520,35.081481481481482,366.45551916774957,366.45551916774843,366.45551916774843,12000,60,200,0,0,0,0,0
92,100091,B3,4.7626267656356829,591.19108190958298,119291060.22236204,-93430976.432695746,366.68089935462626,102404115.23682819,-183516724.95952141,-6361010.3316674139,156766368.04824826,-128784318.63913059,-42560395.439561151,30782071.343882732,-211697615.15420777,23023737.633941319,102891171.89425179,-184389571.15748322,-6391264.7059453791,91875340086.874969,0.95646508282925824,1,1,1,0.93429323432814937,200,60,30911.760976546197,3496.8760402969579,1,1,1,1,4,66825713419.94519,85213181577.398605,149502222581.5282,82385333382.649612,92645967226.144943,999999999.99999213,91875340086.874969,152038894997.34381,231887555964.1778,93645967226.144928,306.45543724774842,507.13440626198735,773.47416932681051,312.36146506385899,1,2,2,2,0.93429323432814937,0.87290384771135421,0.87290384771135421,0.87290384771135421,60,120,120,120,0.33779754281575086,0.6385092565771604,0.39268186417833639,0.12757309948454129,0.42010185437096514,0.33220132938923014,1,0.33779754281575086,0.39268186417833639,0.12757309948454129,0.33220132938923014,0.31560195882542941,0.34277351016773722,0.11135904940451948,0.28997981863868594,1,1,1,1,0,Direct_Earth_to_Mars,0.31560195882542941,0.31560195882542941,0.17138675508386861,0.055679524702259738,0.14498990931934297,306.45543724774842,60,0.33779754281575086,0.31560195882542941,0,30911.760976546197,8192,100000000,8.1920000000000002e-05,8.1920000000000002e-05,60,306.45543724774842,366.45551916774843,31278.216495713947,1500,32411.760976546197,DELIVERED_MECHANICALLY,1,0,0,200,185,0,15,15,0,0,0,0.92500000000000004,1515520,35.081481481481482,366.45551916774957,366.45551916774843,366.45551916774843,12000,60,200,0,0,0,0,0
92,100091,B4,4.7626267656356829,591.19108190958298,119291060.22236204,-93430976.432695746,366.68089935462626,102404115.23682819,-183516724.95952141,-6361010.3316674139,156766368.04824826,-128784318.63913059,-42560395.439561151,30782071.343882732,-211697615.15420777,23023737.633941319,102891171.89425179,-184389571.15748322,-6391264.7059453791,91875340086.874969,0.95646508282925824,1,1,1,0.93429323432814937,200,60,30911.760976546197,3496.8760402969579,1,1,1,1,4,66825713419.94519,85213181577.398605,149502222581.5282,82385333382.649612,92645967226.144943,999999999.99999213,91875340086.874969,152038894997.34381,231887555964.1778,93645967226.144928,306.45543724774842,507.13440626198735,773.47416932681051,312.36146506385899,1,2,2,2,0.93429323432814937,0.87290384771135421,0.87290384771135421,0.87290384771135421,60,120,120,120,0.33779754281575086,0.6385092565771604,0.39268186417833639,0.12757309948454129,0.42010185437096514,0.33220132938923014,1,0.33779754281575086,0.39268186417833639,0.12757309948454129,0.33220132938923014,0.31560195882542941,0.34277351016773722,0.11135904940451948,0.28997981863868594,1,1,1,1,0,Direct_Earth_to_Mars,0.31560195882542941,0.31560195882542941,0.10356702743723224,0.022060585556759799,0.14224848781486793,306.45543724774842,60,0.33779754281575086,0.31560195882542941,0,30911.760976546197,8192,100000000,8.1920000000000002e-05,8.1920000000000002e-05,60,306.45543724774842,366.45551916774843,31278.216495713947,1500,32411.760976546197,DELIVERED_MECHANICALLY,1,0,0,200,185,0,15,15,0,0,0,0.92500000000000004,1515520,35.081481481481482,366.45551916774957,366.45551916774843,366.45551916774843,12000,60,200,0,0,0,0,0
93,100092,B1,5.4244300754811174,673.34159128434885,109433983.83351937,100137713.0199724,-443.89474395004208,204538593.24242392,-32869524.532775283,-5715044.2247205004,203251491.7803835,46447741.083825089,-26131492.037561018,175839168.40266877,-104905032.41241227,28912041.066931393,205525550.20049521,-33028129.348775301,-5742620.9405561658,163610722842.86478,0.94518843777025219,1,1,1,0.9269428670211507,200,60,15662.779231133149,11354.006802765813,1,1,1,1,4,111207776530.71941,81912859774.044998,217458289744.88788,84922355227.615616,164315864413.21646,1000000000.0000087,163610722842.86478,193120636304.7644,302380644972.50348,165315864413.21646,545.73289807493256,644.16489761429091,1008.6078885006788,551.42049504074873,1,2,2,2,0.9269428670211507,0.8592230787213907,0.8592230787213907,0.8592230787213907,60,120,120,120,0.10526407028279414,0.22784178297759533,0.41995185976570143,0.059587031401753428,0.39071458661766734,0.10436255287909911,1,0.10526407028279414,0.22784178297759533,0.059587031401753428,0.10436255287909911,0.097573779102249111,0.1957669182313804,0.051198552572882763,0.08967071398800347,1,1,1,1,0,Direct_Earth_to_Mars,0.9269428670211507,0.9269428670211507,0.8592230787213907,0.8592230787213907,0.8592230787213907,545.73289807493256,60,0.10526407028279414,0.097573779102249111,0,15662.779231133149,8192,100000000,8.1920000000000002e-05,8.1920000000000002e-05,60,545.73289807493256,605.73297999493252,16268.512211128082,1500,17162.77923113315,DELIVERED_MECHANICALLY,1,0,0,200,183,0,17,17,0,0,0,0.91500000000000004,1499136,34.702222222222225,605.73297999493332,605.73297999493252,605.73297999493252,12000,60,200,0,0,0,0,0
93,100092,B2,5.4244300754811174,673.34159128434885,109433983.83351937,100137713.0199724,-443.89474395004208,204538593.24242392,-32869524.532775283,-5715044.2247205004,203251491.7803835,46447741.083825089,-26131492.037561018,175839168.40266877,-104905032.41241227,28912041.066931393,205525550.20049521,-33028129.348775301,-5742620.9405561658,163610722842.86478,0.94518843777025219,1,1,1,0.9269428670211507,200,60,15662.779231133149,11354.006802765813,1,1,1,1,4,111207776530.71941,81912859774.044998,217458289744.88788,84922355227.615616,164315864413.21646,1000000000.0000087,163610722842.86478,193120636304.7644,302380644972.50348,165315864413.21646,545.73289807493256,644.16489761429091,1008.6078885006788,551.42049504074873,1,2,2,2,0.9269428670211507,0.8592230787213907,0.8592230787213907,0.8592230787213907,60,120,120,120,0.10526407028279414,0.22784178297759533,0.41995185976570143,0.059587031401753428,0.39071458661766734,0.10436255287909911,1,0.10526407028279414,0.22784178297759533,0.059587031401753428,0.10436255287909911,0.097573779102249111,0.1957669182313804,0.051198552572882763,0.08967071398800347,1,1,1,1,0,Direct_Earth_to_Mars,0.9269428670211507,0.9269428670211507,0.42961153936069535,0.42961153936069535,0.42961153936069535,545.73289807493256,60,0.10526407028279414,0.097573779102249111,0,15662.779231133149,8192,100000000,8.1920000000000002e-05,8.1920000000000002e-05,60,545.73289807493256,605.73297999493252,16268.512211128082,1500,17162.77923113315,DELIVERED_MECHANICALLY,1,0,0,200,183,0,17,17,0,0,0,0.91500000000000004,1499136,34.702222222222225,605.73297999493332,605.73297999493252,605.73297999493252,12000,60,200,0,0,0,0,0
93,100092,B3,5.4244300754811174,673.34159128434885,109433983.83351937,100137713.0199724,-443.89474395004208,204538593.24242392,-32869524.532775283,-5715044.2247205004,203251491.7803835,46447741.083825089,-26131492.037561018,175839168.40266877,-104905032.41241227,28912041.066931393,205525550.20049521,-33028129.348775301,-5742620.9405561658,163610722842.86478,0.94518843777025219,1,1,1,0.9269428670211507,200,60,15662.779231133149,11354.006802765813,1,1,1,1,4,111207776530.71941,81912859774.044998,217458289744.88788,84922355227.615616,164315864413.21646,1000000000.0000087,163610722842.86478,193120636304.7644,302380644972.50348,165315864413.21646,545.73289807493256,644.16489761429091,1008.6078885006788,551.42049504074873,1,2,2,2,0.9269428670211507,0.8592230787213907,0.8592230787213907,0.8592230787213907,60,120,120,120,0.10526407028279414,0.22784178297759533,0.41995185976570143,0.059587031401753428,0.39071458661766734,0.10436255287909911,1,0.10526407028279414,0.22784178297759533,0.059587031401753428,0.10436255287909911,0.097573779102249111,0.1957669182313804,0.051198552572882763,0.08967071398800347,1,1,1,1,1,Earth_Relay0_Mars,0.0978834591156902,0.097573779102249111,0.0978834591156902,0.025599276286441382,0.044835356994001735,644.16489761429091,120,0.22784178297759533,0.1957669182313804,0,15662.779231133149,8192,100000000,8.1920000000000002e-05,0.00016384,120,644.16489761429091,764.16506145429094,16426.944292587439,1500,17162.77923113315,DELIVERED_MECHANICALLY,1,0,0,200,179,0,21,21,0,0,0,0.89500000000000002,1466368,33.943703703703704,764.16506145428934,764.16506145429094,764.16506145429094,24000,120,0,200,0,0,0,0
93,100092,B4,5.4244300754811174,673.34159128434885,109433983.83351937,100137713.0199724,-443.89474395004208,204538593.24242392,-32869524.532775283,-5715044.2247205004,203251491.7803835,46447741.083825089,-26131492.037561018,175839168.40266877,-104905032.41241227,28912041.066931393,205525550.20049521,-33028129.348775301,-5742620.9405561658,163610722842.86478,0.94518843777025219,1,1,1,0.9269428670211507,200,60,15662.779231133149,11354.006802765813,1,1,1,1,4,111207776530.71941,81912859774.044998,217458289744.88788,84922355227.615616,164315864413.21646,1000000000.0000087,163610722842.86478,193120636304.7644,302380644972.50348,165315864413.21646,545.73289807493256,644.16489761429091,1008.6078885006788,551.42049504074873,1,2,2,2,0.9269428670211507,0.8592230787213907,0.8592230787213907,0.8592230787213907,60,120,120,120,0.10526407028279414,0.22784178297759533,0.41995185976570143,0.059587031401753428,0.39071458661766734,0.10436255287909911,1,0.10526407028279414,0.22784178297759533,0.059587031401753428,0.10436255287909911,0.097573779102249111,0.1957669182313804,0.051198552572882763,0.08967071398800347,1,1,1,1,0,Direct_Earth_to_Mars,0.097573779102249111,0.097573779102249111,0.082926319044460295,0.013851138183330945,0.044372905121621613,545.73289807493256,60,0.10526407028279414,0.097573779102249111,0,15662.779231133149,8192,100000000,8.1920000000000002e-05,8.1920000000000002e-05,60,545.73289807493256,605.73297999493252,16268.512211128082,1500,17162.77923113315,DELIVERED_MECHANICALLY,1,0,0,200,183,0,17,17,0,0,0,0.91500000000000004,1499136,34.702222222222225,605.73297999493332,605.73297999493252,605.73297999493252,12000,60,200,0,0,0,0,0
94,100093,B1,5.075945932224589,630.08379935182006,150131538.66406119,-1015896.9145167511,4.2314424517663562,166261934.56645453,-123270367.53472817,-6668219.0982106337,197014633.00404894,-50186164.969513714,-38288829.572722524,109497060.30248249,-176623313.3261674,28344531.78061562,167064813.10054633,-123865639.88159047,-6700419.9142815815,123494171769.23863,0.94361385136534059,1,1,1,0.82817775814787808,200,60,30767.620846950536,17018.353590354262,1,1,1,1,4,77985733243.814621,85363294995.962585,182462428385.89624,85408901754.627182,124192152787.32391,999999999.99999261,123494171769.23863,163349028239.77722,267871330140.52344,125192152787.32391,411.92185379999546,544.86000079979055,893.50010053543508,417.58556633530327,1,2,2,2,0.82817775814787808,0.68587839909084525,0.68587839909084525,0.68587839909084525,60,120,120,120,0.18445340176087527,0.46253997541409825,0.38604439560230464,0.084495327101851397,0.38563222468048108,0.18238590899345661,1,0.18445340176087527,0.38604439560230464,0.084495327101851397,0.18238590899345661,0.15276020475307156,0.26477951203370165,0.057953519683275147,0.12509455527716062,1,1,1,1,0,Direct_Earth_to_Mars,0.82817775814787808,0.82817775814787808,0.68587839909084525,0.68587839909084525,0.68587839909084525,411.92185379999546,60,0.18445340176087527,0.15276020475307156,0,30767.620846950536,8192,100000000,8.1920000000000002e-05,8.1920000000000002e-05,60,411.92185379999546,471.92193571999547,31239.542782670531,1500,32267.620846950536,DROPPED_CONTACT_NOT_REALIZED,0,0,1,200,160,0,40,40,0,0,0,0.80000000000000004,1310720,30.340740740740742,471.92193571999587,471.92193571999547,471.92193571999547,12000,60,200,0,0,0,0,0
94,100093,B2,5.075945932224589,630.08379935182006,150131538.66406119,-1015896.9145167511,4.2314424517663562,166261934.56645453,-123270367.53472817,-6668219.0982106337,197014633.00404894,-50186164.969513714,-38288829.572722524,109497060.30248249,-176623313.3261674,28344531.78061562,167064813.10054633,-123865639.88159047,-6700419.9142815815,123494171769.23863,0.94361385136534059,1,1,1,0.82817775814787808,200,60,30767.620846950536,17018.353590354262,1,1,1,1,4,77985733243.814621,85363294995.962585,182462428385.89624,85408901754.627182,124192152787.32391,999999999.99999261,123494171769.23863,163349028239.77722,267871330140.52344,125192152787.32391,411.92185379999546,544.86000079979055,893.50010053543508,417.58556633530327,1,2,2,2,0.82817775814787808,0.68587839909084525,0.68587839909084525,0.68587839909084525,60,120,120,120,0.18445340176087527,0.46253997541409825,0.38604439560230464,0.084495327101851397,0.38563222468048108,0.18238590899345661,1,0.18445340176087527,0.38604439560230464,0.084495327101851397,0.18238590899345661,0.15276020475307156,0.26477951203370165,0.057953519683275147,0.12509455527716062,1,1,1,1,0,Direct_Earth_to_Mars,0.82817775814787808,0.82817775814787808,0.34293919954542262,0.34293919954542262,0.34293919954542262,411.92185379999546,60,0.18445340176087527,0.15276020475307156,0,30767.620846950536,8192,100000000,8.1920000000000002e-05,8.1920000000000002e-05,60,411.92185379999546,471.92193571999547,31239.542782670531,1500,32267.620846950536,DROPPED_CONTACT_NOT_REALIZED,0,0,1,200,160,0,40,40,0,0,0,0.80000000000000004,1310720,30.340740740740742,471.92193571999587,471.92193571999547,471.92193571999547,12000,60,200,0,0,0,0,0
94,100093,B3,5.075945932224589,630.08379935182006,150131538.66406119,-1015896.9145167511,4.2314424517663562,166261934.56645453,-123270367.53472817,-6668219.0982106337,197014633.00404894,-50186164.969513714,-38288829.572722524,109497060.30248249,-176623313.3261674,28344531.78061562,167064813.10054633,-123865639.88159047,-6700419.9142815815,123494171769.23863,0.94361385136534059,1,1,1,0.82817775814787808,200,60,30767.620846950536,17018.353590354262,1,1,1,1,4,77985733243.814621,85363294995.962585,182462428385.89624,85408901754.627182,124192152787.32391,999999999.99999261,123494171769.23863,163349028239.77722,267871330140.52344,125192152787.32391,411.92185379999546,544.86000079979055,893.50010053543508,417.58556633530327,1,2,2,2,0.82817775814787808,0.68587839909084525,0.68587839909084525,0.68587839909084525,60,120,120,120,0.18445340176087527,0.46253997541409825,0.38604439560230464,0.084495327101851397,0.38563222468048108,0.18238590899345661,1,0.18445340176087527,0.38604439560230464,0.084495327101851397,0.18238590899345661,0.15276020475307156,0.26477951203370165,0.057953519683275147,0.12509455527716062,1,1,1,1,0,Direct_Earth_to_Mars,0.15276020475307156,0.15276020475307156,0.13238975601685082,0.028976759841637573,0.062547277638580312,411.92185379999546,60,0.18445340176087527,0.15276020475307156,0,30767.620846950536,8192,100000000,8.1920000000000002e-05,8.1920000000000002e-05,60,411.92185379999546,471.92193571999547,31239.542782670531,1500,32267.620846950536,DROPPED_CONTACT_NOT_REALIZED,0,0,1,200,160,0,40,40,0,0,0,0.80000000000000004,1310720,30.340740740740742,471.92193571999587,471.92193571999547,471.92193571999547,12000,60,200,0,0,0,0,0
94,100093,B4,5.075945932224589,630.08379935182006,150131538.66406119,-1015896.9145167511,4.2314424517663562,166261934.56645453,-123270367.53472817,-6668219.0982106337,197014633.00404894,-50186164.969513714,-38288829.572722524,109497060.30248249,-176623313.3261674,28344531.78061562,167064813.10054633,-123865639.88159047,-6700419.9142815815,123494171769.23863,0.94361385136534059,1,1,1,0.82817775814787808,200,60,30767.620846950536,17018.353590354262,1,1,1,1,4,77985733243.814621,85363294995.962585,182462428385.89624,85408901754.627182,124192152787.32391,999999999.99999261,123494171769.23863,163349028239.77722,267871330140.52344,125192152787.32391,411.92185379999546,544.86000079979055,893.50010053543508,417.58556633530327,1,2,2,2,0.82817775814787808,0.68587839909084525,0.68587839909084525,0.68587839909084525,60,120,120,120,0.18445340176087527,0.46253997541409825,0.38604439560230464,0.084495327101851397,0.38563222468048108,0.18238590899345661,1,0.18445340176087527,0.38604439560230464,0.084495327101851397,0.18238590899345661,0.15276020475307156,0.26477951203370165,0.057953519683275147,0.12509455527716062,1,1,1,1,0,Direct_Earth_to_Mars,0.15276020475307156,0.15276020475307156,0.1000885248367295,0.013358880009002571,0.061698948986994309,411.92185379999546,60,0.18445340176087527,0.15276020475307156,0,30767.620846950536,8192,100000000,8.1920000000000002e-05,8.1920000000000002e-05,60,411.92185379999546,471.92193571999547,31239.542782670531,1500,32267.620846950536,DROPPED_CONTACT_NOT_REALIZED,0,0,1,200,160,0,40,40,0,0,0,0.80000000000000004,1310720,30.340740740740742,471.92193571999587,471.92193571999547,471.92193571999547,12000,60,200,0,0,0,0,0
95,100094,B1,5.2012125401896094,645.63330703617873,144449853.13782057,38418323.844489597,-163.71681814843279,184553664.25607148,-92804815.840319037,-6479511.1930386154,204100319.13149565,-15607986.215599537,-34713678.144828111,136729531.83554465,-154330215.91581795,29241460.581677947,185446627.57954231,-93253852.152444959,-6510862.3226557123,137367426992.95473,0.97546567770836168,1,1,1,0.82934783830034009,200,60,18214.649561863389,18406.460810024055,1,1,1,1,4,87647295200.223572,84490179336.940903,195106831075.58188,85723452571.372696,138060445612.52573,999999999.9999938,137367426992.95473,172137474537.16449,280830283646.95459,139060445612.52573,458.19688790178361,574.17436470034852,936.72542910925483,463.84404807380162,1,2,2,2,0.82934783830034009,0.687817836893447,0.687817836893447,0.687817836893447,60,120,120,120,0.15410962060364333,0.37854737760377427,0.40736603377178771,0.076392782376945995,0.39572908423944841,0.15256634318923359,1,0.15410962060364333,0.37854737760377427,0.076392782376945995,0.15256634318923359,0.12781048070891715,0.2603716384251149,0.052544318328782834,0.10493785215516194,1,1,1,1,0,Direct_Earth_to_Mars,0.82934783830034009,0.82934783830034009,0.687817836893447,0.687817836893447,0.687817836893447,458.19688790178361,60,0.15410962060364333,0.12781048070891715,0,18214.649561863389,8192,100000000,8.1920000000000002e-05,8.1920000000000002e-05,60,458.19688790178361,518.19696982178357,18732.846531685173,1500,19714.649561863389,DELIVERED_MECHANICALLY,1,0,0,200,164,0,36,36,0,0,0,0.81999999999999995,1343488,31.099259259259259,518.19696982178584,518.19696982178357,518.19696982178357,12000,60,200,0,0,0,0,0
95,100094,B2,5.2012125401896094,645.63330703617873,144449853.13782057,38418323.844489597,-163.71681814843279,184553664.25607148,-92804815.840319037,-6479511.1930386154,204100319.13149565,-15607986.215599537,-34713678.144828111,136729531.83554465,-154330215.91581795,29241460.581677947,185446627.57954231,-93253852.152444959,-6510862.3226557123,137367426992.95473,0.97546567770836168,1,1,1,0.82934783830034009,200,60,18214.649561863389,18406.460810024055,1,1,1,1,4,87647295200.223572,84490179336.940903,195106831075.58188,85723452571.372696,138060445612.52573,999999999.9999938,137367426992.95473,172137474537.16449,280830283646.95459,139060445612.52573,458.19688790178361,574.17436470034852,936.72542910925483,463.84404807380162,1,2,2,2,0.82934783830034009,0.687817836893447,0.687817836893447,0.687817836893447,60,120,120,120,0.15410962060364333,0.37854737760377427,0.40736603377178771,0.076392782376945995,0.39572908423944841,0.15256634318923359,1,0.15410962060364333,0.37854737760377427,0.076392782376945995,0.15256634318923359,0.12781048070891715,0.2603716384251149,0.052544318328782834,0.10493785215516194,1,1,1,1,0,Direct_Earth_to_Mars,0.82934783830034009,0.82934783830034009,0.3439089184467235,0.3439089184467235,0.3439089184467235,458.19688790178361,60,0.15410962060364333,0.12781048070891715,0,18214.649561863389,8192,100000000,8.1920000000000002e-05,8.1920000000000002e-05,60,458.19688790178361,518.19696982178357,18732.846531685173,1500,19714.649561863389,DELIVERED_MECHANICALLY,1,0,0,200,164,0,36,36,0,0,0,0.81999999999999995,1343488,31.099259259259259,518.19696982178584,518.19696982178357,518.19696982178357,12000,60,200,0,0,0,0,0
95,100094,B3,5.2012125401896094,645.63330703617873,144449853.13782057,38418323.844489597,-163.71681814843279,184553664.25607148,-92804815.840319037,-6479511.1930386154,204100319.13149565,-15607986.215599537,-34713678.144828111,136729531.83554465,-154330215.91581795,29241460.581677947,185446627.57954231,-93253852.152444959,-6510862.3226557123,137367426992.95473,0.97546567770836168,1,1,1,0.82934783830034009,200,60,18214.649561863389,18406.460810024055,1,1,1,1,4,87647295200.223572,84490179336.940903,195106831075.58188,85723452571.372696,138060445612.52573,999999999.9999938,137367426992.95473,172137474537.16449,280830283646.95459,139060445612.52573,458.19688790178361,574.17436470034852,936.72542910925483,463.84404807380162,1,2,2,2,0.82934783830034009,0.687817836893447,0.687817836893447,0.687817836893447,60,120,120,120,0.15410962060364333,0.37854737760377427,0.40736603377178771,0.076392782376945995,0.39572908423944841,0.15256634318923359,1,0.15410962060364333,0.37854737760377427,0.076392782376945995,0.15256634318923359,0.12781048070891715,0.2603716384251149,0.052544318328782834,0.10493785215516194,1,1,1,1,1,Earth_Relay0_Mars,0.13018581921255745,0.12781048070891715,0.13018581921255745,0.026272159164391417,0.052468926077580968,574.17436470034852,120,0.37854737760377427,0.2603716384251149,0,18214.649561863389,8192,100000000,8.1920000000000002e-05,0.00016384,120,574.17436470034852,694.17452854034855,18908.824090403738,1500,19714.649561863389,DELIVERED_MECHANICALLY,1,0,0,200,125,0,75,75,0,0,0,0.625,1024000,23.703703703703702,694.17452854034627,694.17452854034855,694.17452854034855,24000,120,0,200,0,0,0,0
95,100094,B4,5.2012125401896094,645.63330703617873,144449853.13782057,38418323.844489597,-163.71681814843279,184553664.25607148,-92804815.840319037,-6479511.1930386154,204100319.13149565,-15607986.215599537,-34713678.144828111,136729531.83554465,-154330215.91581795,29241460.581677947,185446627.57954231,-93253852.152444959,-6510862.3226557123,137367426992.95473,0.97546567770836168,1,1,1,0.82934783830034009,200,60,18214.649561863389,18406.460810024055,1,1,1,1,4,87647295200.223572,84490179336.940903,195106831075.58188,85723452571.372696,138060445612.52573,999999999.9999938,137367426992.95473,172137474537.16449,280830283646.95459,139060445612.52573,458.19688790178361,574.17436470034852,936.72542910925483,463.84404807380162,1,2,2,2,0.82934783830034009,0.687817836893447,0.687817836893447,0.687817836893447,60,120,120,120,0.15410962060364333,0.37854737760377427,0.40736603377178771,0.076392782376945995,0.39572908423944841,0.15256634318923359,1,0.15410962060364333,0.37854737760377427,0.076392782376945995,0.15256634318923359,0.12781048070891715,0.2603716384251149,0.052544318328782834,0.10493785215516194,1,1,1,1,0,Direct_Earth_to_Mars,0.12781048070891715,0.12781048070891715,0.10388958629887407,0.012850960584075744,0.051830132864982219,458.19688790178361,60,0.15410962060364333,0.12781048070891715,0,18214.649561863389,8192,100000000,8.1920000000000002e-05,8.1920000000000002e-05,60,458.19688790178361,518.19696982178357,18732.846531685173,1500,19714.649561863389,DELIVERED_MECHANICALLY,1,0,0,200,164,0,36,36,0,0,0,0.81999999999999995,1343488,31.099259259259259,518.19696982178584,518.19696982178357,518.19696982178357,12000,60,200,0,0,0,0,0
96,100095,B1,0.33059296788989884,41.036936962756691,-116517245.13460897,90677365.797718421,-47.25063640945941,193434984.42893088,88647876.774323165,-2897324.0314029646,155135420.80619752,153831913.5276368,-3836497.4818687458,207109902.41687918,14116623.52558616,21263399.331911184,194343982.47503009,89064454.711435214,-2910939.2618186874,309972414336.90479,0.96923568885988631,1,1,1,0.84401533563355591,200,60,24480.128046169975,33785.357563359168,1,1,1,1,4,278923620660.01996,75608843847.259048,333238971385.61298,79533965362.246826,310879040151.38239,999999999.99999738,309972414336.90479,354532464507.27899,412772936747.8598,311879040151.38239,1033.9306682351728,1182.5632571957271,1376.8276742757164,1040.2903273895342,1,2,2,2,0.84401533563355591,0.71236188678462398,0.71236188678462398,0.71236188678462398,60,120,120,120,0.030072434708738785,0.0371401877177929,0.50543985990240414,0.026019749556137586,0.45678245148349816,0.029897288198121479,1,0.030072434708738785,0.0371401877177929,0.026019749556137586,0.029897288198121479,0.025381596074014363,0.026457254198182067,0.018535477887473551,0.021297688630557487,1,1,1,1,0,Direct_Earth_to_Mars,0.84401533563355591,0.84401533563355591,0.71236188678462398,0.71236188678462398,0.71236188678462398,1033.9306682351728,60,0.030072434708738785,0.025381596074014363,0,24480.128046169975,8192,100000000,8.1920000000000002e-05,8.1920000000000002e-05,60,1033.9306682351728,1093.9307501551727,25574.058796325149,1500,25980.128046169975,DELIVERED_MECHANICALLY,1,0,0,200,180,0,20,20,0,0,0,0.90000000000000002,1474560,34.133333333333333,1093.9307501551737,1093.9307501551727,1093.9307501551727,12000,60,200,0,0,0,0,0
96,100095,B2,0.33059296788989884,41.036936962756691,-116517245.13460897,90677365.797718421,-47.25063640945941,193434984.42893088,88647876.774323165,-2897324.0314029646,155135420.80619752,153831913.5276368,-3836497.4818687458,207109902.41687918,14116623.52558616,21263399.331911184,194343982.47503009,89064454.711435214,-2910939.2618186874,309972414336.90479,0.96923568885988631,1,1,1,0.84401533563355591,200,60,24480.128046169975,33785.357563359168,1,1,1,1,4,278923620660.01996,75608843847.259048,333238971385.61298,79533965362.246826,310879040151.38239,999999999.99999738,309972414336.90479,354532464507.27899,412772936747.8598,311879040151.38239,1033.9306682351728,1182.5632571957271,1376.8276742757164,1040.2903273895342,1,2,2,2,0.84401533563355591,0.71236188678462398,0.71236188678462398,0.71236188678462398,60,120,120,120,0.030072434708738785,0.0371401877177929,0.50543985990240414,0.026019749556137586,0.45678245148349816,0.029897288198121479,1,0.030072434708738785,0.0371401877177929,0.026019749556137586,0.029897288198121479,0.025381596074014363,0.026457254198182067,0.018535477887473551,0.021297688630557487,1,1,1,1,0,Direct_Earth_to_Mars,0.84401533563355591,0.84401533563355591,0.35618094339231199,0.35618094339231199,0.35618094339231199,1033.9306682351728,60,0.030072434708738785,0.025381596074014363,0,24480.128046169975,8192,100000000,8.1920000000000002e-05,8.1920000000000002e-05,60,1033.9306682351728,1093.9307501551727,25574.058796325149,1500,25980.128046169975,DELIVERED_MECHANICALLY,1,0,0,200,180,0,20,20,0,0,0,0.90000000000000002,1474560,34.133333333333333,1093.9307501551737,1093.9307501551727,1093.9307501551727,12000,60,200,0,0,0,0,0
96,100095,B3,0.33059296788989884,41.036936962756691,-116517245.13460897,90677365.797718421,-47.25063640945941,193434984.42893088,88647876.774323165,-2897324.0314029646,155135420.80619752,153831913.5276368,-3836497.4818687458,207109902.41687918,14116623.52558616,21263399.331911184,194343982.47503009,89064454.711435214,-2910939.2618186874,309972414336.90479,0.96923568885988631,1,1,1,0.84401533563355591,200,60,24480.128046169975,33785.357563359168,1,1,1,1,4,278923620660.01996,75608843847.259048,333238971385.61298,79533965362.246826,310879040151.38239,999999999.99999738,309972414336.90479,354532464507.27899,412772936747.8598,311879040151.38239,1033.9306682351728,1182.5632571957271,1376.8276742757164,1040.2903273895342,1,2,2,2,0.84401533563355591,0.71236188678462398,0.71236188678462398,0.71236188678462398,60,120,120,120,0.030072434708738785,0.0371401877177929,0.50543985990240414,0.026019749556137586,0.45678245148349816,0.029897288198121479,1,0.030072434708738785,0.0371401877177929,0.026019749556137586,0.029897288198121479,0.025381596074014363,0.026457254198182067,0.018535477887473551,0.021297688630557487,1,1,1,1,0,Direct_Earth_to_Mars,0.025381596074014363,0.025381596074014363,0.013228627099091034,0.0092677389437367756,0.010648844315278743,1033.9306682351728,60,0.030072434708738785,0.025381596074014363,0,24480.128046169975,8192,100000000,8.1920000000000002e-05,8.1920000000000002e-05,60,1033.9306682351728,1093.9307501551727,25574.058796325149,1500,25980.128046169975,DELIVERED_MECHANICALLY,1,0,0,200,180,0,20,20,0,0,0,0.90000000000000002,1474560,34.133333333333333,1093.9307501551737,1093.9307501551727,1093.9307501551727,12000,60,200,0,0,0,0,0
96,100095,B4,0.33059296788989884,41.036936962756691,-116517245.13460897,90677365.797718421,-47.25063640945941,193434984.42893088,88647876.774323165,-2897324.0314029646,155135420.80619752,153831913.5276368,-3836497.4818687458,207109902.41687918,14116623.52558616,21263399.331911184,194343982.47503009,89064454.711435214,-2910939.2618186874,309972414336.90479,0.96923568885988631,1,1,1,0.84401533563355591,200,60,24480.128046169975,33785.357563359168,1,1,1,1,4,278923620660.01996,75608843847.259048,333238971385.61298,79533965362.246826,310879040151.38239,999999999.99999738,309972414336.90479,354532464507.27899,412772936747.8598,311879040151.38239,1033.9306682351728,1182.5632571957271,1376.8276742757164,1040.2903273895342,1,2,2,2,0.84401533563355591,0.71236188678462398,0.71236188678462398,0.71236188678462398,60,120,120,120,0.030072434708738785,0.0371401877177929,0.50543985990240414,0.026019749556137586,0.45678245148349816,0.029897288198121479,1,0.030072434708738785,0.0371401877177929,0.026019749556137586,0.029897288198121479,0.025381596074014363,0.026457254198182067,0.018535477887473551,0.021297688630557487,1,1,1,1,0,Direct_Earth_to_Mars,0.025381596074014363,0.025381596074014363,0.01156596332007746,0.006959621525742238,0.010583744200003256,1033.9306682351728,60,0.030072434708738785,0.025381596074014363,0,24480.128046169975,8192,100000000,8.1920000000000002e-05,8.1920000000000002e-05,60,1033.9306682351728,1093.9307501551727,25574.058796325149,1500,25980.128046169975,DELIVERED_MECHANICALLY,1,0,0,200,180,0,20,20,0,0,0,0.90000000000000002,1474560,34.133333333333333,1093.9307501551737,1093.9307501551727,1093.9307501551727,12000,60,200,0,0,0,0,0
97,100096,B1,2.2216457594188359,275.77579028604663,147230231.75242296,26909529.550319873,-53.100546527219187,-197414029.8712447,150770865.07359198,8010240.0984448567,-226648786.61348429,91519006.643811971,48647607.551352933,-147723524.98245716,193892861.17183277,-34114776.220663816,-198208349.1991525,151377509.96246558,8042470.2724376917,366313338966.60858,0.92828816178357787,1,1,1,0.9295775495668599,200,60,16944.29786322172,38051.603895112508,1,1,1,1,4,382526469399.76752,77568352842.272522,340653733261.50592,78122786838.952972,367266624592.98071,999999999.99998975,366313338966.60858,460094822242.04004,418776520100.45886,368266624592.98071,1221.859035912637,1534.6725224884592,1396.8529689808502,1228.3743315309564,1,2,2,2,0.9295775495668599,0.8641144206587279,0.8641144206587279,0.8641144206587279,60,120,120,120,0.020623512330235405,0.018912333311648089,0.4599376466951775,0.023847441488676152,0.45343249760707999,0.020516589558299398,1,0.020623512330235405,0.018912333311648089,0.023847441488676152,0.020516589558299398,0.019171154055402147,0.01634241994289955,0.020606918086180304,0.017728680900062792,1,1,1,1,0,Direct_Earth_to_Mars,0.9295775495668599,0.9295775495668599,0.8641144206587279,0.8641144206587279,0.8641144206587279,1221.859035912637,60,0.020623512330235405,0.019171154055402147,0,16944.29786322172,8192,100000000,8.1920000000000002e-05,8.1920000000000002e-05,60,1221.859035912637,1281.8591178326369,18226.156981054359,1500,18444.29786322172,DELIVERED_MECHANICALLY,1,0,0,200,189,0,11,11,0,0,0,0.94499999999999995,1548288,35.840000000000003,1281.8591178326401,1281.8591178326369,1281.8591178326369,12000,60,200,0,0,0,0,0
97,100096,B2,2.2216457594188359,275.77579028604663,147230231.75242296,26909529.550319873,-53.100546527219187,-197414029.8712447,150770865.07359198,8010240.0984448567,-226648786.61348429,91519006.643811971,48647607.551352933,-147723524.98245716,193892861.17183277,-34114776.220663816,-198208349.1991525,151377509.96246558,8042470.2724376917,366313338966.60858,0.92828816178357787,1,1,1,0.9295775495668599,200,60,16944.29786322172,38051.603895112508,1,1,1,1,4,382526469399.76752,77568352842.272522,340653733261.50592,78122786838.952972,367266624592.98071,999999999.99998975,366313338966.60858,460094822242.04004,418776520100.45886,368266624592.98071,1221.859035912637,1534.6725224884592,1396.8529689808502,1228.3743315309564,1,2,2,2,0.9295775495668599,0.8641144206587279,0.8641144206587279,0.8641144206587279,60,120,120,120,0.020623512330235405,0.018912333311648089,0.4599376466951775,0.023847441488676152,0.45343249760707999,0.020516589558299398,1,0.020623512330235405,0.018912333311648089,0.023847441488676152,0.020516589558299398,0.019171154055402147,0.01634241994289955,0.020606918086180304,0.017728680900062792,1,1,1,1,0,Direct_Earth_to_Mars,0.9295775495668599,0.9295775495668599,0.43205721032936395,0.43205721032936395,0.43205721032936395,1221.859035912637,60,0.020623512330235405,0.019171154055402147,0,16944.29786322172,8192,100000000,8.1920000000000002e-05,8.1920000000000002e-05,60,1221.859035912637,1281.8591178326369,18226.156981054359,1500,18444.29786322172,DELIVERED_MECHANICALLY,1,0,0,200,189,0,11,11,0,0,0,0.94499999999999995,1548288,35.840000000000003,1281.8591178326401,1281.8591178326369,1281.8591178326369,12000,60,200,0,0,0,0,0
97,100096,B3,2.2216457594188359,275.77579028604663,147230231.75242296,26909529.550319873,-53.100546527219187,-197414029.8712447,150770865.07359198,8010240.0984448567,-226648786.61348429,91519006.643811971,48647607.551352933,-147723524.98245716,193892861.17183277,-34114776.220663816,-198208349.1991525,151377509.96246558,8042470.2724376917,366313338966.60858,0.92828816178357787,1,1,1,0.9295775495668599,200,60,16944.29786322172,38051.603895112508,1,1,1,1,4,382526469399.76752,77568352842.272522,340653733261.50592,78122786838.952972,367266624592.98071,999999999.99998975,366313338966.60858,460094822242.04004,418776520100.45886,368266624592.98071,1221.859035912637,1534.6725224884592,1396.8529689808502,1228.3743315309564,1,2,2,2,0.9295775495668599,0.8641144206587279,0.8641144206587279,0.8641144206587279,60,120,120,120,0.020623512330235405,0.018912333311648089,0.4599376466951775,0.023847441488676152,0.45343249760707999,0.020516589558299398,1,0.020623512330235405,0.018912333311648089,0.023847441488676152,0.020516589558299398,0.019171154055402147,0.01634241994289955,0.020606918086180304,0.017728680900062792,1,1,1,1,0,Direct_Earth_to_Mars,0.019171154055402147,0.019171154055402147,0.0081712099714497752,0.010303459043090152,0.0088643404500313959,1221.859035912637,60,0.020623512330235405,0.019171154055402147,0,16944.29786322172,8192,100000000,8.1920000000000002e-05,8.1920000000000002e-05,60,1221.859035912637,1281.8591178326369,18226.156981054359,1500,18444.29786322172,DELIVERED_MECHANICALLY,1,0,0,200,189,0,11,11,0,0,0,0.94499999999999995,1548288,35.840000000000003,1281.8591178326401,1281.8591178326369,1281.8591178326369,12000,60,200,0,0,0,0,0
97,100096,B4,2.2216457594188359,275.77579028604663,147230231.75242296,26909529.550319873,-53.100546527219187,-197414029.8712447,150770865.07359198,8010240.0984448567,-226648786.61348429,91519006.643811971,48647607.551352933,-147723524.98245716,193892861.17183277,-34114776.220663816,-198208349.1991525,151377509.96246558,8042470.2724376917,366313338966.60858,0.92828816178357787,1,1,1,0.9295775495668599,200,60,16944.29786322172,38051.603895112508,1,1,1,1,4,382526469399.76752,77568352842.272522,340653733261.50592,78122786838.952972,367266624592.98071,999999999.99998975,366313338966.60858,460094822242.04004,418776520100.45886,368266624592.98071,1221.859035912637,1534.6725224884592,1396.8529689808502,1228.3743315309564,1,2,2,2,0.9295775495668599,0.8641144206587279,0.8641144206587279,0.8641144206587279,60,120,120,120,0.020623512330235405,0.018912333311648089,0.4599376466951775,0.023847441488676152,0.45343249760707999,0.020516589558299398,1,0.020623512330235405,0.018912333311648089,0.023847441488676152,0.020516589558299398,0.019171154055402147,0.01634241994289955,0.020606918086180304,0.017728680900062792,1,1,1,1,0,Direct_Earth_to_Mars,0.019171154055402147,0.019171154055402147,0.00650566592654325,0.0090126697745008446,0.0088173240015344614,1221.859035912637,60,0.020623512330235405,0.019171154055402147,0,16944.29786322172,8192,100000000,8.1920000000000002e-05,8.1920000000000002e-05,60,1221.859035912637,1281.8591178326369,18226.156981054359,1500,18444.29786322172,DELIVERED_MECHANICALLY,1,0,0,200,189,0,11,11,0,0,0,0.94499999999999995,1548288,35.840000000000003,1281.8591178326401,1281.8591178326369,1281.8591178326369,12000,60,200,0,0,0,0,0
98,100097,B1,1.2058843067774856,149.68799426515946,-54161050.780225627,-141660307.72563443,169.03698883607285,23300707.154385496,231539485.5474025,4277646.3608023794,-42586571.336925812,231750943.10190469,38342098.602528825,90391987.091388419,207085139.36480197,-9385950.7533661984,23400818.350551654,232534292.04422954,4296025.2147624036,381178050854.99554,0.86853935042976793,1,1,0,0.91563204610810722,200,60,33768.888482813345,3883.2356043913046,1,1,1,0,3,375552971472.44025,74172535940.318451,377633508668.04645,72704530649.073563,382172600300.29443,999999999.99999142,381178050854.99554,449725507412.75867,450338039317.12,383172600300.29443,1271.4411302701653,1500.0850814301491,1502.1282165347566,1278.0940637101214,1,2,2,2,0.91563204610810722,0.83838204386011894,0.83838204386011894,0.83838204386011894,60,120,120,120,0.017820464297680659,0.018358296502668067,0.47063966863913298,0.018156567039604117,0.48983727977869007,0.017727834571473922,1,0.017820464297680659,0.018358296502668067,0.018156567039604117,0.017727834571473922,0.016316988187481816,0.015391266143696927,0.015222139784146568,0,1,1,1,0,0,Direct_Earth_to_Mars,0.91563204610810722,0.91563204610810722,0.83838204386011894,0.83838204386011894,-1,1271.4411302701653,60,0.017820464297680659,0.016316988187481816,0,33768.888482813345,8192,100000000,8.1920000000000002e-05,8.1920000000000002e-05,60,1271.4411302701653,1331.4412121901653,35100.329695003507,1500,35268.888482813345,DELIVERED_MECHANICALLY,1,0,0,200,184,0,16,16,0,0,0,0.92000000000000004,1507328,34.891851851851854,1331.441212190168,1331.4412121901653,1331.4412121901653,12000,60,200,0,0,0,0,0
98,100097,B2,1.2058843067774856,149.68799426515946,-54161050.780225627,-141660307.72563443,169.03698883607285,23300707.154385496,231539485.5474025,4277646.3608023794,-42586571.336925812,231750943.10190469,38342098.602528825,90391987.091388419,207085139.36480197,-9385950.7533661984,23400818.350551654,232534292.04422954,4296025.2147624036,381178050854.99554,0.86853935042976793,1,1,0,0.91563204610810722,200,60,33768.888482813345,3883.2356043913046,1,1,1,0,3,375552971472.44025,74172535940.318451,377633508668.04645,72704530649.073563,382172600300.29443,999999999.99999142,381178050854.99554,449725507412.75867,450338039317.12,383172600300.29443,1271.4411302701653,1500.0850814301491,1502.1282165347566,1278.0940637101214,1,2,2,2,0.91563204610810722,0.83838204386011894,0.83838204386011894,0.83838204386011894,60,120,120,120,0.017820464297680659,0.018358296502668067,0.47063966863913298,0.018156567039604117,0.48983727977869007,0.017727834571473922,1,0.017820464297680659,0.018358296502668067,0.018156567039604117,0.017727834571473922,0.016316988187481816,0.015391266143696927,0.015222139784146568,0,1,1,1,0,0,Direct_Earth_to_Mars,0.91563204610810722,0.91563204610810722,0.41919102193005947,0.41919102193005947,-1,1271.4411302701653,60,0.017820464297680659,0.016316988187481816,0,33768.888482813345,8192,100000000,8.1920000000000002e-05,8.1920000000000002e-05,60,1271.4411302701653,1331.4412121901653,35100.329695003507,1500,35268.888482813345,DELIVERED_MECHANICALLY,1,0,0,200,184,0,16,16,0,0,0,0.92000000000000004,1507328,34.891851851851854,1331.441212190168,1331.4412121901653,1331.4412121901653,12000,60,200,0,0,0,0,0
98,100097,B3,1.2058843067774856,149.68799426515946,-54161050.780225627,-141660307.72563443,169.03698883607285,23300707.154385496,231539485.5474025,4277646.3608023794,-42586571.336925812,231750943.10190469,38342098.602528825,90391987.091388419,207085139.36480197,-9385950.7533661984,23400818.350551654,232534292.04422954,4296025.2147624036,381178050854.99554,0.86853935042976793,1,1,0,0.91563204610810722,200,60,33768.888482813345,3883.2356043913046,1,1,1,0,3,375552971472.44025,74172535940.318451,377633508668.04645,72704530649.073563,382172600300.29443,999999999.99999142,381178050854.99554,449725507412.75867,450338039317.12,383172600300.29443,1271.4411302701653,1500.0850814301491,1502.1282165347566,1278.0940637101214,1,2,2,2,0.91563204610810722,0.83838204386011894,0.83838204386011894,0.83838204386011894,60,120,120,120,0.017820464297680659,0.018358296502668067,0.47063966863913298,0.018156567039604117,0.48983727977869007,0.017727834571473922,1,0.017820464297680659,0.018358296502668067,0.018156567039604117,0.017727834571473922,0.016316988187481816,0.015391266143696927,0.015222139784146568,0,1,1,1,0,0,Direct_Earth_to_Mars,0.016316988187481816,0.016316988187481816,0.0076956330718484633,0.007611069892073284,-1,1271.4411302701653,60,0.017820464297680659,0.016316988187481816,0,33768.888482813345,8192,100000000,8.1920000000000002e-05,8.1920000000000002e-05,60,1271.4411302701653,1331.4412121901653,35100.329695003507,1500,35268.888482813345,DELIVERED_MECHANICALLY,1,0,0,200,184,0,16,16,0,0,0,0.92000000000000004,1507328,34.891851851851854,1331.441212190168,1331.4412121901653,1331.4412121901653,12000,60,200,0,0,0,0,0
98,100097,B4,1.2058843067774856,149.68799426515946,-54161050.780225627,-141660307.72563443,169.03698883607285,23300707.154385496,231539485.5474025,4277646.3608023794,-42586571.336925812,231750943.10190469,38342098.602528825,90391987.091388419,207085139.36480197,-9385950.7533661984,23400818.350551654,232534292.04422954,4296025.2147624036,381178050854.99554,0.86853935042976793,1,1,0,0.91563204610810722,200,60,33768.888482813345,3883.2356043913046,1,1,1,0,3,375552971472.44025,74172535940.318451,377633508668.04645,72704530649.073563,382172600300.29443,999999999.99999142,381178050854.99554,449725507412.75867,450338039317.12,383172600300.29443,1271.4411302701653,1500.0850814301491,1502.1282165347566,1278.0940637101214,1,2,2,2,0.91563204610810722,0.83838204386011894,0.83838204386011894,0.83838204386011894,60,120,120,120,0.017820464297680659,0.018358296502668067,0.47063966863913298,0.018156567039604117,0.48983727977869007,0.017727834571473922,1,0.017820464297680659,0.018358296502668067,0.018156567039604117,0.017727834571473922,0.016316988187481816,0.015391266143696927,0.015222139784146568,0,1,1,1,0,0,Direct_Earth_to_Mars,0.016316988187481816,0.016316988187481816,0.0065226596358701865,0.0064422112570834411,-1,1271.4411302701653,60,0.017820464297680659,0.016316988187481816,0,33768.888482813345,8192,100000000,8.1920000000000002e-05,8.1920000000000002e-05,60,1271.4411302701653,1331.4412121901653,35100.329695003507,1500,35268.888482813345,DELIVERED_MECHANICALLY,1,0,0,200,184,0,16,16,0,0,0,0.92000000000000004,1507328,34.891851851851854,1331.441212190168,1331.4412121901653,1331.4412121901653,12000,60,200,0,0,0,0,0
99,100098,B1,2.1780392383540548,270.36285586241871,149322106.03822014,13160471.611949855,-25.528838048377075,-190778870.88789269,158665716.55916905,8012556.3969411673,-222503750.42796484,100900818.86717355,49262645.107024081,-139030951.94294935,199639834.62938586,-33701215.916788094,-191547318.91776356,159304814.36245561,8044830.5851088744,370006286814.6485,0.93822601253403359,1,1,1,0.90905207435870927,200,60,41930.146087679976,33350.816819015905,1,1,1,1,4,385200787630.88824,77748448253.251358,345047546161.46051,78081779356.045273,370964760452.65326,999999999.99999964,370006286814.6485,462949235884.13959,423129325517.5058,371964760452.65326,1234.1770740982272,1544.1935820017998,1411.3719997248359,1240.709674625261,1,2,2,2,0.90905207435870927,0.8263756738958723,0.8263756738958723,0.8263756738958723,60,120,120,120,0.020430290811134615,0.018850306763818256,0.46271043663749034,0.023492804717191656,0.45876824768820218,0.020324854392064735,1,0.020430290811134615,0.018850306763818256,0.023492804717191656,0.020324854392064735,0.018572198241613599,0.015577434955094231,0.019413882329873382,0.016795965245077975,1,1,1,1,0,Direct_Earth_to_Mars,0.90905207435870927,0.90905207435870927,0.8263756738958723,0.8263756738958723,0.8263756738958723,1234.1770740982272,60,0.020430290811134615,0.018572198241613599,0,41930.146087679976,8192,100000000,8.1920000000000002e-05,8.1920000000000002e-05,60,1234.1770740982272,1294.1771560182272,43224.3232436982,1500,43430.146087679976,DELIVERED_MECHANICALLY,1,0,0,200,181,0,19,19,0,0,0,0.90500000000000003,1482752,34.322962962962961,1294.177156018231,1294.1771560182272,1294.1771560182272,12000,60,200,0,0,0,0,0
99,100098,B2,2.1780392383540548,270.36285586241871,149322106.03822014,13160471.611949855,-25.528838048377075,-190778870.88789269,158665716.55916905,8012556.3969411673,-222503750.42796484,100900818.86717355,49262645.107024081,-139030951.94294935,199639834.62938586,-33701215.916788094,-191547318.91776356,159304814.36245561,8044830.5851088744,370006286814.6485,0.93822601253403359,1,1,1,0.90905207435870927,200,60,41930.146087679976,33350.816819015905,1,1,1,1,4,385200787630.88824,77748448253.251358,345047546161.46051,78081779356.045273,370964760452.65326,999999999.99999964,370006286814.6485,462949235884.13959,423129325517.5058,371964760452.65326,1234.1770740982272,1544.1935820017998,1411.3719997248359,1240.709674625261,1,2,2,2,0.90905207435870927,0.8263756738958723,0.8263756738958723,0.8263756738958723,60,120,120,120,0.020430290811134615,0.018850306763818256,0.46271043663749034,0.023492804717191656,0.45876824768820218,0.020324854392064735,1,0.020430290811134615,0.018850306763818256,0.023492804717191656,0.020324854392064735,0.018572198241613599,0.015577434955094231,0.019413882329873382,0.016795965245077975,1,1,1,1,0,Direct_Earth_to_Mars,0.90905207435870927,0.90905207435870927,0.41318783694793615,0.41318783694793615,0.41318783694793615,1234.1770740982272,60,0.020430290811134615,0.018572198241613599,0,41930.146087679976,8192,100000000,8.1920000000000002e-05,8.1920000000000002e-05,60,1234.1770740982272,1294.1771560182272,43224.3232436982,1500,43430.146087679976,DELIVERED_MECHANICALLY,1,0,0,200,181,0,19,19,0,0,0,0.90500000000000003,1482752,34.322962962962961,1294.177156018231,1294.1771560182272,1294.1771560182272,12000,60,200,0,0,0,0,0
99,100098,B3,2.1780392383540548,270.36285586241871,149322106.03822014,13160471.611949855,-25.528838048377075,-190778870.88789269,158665716.55916905,8012556.3969411673,-222503750.42796484,100900818.86717355,49262645.107024081,-139030951.94294935,199639834.62938586,-33701215.916788094,-191547318.91776356,159304814.36245561,8044830.5851088744,370006286814.6485,0.93822601253403359,1,1,1,0.90905207435870927,200,60,41930.146087679976,33350.816819015905,1,1,1,1,4,385200787630.88824,77748448253.251358,345047546161.46051,78081779356.045273,370964760452.65326,999999999.99999964,370006286814.6485,462949235884.13959,423129325517.5058,371964760452.65326,1234.1770740982272,1544.1935820017998,1411.3719997248359,1240.709674625261,1,2,2,2,0.90905207435870927,0.8263756738958723,0.8263756738958723,0.8263756738958723,60,120,120,120,0.020430290811134615,0.018850306763818256,0.46271043663749034,0.023492804717191656,0.45876824768820218,0.020324854392064735,1,0.020430290811134615,0.018850306763818256,0.023492804717191656,0.020324854392064735,0.018572198241613599,0.015577434955094231,0.019413882329873382,0.016795965245077975,1,1,1,1,0,Direct_Earth_to_Mars,0.018572198241613599,0.018572198241613599,0.0077887174775471153,0.0097069411649366912,0.0083979826225389874,1234.1770740982272,60,0.020430290811134615,0.018572198241613599,0,41930.146087679976,8192,100000000,8.1920000000000002e-05,8.1920000000000002e-05,60,1234.1770740982272,1294.1771560182272,43224.3232436982,1500,43430.146087679976,DELIVERED_MECHANICALLY,1,0,0,200,181,0,19,19,0,0,0,0.90500000000000003,1482752,34.322962962962961,1294.177156018231,1294.1771560182272,1294.1771560182272,12000,60,200,0,0,0,0,0
99,100098,B4,2.1780392383540548,270.36285586241871,149322106.03822014,13160471.611949855,-25.528838048377075,-190778870.88789269,158665716.55916905,8012556.3969411673,-222503750.42796484,100900818.86717355,49262645.107024081,-139030951.94294935,199639834.62938586,-33701215.916788094,-191547318.91776356,159304814.36245561,8044830.5851088744,370006286814.6485,0.93822601253403359,1,1,1,0.90905207435870927,200,60,41930.146087679976,33350.816819015905,1,1,1,1,4,385200787630.88824,77748448253.251358,345047546161.46051,78081779356.045273,370964760452.65326,999999999.99999964,370006286814.6485,462949235884.13959,423129325517.5058,371964760452.65326,1234.1770740982272,1544.1935820017998,1411.3719997248359,1240.709674625261,1,2,2,2,0.90905207435870927,0.8263756738958723,0.8263756738958723,0.8263756738958723,60,120,120,120,0.020430290811134615,0.018850306763818256,0.46271043663749034,0.023492804717191656,0.45876824768820218,0.020324854392064735,1,0.020430290811134615,0.018850306763818256,0.023492804717191656,0.020324854392064735,0.018572198241613599,0.015577434955094231,0.019413882329873382,0.016795965245077975,1,1,1,1,0,Direct_Earth_to_Mars,0.018572198241613599,0.018572198241613599,0.0062250333503883325,0.0084882541581672768,0.0083537654564863496,1234.1770740982272,60,0.020430290811134615,0.018572198241613599,0,41930.146087679976,8192,100000000,8.1920000000000002e-05,8.1920000000000002e-05,60,1234.1770740982272,1294.1771560182272,43224.3232436982,1500,43430.146087679976,DELIVERED_MECHANICALLY,1,0,0,200,181,0,19,19,0,0,0,0.90500000000000003,1482752,34.322962962962961,1294.177156018231,1294.1771560182272,1294.1771560182272,12000,60,200,0,0,0,0,0
100,100099,B1,3.5676174425103127,442.85301357131584,-148915288.68886098,3130726.2919777459,-9.4138543979419751,-186837278.17627683,-144853528.1393654,1557268.3197213416,-132708482.73389275,-187948621.74792725,-4390710.9142178223,-224094713.11141336,-89381683.787349701,-16121104.989551455,-187627564.16940567,-145466230.89045039,1563855.2672118631,152773826162.15277,0.94053458929485445,1,1,1,0.93718977281102234,200,60,20454.536292685745,42948.785752105112,1,1,1,1,4,191815682534.77719,69444164953.878876,120292899199.21571,69121392177.980606,153564779912.25281,999999999.99999046,152773826162.15277,261259847488.65607,189414291377.19632,154564779912.25281,509.58581108123008,871.44712304421637,631.80217270579158,515.55963946715417,1,2,2,2,0.93718977281102234,0.87832467026157568,0.87832467026157568,0.87832467026157568,60,120,120,120,0.12013295124280172,0.076206468141093539,0.58141808620827629,0.19376711507440181,0.58686080346008096,0.11889861999280424,1,0.12013295124280172,0.076206468141093539,0.19376711507440181,0.11889861999280424,0.11258737328235897,0.066934021001825258,0.17019043745526075,0.10443159119973618,1,1,1,1,0,Direct_Earth_to_Mars,0.93718977281102234,0.93718977281102234,0.87832467026157568,0.87832467026157568,0.87832467026157568,509.58581108123008,60,0.12013295124280172,0.11258737328235897,0,20454.536292685745,8192,100000000,8.1920000000000002e-05,8.1920000000000002e-05,60,509.58581108123008,569.58589300123003,21024.122185686974,1500,21954.536292685745,DELIVERED_MECHANICALLY,1,0,0,200,186,0,14,14,0,0,0,0.93000000000000005,1523712,35.271111111111111,569.58589300123163,569.58589300123003,569.58589300123003,12000,60,200,0,0,0,0,0
100,100099,B2,3.5676174425103127,442.85301357131584,-148915288.68886098,3130726.2919777459,-9.4138543979419751,-186837278.17627683,-144853528.1393654,1557268.3197213416,-132708482.73389275,-187948621.74792725,-4390710.9142178223,-224094713.11141336,-89381683.787349701,-16121104.989551455,-187627564.16940567,-145466230.89045039,1563855.2672118631,152773826162.15277,0.94053458929485445,1,1,1,0.93718977281102234,200,60,20454.536292685745,42948.785752105112,1,1,1,1,4,191815682534.77719,69444164953.878876,120292899199.21571,69121392177.980606,153564779912.25281,999999999.99999046,152773826162.15277,261259847488.65607,189414291377.19632,154564779912.25281,509.58581108123008,871.44712304421637,631.80217270579158,515.55963946715417,1,2,2,2,0.93718977281102234,0.87832467026157568,0.87832467026157568,0.87832467026157568,60,120,120,120,0.12013295124280172,0.076206468141093539,0.58141808620827629,0.19376711507440181,0.58686080346008096,0.11889861999280424,1,0.12013295124280172,0.076206468141093539,0.19376711507440181,0.11889861999280424,0.11258737328235897,0.066934021001825258,0.17019043745526075,0.10443159119973618,1,1,1,1,0,Direct_Earth_to_Mars,0.93718977281102234,0.93718977281102234,0.43916233513078784,0.43916233513078784,0.43916233513078784,509.58581108123008,60,0.12013295124280172,0.11258737328235897,0,20454.536292685745,8192,100000000,8.1920000000000002e-05,8.1920000000000002e-05,60,509.58581108123008,569.58589300123003,21024.122185686974,1500,21954.536292685745,DELIVERED_MECHANICALLY,1,0,0,200,186,0,14,14,0,0,0,0.93000000000000005,1523712,35.271111111111111,569.58589300123163,569.58589300123003,569.58589300123003,12000,60,200,0,0,0,0,0
100,100099,B3,3.5676174425103127,442.85301357131584,-148915288.68886098,3130726.2919777459,-9.4138543979419751,-186837278.17627683,-144853528.1393654,1557268.3197213416,-132708482.73389275,-187948621.74792725,-4390710.9142178223,-224094713.11141336,-89381683.787349701,-16121104.989551455,-187627564.16940567,-145466230.89045039,1563855.2672118631,152773826162.15277,0.94053458929485445,1,1,1,0.93718977281102234,200,60,20454.536292685745,42948.785752105112,1,1,1,1,4,191815682534.77719,69444164953.878876,120292899199.21571,69121392177.980606,153564779912.25281,999999999.99999046,152773826162.15277,261259847488.65607,189414291377.19632,154564779912.25281,509.58581108123008,871.44712304421637,631.80217270579158,515.55963946715417,1,2,2,2,0.93718977281102234,0.87832467026157568,0.87832467026157568,0.87832467026157568,60,120,120,120,0.12013295124280172,0.076206468141093539,0.58141808620827629,0.19376711507440181,0.58686080346008096,0.11889861999280424,1,0.12013295124280172,0.076206468141093539,0.19376711507440181,0.11889861999280424,0.11258737328235897,0.066934021001825258,0.17019043745526075,0.10443159119973618,1,1,1,1,0,Direct_Earth_to_Mars,0.11258737328235897,0.11258737328235897,0.033467010500912629,0.085095218727630373,0.052215795599868088,509.58581108123008,60,0.12013295124280172,0.11258737328235897,0,20454.536292685745,8192,100000000,8.1920000000000002e-05,8.1920000000000002e-05,60,509.58581108123008,569.58589300123003,21024.122185686974,1500,21954.536292685745,DELIVERED_MECHANICALLY,1,0,0,200,186,0,14,14,0,0,0,0.93000000000000005,1523712,35.271111111111111,569.58589300123163,569.58589300123003,569.58589300123003,12000,60,200,0,0,0,0,0
100,100099,B4,3.5676174425103127,442.85301357131584,-148915288.68886098,3130726.2919777459,-9.4138543979419751,-186837278.17627683,-144853528.1393654,1557268.3197213416,-132708482.73389275,-187948621.74792725,-4390710.9142178223,-224094713.11141336,-89381683.787349701,-16121104.989551455,-187627564.16940567,-145466230.89045039,1563855.2672118631,152773826162.15277,0.94053458929485445,1,1,1,0.93718977281102234,200,60,20454.536292685745,42948.785752105112,1,1,1,1,4,191815682534.77719,69444164953.878876,120292899199.21571,69121392177.980606,153564779912.25281,999999999.99999046,152773826162.15277,261259847488.65607,189414291377.19632,154564779912.25281,509.58581108123008,871.44712304421637,631.80217270579158,515.55963946715417,1,2,2,2,0.93718977281102234,0.87832467026157568,0.87832467026157568,0.87832467026157568,60,120,120,120,0.12013295124280172,0.076206468141093539,0.58141808620827629,0.19376711507440181,0.58686080346008096,0.11889861999280424,1,0.12013295124280172,0.076206468141093539,0.19376711507440181,0.11889861999280424,0.11258737328235897,0.066934021001825258,0.17019043745526075,0.10443159119973618,1,1,1,1,0,Direct_Earth_to_Mars,0.11258737328235897,0.11258737328235897,0.01957010728430196,0.068634325628770823,0.051610767242197403,509.58581108123008,60,0.12013295124280172,0.11258737328235897,0,20454.536292685745,8192,100000000,8.1920000000000002e-05,8.1920000000000002e-05,60,509.58581108123008,569.58589300123003,21024.122185686974,1500,21954.536292685745,DELIVERED_MECHANICALLY,1,0,0,200,186,0,14,14,0,0,0,0.93000000000000005,1523712,35.271111111111111,569.58589300123163,569.58589300123003,569.58589300123003,12000,60,200,0,0,0,0,0
