Trial,Seed,Route_Name,Route_Available,Hop_Number,Hop_Distance_m,Optical_Degradation_Factor,Background_Photons_Per_Slot,Diffraction_Efficiency,Received_Power_W,Photon_Flux_Per_s,Signal_Photons_Per_Slot,PPM_Order,Packet_Bits,Conservative_Uncoded_SER,Uncoded_Packet_Success_Probability
1,100000,Direct_Earth_to_Mars,1,1,226224890899.86777,0.91535498130280457,0,8.0270427174858836e-15,5.8780748292648849e-14,458652.48254649749,0.45865248254649749,16,8192,0.63213488463834366,0
1,100000,Earth_Relay0_Mars,1,1,181628612606.97336,0.91535498130280457,0,1.2452823078229069e-14,9.1190029087516029e-14,711534.54896910768,0.71153454896910762,16,8192,0.49089032394043841,0
1,100000,Earth_Relay0_Mars,1,2,75153218320.811935,0.91535498130280457,0,7.2734621373861394e-14,5.3262398390189983e-13,4155940.8407695112,4.1559408407695111,16,8192,0.01567104023803223,8.9383588940517961e-15
1,100000,Earth_Relay1_Mars,0,1,267517111940.19858,0.91535498130280457,0,5.7402818188494069e-15,4.2035164455725831e-14,327990.5937209726,0.32799059372097256,16,8192,0.72036979567273396,0
1,100000,Earth_Relay1_Mars,0,2,78966578570.133102,0.91535498130280457,0,6.5879410754700803e-14,4.8242437439687151e-13,3764244.9847093495,3.7642449847093493,16,8192,0.023185110741779202,1.3662512731066204e-21
1,100000,Earth_Relay2_Mars,1,1,227003438045.67664,0.91535498130280457,0,7.9720769028382424e-15,5.8378242434736159e-14,455511.82312426536,0.45551182312426536,16,8192,0.63412332589383147,0
1,100000,Earth_Relay2_Mars,1,2,1000000000.0000001,0.91535498130280457,0,4.1080559421807932e-10,3.0082635761166206e-09,23472779735.140671,23472.77973514067,16,8192,0,1
1,100000,Direct_Earth_to_Mars,1,1,226224890899.86777,0.91535498130280457,0.01,8.0270427174858836e-15,5.8780748292648849e-14,458652.48254649749,0.45865248254649749,16,8192,0.6667511345937468,0
1,100000,Earth_Relay0_Mars,1,1,181628612606.97336,0.91535498130280457,0.01,1.2452823078229069e-14,9.1190029087516029e-14,711534.54896910768,0.71153454896910762,16,8192,0.53494571782189282,0
1,100000,Earth_Relay0_Mars,1,2,75153218320.811935,0.91535498130280457,0.01,7.2734621373861394e-14,5.3262398390189983e-13,4155940.8407695112,4.1559408407695111,16,8192,0.02461898966036935,6.7446335362542282e-23
1,100000,Earth_Relay1_Mars,0,1,267517111940.19858,0.91535498130280457,0.01,5.7402818188494069e-15,4.2035164455725831e-14,327990.5937209726,0.32799059372097256,16,8192,0.74680946491587807,0
1,100000,Earth_Relay1_Mars,0,2,78966578570.133102,0.91535498130280457,0.01,6.5879410754700803e-14,4.8242437439687151e-13,3764244.9847093495,3.7642449847093493,16,8192,0.035144334907462049,1.5097154582254038e-32
1,100000,Earth_Relay2_Mars,1,1,227003438045.67664,0.91535498130280457,0.01,7.9720769028382424e-15,5.8378242434736159e-14,455511.82312426536,0.45551182312426536,16,8192,0.6685731292611985,0
1,100000,Earth_Relay2_Mars,1,2,1000000000.0000001,0.91535498130280457,0.01,4.1080559421807932e-10,3.0082635761166206e-09,23472779735.140671,23472.77973514067,16,8192,0,1
1,100000,Direct_Earth_to_Mars,1,1,226224890899.86777,0.91535498130280457,0.10000000000000001,8.0270427174858836e-15,5.8780748292648849e-14,458652.48254649749,0.45865248254649749,16,8192,0.82632021721027427,0
1,100000,Earth_Relay0_Mars,1,1,181628612606.97336,0.91535498130280457,0.10000000000000001,1.2452823078229069e-14,9.1190029087516029e-14,711534.54896910768,0.71153454896910762,16,8192,0.73423752662484465,0
1,100000,Earth_Relay0_Mars,1,2,75153218320.811935,0.91535498130280457,0.10000000000000001,7.2734621373861394e-14,5.3262398390189983e-13,4155940.8407695112,4.1559408407695111,16,8192,0.07021944523831436,1.7505738451959474e-65
1,100000,Earth_Relay1_Mars,0,1,267517111940.19858,0.91535498130280457,0.10000000000000001,5.7402818188494069e-15,4.2035164455725831e-14,327990.5937209726,0.32799059372097256,16,8192,0.87261742143813936,0
1,100000,Earth_Relay1_Mars,0,2,78966578570.133102,0.91535498130280457,0.10000000000000001,6.5879410754700803e-14,4.8242437439687151e-13,3764244.9847093495,3.7642449847093493,16,8192,0.095076214427099348,1.3847884308214275e-89
1,100000,Earth_Relay2_Mars,1,1,227003438045.67664,0.91535498130280457,0.10000000000000001,7.9720769028382424e-15,5.8378242434736159e-14,455511.82312426536,0.45551182312426536,16,8192,0.82745068949482592,0
1,100000,Earth_Relay2_Mars,1,2,1000000000.0000001,0.91535498130280457,0.10000000000000001,4.1080559421807932e-10,3.0082635761166206e-09,23472779735.140671,23472.77973514067,16,8192,0,1
1,100000,Direct_Earth_to_Mars,1,1,226224890899.86777,0.91535498130280457,1,8.0270427174858836e-15,5.8780748292648849e-14,458652.48254649749,0.45865248254649749,16,8192,0.91436565822922811,0
1,100000,Earth_Relay0_Mars,1,1,181628612606.97336,0.91535498130280457,1,1.2452823078229069e-14,9.1190029087516029e-14,711534.54896910768,0.71153454896910762,16,8192,0.87681201707064971,0
1,100000,Earth_Relay0_Mars,1,2,75153218320.811935,0.91535498130280457,1,7.2734621373861394e-14,5.3262398390189983e-13,4155940.8407695112,4.1559408407695111,16,8192,0.25880294767143786,4.2090473509376516e-267
1,100000,Earth_Relay1_Mars,0,1,267517111940.19858,0.91535498130280457,1,5.7402818188494069e-15,4.2035164455725831e-14,327990.5937209726,0.32799059372097256,16,8192,0.93133690137220837,0
1,100000,Earth_Relay1_Mars,0,2,78966578570.133102,0.91535498130280457,1,6.5879410754700803e-14,4.8242437439687151e-13,3764244.9847093495,3.7642449847093493,16,8192,0.31137426684373337,0
1,100000,Earth_Relay2_Mars,1,1,227003438045.67664,0.91535498130280457,1,7.9720769028382424e-15,5.8378242434736159e-14,455511.82312426536,0.45551182312426536,16,8192,0.91479408245166294,0
1,100000,Earth_Relay2_Mars,1,2,1000000000.0000001,0.91535498130280457,1,4.1080559421807932e-10,3.0082635761166206e-09,23472779735.140671,23472.77973514067,16,8192,0,1
1,100000,Direct_Earth_to_Mars,1,1,226224890899.86777,0.91535498130280457,4,8.0270427174858836e-15,5.8780748292648849e-14,458652.48254649749,0.45865248254649749,16,8192,0.93132880024244036,0
1,100000,Earth_Relay0_Mars,1,1,181628612606.97336,0.91535498130280457,4,1.2452823078229069e-14,9.1190029087516029e-14,711534.54896910768,0.71153454896910762,16,8192,0.91451579263856986,0
1,100000,Earth_Relay0_Mars,1,2,75153218320.811935,0.91535498130280457,4,7.2734621373861394e-14,5.3262398390189983e-13,4155940.8407695112,4.1559408407695111,16,8192,0.5315114532812959,0
1,100000,Earth_Relay1_Mars,0,1,267517111940.19858,0.91535498130280457,4,5.7402818188494069e-15,4.2035164455725831e-14,327990.5937209726,0.32799059372097256,16,8192,0.93916058532032953,0
1,100000,Earth_Relay1_Mars,0,2,78966578570.133102,0.91535498130280457,4,6.5879410754700803e-14,4.8242437439687151e-13,3764244.9847093495,3.7642449847093493,16,8192,0.58131308254088876,0
1,100000,Earth_Relay2_Mars,1,1,227003438045.67664,0.91535498130280457,4,7.9720769028382424e-15,5.8378242434736159e-14,455511.82312426536,0.45551182312426536,16,8192,0.9315238774517941,0
1,100000,Earth_Relay2_Mars,1,2,1000000000.0000001,0.91535498130280457,4,4.1080559421807932e-10,3.0082635761166206e-09,23472779735.140671,23472.77973514067,16,8192,0,1
2,100001,Direct_Earth_to_Mars,1,1,392093050456.03699,0.93381665290172622,0,2.6721329317368545e-15,1.9962257843383893e-14,155760.84658735682,0.15576084658735681,16,8192,0.85576382473964241,0
2,100001,Earth_Relay0_Mars,1,1,394860380634.21185,0.93381665290172622,0,2.6348095529745976e-15,1.9683432302337857e-14,153585.23585913939,0.15358523585913939,16,8192,0.85762766045288141,0
2,100001,Earth_Relay0_Mars,1,2,76990169187.327438,0.93381665290172622,0,6.9305196793177796e-14,5.1774677518480585e-13,4039857.4476577756,4.0398574476577753,16,8192,0.017599981155342448,1.6090355437998337e-16
2,100001,Earth_Relay1_Mars,0,1,378404363900.47095,0.93381665290172622,0,2.8689572481215483e-15,2.1432640438072091e-14,167233.89936289017,0.16723389936289015,16,8192,0.84600170893274407,0
2,100001,Earth_Relay1_Mars,0,2,75084140246.636673,0.93381665290172622,0,7.2868515929627724e-14,5.4436666917856864e-13,4247566.2778444579,4.2475662778444576,16,8192,0.014298991368939862,1.5494285345610396e-13
2,100001,Earth_Relay2_Mars,1,1,393091396524.23114,0.93381665290172622,0,2.6585771745079934e-15,1.9860989108639862e-14,154970.67024656836,0.15497067024656835,16,8192,0.8564402962979667,0
2,100001,Earth_Relay2_Mars,1,2,999999999.99999845,0.93381665290172622,0,4.1080559421808067e-10,3.0689368398882623e-09,23946199074.998615,23946.199074998614,16,8192,0,1
2,100001,Direct_Earth_to_Mars,1,1,392093050456.03699,0.93381665290172622,0.01,2.6721329317368545e-15,1.9962257843383893e-14,155760.84658735682,0.15576084658735681,16,8192,0.86681976987903797,0
2,100001,Earth_Relay0_Mars,1,1,394860380634.21185,0.93381665290172622,0.01,2.6348095529745976e-15,1.9683432302337857e-14,153585.23585913939,0.15358523585913939,16,8192,0.86845014467541792,0
2,100001,Earth_Relay0_Mars,1,2,76990169187.327438,0.93381665290172622,0.01,6.9305196793177796e-14,5.1774677518480585e-13,4039857.4476577756,4.0398574476577753,16,8192,0.027361347493265797,2.1121361436571201e-25
2,100001,Earth_Relay1_Mars,0,1,378404363900.47095,0.93381665290172622,0.01,2.8689572481215483e-15,2.1432640438072091e-14,167233.89936289017,0.16723389936289015,16,8192,0.85827130796461415,0
2,100001,Earth_Relay1_Mars,0,2,75084140246.636673,0.93381665290172622,0.01,7.2868515929627724e-14,5.4436666917856864e-13,4247566.2778444579,4.2475662778444576,16,8192,0.022648294827313231,4.209126872580816e-21
2,100001,Earth_Relay2_Mars,1,1,393091396524.23114,0.93381665290172622,0.01,2.6585771745079934e-15,1.9860989108639862e-14,154970.67024656836,0.15497067024656835,16,8192,0.8674115721175667,0
2,100001,Earth_Relay2_Mars,1,2,999999999.99999845,0.93381665290172622,0.01,4.1080559421808067e-10,3.0689368398882623e-09,23946199074.998615,23946.199074998614,16,8192,0,1
2,100001,Direct_Earth_to_Mars,1,1,392093050456.03699,0.93381665290172622,0.10000000000000001,2.6721329317368545e-15,1.9962257843383893e-14,155760.84658735682,0.15576084658735681,16,8192,0.9299058124585603,0
2,100001,Earth_Relay0_Mars,1,1,394860380634.21185,0.93381665290172622,0.10000000000000001,2.6348095529745976e-15,1.9683432302337857e-14,153585.23585913939,0.15358523585913939,16,8192,0.93059020112641466,0
2,100001,Earth_Relay0_Mars,1,2,76990169187.327438,0.93381665290172622,0.10000000000000001,6.9305196793177796e-14,5.1774677518480585e-13,4039857.4476577756,4.0398574476577753,16,8192,0.076860313341144737,7.3736151872402992e-72
2,100001,Earth_Relay1_Mars,0,1,378404363900.47095,0.93381665290172622,0.10000000000000001,2.8689572481215483e-15,2.1432640438072091e-14,167233.89936289017,0.16723389936289015,16,8192,0.92627752976604405,0
2,100001,Earth_Relay1_Mars,0,2,75084140246.636673,0.93381665290172622,0.10000000000000001,7.2868515929627724e-14,5.4436666917856864e-13,4247566.2778444579,4.2475662778444576,16,8192,0.065365233404753087,7.4933588064095049e-61
2,100001,Earth_Relay2_Mars,1,1,393091396524.23114,0.93381665290172622,0.10000000000000001,2.6585771745079934e-15,1.9860989108639862e-14,154970.67024656836,0.15497067024656835,16,8192,0.93015451639853064,0
2,100001,Earth_Relay2_Mars,1,2,999999999.99999845,0.93381665290172622,0.10000000000000001,4.1080559421808067e-10,3.0689368398882623e-09,23946199074.998615,23946.199074998614,16,8192,0,1
2,100001,Direct_Earth_to_Mars,1,1,392093050456.03699,0.93381665290172622,1,2.6721329317368545e-15,1.9962257843383893e-14,155760.84658735682,0.15576084658735681,16,8192,0.95090410859639152,0
2,100001,Earth_Relay0_Mars,1,1,394860380634.21185,0.93381665290172622,1,2.6348095529745976e-15,1.9683432302337857e-14,153585.23585913939,0.15358523585913939,16,8192,0.95113004180449179,0
2,100001,Earth_Relay0_Mars,1,2,76990169187.327438,0.93381665290172622,1,6.9305196793177796e-14,5.1774677518480585e-13,4039857.4476577756,4.0398574476577753,16,8192,0.2736328252955873,4.4454684515332504e-285
2,100001,Earth_Relay1_Mars,0,1,378404363900.47095,0.93381665290172622,1,2.8689572481215483e-15,2.1432640438072091e-14,167233.89936289017,0.16723389936289015,16,8192,0.9497037343725071,0
2,100001,Earth_Relay1_Mars,0,2,75084140246.636673,0.93381665290172622,1,7.2868515929627724e-14,5.4436666917856864e-13,4247566.2778444579,4.2475662778444576,16,8192,0.24753778425406148,1.0981448425008397e-253
2,100001,Earth_Relay2_Mars,1,1,393091396524.23114,0.93381665290172622,1,2.6585771745079934e-15,1.9860989108639862e-14,154970.67024656836,0.15497067024656835,16,8192,0.95098622938930411,0
2,100001,Earth_Relay2_Mars,1,2,999999999.99999845,0.93381665290172622,1,4.1080559421808067e-10,3.0689368398882623e-09,23946199074.998615,23946.199074998614,16,8192,0,1
2,100001,Direct_Earth_to_Mars,1,1,392093050456.03699,0.93381665290172622,4,2.6721329317368545e-15,1.9962257843383893e-14,155760.84658735682,0.15576084658735681,16,8192,0.94859988980257226,0
2,100001,Earth_Relay0_Mars,1,1,394860380634.21185,0.93381665290172622,4,2.6348095529745976e-15,1.9683432302337857e-14,153585.23585913939,0.15358523585913939,16,8192,0.948712754124451,0
2,100001,Earth_Relay0_Mars,1,2,76990169187.327438,0.93381665290172622,4,6.9305196793177796e-14,5.1774677518480585e-13,4039857.4476577756,4.0398574476577753,16,8192,0.54619507589377703,0
2,100001,Earth_Relay1_Mars,0,1,378404363900.47095,0.93381665290172622,4,2.8689572481215483e-15,2.1432640438072091e-14,167233.89936289017,0.16723389936289015,16,8192,0.94800208709618183,0
2,100001,Earth_Relay1_Mars,0,2,75084140246.636673,0.93381665290172622,4,7.2868515929627724e-14,5.4436666917856864e-13,4247566.2778444579,4.2475662778444576,16,8192,0.51998457493644268,0
2,100001,Earth_Relay2_Mars,1,1,393091396524.23114,0.93381665290172622,4,2.6585771745079934e-15,1.9860989108639862e-14,154970.67024656836,0.15497067024656835,16,8192,0.94864090010712465,0
2,100001,Earth_Relay2_Mars,1,2,999999999.99999845,0.93381665290172622,4,4.1080559421808067e-10,3.0689368398882623e-09,23946199074.998615,23946.199074998614,16,8192,0,1
3,100002,Direct_Earth_to_Mars,1,1,342263292735.57843,0.92420181873497187,0,3.506837974404793e-15,2.5928208271630193e-14,202311.7676651463,0.20231176766514627,16,8192,0.81684022387065913,0
3,100002,Earth_Relay0_Mars,1,1,322524825857.26129,0.92420181873497187,0,3.9492083829785388e-15,2.9198924560897297e-14,227832.40476743429,0.22783240476743427,16,8192,0.79625769764739029,0
3,100002,Earth_Relay0_Mars,1,2,72775491428.33342,0.92420181873497187,0,7.7565046202103147e-14,5.7348605416196678e-13,4474778.0538220191,4.4747780538220185,16,8192,0.011392750421342579,6.4375957927387043e-11
3,100002,Earth_Relay1_Mars,1,1,354551195370.42371,0.92420181873497187,0,3.2679728603254986e-15,2.4162131688714833e-14,188531.48359852331,0.18853148359852329,16,8192,0.82817442911695394,0
3,100002,Earth_Relay1_Mars,1,2,74890342951.873886,0.92420181873497187,0,7.3246134523090163e-14,5.4155368593237062e-13,4225617.2250218047,4.2256172250218045,16,8192,0.014616310372369101,8.0130264953750326e-14
3,100002,Earth_Relay2_Mars,1,1,343215067205.9176,0.92420181873497187,0,3.4874152203542323e-15,2.5784603914683235e-14,201191.25632884449,0.20119125632884449,16,8192,0.81775601558313316,0
3,100002,Earth_Relay2_Mars,1,2,999999999.99999499,0.92420181873497187,0,4.1080559421808356e-10,3.0373382185828288e-09,23699642395.681961,23699.64239568196,16,8192,0,1
3,100002,Direct_Earth_to_Mars,1,1,342263292735.57843,0.92420181873497187,0.01,3.506837974404793e-15,2.5928208271630193e-14,202311.7676651463,0.20231176766514627,16,8192,0.83264243279791961,0
3,100002,Earth_Relay0_Mars,1,1,322524825857.26129,0.92420181873497187,0.01,3.9492083829785388e-15,2.9198924560897297e-14,227832.40476743429,0.22783240476743427,16,8192,0.81446748957442872,0
3,100002,Earth_Relay0_Mars,1,2,72775491428.33342,0.92420181873497187,0.01,7.7565046202103147e-14,5.7348605416196678e-13,4474778.0538220191,4.4747780538220185,16,8192,0.018410458105883487,2.9681210296996443e-17
3,100002,Earth_Relay1_Mars,1,1,354551195370.42371,0.92420181873497187,0.01,3.2679728603254986e-15,2.4162131688714833e-14,188531.48359852331,0.18853148359852329,16,8192,0.84262032524162256,0
3,100002,Earth_Relay1_Mars,1,2,74890342951.873886,0.92420181873497187,0.01,7.3246134523090163e-14,5.4155368593237062e-13,4225617.2250218047,4.2256172250218045,16,8192,0.023105645228325367,1.6139298685012969e-21
3,100002,Earth_Relay2_Mars,1,1,343215067205.9176,0.92420181873497187,0.01,3.4874152203542323e-15,2.5784603914683235e-14,201191.25632884449,0.20119125632884449,16,8192,0.83344943388835202,0
3,100002,Earth_Relay2_Mars,1,2,999999999.99999499,0.92420181873497187,0.01,4.1080559421808356e-10,3.0373382185828288e-09,23699642395.681961,23699.64239568196,16,8192,0,1
3,100002,Direct_Earth_to_Mars,1,1,342263292735.57843,0.92420181873497187,0.10000000000000001,3.506837974404793e-15,2.5928208271630193e-14,202311.7676651463,0.20231176766514627,16,8192,0.91499431014859522,0
3,100002,Earth_Relay0_Mars,1,1,322524825857.26129,0.92420181873497187,0.10000000000000001,3.9492083829785388e-15,2.9198924560897297e-14,227832.40476743429,0.22783240476743427,16,8192,0.90661864740045661,0
3,100002,Earth_Relay0_Mars,1,2,72775491428.33342,0.92420181873497187,0.10000000000000001,7.7565046202103147e-14,5.7348605416196678e-13,4474778.0538220191,4.4747780538220185,16,8192,0.054665367576206769,9.9826191423535535e-51
3,100002,Earth_Relay1_Mars,1,1,354551195370.42371,0.92420181873497187,0.10000000000000001,3.2679728603254986e-15,2.4162131688714833e-14,188531.48359852331,0.18853148359852329,16,8192,0.91945989324579269,0
3,100002,Earth_Relay1_Mars,1,2,74890342951.873886,0.92420181873497187,0.10000000000000001,7.3246134523090163e-14,5.4155368593237062e-13,4225617.2250218047,4.2256172250218045,16,8192,0.066498214832371727,6.2493225233200271e-62
3,100002,Earth_Relay2_Mars,1,1,343215067205.9176,0.92420181873497187,0.10000000000000001,3.4874152203542323e-15,2.5784603914683235e-14,201191.25632884449,0.20119125632884449,16,8192,0.91535895539376622,0
3,100002,Earth_Relay2_Mars,1,2,999999999.99999499,0.92420181873497187,0.10000000000000001,4.1080559421808356e-10,3.0373382185828288e-09,23699642395.681961,23699.64239568196,16,8192,0,1
3,100002,Direct_Earth_to_Mars,1,1,342263292735.57843,0.92420181873497187,1,3.506837974404793e-15,2.5928208271630193e-14,202311.7676651463,0.20231176766514627,16,8192,0.94594112747656867,0
3,100002,Earth_Relay0_Mars,1,1,322524825857.26129,0.92420181873497187,1,3.9492083829785388e-15,2.9198924560897297e-14,227832.40476743429,0.22783240476743427,16,8192,0.94311665321650207,0
3,100002,Earth_Relay0_Mars,1,2,72775491428.33342,0.92420181873497187,1,7.7565046202103147e-14,5.7348605416196678e-13,4474778.0538220191,4.4747780538220185,16,8192,0.22124659700377958,3.8646739520080493e-223
3,100002,Earth_Relay1_Mars,1,1,354551195370.42371,0.92420181873497187,1,3.2679728603254986e-15,2.4162131688714833e-14,188531.48359852331,0.18853148359852329,16,8192,0.94743584444874074,0
3,100002,Earth_Relay1_Mars,1,2,74890342951.873886,0.92420181873497187,1,7.3246134523090163e-14,5.4155368593237062e-13,4225617.2250218047,4.2256172250218045,16,8192,0.25020125905301616,7.7047681703792823e-257
3,100002,Earth_Relay2_Mars,1,1,343215067205.9176,0.92420181873497187,1,3.4874152203542323e-15,2.5784603914683235e-14,201191.25632884449,0.20119125632884449,16,8192,0.94606346555873577,0
3,100002,Earth_Relay2_Mars,1,2,999999999.99999499,0.92420181873497187,1,4.1080559421808356e-10,3.0373382185828288e-09,23699642395.681961,23699.64239568196,16,8192,0,1
3,100002,Direct_Earth_to_Mars,1,1,342263292735.57843,0.92420181873497187,4,3.506837974404793e-15,2.5928208271630193e-14,202311.7676651463,0.20231176766514627,16,8192,0.94614704064386546,0
3,100002,Earth_Relay0_Mars,1,1,322524825857.26129,0.92420181873497187,4,3.9492083829785388e-15,2.9198924560897297e-14,227832.40476743429,0.22783240476743427,16,8192,0.94477147142449525,0
3,100002,Earth_Relay0_Mars,1,2,72775491428.33342,0.92420181873497187,4,7.7565046202103147e-14,5.7348605416196678e-13,4474778.0538220191,4.4747780538220185,16,8192,0.49169768643774692,0
3,100002,Earth_Relay1_Mars,1,1,354551195370.42371,0.92420181873497187,4,3.2679728603254986e-15,2.4162131688714833e-14,188531.48359852331,0.18853148359852329,16,8192,0.94688070878421704,0
3,100002,Earth_Relay1_Mars,1,2,74890342951.873886,0.92420181873497187,4,7.3246134523090163e-14,5.4155368593237062e-13,4225617.2250218047,4.2256172250218045,16,8192,0.52274026584063971,0
3,100002,Earth_Relay2_Mars,1,1,343215067205.9176,0.92420181873497187,4,3.4874152203542323e-15,2.5784603914683235e-14,201191.25632884449,0.20119125632884449,16,8192,0.94620693507205711,0
3,100002,Earth_Relay2_Mars,1,2,999999999.99999499,0.92420181873497187,4,4.1080559421808356e-10,3.0373382185828288e-09,23699642395.681961,23699.64239568196,16,8192,0,1
4,100003,Direct_Earth_to_Mars,1,1,299027805405.45294,0.94224965905718827,0,4.5942349572799149e-15,3.4631330577004926e-14,270220.20311738981,0.27022020311738981,16,8192,0.76321141429900208,0
4,100003,Earth_Relay0_Mars,1,1,264163591626.39374,0.94224965905718827,0,5.8869510897794366e-15,4.4375821257848133e-14,346254.19335631444,0.34625419335631441,16,8192,0.70733266498853187,0
4,100003,Earth_Relay0_Mars,1,2,77064450359.955627,0.94224965905718827,0,6.9171656874529952e-14,5.2141576085157322e-13,4068485.687912771,4.0684856879127711,16,8192,0.017103268593637977,4.5306491697600911e-16
4,100003,Earth_Relay1_Mars,1,1,325941309523.45703,0.94224965905718827,0,3.8668518817980583e-15,2.9148318937990939e-14,227437.5408834079,0.2274375408834079,16,8192,0.79657217313799,0
4,100003,Earth_Relay1_Mars,1,2,81145132441.356735,0.94224965905718827,0,6.2389485212099426e-14,4.7029176935883343e-13,3669577.0945908385,3.6695770945908386,16,8192,0.025487246362169591,1.0885682902158064e-23
4,100003,Earth_Relay2_Mars,1,1,299917588751.40015,0.94224965905718827,0,4.5670154140695905e-15,3.4426149734527963e-14,268619.2248123074,0.26861922481230738,16,8192,0.76443427784329165,0
4,100003,Earth_Relay2_Mars,1,2,999999999.99998736,0.94224965905718827,0,4.1080559421808987e-10,3.0966514487262466e-09,24162449710.03751,24162.449710037508,16,8192,0,1
4,100003,Direct_Earth_to_Mars,1,1,299027805405.45294,0.94224965905718827,0.01,4.5942349572799149e-15,3.4631330577004926e-14,270220.20311738981,0.27022020311738981,16,8192,0.78513302295782139,0
4,100003,Earth_Relay0_Mars,1,1,264163591626.39374,0.94224965905718827,0.01,5.8869510897794366e-15,4.4375821257848133e-14,346254.19335631444,0.34625419335631441,16,8192,0.73507867301270702,0
4,100003,Earth_Relay0_Mars,1,2,77064450359.955627,0.94224965905718827,0.01,6.9171656874529952e-14,5.2141576085157322e-13,4068485.687912771,4.0684856879127711,16,8192,0.026658147481005923,9.2797211345102467e-25
4,100003,Earth_Relay1_Mars,1,1,325941309523.45703,0.94224965905718827,0.01,3.8668518817980583e-15,2.9148318937990939e-14,227437.5408834079,0.2274375408834079,16,8192,0.81474572510501275,0
4,100003,Earth_Relay1_Mars,1,2,81145132441.356735,0.94224965905718827,0.01,6.2389485212099426e-14,4.7029176935883343e-13,3669577.0945908385,3.6695770945908386,16,8192,0.03829453142981476,1.8629075128038423e-35
4,100003,Earth_Relay2_Mars,1,1,299917588751.40015,0.94224965905718827,0.01,4.5670154140695905e-15,3.4426149734527963e-14,268619.2248123074,0.26861922481230738,16,8192,0.78622198305993152,0
4,100003,Earth_Relay2_Mars,1,2,999999999.99998736,0.94224965905718827,0.01,4.1080559421808987e-10,3.0966514487262466e-09,24162449710.03751,24162.449710037508,16,8192,0,1
4,100003,Direct_Earth_to_Mars,1,1,299027805405.45294,0.94224965905718827,0.10000000000000001,4.5942349572799149e-15,3.4631330577004926e-14,270220.20311738981,0.27022020311738981,16,8192,0.89243107579650827,0
4,100003,Earth_Relay0_Mars,1,1,264163591626.39374,0.94224965905718827,0.10000000000000001,5.8869510897794366e-15,4.4375821257848133e-14,346254.19335631444,0.34625419335631441,16,8192,0.86625552916717086,0
4,100003,Earth_Relay0_Mars,1,2,77064450359.955627,0.94224965905718827,0.10000000000000001,6.9171656874529952e-14,5.2141576085157322e-13,4068485.687912771,4.0684856879127711,16,8192,0.075169514829631967,3.127926076793656e-70
4,100003,Earth_Relay1_Mars,1,1,325941309523.45703,0.94224965905718827,0.10000000000000001,3.8668518817980583e-15,2.9148318937990939e-14,227437.5408834079,0.2274375408834079,16,8192,0.90674923798233653,0
4,100003,Earth_Relay1_Mars,1,2,81145132441.356735,0.94224965905718827,0.10000000000000001,6.2389485212099426e-14,4.7029176935883343e-13,3669577.0945908385,3.6695770945908386,16,8192,0.10221649777536757,1.2458873275673032e-96
4,100003,Earth_Relay2_Mars,1,1,299917588751.40015,0.94224965905718827,0.10000000000000001,4.5670154140695905e-15,3.4426149734527963e-14,268619.2248123074,0.26861922481230738,16,8192,0.892972728891266,0
4,100003,Earth_Relay2_Mars,1,2,999999999.99998736,0.94224965905718827,0.10000000000000001,4.1080559421808987e-10,3.0966514487262466e-09,24162449710.03751,24162.449710037508,16,8192,0,1
4,100003,Direct_Earth_to_Mars,1,1,299027805405.45294,0.94224965905718827,1,4.5942349572799149e-15,3.4631330577004926e-14,270220.20311738981,0.27022020311738981,16,8192,0.93826534864030053,0
4,100003,Earth_Relay0_Mars,1,1,264163591626.39374,0.94224965905718827,1,5.8869510897794366e-15,4.4375821257848133e-14,346254.19335631444,0.34625419335631441,16,8192,0.92907182110742303,0
4,100003,Earth_Relay0_Mars,1,2,77064450359.955627,0.94224965905718827,1,6.9171656874529952e-14,5.2141576085157322e-13,4068485.687912771,4.0684856879127711,16,8192,0.2699172390040725,1.5347871694769858e-280
4,100003,Earth_Relay1_Mars,1,1,325941309523.45703,0.94224965905718827,1,3.8668518817980583e-15,2.9148318937990939e-14,227437.5408834079,0.2274375408834079,16,8192,0.94316090898074989,0
4,100003,Earth_Relay1_Mars,1,2,81145132441.356735,0.94224965905718827,1,6.2389485212099426e-14,4.7029176935883343e-13,3669577.0945908385,3.6695770945908386,16,8192,0.32516549811495754,0
4,100003,Earth_Relay2_Mars,1,1,299917588751.40015,0.94224965905718827,1,4.5670154140695905e-15,3.4426149734527963e-14,268619.2248123074,0.26861922481230738,16,8192,0.93845218298263355,0
4,100003,Earth_Relay2_Mars,1,2,999999999.99998736,0.94224965905718827,1,4.1080559421808987e-10,3.0966514487262466e-09,24162449710.03751,24162.449710037508,16,8192,0,1
4,100003,Direct_Earth_to_Mars,1,1,299027805405.45294,0.94224965905718827,4,4.5942349572799149e-15,3.4631330577004926e-14,270220.20311738981,0.27022020311738981,16,8192,0.94243828988157086,0
4,100003,Earth_Relay0_Mars,1,1,264163591626.39374,0.94224965905718827,4,5.8869510897794366e-15,4.4375821257848133e-14,346254.19335631444,0.34625419335631441,16,8192,0.93810081982477056,0
4,100003,Earth_Relay0_Mars,1,2,77064450359.955627,0.94224965905718827,4,6.9171656874529952e-14,5.2141576085157322e-13,4068485.687912771,4.0684856879127711,16,8192,0.54256639614692004,0
4,100003,Earth_Relay1_Mars,1,1,325941309523.45703,0.94224965905718827,4,3.8668518817980583e-15,2.9148318937990939e-14,227437.5408834079,0.2274375408834079,16,8192,0.9447929215047115,0
4,100003,Earth_Relay1_Mars,1,2,81145132441.356735,0.94224965905718827,4,6.2389485212099426e-14,4.7029176935883343e-13,3669577.0945908385,3.6695770945908386,16,8192,0.59342323223047133,0
4,100003,Earth_Relay2_Mars,1,1,299917588751.40015,0.94224965905718827,4,4.5670154140695905e-15,3.4426149734527963e-14,268619.2248123074,0.26861922481230738,16,8192,0.94252751555116254,0
4,100003,Earth_Relay2_Mars,1,2,999999999.99998736,0.94224965905718827,4,4.1080559421808987e-10,3.0966514487262466e-09,24162449710.03751,24162.449710037508,16,8192,0,1
5,100004,Direct_Earth_to_Mars,1,1,115327222798.47296,0.86692347383739798,0,3.0886783311819746e-14,2.14211819874766e-13,1671444.9174280353,1.6714449174280352,16,8192,0.18797526058804559,6.2783586356939668e-186
5,100004,Earth_Relay0_Mars,1,1,73480375236.906433,0.86692347383739798,0,7.6084049282753963e-14,5.2767238646256685e-13,4117304.6797119128,4.1173046797119124,16,8192,0.0162883576705245,2.4733047058663149e-15
5,100004,Earth_Relay0_Mars,1,2,85645141609.842407,0.86692347383739798,0,5.6005526647908454e-14,3.884200457255821e-13,3030751.1118422053,3.0307511118422052,16,8192,0.048279361303788404,9.7147169580662842e-45
5,100004,Earth_Relay1_Mars,1,1,174619272795.8345,0.86692347383739798,0,1.3472618076522302e-14,9.3437830916665904e-14,729073.62288629159,0.72907362288629152,16,8192,0.48235562639439644,0
5,100004,Earth_Relay1_Mars,1,2,84948139145.125336,0.86692347383739798,0,5.6928351711309344e-14,3.9482019540324388e-13,3080689.9884913112,3.080689988491311,16,8192,0.045927556228607336,1.5226838613878377e-42
5,100004,Earth_Relay2_Mars,1,1,116033939296.7558,0.86692347383739798,0,3.0511690885515361e-14,2.1161040844099084e-13,1651146.7101598056,1.6511467101598056,16,8192,0.19182980925855442,3.6795162618032261e-190
5,100004,Earth_Relay2_Mars,1,2,1000000000.0000143,0.86692347383739798,0,4.1080559421806779e-10,2.8490961024909109e-09,22230833025.724319,22230.833025724318,16,8192,0,1
5,100004,Direct_Earth_to_Mars,1,1,115327222798.47296,0.86692347383739798,0.01,3.0886783311819746e-14,2.14211819874766e-13,1671444.9174280353,1.6714449174280352,16,8192,0.22988914548868,4.5818951704471437e-233
5,100004,Earth_Relay0_Mars,1,1,73480375236.906433,0.86692347383739798,0.01,7.6084049282753963e-14,5.2767238646256685e-13,4117304.6797119128,4.1173046797119124,16,8192,0.025500062428730597,1.0596401703161955e-23
5,100004,Earth_Relay0_Mars,1,2,85645141609.842407,0.86692347383739798,0.01,5.6005526647908454e-14,3.884200457255821e-13,3030751.1118422053,3.0307511118422052,16,8192,0.068209475290811783,1.4583359481422996e-63
5,100004,Earth_Relay1_Mars,1,1,174619272795.8345,0.86692347383739798,0.01,1.3472618076522302e-14,9.3437830916665904e-14,729073.62288629159,0.72907362288629152,16,8192,0.52681632229485431,0
5,100004,Earth_Relay1_Mars,1,2,84948139145.125336,0.86692347383739798,0.01,5.6928351711309344e-14,3.9482019540324388e-13,3080689.9884913112,3.080689988491311,16,8192,0.065208334328652917,1.0567574336408068e-60
5,100004,Earth_Relay2_Mars,1,1,116033939296.7558,0.86692347383739798,0.01,3.0511690885515361e-14,2.1161040844099084e-13,1651146.7101598056,1.6511467101598056,16,8192,0.23406137367562796,6.7492229382353744e-238
5,100004,Earth_Relay2_Mars,1,2,1000000000.0000143,0.86692347383739798,0.01,4.1080559421806779e-10,2.8490961024909109e-09,22230833025.724319,22230.833025724318,16,8192,0,1
5,100004,Direct_Earth_to_Mars,1,1,115327222798.47296,0.86692347383739798,0.10000000000000001,3.0886783311819746e-14,2.14211819874766e-13,1671444.9174280353,1.6714449174280352,16,8192,0.42265535361810802,0
5,100004,Earth_Relay0_Mars,1,1,73480375236.906433,0.86692347383739798,0.10000000000000001,7.6084049282753963e-14,5.2767238646256685e-13,4117304.6797119128,4.1173046797119124,16,8192,0.072367025791210238,1.5360749823410135e-67
5,100004,Earth_Relay0_Mars,1,2,85645141609.842407,0.86692347383739798,0.10000000000000001,5.6005526647908454e-14,3.884200457255821e-13,3030751.1118422053,3.0307511118422052,16,8192,0.16500612238858581,4.0493027533696261e-161
5,100004,Earth_Relay1_Mars,1,1,174619272795.8345,0.86692347383739798,0.10000000000000001,1.3472618076522302e-14,9.3437830916665904e-14,729073.62288629159,0.72907362288629152,16,8192,0.72785145548784635,0
5,100004,Earth_Relay1_Mars,1,2,84948139145.125336,0.86692347383739798,0.10000000000000001,5.6928351711309344e-14,3.9482019540324388e-13,3080689.9884913112,3.080689988491311,16,8192,0.15904998062877163,8.4984299053398795e-155
5,100004,Earth_Relay2_Mars,1,1,116033939296.7558,0.86692347383739798,0.10000000000000001,3.0511690885515361e-14,2.1161040844099084e-13,1651146.7101598056,1.6511467101598056,16,8192,0.42815066052308859,0
5,100004,Earth_Relay2_Mars,1,2,1000000000.0000143,0.86692347383739798,0.10000000000000001,4.1080559421806779e-10,2.8490961024909109e-09,22230833025.724319,22230.833025724318,16,8192,0,1
5,100004,Direct_Earth_to_Mars,1,1,115327222798.47296,0.86692347383739798,1,3.0886783311819746e-14,2.14211819874766e-13,1671444.9174280353,1.6714449174280352,16,8192,0.69650086960568991,0
5,100004,Earth_Relay0_Mars,1,1,73480375236.906433,0.86692347383739798,1,7.6084049282753963e-14,5.2767238646256685e-13,4117304.6797119128,4.1173046797119124,16,8192,0.26366925755847537,5.8259510527372983e-273
5,100004,Earth_Relay0_Mars,1,2,85645141609.842407,0.86692347383739798,1,5.6005526647908454e-14,3.884200457255821e-13,3030751.1118422053,3.0307511118422052,16,8192,0.42907696316858623,0
5,100004,Earth_Relay1_Mars,1,1,174619272795.8345,0.86692347383739798,1,1.3472618076522302e-14,9.3437830916665904e-14,729073.62288629159,0.72907362288629152,16,8192,0.87399802716251318,0
5,100004,Earth_Relay1_Mars,1,2,84948139145.125336,0.86692347383739798,1,5.6928351711309344e-14,3.9482019540324388e-13,3080689.9884913112,3.080689988491311,16,8192,0.4202987337660935,0
5,100004,Earth_Relay2_Mars,1,1,116033939296.7558,0.86692347383739798,1,3.0511690885515361e-14,2.1161040844099084e-13,1651146.7101598056,1.6511467101598056,16,8192,0.70064924964211395,0
5,100004,Earth_Relay2_Mars,1,2,1000000000.0000143,0.86692347383739798,1,4.1080559421806779e-10,2.8490961024909109e-09,22230833025.724319,22230.833025724318,16,8192,0,1
5,100004,Direct_Earth_to_Mars,1,1,115327222798.47296,0.86692347383739798,4,3.0886783311819746e-14,2.14211819874766e-13,1671444.9174280353,1.6714449174280352,16,8192,0.83159886271385386,0
5,100004,Earth_Relay0_Mars,1,1,73480375236.906433,0.86692347383739798,4,7.6084049282753963e-14,5.2767238646256685e-13,4117304.6797119128,4.1173046797119124,16,8192,0.53638945077383626,0
5,100004,Earth_Relay0_Mars,1,2,85645141609.842407,0.86692347383739798,4,5.6005526647908454e-14,3.884200457255821e-13,3030751.1118422053,3.0307511118422052,16,8192,0.67472692401894419,0
5,100004,Earth_Relay1_Mars,1,1,174619272795.8345,0.86692347383739798,4,1.3472618076522302e-14,9.3437830916665904e-14,729073.62288629159,0.72907362288629152,16,8192,0.91326886007499164,0
5,100004,Earth_Relay1_Mars,1,2,84948139145.125336,0.86692347383739798,4,5.6928351711309344e-14,3.9482019540324388e-13,3080689.9884913112,3.080689988491311,16,8192,0.66844457418609904,0
5,100004,Earth_Relay2_Mars,1,1,116033939296.7558,0.86692347383739798,4,3.0511690885515361e-14,2.1161040844099084e-13,1651146.7101598056,1.6511467101598056,16,8192,0.83364078205949599,0
5,100004,Earth_Relay2_Mars,1,2,1000000000.0000143,0.86692347383739798,4,4.1080559421806779e-10,2.8490961024909109e-09,22230833025.724319,22230.833025724318,16,8192,0,1
6,100005,Direct_Earth_to_Mars,1,1,297108745512.18353,0.93906211466991807,0,4.6537760239160164e-15,3.4961478033749901e-14,272796.26679539221,0.27279626679539221,16,8192,0.76124786329805694,0
6,100005,Earth_Relay0_Mars,1,1,325866640292.95074,0.93906211466991807,0,3.8686241892343397e-15,2.906302729604477e-14,226772.03007493168,0.22677203007493166,16,8192,0.79710247697083825,0
6,100005,Earth_Relay0_Mars,1,2,73122086045.436966,0.93906211466991807,0,7.683148085979231e-14,5.7719626311534318e-13,4503727.9497770714,4.5037279497770708,16,8192,0.011067659855486522,1.2622771688129967e-10
6,100005,Earth_Relay1_Mars,1,1,264486090595.95016,0.93906211466991807,0,5.872603430331803e-15,4.4117915167241587e-14,344241.81222547829,0.34424181222547828,16,8192,0.7087575210926973,0
6,100005,Earth_Relay1_Mars,1,2,75768666225.647873,0.93906211466991807,0,7.1557813908212249e-14,5.3757785639841823e-13,4194594.7535682218,4.1945947535682215,16,8192,0.015076851064357077,3.076113767296669e-14
6,100005,Earth_Relay2_Mars,1,1,297978227817.93579,0.93906211466991807,0,4.6266567783376428e-15,3.4757744784941261e-14,271206.5837264029,0.27120658372640288,16,8192,0.76245896851933082,0
6,100005,Earth_Relay2_Mars,1,2,999999999.99999475,0.93906211466991807,0,4.1080559421808382e-10,3.0861757601973288e-09,24080710353.364964,24080.710353364964,16,8192,0,1
6,100005,Direct_Earth_to_Mars,1,1,297108745512.18353,0.93906211466991807,0.01,4.6537760239160164e-15,3.4961478033749901e-14,272796.26679539221,0.27279626679539221,16,8192,0.78338391733351653,0
6,100005,Earth_Relay0_Mars,1,1,325866640292.95074,0.93906211466991807,0.01,3.8686241892343397e-15,2.906302729604477e-14,226772.03007493168,0.22677203007493166,16,8192,0.81521487843666729,0
6,100005,Earth_Relay0_Mars,1,2,73122086045.436966,0.93906211466991807,0.01,7.683148085979231e-14,5.7719626311534318e-13,4503727.9497770714,4.5037279497770708,16,8192,0.017930375317576686,8.079537480776862e-17
6,100005,Earth_Relay1_Mars,1,1,264486090595.95016,0.93906211466991807,0.01,5.872603430331803e-15,4.4117915167241587e-14,344241.81222547829,0.34424181222547828,16,8192,0.73636235300379371,0
6,100005,Earth_Relay1_Mars,1,2,75768666225.647873,0.93906211466991807,0.01,7.1557813908212249e-14,5.3757785639841823e-13,4194594.7535682218,4.1945947535682215,16,8192,0.023767706432055502,4.0261691912502812e-22
6,100005,Earth_Relay2_Mars,1,1,297978227817.93579,0.93906211466991807,0.01,4.6266567783376428e-15,3.4757744784941261e-14,271206.5837264029,0.27120658372640288,16,8192,0.78446283618234136,0
6,100005,Earth_Relay2_Mars,1,2,999999999.99999475,0.93906211466991807,0.01,4.1080559421808382e-10,3.0861757601973288e-09,24080710353.364964,24080.710353364964,16,8192,0,1
6,100005,Direct_Earth_to_Mars,1,1,297108745512.18353,0.93906211466991807,0.10000000000000001,4.6537760239160164e-15,3.4961478033749901e-14,272796.26679539221,0.27279626679539221,16,8192,0.89155862287386389,0
6,100005,Earth_Relay0_Mars,1,1,325866640292.95074,0.93906211466991807,0.10000000000000001,3.8686241892343397e-15,2.906302729604477e-14,226772.03007493168,0.22677203007493166,16,8192,0.90696926860313565,0
6,100005,Earth_Relay0_Mars,1,2,73122086045.436966,0.93906211466991807,0.10000000000000001,7.683148085979231e-14,5.7719626311534318e-13,4503727.9497770714,4.5037279497770708,16,8192,0.053428457787869754,1.4529565866804207e-49
6,100005,Earth_Relay1_Mars,1,1,264486090595.95016,0.93906211466991807,0.10000000000000001,5.872603430331803e-15,4.4117915167241587e-14,344241.81222547829,0.34424181222547828,16,8192,0.86695859147785481,0
6,100005,Earth_Relay1_Mars,1,2,75768666225.647873,0.93906211466991807,0.10000000000000001,7.1557813908212249e-14,5.3757785639841823e-13,4194594.7535682218,4.1945947535682215,16,8192,0.068131353249250792,1.7315115196059111e-63
6,100005,Earth_Relay2_Mars,1,1,297978227817.93579,0.93906211466991807,0.10000000000000001,4.6266567783376428e-15,3.4757744784941261e-14,271206.5837264029,0.27120658372640288,16,8192,0.89209714273125962,0
6,100005,Earth_Relay2_Mars,1,2,999999999.99999475,0.93906211466991807,0.10000000000000001,4.1080559421808382e-10,3.0861757601973288e-09,24080710353.364964,24080.710353364964,16,8192,0,1
6,100005,Direct_Earth_to_Mars,1,1,297108745512.18353,0.93906211466991807,1,4.6537760239160164e-15,3.4961478033749901e-14,272796.26679539221,0.27279626679539221,16,8192,0.93796413170545057,0
6,100005,Earth_Relay0_Mars,1,1,325866640292.95074,0.93906211466991807,1,3.8686241892343397e-15,2.906302729604477e-14,226772.03007493168,0.22677203007493166,16,8192,0.94323545912194229,0
6,100005,Earth_Relay0_Mars,1,2,73122086045.436966,0.93906211466991807,1,7.683148085979231e-14,5.7719626311534318e-13,4503727.9497770714,4.5037279497770708,16,8192,0.21806198728522896,1.647874227131479e-219
6,100005,Earth_Relay1_Mars,1,1,264486090595.95016,0.93906211466991807,1,5.872603430331803e-15,4.4117915167241587e-14,344241.81222547829,0.34424181222547828,16,8192,0.92932313949294054,0
6,100005,Earth_Relay1_Mars,1,2,75768666225.647873,0.93906211466991807,1,7.1557813908212249e-14,5.3757785639841823e-13,4194594.7535682218,4.1945947535682215,16,8192,0.25400344872561453,2.3174311200499274e-261
6,100005,Earth_Relay2_Mars,1,1,297978227817.93579,0.93906211466991807,1,4.6266567783376428e-15,3.4757744784941261e-14,271206.5837264029,0.27120658372640288,16,8192,0.93815009794509874,0
6,100005,Earth_Relay2_Mars,1,2,999999999.99999475,0.93906211466991807,1,4.1080559421808382e-10,3.0861757601973288e-09,24080710353.364964,24080.710353364964,16,8192,0,1
6,100005,Direct_Earth_to_Mars,1,1,297108745512.18353,0.93906211466991807,4,4.6537760239160164e-15,3.4961478033749901e-14,272796.26679539221,0.27279626679539221,16,8192,0.94229453895977255,0
6,100005,Earth_Relay0_Mars,1,1,325866640292.95074,0.93906211466991807,4,3.8686241892343397e-15,2.906302729604477e-14,226772.03007493168,0.22677203007493166,16,8192,0.9448290619866978,0
6,100005,Earth_Relay0_Mars,1,2,73122086045.436966,0.93906211466991807,4,7.683148085979231e-14,5.7719626311534318e-13,4503727.9497770714,4.5037279497770708,16,8192,0.48812845870173549,0
6,100005,Earth_Relay1_Mars,1,1,264486090595.95016,0.93906211466991807,4,5.872603430331803e-15,4.4117915167241587e-14,344241.81222547829,0.34424181222547828,16,8192,0.93821814599069175,0
6,100005,Earth_Relay1_Mars,1,2,75768666225.647873,0.93906211466991807,4,7.1557813908212249e-14,5.3757785639841823e-13,4194594.7535682218,4.1945947535682215,16,8192,0.52664124870325346,0
6,100005,Earth_Relay2_Mars,1,1,297978227817.93579,0.93906211466991807,4,4.6266567783376428e-15,3.4757744784941261e-14,271206.5837264029,0.27120658372640288,16,8192,0.94238327382690867,0
6,100005,Earth_Relay2_Mars,1,2,999999999.99999475,0.93906211466991807,4,4.1080559421808382e-10,3.0861757601973288e-09,24080710353.364964,24080.710353364964,16,8192,0,1
7,100006,Direct_Earth_to_Mars,1,1,389706983455.74365,0.88740677265797896,0,2.7049545509100338e-15,1.9203159905676692e-14,149837.78225527387,0.14983778225527386,16,8192,0.86084760985706521,0
7,100006,Earth_Relay0_Mars,1,1,396692196976.72278,0.88740677265797896,0,2.6105320726779523e-15,1.8532830732282292e-14,144607.35990729684,0.14460735990729684,16,8192,0.86536200223144455,0
7,100006,Earth_Relay0_Mars,1,2,77888208464.48085,0.88740677265797896,0,6.7716253148572498e-14,4.8073489330452347e-13,3751062.3574082656,3.7510623574082653,16,8192,0.02349277487087742,7.1671095831516319e-22
7,100006,Earth_Relay1_Mars,1,1,371569859958.80865,0.88740677265797896,0,2.9754687367743352e-15,2.1123608870765013e-14,164822.59805000178,0.16482259805000177,16,8192,0.84804413542742418,0
7,100006,Earth_Relay1_Mars,1,2,76531316643.081696,0.88740677265797896,0,7.0138743116433974e-14,4.9793276533793375e-13,3885253.3456442398,3.8852533456442395,16,8192,0.020542623717880848,3.4545261362679485e-19
7,100006,Earth_Relay2_Mars,1,1,390697294195.68964,0.88740677265797896,0,2.6912592904663328e-15,1.9105933770708247e-14,149079.14937857646,0.14907914937857644,16,8192,0.86150092493754549,0
7,100006,Earth_Relay2_Mars,1,2,1000000000.0000106,0.88740677265797896,0,4.1080559421807064e-10,2.9164133324392113e-09,22756093685.561867,22756.093685561867,16,8192,0,1
7,100006,Direct_Earth_to_Mars,1,1,389706983455.74365,0.88740677265797896,0.01,2.7049545509100338e-15,1.9203159905676692e-14,149837.78225527387,0.14983778225527386,16,8192,0.87126545912534314,0
7,100006,Earth_Relay0_Mars,1,1,396692196976.72278,0.88740677265797896,0.01,2.6105320726779523e-15,1.8532830732282292e-14,144607.35990729684,0.14460735990729684,16,8192,0.87520976760345681,0
7,100006,Earth_Relay0_Mars,1,2,77888208464.48085,0.88740677265797896,0.01,6.7716253148572498e-14,4.8073489330452347e-13,3751062.3574082656,3.7510623574082653,16,8192,0.035567121963526183,6.1527735491354221e-33
7,100006,Earth_Relay1_Mars,1,1,371569859958.80865,0.88740677265797896,0.01,2.9754687367743352e-15,2.1123608870765013e-14,164822.59805000178,0.16482259805000177,16,8192,0.86006108768211353,0
7,100006,Earth_Relay1_Mars,1,2,76531316643.081696,0.88740677265797896,0.01,7.0138743116433974e-14,4.9793276533793375e-13,3885253.3456442398,3.8852533456442395,16,8192,0.031488698594468456,3.4866700502324921e-29
7,100006,Earth_Relay2_Mars,1,1,390697294195.68964,0.88740677265797896,0.01,2.6912592904663328e-15,1.9105933770708247e-14,149079.14937857646,0.14907914937857644,16,8192,0.87183647338529424,0
7,100006,Earth_Relay2_Mars,1,2,1000000000.0000106,0.88740677265797896,0.01,4.1080559421807064e-10,2.9164133324392113e-09,22756093685.561867,22756.093685561867,16,8192,0,1
7,100006,Direct_Earth_to_Mars,1,1,389706983455.74365,0.88740677265797896,0.10000000000000001,2.7049545509100338e-15,1.9203159905676692e-14,149837.78225527387,0.14983778225527386,16,8192,0.9317662835196745,0
7,100006,Earth_Relay0_Mars,1,1,396692196976.72278,0.88740677265797896,0.10000000000000001,2.6105320726779523e-15,1.8532830732282292e-14,144607.35990729684,0.14460735990729684,16,8192,0.93340185560102551,0
7,100006,Earth_Relay0_Mars,1,2,77888208464.48085,0.88740677265797896,0.10000000000000001,6.7716253148572498e-14,4.8073489330452347e-13,3751062.3574082656,3.7510623574082653,16,8192,0.09604174559457701,1.5555058887858199e-90
7,100006,Earth_Relay1_Mars,1,1,371569859958.80865,0.88740677265797896,0.10000000000000001,2.9754687367743352e-15,2.1123608870765013e-14,164822.59805000178,0.16482259805000177,16,8192,0.92704273301643192,0
7,100006,Earth_Relay1_Mars,1,2,76531316643.081696,0.88740677265797896,0.10000000000000001,7.0138743116433974e-14,4.9793276533793375e-13,3885253.3456442398,3.8852533456442395,16,8192,0.086628595797369701,2.5462258707057657e-81
7,100006,Earth_Relay2_Mars,1,1,390697294195.68964,0.88740677265797896,0.10000000000000001,2.6912592904663328e-15,1.9105933770708247e-14,149079.14937857646,0.14907914937857644,16,8192,0.93200394026442668,0
7,100006,Earth_Relay2_Mars,1,2,1000000000.0000106,0.88740677265797896,0.10000000000000001,4.1080559421807064e-10,2.9164133324392113e-09,22756093685.561867,22756.093685561867,16,8192,0,1
7,100006,Direct_Earth_to_Mars,1,1,389706983455.74365,0.88740677265797896,1,2.7049545509100338e-15,1.9203159905676692e-14,149837.78225527387,0.14983778225527386,16,8192,0.95151794183710237,0
7,100006,Earth_Relay0_Mars,1,1,396692196976.72278,0.88740677265797896,1,2.6105320726779523e-15,1.8532830732282292e-14,144607.35990729684,0.14460735990729684,16,8192,0.95205666302144287,0
7,100006,Earth_Relay0_Mars,1,2,77888208464.48085,0.88740677265797896,1,6.7716253148572498e-14,4.8073489330452347e-13,3751062.3574082656,3.7510623574082653,16,8192,0.31326932141170782,0
7,100006,Earth_Relay1_Mars,1,1,371569859958.80865,0.88740677265797896,1,2.9754687367743352e-15,2.1123608870765013e-14,164822.59805000178,0.16482259805000177,16,8192,0.94995726124440205,0
7,100006,Earth_Relay1_Mars,1,2,76531316643.081696,0.88740677265797896,1,7.0138743116433974e-14,4.9793276533793375e-13,3885253.3456442398,3.8852533456442395,16,8192,0.29436273254451129,7.8511176540765491e-311
7,100006,Earth_Relay2_Mars,1,1,390697294195.68964,0.88740677265797896,1,2.6912592904663328e-15,1.9105933770708247e-14,149079.14937857646,0.14907914937857644,16,8192,0.95159627302815097,0
7,100006,Earth_Relay2_Mars,1,2,1000000000.0000106,0.88740677265797896,1,4.1080559421807064e-10,2.9164133324392113e-09,22756093685.561867,22756.093685561867,16,8192,0,1
7,100006,Direct_Earth_to_Mars,1,1,389706983455.74365,0.88740677265797896,4,2.7049545509100338e-15,1.9203159905676692e-14,149837.78225527387,0.14983778225527386,16,8192,0.94890679076850049,0
7,100006,Earth_Relay0_Mars,1,1,396692196976.72278,0.88740677265797896,4,2.6105320726779523e-15,1.8532830732282292e-14,144607.35990729684,0.14460735990729684,16,8192,0.94917682996872743,0
7,100006,Earth_Relay0_Mars,1,2,77888208464.48085,0.88740677265797896,4,6.7716253148572498e-14,4.8073489330452347e-13,3751062.3574082656,3.7510623574082653,16,8192,0.58299863357017734,0
7,100006,Earth_Relay1_Mars,1,1,371569859958.80865,0.88740677265797896,4,2.9754687367743352e-15,2.1123608870765013e-14,164822.59805000178,0.16482259805000177,16,8192,0.94812809277002785,0
7,100006,Earth_Relay1_Mars,1,2,76531316643.081696,0.88740677265797896,4,7.0138743116433974e-14,4.9793276533793375e-13,3885253.3456442398,3.8852533456442395,16,8192,0.56586044832864768,0
7,100006,Earth_Relay2_Mars,1,1,390697294195.68964,0.88740677265797896,4,2.6912592904663328e-15,1.9105933770708247e-14,149079.14937857646,0.14907914937857644,16,8192,0.94894601445067839,0
7,100006,Earth_Relay2_Mars,1,2,1000000000.0000106,0.88740677265797896,4,4.1080559421807064e-10,2.9164133324392113e-09,22756093685.561867,22756.093685561867,16,8192,0,1
8,100007,Direct_Earth_to_Mars,1,1,162810926942.30588,0.96839377594640152,0,1.5497771424974573e-14,1.2006356311188298e-13,936828.00719857414,0.93682800719857406,16,8192,0.39186887127825609,0
8,100007,Earth_Relay0_Mars,1,1,201650119961.81061,0.96839377594640152,0,1.0102744729920636e-14,7.8267480931443629e-14,610702.91676359356,0.61070291676359356,16,8192,0.54296907284132057,0
8,100007,Earth_Relay0_Mars,1,2,69190177780.091003,0.96839377594640152,0,8.5811887761589022e-14,6.6479758408427194e-13,5187260.6454943269,5.1872606454943266,16,8192,0.0055872914423428233,1.0387997535206861e-05
8,100007,Earth_Relay1_Mars,1,1,129227050548.29048,0.96839377594640152,0,2.459968152709803e-14,1.9057742784884323e-13,1487031.2634507469,1.4870312634507468,16,8192,0.22604272171197959,1.2370659544293194e-228
8,100007,Earth_Relay1_Mars,1,2,69321879329.423782,0.96839377594640152,0,8.5486137132354898e-14,6.6227394502938448e-13,5167569.2779769767,5.1675692779769768,16,8192,0.0056984032328352141,8.2631242401353868e-06
8,100007,Earth_Relay2_Mars,1,1,163598696820.81155,0.96839377594640152,0,1.53488792420261e-14,1.1891007300584797e-13,927827.59267353581,0.92782759267353576,16,8192,0.39541177343648204,0
8,100007,Earth_Relay2_Mars,1,2,1000000000.0000131,0.96839377594640152,0,4.1080559421806872e-10,3.1825726445179264e-09,24832872780.479195,24832.872780479192,16,8192,0,1
8,100007,Direct_Earth_to_Mars,1,1,162810926942.30588,0.96839377594640152,0.01,1.5497771424974573e-14,1.2006356311188298e-13,936828.00719857414,0.93682800719857406,16,8192,0.43926697782948831,0
8,100007,Earth_Relay0_Mars,1,1,201650119961.81061,0.96839377594640152,0.01,1.0102744729920636e-14,7.8267480931443629e-14,610702.91676359356,0.61070291676359356,16,8192,0.58412105505254042,0
8,100007,Earth_Relay0_Mars,1,2,69190177780.091003,0.96839377594640152,0.01,8.5811887761589022e-14,6.6479758408427194e-13,5187260.6454943269,5.1872606454943266,16,8192,0.0095922598296653838,2.6737743653176769e-09
8,100007,Earth_Relay1_Mars,1,1,129227050548.29048,0.96839377594640152,0.01,2.459968152709803e-14,1.9057742784884323e-13,1487031.2634507469,1.4870312634507468,16,8192,0.27064707800523491,1.9790889241126617e-281
8,100007,Earth_Relay1_Mars,1,2,69321879329.423782,0.96839377594640152,0.01,8.5486137132354898e-14,6.6227394502938448e-13,5167569.2779769767,5.1675692779769768,16,8192,0.0097671092428988082,1.8624622477695421e-09
8,100007,Earth_Relay2_Mars,1,1,163598696820.81155,0.96839377594640152,0.01,1.53488792420261e-14,1.1891007300584797e-13,927827.59267353581,0.92782759267353576,16,8192,0.44274514182415592,0
8,100007,Earth_Relay2_Mars,1,2,1000000000.0000131,0.96839377594640152,0.01,4.1080559421806872e-10,3.1825726445179264e-09,24832872780.479195,24832.872780479192,16,8192,0,1
8,100007,Direct_Earth_to_Mars,1,1,162810926942.30588,0.96839377594640152,0.10000000000000001,1.5497771424974573e-14,1.2006356311188298e-13,936828.00719857414,0.93682800719857406,16,8192,0.65328317729374474,0
8,100007,Earth_Relay0_Mars,1,1,201650119961.81061,0.96839377594640152,0.10000000000000001,1.0102744729920636e-14,7.8267480931443629e-14,610702.91676359356,0.61070291676359356,16,8192,0.77105336106719813,0
8,100007,Earth_Relay0_Mars,1,2,69190177780.091003,0.96839377594640152,0.10000000000000001,8.5811887761589022e-14,6.6479758408427194e-13,5187260.6454943269,5.1872606454943266,16,8192,0.030920052760726846,1.1600457537253607e-28
8,100007,Earth_Relay1_Mars,1,1,129227050548.29048,0.96839377594640152,0.10000000000000001,2.459968152709803e-14,1.9057742784884323e-13,1487031.2634507469,1.4870312634507468,16,8192,0.47451860867430706,0
8,100007,Earth_Relay1_Mars,1,2,69321879329.423782,0.96839377594640152,0.10000000000000001,8.5486137132354898e-14,6.6227394502938448e-13,5167569.2779769767,5.1675692779769768,16,8192,0.031416246399131431,4.0639189849524015e-29
8,100007,Earth_Relay2_Mars,1,1,163598696820.81155,0.96839377594640152,0.10000000000000001,1.53488792420261e-14,1.1891007300584797e-13,927827.59267353581,0.92782759267353576,16,8192,0.65645803144591053,0
8,100007,Earth_Relay2_Mars,1,2,1000000000.0000131,0.96839377594640152,0.10000000000000001,4.1080559421806872e-10,3.1825726445179264e-09,24832872780.479195,24832.872780479192,16,8192,0,1
8,100007,Direct_Earth_to_Mars,1,1,162810926942.30588,0.96839377594640152,1,1.5497771424974573e-14,1.2006356311188298e-13,936828.00719857414,0.93682800719857406,16,8192,0.83886870579227646,0
8,100007,Earth_Relay0_Mars,1,1,201650119961.81061,0.96839377594640152,1,1.0102744729920636e-14,7.8267480931443629e-14,610702.91676359356,0.61070291676359356,16,8192,0.89248360555438955,0
8,100007,Earth_Relay0_Mars,1,2,69190177780.091003,0.96839377594640152,1,8.5811887761589022e-14,6.6479758408427194e-13,5187260.6454943269,5.1872606454943266,16,8192,0.15304291902214917,1.82034594211581e-148
8,100007,Earth_Relay1_Mars,1,1,129227050548.29048,0.96839377594640152,1,2.459968152709803e-14,1.9057742784884323e-13,1487031.2634507469,1.4870312634507468,16,8192,0.73393867129362023,0
8,100007,Earth_Relay1_Mars,1,2,69321879329.423782,0.96839377594640152,1,8.5486137132354898e-14,6.6227394502938448e-13,5167569.2779769767,5.1675692779769768,16,8192,0.1546581945685982,3.6496125858144348e-150
8,100007,Earth_Relay2_Mars,1,1,163598696820.81155,0.96839377594640152,1,1.53488792420261e-14,1.1891007300584797e-13,927827.59267353581,0.92782759267353576,16,8192,0.84045440313381092,0
8,100007,Earth_Relay2_Mars,1,2,1000000000.0000131,0.96839377594640152,1,4.1080559421806872e-10,3.1825726445179264e-09,24832872780.479195,24832.872780479192,16,8192,0,1
8,100007,Direct_Earth_to_Mars,1,1,162810926942.30588,0.96839377594640152,4,1.5497771424974573e-14,1.2006356311188298e-13,936828.00719857414,0.93682800719857406,16,8192,0.89770877492013179,0
8,100007,Earth_Relay0_Mars,1,1,201650119961.81061,0.96839377594640152,4,1.0102744729920636e-14,7.8267480931443629e-14,610702.91676359356,0.61070291676359356,16,8192,0.92148130341735335,0
8,100007,Earth_Relay0_Mars,1,2,69190177780.091003,0.96839377594640152,4,8.5811887761589022e-14,6.6479758408427194e-13,5187260.6454943269,5.1872606454943266,16,8192,0.40684537134254095,0
8,100007,Earth_Relay1_Mars,1,1,129227050548.29048,0.96839377594640152,4,2.459968152709803e-14,1.9057742784884323e-13,1487031.2634507469,1.4870312634507468,16,8192,0.84972681240896908,0
8,100007,Earth_Relay1_Mars,1,2,69321879329.423782,0.96839377594640152,4,8.5486137132354898e-14,6.6227394502938448e-13,5167569.2779769767,5.1675692779769768,16,8192,0.40909468971112029,0
8,100007,Earth_Relay2_Mars,1,1,163598696820.81155,0.96839377594640152,4,1.53488792420261e-14,1.1891007300584797e-13,927827.59267353581,0.92782759267353576,16,8192,0.8984128424652168,0
8,100007,Earth_Relay2_Mars,1,2,1000000000.0000131,0.96839377594640152,4,4.1080559421806872e-10,3.1825726445179264e-09,24832872780.479195,24832.872780479192,16,8192,0,1
9,100008,Direct_Earth_to_Mars,1,1,218022523950.77393,0.9725176658060124,0,8.6423852745050439e-15,6.7238978833263204e-14,524650.08462004131,0.52465008462004126,16,8192,0.59176239490637639,0
9,100008,Earth_Relay0_Mars,1,1,171874021397.3063,0.9725176658060124,0,1.3906436984802379e-14,1.0819404508910731e-13,844212.92375879281,0.84421292375879275,16,8192,0.42989558568956832,0
9,100008,Earth_Relay0_Mars,1,2,75884699013.897659,0.9725176658060124,0,7.1339147831525656e-14,5.5502865223764315e-13,4330759.2473277124,4.3307592473277126,16,8192,0.013157553859134419,1.6578211128276646e-12
9,100008,Earth_Relay1_Mars,1,1,261042068676.65671,0.9725176658060124,0,6.0285843828602635e-15,4.6903238497070753e-14,365975.04116568534,0.3659750411656853,16,8192,0.69352011044727624,0
9,100008,Earth_Relay1_Mars,1,2,79860423050.279221,0.9725176658060124,0,6.4412942071745133e-14,5.0114179257049179e-13,3910292.6374110673,3.9102926374110671,16,8192,0.020034637319354065,9.9900137873413756e-19
9,100008,Earth_Relay2_Mars,1,1,218790110277.24121,0.9725176658060124,0,8.5818510936745451e-15,6.6768014351321154e-14,520975.25850591098,0.52097525850591098,16,8192,0.59394101938987021,0
9,100008,Earth_Relay2_Mars,1,2,999999999.99998868,0.9725176658060124,0,4.1080559421808878e-10,3.1961255807122215e-09,24938623183.661545,24938.623183661544,16,8192,0,1
9,100008,Direct_Earth_to_Mars,1,1,218022523950.77393,0.9725176658060124,0.01,8.6423852745050439e-15,6.7238978833263204e-14,524650.08462004131,0.52465008462004126,16,8192,0.62956817745746774,0
9,100008,Earth_Relay0_Mars,1,1,171874021397.3063,0.9725176658060124,0.01,1.3906436984802379e-14,1.0819404508910731e-13,844212.92375879281,0.84421292375879275,16,8192,0.47637599494788241,0
9,100008,Earth_Relay0_Mars,1,2,75884699013.897659,0.9725176658060124,0.01,7.1339147831525656e-14,5.5502865223764315e-13,4330759.2473277124,4.3307592473277126,16,8192,0.020994811201159647,1.3417354553513772e-19
9,100008,Earth_Relay1_Mars,1,1,261042068676.65671,0.9725176658060124,0.01,6.0285843828602635e-15,4.6903238497070753e-14,365975.04116568534,0.3659750411656853,16,8192,0.72261411213905102,0
9,100008,Earth_Relay1_Mars,1,2,79860423050.279221,0.9725176658060124,0.01,6.4412942071745133e-14,5.0114179257049179e-13,3910292.6374110673,3.9102926374110671,16,8192,0.030780669080200718,1.5573786139443444e-28
9,100008,Earth_Relay2_Mars,1,1,218790110277.24121,0.9725176658060124,0.01,8.5818510936745451e-15,6.6768014351321154e-14,520975.25850591098,0.52097525850591098,16,8192,0.6315841310868342,0
9,100008,Earth_Relay2_Mars,1,2,999999999.99998868,0.9725176658060124,0.01,4.1080559421808878e-10,3.1961255807122215e-09,24938623183.661545,24938.623183661544,16,8192,0,1
9,100008,Direct_Earth_to_Mars,1,1,218022523950.77393,0.9725176658060124,0.10000000000000001,8.6423852745050439e-15,6.7238978833263204e-14,524650.08462004131,0.52465008462004126,16,8192,0.80243369561378319,0
9,100008,Earth_Relay0_Mars,1,1,171874021397.3063,0.9725176658060124,0.10000000000000001,1.3906436984802379e-14,1.0819404508910731e-13,844212.92375879281,0.84421292375879275,16,8192,0.68622454933965726,0
9,100008,Earth_Relay0_Mars,1,2,75884699013.897659,0.9725176658060124,0.10000000000000001,7.1339147831525656e-14,5.5502865223764315e-13,4330759.2473277124,4.3307592473277126,16,8192,0.061235050027740878,6.2583828167536695e-57
9,100008,Earth_Relay1_Mars,1,1,261042068676.65671,0.9725176658060124,0.10000000000000001,6.0285843828602635e-15,4.6903238497070753e-14,365975.04116568534,0.3659750411656853,16,8192,0.85933999629374691,0
9,100008,Earth_Relay1_Mars,1,2,79860423050.279221,0.9725176658060124,0.10000000000000001,6.4412942071745133e-14,5.0114179257049179e-13,3910292.6374110673,3.9102926374110671,16,8192,0.084970999853385076,1.0437346229310791e-79
9,100008,Earth_Relay2_Mars,1,1,218790110277.24121,0.9725176658060124,0.10000000000000001,8.5818510936745451e-15,6.6768014351321154e-14,520975.25850591098,0.52097525850591098,16,8192,0.80376921824155056,0
9,100008,Earth_Relay2_Mars,1,2,999999999.99998868,0.9725176658060124,0.10000000000000001,4.1080559421808878e-10,3.1961255807122215e-09,24938623183.661545,24938.623183661544,16,8192,0,1
9,100008,Direct_Earth_to_Mars,1,1,218022523950.77393,0.9725176658060124,1,8.6423852745050439e-15,6.7238978833263204e-14,524650.08462004131,0.52465008462004126,16,8192,0.90513808213373514,0
9,100008,Earth_Relay0_Mars,1,1,171874021397.3063,0.9725176658060124,1,1.3906436984802379e-14,1.0819404508910731e-13,844212.92375879281,0.84421292375879275,16,8192,0.85492074257248407,0
9,100008,Earth_Relay0_Mars,1,2,75884699013.897659,0.9725176658060124,1,7.1339147831525656e-14,5.5502865223764315e-13,4330759.2473277124,4.3307592473277126,16,8192,0.23764177392737496,4.5900563021261984e-242
9,100008,Earth_Relay1_Mars,1,1,261042068676.65671,0.9725176658060124,1,6.0285843828602635e-15,4.6903238497070753e-14,365975.04116568534,0.3659750411656853,16,8192,0.92658630096168215,0
9,100008,Earth_Relay1_Mars,1,2,79860423050.279221,0.9725176658060124,1,6.4412942071745133e-14,5.0114179257049179e-13,3910292.6374110673,3.9102926374110671,16,8192,0.29092904055371083,1.6311852489260213e-306
9,100008,Earth_Relay2_Mars,1,1,218790110277.24121,0.9725176658060124,1,8.5818510936745451e-15,6.6768014351321154e-14,520975.25850591098,0.52097525850591098,16,8192,0.90566300757254703,0
9,100008,Earth_Relay2_Mars,1,2,999999999.99998868,0.9725176658060124,1,4.1080559421808878e-10,3.1961255807122215e-09,24938623183.661545,24938.623183661544,16,8192,0,1
9,100008,Direct_Earth_to_Mars,1,1,218022523950.77393,0.9725176658060124,4,8.6423852745050439e-15,6.7238978833263204e-14,524650.08462004131,0.52465008462004126,16,8192,0.92715151958548681,0
9,100008,Earth_Relay0_Mars,1,1,171874021397.3063,0.9725176658060124,4,1.3906436984802379e-14,1.0819404508910731e-13,844212.92375879281,0.84421292375879275,16,8192,0.90482452793049195,0
9,100008,Earth_Relay0_Mars,1,2,75884699013.897659,0.9725176658060124,4,7.1339147831525656e-14,5.5502865223764315e-13,4330759.2473277124,4.3307592473277126,16,8192,0.50957452757609412,0
9,100008,Earth_Relay1_Mars,1,1,261042068676.65671,0.9725176658060124,4,6.0285843828602635e-15,4.6903238497070753e-14,365975.04116568534,0.3659750411656853,16,8192,0.93694376556305858,0
9,100008,Earth_Relay1_Mars,1,2,79860423050.279221,0.9725176658060124,4,6.4412942071745133e-14,5.0114179257049179e-13,3910292.6374110673,3.9102926374110671,16,8192,0.56266862200902423,0
9,100008,Earth_Relay2_Mars,1,1,218790110277.24121,0.9725176658060124,4,8.5818510936745451e-15,6.6768014351321154e-14,520975.25850591098,0.52097525850591098,16,8192,0.92738802871719672,0
9,100008,Earth_Relay2_Mars,1,2,999999999.99998868,0.9725176658060124,4,4.1080559421808878e-10,3.1961255807122215e-09,24938623183.661545,24938.623183661544,16,8192,0,1
10,100009,Direct_Earth_to_Mars,1,1,227039495707.41052,0.97880418704996341,0,7.969544906146646e-15,6.2404991384152373e-14,486931.60691208451,0.48693160691208448,16,8192,0.6145090596795888,0
10,100009,Earth_Relay0_Mars,1,1,182601019167.19858,0.97880418704996341,0,1.2320546004583089e-14,9.6475216128221022e-14,752773.6319571865,0.7527736319571865,16,8192,0.47105819706215635,0
10,100009,Earth_Relay0_Mars,1,2,75084809986.063522,0.97880418704996341,0,7.2867215994249374e-14,5.7058188891076285e-13,4452117.5290604355,4.4521175290604349,16,8192,0.011653863429914924,3.7477725159135948e-11
10,100009,Earth_Relay1_Mars,1,1,268159896086.0993,0.97880418704996341,0,5.7127956810154013e-15,4.473366665871058e-14,349046.37763842457,0.34904637763842455,16,8192,0.70536041656100967,0
10,100009,Earth_Relay1_Mars,1,2,78878314438.511948,0.97880418704996341,0,6.6026930193267509e-14,5.1701948584980715e-13,4034182.5784409698,4.0341825784409693,16,8192,0.017700142679591635,1.305803465527643e-16
10,100009,Earth_Relay2_Mars,1,1,227819139158.5047,0.97880418704996341,0,7.9150914326443276e-15,6.1978597081244493e-14,483604.55151975225,0.48360455151975223,16,8192,0.61655697022707079,0
10,100009,Earth_Relay2_Mars,1,2,999999999.99999058,0.97880418704996341,0,4.1080559421808713e-10,3.2167858854736959e-09,25099830727.700287,25099.830727700286,16,8192,0,1
10,100009,Direct_Earth_to_Mars,1,1,227039495707.41052,0.97880418704996341,0.01,7.969544906146646e-15,6.2404991384152373e-14,486931.60691208451,0.48693160691208448,16,8192,0.65056279617961588,0
10,100009,Earth_Relay0_Mars,1,1,182601019167.19858,0.97880418704996341,0.01,1.2320546004583089e-14,9.6475216128221022e-14,752773.6319571865,0.7527736319571865,16,8192,0.51602334639565584,0
10,100009,Earth_Relay0_Mars,1,2,75084809986.063522,0.97880418704996341,0.01,7.2867215994249374e-14,5.7058188891076285e-13,4452117.5290604355,4.4521175290604349,16,8192,0.018795115349055758,1.3300524833432648e-17
10,100009,Earth_Relay1_Mars,1,1,268159896086.0993,0.97880418704996341,0.01,5.7127956810154013e-15,4.473366665871058e-14,349046.37763842457,0.34904637763842455,16,8192,0.73330118580732062,0
10,100009,Earth_Relay1_Mars,1,2,78878314438.511948,0.97880418704996341,0.01,6.6026930193267509e-14,5.1701948584980715e-13,4034182.5784409698,4.0341825784409693,16,8192,0.027502907095775742,1.5676982793345114e-25
10,100009,Earth_Relay2_Mars,1,1,227819139158.5047,0.97880418704996341,0.01,7.9150914326443276e-15,6.1978597081244493e-14,483604.55151975225,0.48360455151975223,16,8192,0.65244722022493773,0
10,100009,Earth_Relay2_Mars,1,2,999999999.99999058,0.97880418704996341,0.01,4.1080559421808713e-10,3.2167858854736959e-09,25099830727.700287,25099.830727700286,16,8192,0,1
10,100009,Direct_Earth_to_Mars,1,1,227039495707.41052,0.97880418704996341,0.10000000000000001,7.969544906146646e-15,6.2404991384152373e-14,486931.60691208451,0.48693160691208448,16,8192,0.816113297377691,0
10,100009,Earth_Relay0_Mars,1,1,182601019167.19858,0.97880418704996341,0.10000000000000001,1.2320546004583089e-14,9.6475216128221022e-14,752773.6319571865,0.7527736319571865,16,8192,0.71923725119698134,0
10,100009,Earth_Relay0_Mars,1,2,75084809986.063522,0.97880418704996341,0.10000000000000001,7.2867215994249374e-14,5.7058188891076285e-13,4452117.5290604355,4.4521175290604349,16,8192,0.055652558029663401,1.1747441549741419e-51
10,100009,Earth_Relay1_Mars,1,1,268159896086.0993,0.97880418704996341,0.10000000000000001,5.7127956810154013e-15,4.473366665871058e-14,349046.37763842457,0.34904637763842455,16,8192,0.86527920336730002,0
10,100009,Earth_Relay1_Mars,1,2,78878314438.511948,0.97880418704996341,0.10000000000000001,6.6026930193267509e-14,5.1701948584980715e-13,4034182.5784409698,4.0341825784409693,16,8192,0.077199710605116323,3.4722800916162919e-72
10,100009,Earth_Relay2_Mars,1,1,227819139158.5047,0.97880418704996341,0.10000000000000001,7.9150914326443276e-15,6.1978597081244493e-14,483604.55151975225,0.48360455151975223,16,8192,0.81731658322888956,0
10,100009,Earth_Relay2_Mars,1,2,999999999.99999058,0.97880418704996341,0.10000000000000001,4.1080559421808713e-10,3.2167858854736959e-09,25099830727.700287,25099.830727700286,16,8192,0,1
10,100009,Direct_Earth_to_Mars,1,1,227039495707.41052,0.97880418704996341,1,7.969544906146646e-15,6.2404991384152373e-14,486931.60691208451,0.48693160691208448,16,8192,0.91046394238745232,0
10,100009,Earth_Relay0_Mars,1,1,182601019167.19858,0.97880418704996341,1,1.2320546004583089e-14,9.6475216128221022e-14,752773.6319571865,0.7527736319571865,16,8192,0.87015581086887206,0
10,100009,Earth_Relay0_Mars,1,2,75084809986.063522,0.97880418704996341,1,7.2867215994249374e-14,5.7058188891076285e-13,4452117.5290604355,4.4521175290604349,16,8192,0.22376510204736388,5.081589221504174e-226
10,100009,Earth_Relay1_Mars,1,1,268159896086.0993,0.97880418704996341,1,5.7127956810154013e-15,4.473366665871058e-14,349046.37763842457,0.34904637763842455,16,8192,0.92872240491689451,0
10,100009,Earth_Relay1_Mars,1,2,78878314438.511948,0.97880418704996341,1,6.6026930193267509e-14,5.1701948584980715e-13,4034182.5784409698,4.0341825784409693,16,8192,0.27437389991051297,5.4955350147960449e-286
10,100009,Earth_Relay2_Mars,1,1,227819139158.5047,0.97880418704996341,1,7.9150914326443276e-15,6.1978597081244493e-14,483604.55151975225,0.48360455151975223,16,8192,0.91092707807683493,0
10,100009,Earth_Relay2_Mars,1,2,999999999.99999058,0.97880418704996341,1,4.1080559421808713e-10,3.2167858854736959e-09,25099830727.700287,25099.830727700286,16,8192,0,1
10,100009,Direct_Earth_to_Mars,1,1,227039495707.41052,0.97880418704996341,4,7.969544906146646e-15,6.2404991384152373e-14,486931.60691208451,0.48693160691208448,16,8192,0.92955711179670208,0
10,100009,Earth_Relay0_Mars,1,1,182601019167.19858,0.97880418704996341,4,1.2320546004583089e-14,9.6475216128221022e-14,752773.6319571865,0.7527736319571865,16,8192,0.91156733666857492,0
10,100009,Earth_Relay0_Mars,1,2,75084809986.063522,0.97880418704996341,4,7.2867215994249374e-14,5.7058188891076285e-13,4452117.5290604355,4.4521175290604349,16,8192,0.49449740471131842,0
10,100009,Earth_Relay1_Mars,1,1,268159896086.0993,0.97880418704996341,4,5.7127956810154013e-15,4.473366665871058e-14,349046.37763842457,0.34904637763842455,16,8192,0.93793780146671102,0
10,100009,Earth_Relay1_Mars,1,2,78878314438.511948,0.97880418704996341,4,6.6026930193267509e-14,5.1701948584980715e-13,4034182.5784409698,4.0341825784409693,16,8192,0.54691490764214157,0
10,100009,Earth_Relay2_Mars,1,1,227819139158.5047,0.97880418704996341,4,7.9150914326443276e-15,6.1978597081244493e-14,483604.55151975225,0.48360455151975223,16,8192,0.92976696998991126,0
10,100009,Earth_Relay2_Mars,1,2,999999999.99999058,0.97880418704996341,4,4.1080559421808713e-10,3.2167858854736959e-09,25099830727.700287,25099.830727700286,16,8192,0,1
11,100010,Direct_Earth_to_Mars,1,1,169382702292.4245,0.98926946826332207,0,1.4318523433470204e-14,1.1331902450675987e-13,884201.94399384165,0.88420194399384155,16,8192,0.41304367376629503,0
11,100010,Earth_Relay0_Mars,1,1,117077616978.24582,0.98926946826332207,0,2.9970128206701966e-14,2.3718826235862116e-13,1850724.744436037,1.8507247444360369,16,8192,0.15712325083699374,9.221964423349458e-153
11,100010,Earth_Relay0_Mars,1,2,81255037653.624451,0.98926946826332207,0,6.2220823859235182e-14,4.9242529067305126e-13,3842279.8041194854,3.8422798041194852,16,8192,0.021444655958347547,5.2346172084939329e-20
11,100010,Earth_Relay1_Mars,1,1,222195300252.03598,0.98926946826332207,0,8.3208292788508317e-15,6.5852338849589147e-14,513830.45592555805,0.51383045592555798,16,8192,0.5981998066981209,0
11,100010,Earth_Relay1_Mars,1,2,84547641477.207733,0.98926946826332207,0,5.7468962238457712e-14,4.5481831772227193e-13,3548841.356907832,3.5488413569078316,16,8192,0.028757940547749494,1.1134775184617965e-26
11,100010,Earth_Relay2_Mars,1,1,170092875077.91049,0.98926946826332207,0,1.4199207470201284e-14,1.1237473939045292e-13,876833.90725722781,0.87683390725722776,16,8192,0.41609823396550305,0
11,100010,Earth_Relay2_Mars,1,2,1000000000.0000038,0.98926946826332207,0,4.1080559421807627e-10,3.251179454013715e-09,25368195729.043518,25368.195729043517,16,8192,0,1
11,100010,Direct_Earth_to_Mars,1,1,169382702292.4245,0.98926946826332207,0.01,1.4318523433470204e-14,1.1331902450675987e-13,884201.94399384165,0.88420194399384155,16,8192,0.45999053625004971,0
11,100010,Earth_Relay0_Mars,1,1,117077616978.24582,0.98926946826332207,0.01,2.9970128206701966e-14,2.3718826235862116e-13,1850724.744436037,1.8507247444360369,16,8192,0.19607946661335407,7.5244117480924218e-195
11,100010,Earth_Relay0_Mars,1,2,81255037653.624451,0.98926946826332207,0.01,6.2220823859235182e-14,4.9242529067305126e-13,3842279.8041194854,3.8422798041194852,16,8192,0.032741638990737787,2.4605067761561165e-30
11,100010,Earth_Relay1_Mars,1,1,222195300252.03598,0.98926946826332207,0.01,8.3208292788508317e-15,6.5852338849589147e-14,513830.45592555805,0.51383045592555798,16,8192,0.63552175742590467,0
11,100010,Earth_Relay1_Mars,1,2,84547641477.207733,0.98926946826332207,0.01,5.7468962238457712e-14,4.5481831772227193e-13,3548841.356907832,3.5488413569078316,16,8192,0.04272059532263961,1.4699046679468417e-39
11,100010,Earth_Relay2_Mars,1,1,170092875077.91049,0.98926946826332207,0.01,1.4199207470201284e-14,1.1237473939045292e-13,876833.90725722781,0.87683390725722776,16,8192,0.46296746795098875,0
11,100010,Earth_Relay2_Mars,1,2,1000000000.0000038,0.98926946826332207,0.01,4.1080559421807627e-10,3.251179454013715e-09,25368195729.043518,25368.195729043517,16,8192,0,1
11,100010,Direct_Earth_to_Mars,1,1,169382702292.4245,0.98926946826332207,0.10000000000000001,1.4318523433470204e-14,1.1331902450675987e-13,884201.94399384165,0.88420194399384155,16,8192,0.67193029522647918,0
11,100010,Earth_Relay0_Mars,1,1,117077616978.24582,0.98926946826332207,0.10000000000000001,2.9970128206701966e-14,2.3718826235862116e-13,1850724.744436037,1.8507247444360369,16,8192,0.37641321916956039,0
11,100010,Earth_Relay0_Mars,1,2,81255037653.624451,0.98926946826332207,0.10000000000000001,6.2220823859235182e-14,4.9242529067305126e-13,3842279.8041194854,3.8422798041194852,16,8192,0.089544472367035888,3.6466436988342186e-84
11,100010,Earth_Relay1_Mars,1,1,222195300252.03598,0.98926946826332207,0.10000000000000001,8.3208292788508317e-15,6.5852338849589147e-14,513830.45592555805,0.51383045592555798,16,8192,0.80636426029336139,0
11,100010,Earth_Relay1_Mars,1,2,84547641477.207733,0.98926946826332207,0.10000000000000001,5.7468962238457712e-14,4.5481831772227193e-13,3548841.356907832,3.5488413569078316,16,8192,0.11204965577750658,1.9953381107331167e-106
11,100010,Earth_Relay2_Mars,1,1,170092875077.91049,0.98926946826332207,0.10000000000000001,1.4199207470201284e-14,1.1237473939045292e-13,876833.90725722781,0.87683390725722776,16,8192,0.67455640387709503,0
11,100010,Earth_Relay2_Mars,1,2,1000000000.0000038,0.98926946826332207,0.10000000000000001,4.1080559421807627e-10,3.251179454013715e-09,25368195729.043518,25368.195729043517,16,8192,0,1
11,100010,Direct_Earth_to_Mars,1,1,169382702292.4245,0.98926946826332207,1,1.4318523433470204e-14,1.1331902450675987e-13,884201.94399384165,0.88420194399384155,16,8192,0.84806301942193396,0
11,100010,Earth_Relay0_Mars,1,1,117077616978.24582,0.98926946826332207,1,2.9970128206701966e-14,2.3718826235862116e-13,1850724.744436037,1.8507247444360369,16,8192,0.65970403136493894,0
11,100010,Earth_Relay0_Mars,1,2,81255037653.624451,0.98926946826332207,1,6.2220823859235182e-14,4.9242529067305126e-13,3842279.8041194854,3.8422798041194852,16,8192,0.30032476865226487,2.2286016713219444e-318
11,100010,Earth_Relay1_Mars,1,1,222195300252.03598,0.98926946826332207,1,8.3208292788508317e-15,6.5852338849589147e-14,513830.45592555805,0.51383045592555798,16,8192,0.90667988745814798,0
11,100010,Earth_Relay1_Mars,1,2,84547641477.207733,0.98926946826332207,1,5.7468962238457712e-14,4.5481831772227193e-13,3548841.356907832,3.5488413569078316,16,8192,0.34336773882280935,0
11,100010,Earth_Relay2_Mars,1,1,170092875077.91049,0.98926946826332207,1,1.4199207470201284e-14,1.1237473939045292e-13,876833.90725722781,0.87683390725722776,16,8192,0.84933510579640914,0
11,100010,Earth_Relay2_Mars,1,2,1000000000.0000038,0.98926946826332207,1,4.1080559421807627e-10,3.251179454013715e-09,25368195729.043518,25368.195729043517,16,8192,0,1
11,100010,Direct_Earth_to_Mars,1,1,169382702292.4245,0.98926946826332207,4,1.4318523433470204e-14,1.1331902450675987e-13,884201.94399384165,0.88420194399384155,16,8192,0.90178727869520303,0
11,100010,Earth_Relay0_Mars,1,1,117077616978.24582,0.98926946826332207,4,2.9970128206701966e-14,2.3718826235862116e-13,1850724.744436037,1.8507247444360369,16,8192,0.81308765104780234,0
11,100010,Earth_Relay0_Mars,1,2,81255037653.624451,0.98926946826332207,4,6.2220823859235182e-14,4.9242529067305126e-13,3842279.8041194854,3.8422798041194852,16,8192,0.57134340748859236,0
11,100010,Earth_Relay1_Mars,1,1,222195300252.03598,0.98926946826332207,4,8.3208292788508317e-15,6.5852338849589147e-14,513830.45592555805,0.51383045592555798,16,8192,0.92784654202123673,0
11,100010,Earth_Relay1_Mars,1,2,84547641477.207733,0.98926946826332207,4,5.7468962238457712e-14,4.5481831772227193e-13,3548841.356907832,3.5488413569078316,16,8192,0.60887589698729028,0
11,100010,Earth_Relay2_Mars,1,1,170092875077.91049,0.98926946826332207,4,1.4199207470201284e-14,1.1237473939045292e-13,876833.90725722781,0.87683390725722776,16,8192,0.9023509225348515,0
11,100010,Earth_Relay2_Mars,1,2,1000000000.0000038,0.98926946826332207,4,4.1080559421807627e-10,3.251179454013715e-09,25368195729.043518,25368.195729043517,16,8192,0,1
12,100011,Direct_Earth_to_Mars,1,1,231675547124.85172,0.85109997729906051,0,7.6537796418573923e-15,5.2113053435494706e-14,406626.01320196351,0.40662601320196351,16,8192,0.66589317899722411,0
12,100011,Earth_Relay0_Mars,1,1,188145189127.49307,0.85109997729906051,0,1.1605132765996059e-14,7.9017025869534643e-14,616551.44126559619,0.61655144126559613,16,8192,0.53980277303132007,0
12,100011,Earth_Relay0_Mars,1,2,74710859622.246216,0.85109997729906051,0,7.3598486283504888e-14,5.0111736004108989e-13,3910101.9960771175,3.9101019960771173,16,8192,0.020038457113430885,9.9105820973426876e-19
12,100011,Earth_Relay1_Mars,1,1,271817452795.21625,0.85109997729906051,0,5.5600880901534638e-15,3.7857526778483118e-14,295393.46034819481,0.2953934603481948,16,8192,0.74423870143156212,0
12,100011,Earth_Relay1_Mars,1,2,78379236907.478287,0.85109997729906051,0,6.6870456383012054e-14,4.55307551276475e-13,3552658.7323359763,3.552658732335976,16,8192,0.028648369961229325,1.4028696989411118e-26
12,100011,Earth_Relay2_Mars,1,1,232461450344.16714,0.85109997729906051,0,7.602115487586259e-15,5.1761282551276007e-14,403881.22695781395,0.40388122695781392,16,8192,0.6677234241017358,0
12,100011,Earth_Relay2_Mars,1,2,999999999.99999726,0.85109997729906051,0,4.108055942180818e-10,2.7970930553066921e-09,21825065365.668732,21825.065365668732,16,8192,0,1
12,100011,Direct_Earth_to_Mars,1,1,231675547124.85172,0.85109997729906051,0.01,7.6537796418573923e-15,5.2113053435494706e-14,406626.01320196351,0.40662601320196351,16,8192,0.69756911989787684,0
12,100011,Earth_Relay0_Mars,1,1,188145189127.49307,0.85109997729906051,0.01,1.1605132765996059e-14,7.9017025869534643e-14,616551.44126559619,0.61655144126559613,16,8192,0.58115160876468641,0
12,100011,Earth_Relay0_Mars,1,2,74710859622.246216,0.85109997729906051,0.01,7.3598486283504888e-14,5.0111736004108989e-13,3910101.9960771175,3.9101019960771173,16,8192,0.030785999769766814,1.5399347364451794e-28
12,100011,Earth_Relay1_Mars,1,1,271817452795.21625,0.85109997729906051,0.01,5.5600880901534638e-15,3.7857526778483118e-14,295393.46034819481,0.2953934603481948,16,8192,0.76820306417251982,0
12,100011,Earth_Relay1_Mars,1,2,78379236907.478287,0.85109997729906051,0.01,6.6870456383012054e-14,4.55307551276475e-13,3552658.7323359763,3.552658732335976,16,8192,0.042573196108218747,2.0147973162486854e-39
12,100011,Earth_Relay2_Mars,1,1,232461450344.16714,0.85109997729906051,0.01,7.602115487586259e-15,5.1761282551276007e-14,403881.22695781395,0.40388122695781392,16,8192,0.69923311814809819,0
12,100011,Earth_Relay2_Mars,1,2,999999999.99999726,0.85109997729906051,0.01,4.108055942180818e-10,2.7970930553066921e-09,21825065365.668732,21825.065365668732,16,8192,0,1
12,100011,Direct_Earth_to_Mars,1,1,231675547124.85172,0.85109997729906051,0.10000000000000001,7.6537796418573923e-15,5.2113053435494706e-14,406626.01320196351,0.40662601320196351,16,8192,0.84495140840719096,0
12,100011,Earth_Relay0_Mars,1,1,188145189127.49307,0.85109997729906051,0.10000000000000001,1.1605132765996059e-14,7.9017025869534643e-14,616551.44126559619,0.61655144126559613,16,8192,0.76891639216110297,0
12,100011,Earth_Relay0_Mars,1,2,74710859622.246216,0.85109997729906051,0.10000000000000001,7.3598486283504888e-14,5.0111736004108989e-13,3910101.9960771175,3.9101019960771173,16,8192,0.084983506815664245,1.0149224798499813e-79
12,100011,Earth_Relay1_Mars,1,1,271817452795.21625,0.85109997729906051,0.10000000000000001,5.5600880901534638e-15,3.7857526778483118e-14,295393.46034819481,0.2953934603481948,16,8192,0.88385933101952496,0
12,100011,Earth_Relay1_Mars,1,2,78379236907.478287,0.85109997729906051,0.10000000000000001,6.6870456383012054e-14,4.55307551276475e-13,3552658.7323359763,3.552658732335976,16,8192,0.11172572576302509,4.2114242147730149e-106
12,100011,Earth_Relay2_Mars,1,1,232461450344.16714,0.85109997729906051,0.10000000000000001,7.602115487586259e-15,5.1761282551276007e-14,403881.22695781395,0.40388122695781392,16,8192,0.84592807444036655,0
12,100011,Earth_Relay2_Mars,1,2,999999999.99999726,0.85109997729906051,0.10000000000000001,4.108055942180818e-10,2.7970930553066921e-09,21825065365.668732,21825.065365668732,16,8192,0,1
12,100011,Direct_Earth_to_Mars,1,1,231675547124.85172,0.85109997729906051,1,7.6537796418573923e-15,5.2113053435494706e-14,406626.01320196351,0.40662601320196351,16,8192,0.92133444361262096,0
12,100011,Earth_Relay0_Mars,1,1,188145189127.49307,0.85109997729906051,1,1.1605132765996059e-14,7.9017025869534643e-14,616551.44126559619,0.61655144126559613,16,8192,0.89159889744495058,0
12,100011,Earth_Relay0_Mars,1,2,74710859622.246216,0.85109997729906051,1,7.3598486283504888e-14,5.0111736004108989e-13,3910101.9960771175,3.9101019960771173,16,8192,0.29095507190073866,1.5130379721385833e-306
12,100011,Earth_Relay1_Mars,1,1,271817452795.21625,0.85109997729906051,1,5.5600880901534638e-15,3.7857526778483118e-14,295393.46034819481,0.2953934603481948,16,8192,0.93529078299661561,0
12,100011,Earth_Relay1_Mars,1,2,78379236907.478287,0.85109997729906051,1,6.6870456383012054e-14,4.55307551276475e-13,3552658.7323359763,3.552658732335976,16,8192,0.34278173777596121,0
12,100011,Earth_Relay2_Mars,1,1,232461450344.16714,0.85109997729906051,1,7.602115487586259e-15,5.1761282551276007e-14,403881.22695781395,0.40388122695781392,16,8192,0.92169444281702828,0
12,100011,Earth_Relay2_Mars,1,2,999999999.99999726,0.85109997729906051,1,4.108055942180818e-10,2.7970930553066921e-09,21825065365.668732,21825.065365668732,16,8192,0,1
12,100011,Direct_Earth_to_Mars,1,1,231675547124.85172,0.85109997729906051,4,7.6537796418573923e-15,5.2113053435494706e-14,406626.01320196351,0.40662601320196351,16,8192,0.93451693763790367,0
12,100011,Earth_Relay0_Mars,1,1,188145189127.49307,0.85109997729906051,4,1.1605132765996059e-14,7.9017025869534643e-14,616551.44126559619,0.61655144126559613,16,8192,0.92108675216520275,0
12,100011,Earth_Relay0_Mars,1,2,74710859622.246216,0.85109997729906051,4,7.3598486283504888e-14,5.0111736004108989e-13,3910101.9960771175,3.9101019960771173,16,8192,0.56269291479642902,0
12,100011,Earth_Relay1_Mars,1,1,271817452795.21625,0.85109997729906051,4,5.5600880901534638e-15,3.7857526778483118e-14,295393.46034819481,0.2953934603481948,16,8192,0.94102393827196185,0
12,100011,Earth_Relay1_Mars,1,2,78379236907.478287,0.85109997729906051,4,6.6870456383012054e-14,4.55307551276475e-13,3552658.7323359763,3.552658732335976,16,8192,0.60838739678101117,0
12,100011,Earth_Relay2_Mars,1,1,232461450344.16714,0.85109997729906051,4,7.602115487586259e-15,5.1761282551276007e-14,403881.22695781395,0.40388122695781392,16,8192,0.93468257150160894,0
12,100011,Earth_Relay2_Mars,1,2,999999999.99999726,0.85109997729906051,4,4.108055942180818e-10,2.7970930553066921e-09,21825065365.668732,21825.065365668732,16,8192,0,1
13,100012,Direct_Earth_to_Mars,1,1,142907893149.91309,0.86962245295552332,0,2.0115179660472859e-14,1.3994089502385167e-13,1091926.1965315144,1.0919261965315143,16,8192,0.33556949798321911,0
13,100012,Earth_Relay0_Mars,1,1,92112607140.482544,0.86962245295552332,0,4.8417036051494234e-14,3.3683633324749139e-13,2628255.4227902191,2.6282554227902191,16,8192,0.07220431843230668,2.1999163386904768e-67
13,100012,Earth_Relay0_Mars,1,2,84027770568.972595,0.86962245295552332,0,5.8182270769189762e-14,4.0477287219860194e-13,3158348.4064727775,3.1583484064727774,16,8192,0.042495869055381164,2.3771912982280934e-39
13,100012,Earth_Relay1_Mars,1,1,199967804817.83618,0.86962245295552332,0,1.0273447144256243e-14,7.1472162447176242e-14,557680.62999401335,0.55768062999401335,16,8192,0.57253544661024636,0
13,100012,Earth_Relay1_Mars,1,2,85695365300.437668,0.86962245295552332,0,5.5939899295049199e-14,3.8917273954436503e-13,3036624.2063265326,3.0366242063265325,16,8192,0.047996643081279933,1.7848699991356093e-44
13,100012,Earth_Relay2_Mars,1,1,143601569434.93344,0.86962245295552332,0,1.9921313789557339e-14,1.3859217411017236e-13,1081402.4415047558,1.0814024415047556,16,8192,0.33911959659427893,0
13,100012,Earth_Relay2_Mars,1,2,999999999.99998832,0.86962245295552332,0,4.1080559421808904e-10,2.8579661482542877e-09,22300043926.024864,22300.043926024864,16,8192,0,1
13,100012,Direct_Earth_to_Mars,1,1,142907893149.91309,0.86962245295552332,0.01,2.0115179660472859e-14,1.3994089502385167e-13,1091926.1965315144,1.0919261965315143,16,8192,0.38337483783809834,0
13,100012,Earth_Relay0_Mars,1,1,92112607140.482544,0.86962245295552332,0.01,4.8417036051494234e-14,3.3683633324749139e-13,2628255.4227902191,2.6282554227902191,16,8192,0.097941898294118923,2.0906406343470945e-92
13,100012,Earth_Relay0_Mars,1,2,84027770568.972595,0.86962245295552332,0.01,5.8182270769189762e-14,4.0477287219860194e-13,3158348.4064727775,3.1583484064727774,16,8192,0.060798763113926291,1.6207916160039681e-56
13,100012,Earth_Relay1_Mars,1,1,199967804817.83618,0.86962245295552332,0.01,1.0273447144256243e-14,7.1472162447176242e-14,557680.62999401335,0.55768062999401335,16,8192,0.61172853730624166,0
13,100012,Earth_Relay1_Mars,1,2,85695365300.437668,0.86962245295552332,0.01,5.5939899295049199e-14,3.8917273954436503e-13,3036624.2063265326,3.0366242063265325,16,8192,0.067849558700971979,3.2162328636079348e-63
13,100012,Earth_Relay2_Mars,1,1,143601569434.93344,0.86962245295552332,0.01,1.9921313789557339e-14,1.3859217411017236e-13,1081402.4415047558,1.0814024415047556,16,8192,0.38693563285974608,0
13,100012,Earth_Relay2_Mars,1,2,999999999.99998832,0.86962245295552332,0.01,4.1080559421808904e-10,2.8579661482542877e-09,22300043926.024864,22300.043926024864,16,8192,0,1
13,100012,Direct_Earth_to_Mars,1,1,142907893149.91309,0.86962245295552332,0.10000000000000001,2.0115179660472859e-14,1.3994089502385167e-13,1091926.1965315144,1.0919261965315143,16,8192,0.59964556446999495,0
13,100012,Earth_Relay0_Mars,1,1,92112607140.482544,0.86962245295552332,0.10000000000000001,4.8417036051494234e-14,3.3683633324749139e-13,2628255.4227902191,2.6282554227902191,16,8192,0.22084513410150408,1.1104940472902963e-222
13,100012,Earth_Relay0_Mars,1,2,84027770568.972595,0.86962245295552332,0.10000000000000001,5.8182270769189762e-14,4.0477287219860194e-13,3158348.4064727775,3.1583484064727774,16,8192,0.15017555910184688,1.8460219353607356e-145
13,100012,Earth_Relay1_Mars,1,1,199967804817.83618,0.86962245295552332,0.10000000000000001,1.0273447144256243e-14,7.1472162447176242e-14,557680.62999401335,0.55768062999401335,16,8192,0.79040873050643556,0
13,100012,Earth_Relay1_Mars,1,2,85695365300.437668,0.86962245295552332,0.10000000000000001,5.5939899295049199e-14,3.8917273954436503e-13,3036624.2063265326,3.0366242063265325,16,8192,0.16429529170613144,2.3133143884948749e-160
13,100012,Earth_Relay2_Mars,1,1,143601569434.93344,0.86962245295552332,0.10000000000000001,1.9921313789557339e-14,1.3859217411017236e-13,1081402.4415047558,1.0814024415047556,16,8192,0.6032151194903731,0
13,100012,Earth_Relay2_Mars,1,2,999999999.99998832,0.86962245295552332,0.10000000000000001,4.1080559421808904e-10,2.8579661482542877e-09,22300043926.024864,22300.043926024864,16,8192,0,1
13,100012,Direct_Earth_to_Mars,1,1,142907893149.91309,0.86962245295552332,1,2.0115179660472859e-14,1.3994089502385167e-13,1091926.1965315144,1.0919261965315143,16,8192,0.81075365796691445,0
13,100012,Earth_Relay0_Mars,1,1,92112607140.482544,0.86962245295552332,1,4.8417036051494234e-14,3.3683633324749139e-13,2628255.4227902191,2.6282554227902191,16,8192,0.5034184545544349,0
13,100012,Earth_Relay0_Mars,1,2,84027770568.972595,0.86962245295552332,1,5.8182270769189762e-14,4.0477287219860194e-13,3158348.4064727775,3.1583484064727774,16,8192,0.40685930677850501,0
13,100012,Earth_Relay1_Mars,1,1,199967804817.83618,0.86962245295552332,1,1.0273447144256243e-14,7.1472162447176242e-14,557680.62999401335,0.55768062999401335,16,8192,0.90036227322898787,0
13,100012,Earth_Relay1_Mars,1,2,85695365300.437668,0.86962245295552332,1,5.5939899295049199e-14,3.8917273954436503e-13,3036624.2063265326,3.0366242063265325,16,8192,0.42803915418784033,0
13,100012,Earth_Relay2_Mars,1,1,143601569434.93344,0.86962245295552332,1,1.9921313789557339e-14,1.3859217411017236e-13,1081402.4415047558,1.0814024415047556,16,8192,0.81270552897861681,0
13,100012,Earth_Relay2_Mars,1,2,999999999.99998832,0.86962245295552332,1,4.1080559421808904e-10,2.8579661482542877e-09,22300043926.024864,22300.043926024864,16,8192,0,1
13,100012,Direct_Earth_to_Mars,1,1,142907893149.91309,0.86962245295552332,4,2.0115179660472859e-14,1.3994089502385167e-13,1091926.1965315144,1.0919261965315143,16,8192,0.88515653602773026,0
13,100012,Earth_Relay0_Mars,1,1,92112607140.482544,0.86962245295552332,4,4.8417036051494234e-14,3.3683633324749139e-13,2628255.4227902191,2.6282554227902191,16,8192,0.72444335655393821,0
13,100012,Earth_Relay0_Mars,1,2,84027770568.972595,0.86962245295552332,4,5.8182270769189762e-14,4.0477287219860194e-13,3158348.4064727775,3.1583484064727774,16,8192,0.65863813950534911,0
13,100012,Earth_Relay1_Mars,1,1,199967804817.83618,0.86962245295552332,4,1.0273447144256243e-14,7.1472162447176242e-14,557680.62999401335,0.55768062999401335,16,8192,0.92500498046466562,0
13,100012,Earth_Relay1_Mars,1,2,85695365300.437668,0.86962245295552332,4,5.5939899295049199e-14,3.8917273954436503e-13,3036624.2063265326,3.0366242063265325,16,8192,0.67398912652661314,0
13,100012,Earth_Relay2_Mars,1,1,143601569434.93344,0.86962245295552332,4,1.9921313789557339e-14,1.3859217411017236e-13,1081402.4415047558,1.0814024415047556,16,8192,0.88603310121246603,0
13,100012,Earth_Relay2_Mars,1,2,999999999.99998832,0.86962245295552332,4,4.1080559421808904e-10,2.8579661482542877e-09,22300043926.024864,22300.043926024864,16,8192,0,1
14,100013,Direct_Earth_to_Mars,1,1,378929921235.42255,0.89840822900667172,0,2.8610045591553084e-15,2.0562800313365873e-14,160446.73954946268,0.16044673954946267,16,8192,0.85176318765501025,0
14,100013,Earth_Relay0_Mars,0,1,391272435123.47034,0.89840822900667172,0,2.6833532096254555e-15,1.9285972838871788e-14,150483.95227692428,0.15048395227692427,16,8192,0.86029153561696647,0
14,100013,Earth_Relay0_Mars,0,2,78072585531.38179,0.89840822900667172,0,6.7396791936584764e-14,4.8439865987582592e-13,3779649.874277439,3.7796498742774389,16,8192,0.02283068363547669,2.872065269426125e-21
14,100013,Earth_Relay1_Mars,1,1,356088141212.86621,0.89840822900667172,0,3.2398233251378389e-15,2.3285471486652734e-14,181691.10831062007,0.18169110831062005,16,8192,0.83385887271479153,0
14,100013,Earth_Relay1_Mars,1,2,77783506897.148529,0.89840822900667172,0,6.7898676644669922e-14,4.8800583868987657e-13,3807795.8500621733,3.8077958500621731,16,8192,0.022197050704852339,1.0833036242510861e-20
14,100013,Earth_Relay2_Mars,1,1,379901560485.61871,0.89840822900667172,0,2.8463886180174391e-15,2.0457751659022361e-14,159627.06937679078,0.15962706937679078,16,8192,0.85246163874476855,0
14,100013,Earth_Relay2_Mars,1,2,999999999.9999876,0.89840822900667172,0,4.1080559421808961e-10,2.9525690109400583e-09,23038208020.343826,23038.208020343824,16,8192,0,1
14,100013,Direct_Earth_to_Mars,1,1,378929921235.42255,0.89840822900667172,0.01,2.8610045591553084e-15,2.0562800313365873e-14,160446.73954946268,0.16044673954946267,16,8192,0.86331836228662384,0
14,100013,Earth_Relay0_Mars,0,1,391272435123.47034,0.89840822900667172,0.01,2.6833532096254555e-15,1.9285972838871788e-14,150483.95227692428,0.15048395227692427,16,8192,0.8707793822490395,0
14,100013,Earth_Relay0_Mars,0,2,78072585531.38179,0.89840822900667172,0.01,6.7396791936584764e-14,4.8439865987582592e-13,3779649.874277439,3.7796498742774389,16,8192,0.03465657813642542,4.2502201705277095e-32
14,100013,Earth_Relay1_Mars,1,1,356088141212.86621,0.89840822900667172,0.01,3.2398233251378389e-15,2.3285471486652734e-14,181691.10831062007,0.18169110831062005,16,8192,0.84761649872830058,0
14,100013,Earth_Relay1_Mars,1,2,77783506897.148529,0.89840822900667172,0.01,6.7898676644669922e-14,4.8800583868987657e-13,3807795.8500621733,3.8077958500621731,16,8192,0.033782655674049811,2.7117525835466526e-31
14,100013,Earth_Relay2_Mars,1,1,379901560485.61871,0.89840822900667172,0.01,2.8463886180174391e-15,2.0457751659022361e-14,159627.06937679078,0.15962706937679078,16,8192,0.86392984095280156,0
14,100013,Earth_Relay2_Mars,1,2,999999999.9999876,0.89840822900667172,0.01,4.1080559421808961e-10,2.9525690109400583e-09,23038208020.343826,23038.208020343824,16,8192,0,1
14,100013,Direct_Earth_to_Mars,1,1,378929921235.42255,0.89840822900667172,0.10000000000000001,2.8610045591553084e-15,2.0562800313365873e-14,160446.73954946268,0.16044673954946267,16,8192,0.92842779324766833,0
14,100013,Earth_Relay0_Mars,0,1,391272435123.47034,0.89840822900667172,0.10000000000000001,2.6833532096254555e-15,1.9285972838871788e-14,150483.95227692428,0.15048395227692427,16,8192,0.93156374374827755,0
14,100013,Earth_Relay0_Mars,0,2,78072585531.38179,0.89840822900667172,0.10000000000000001,6.7396791936584764e-14,4.8439865987582592e-13,3779649.874277439,3.7796498742774389,16,8192,0.093959438228904513,1.7312831749896008e-88
14,100013,Earth_Relay1_Mars,1,1,356088141212.86621,0.89840822900667172,0.10000000000000001,3.2398233251378389e-15,2.3285471486652734e-14,181691.10831062007,0.18169110831062005,16,8192,0.9216609487088302,0
14,100013,Earth_Relay1_Mars,1,2,77783506897.148529,0.89840822900667172,0.10000000000000001,6.7898676644669922e-14,4.8800583868987657e-13,3807795.8500621733,3.8077958500621731,16,8192,0.091950677006014003,1.614845578307792e-86
14,100013,Earth_Relay2_Mars,1,1,379901560485.61871,0.89840822900667172,0.10000000000000001,2.8463886180174391e-15,2.0457751659022361e-14,159627.06937679078,0.15962706937679078,16,8192,0.92868672092737103,0
14,100013,Earth_Relay2_Mars,1,2,999999999.9999876,0.89840822900667172,0.10000000000000001,4.1080559421808961e-10,2.9525690109400583e-09,23038208020.343826,23038.208020343824,16,8192,0,1
14,100013,Direct_Earth_to_Mars,1,1,378929921235.42255,0.89840822900667172,1,2.8610045591553084e-15,2.0562800313365873e-14,160446.73954946268,0.16044673954946267,16,8192,0.95041565479160439,0
14,100013,Earth_Relay0_Mars,0,1,391272435123.47034,0.89840822900667172,1,2.6833532096254555e-15,1.9285972838871788e-14,150483.95227692428,0.15048395227692427,16,8192,0.9514511709563831,0
14,100013,Earth_Relay0_Mars,0,2,78072585531.38179,0.89840822900667172,1,6.7396791936584764e-14,4.8439865987582592e-13,3779649.874277439,3.7796498742774389,16,8192,0.30917016759945593,0
14,100013,Earth_Relay1_Mars,1,1,356088141212.86621,0.89840822900667172,1,3.2398233251378389e-15,2.3285471486652734e-14,181691.10831062007,0.18169110831062005,16,8192,0.9481698466848465,0
14,100013,Earth_Relay1_Mars,1,2,77783506897.148529,0.89840822900667172,1,6.7898676644669922e-14,4.8800583868987657e-13,3807795.8500621733,3.8077958500621731,16,8192,0.30517208698378839,0
14,100013,Earth_Relay2_Mars,1,1,379901560485.61871,0.89840822900667172,1,2.8463886180174391e-15,2.0457751659022361e-14,159627.06937679078,0.15962706937679078,16,8192,0.95050127707061305,0
14,100013,Earth_Relay2_Mars,1,2,999999999.9999876,0.89840822900667172,1,4.1080559421808961e-10,2.9525690109400583e-09,23038208020.343826,23038.208020343824,16,8192,0,1
14,100013,Direct_Earth_to_Mars,1,1,378929921235.42255,0.89840822900667172,4,2.8610045591553084e-15,2.0562800313365873e-14,160446.73954946268,0.16044673954946267,16,8192,0.94835626275703599,0
14,100013,Earth_Relay0_Mars,0,1,391272435123.47034,0.89840822900667172,4,2.6833532096254555e-15,1.9285972838871788e-14,150483.95227692428,0.15048395227692427,16,8192,0.94887336662930277,0
14,100013,Earth_Relay0_Mars,0,2,78072585531.38179,0.89840822900667172,4,6.7396791936584764e-14,4.8439865987582592e-13,3779649.874277439,3.7796498742774389,16,8192,0.57934382406961926,0
14,100013,Earth_Relay1_Mars,1,1,356088141212.86621,0.89840822900667172,4,3.2398233251378389e-15,2.3285471486652734e-14,181691.10831062007,0.18169110831062005,16,8192,0.94724252915204832,0
14,100013,Earth_Relay1_Mars,1,2,77783506897.148529,0.89840822900667172,4,6.7898676644669922e-14,4.8800583868987657e-13,3807795.8500621733,3.8077958500621731,16,8192,0.57574718860541596,0
14,100013,Earth_Relay2_Mars,1,1,379901560485.61871,0.89840822900667172,4,2.8463886180174391e-15,2.0457751659022361e-14,159627.06937679078,0.15962706937679078,16,8192,0.9483989316209861,0
14,100013,Earth_Relay2_Mars,1,2,999999999.9999876,0.89840822900667172,4,4.1080559421808961e-10,2.9525690109400583e-09,23038208020.343826,23038.208020343824,16,8192,0,1
15,100014,Direct_Earth_to_Mars,1,1,222297548676.05637,0.95946111042649029,0,8.3131765087735033e-15,6.380935651423391e-14,497889.54079388548,0.49788954079388548,16,8192,0.60781206963327583,0
15,100014,Earth_Relay0_Mars,1,1,258324668257.12393,0.95946111042649029,0,6.1560847258923283e-15,4.7252191095873677e-14,368697.83698541857,0.36869783698541858,16,8192,0.69163436520429777,0
15,100014,Earth_Relay0_Mars,1,2,69525138346.69313,0.95946111042649029,0,8.498702474696346e-14,6.5233396108452138e-13,5090009.899350387,5.0900098993503864,16,8192,0.0061579589270738255,3.2059869221767793e-06
15,100014,Earth_Relay1_Mars,1,1,186944183389.44302,0.95946111042649029,0,1.1754723964256965e-14,9.0225604060022918e-14,704009.36519826739,0.7040093651982674,16,8192,0.49459829793424415,0
15,100014,Earth_Relay1_Mars,1,2,71667189009.016266,0.95946111042649029,0,7.998261663059217e-14,6.1392168133763392e-13,4790287.8308515791,4.7902878308515788,16,8192,0.0083100651445323637,3.7831558911162641e-08
15,100014,Earth_Relay2_Mars,1,1,223101689418.19064,0.95946111042649029,0,8.2533570030821579e-15,6.3350200599387653e-14,494306.8541773138,0.49430685417731379,16,8192,0.60999357529268816,0
15,100014,Earth_Relay2_Mars,1,2,999999999.99999964,0.95946111042649029,0,4.1080559421807984e-10,3.1532159327831446e-09,24603809199.159607,24603.809199159605,16,8192,0,1
15,100014,Direct_Earth_to_Mars,1,1,222297548676.05637,0.95946111042649029,0.01,8.3131765087735033e-15,6.380935651423391e-14,497889.54079388548,0.49788954079388548,16,8192,0.64439386232034757,0
15,100014,Earth_Relay0_Mars,1,1,258324668257.12393,0.95946111042649029,0.01,6.1560847258923283e-15,4.7252191095873677e-14,368697.83698541857,0.36869783698541858,16,8192,0.7209094836913339,0
15,100014,Earth_Relay0_Mars,1,2,69525138346.69313,0.95946111042649029,0.01,8.498702474696346e-14,6.5233396108452138e-13,5090009.899350387,5.0900098993503864,16,8192,0.01048710121112062,4.1990371387764213e-10
15,100014,Earth_Relay1_Mars,1,1,186944183389.44302,0.95946111042649029,0.01,1.1754723964256965e-14,9.0225604060022918e-14,704009.36519826739,0.7040093651982674,16,8192,0.53847121663893427,0
15,100014,Earth_Relay1_Mars,1,2,71667189009.016266,0.95946111042649029,0.01,7.998261663059217e-14,6.1392168133763392e-13,4790287.8308515791,4.7902878308515788,16,8192,0.013799521739041531,4.3726794148531983e-13
15,100014,Earth_Relay2_Mars,1,1,223101689418.19064,0.95946111042649029,0.01,8.2533570030821579e-15,6.3350200599387653e-14,494306.8541773138,0.49430685417731379,16,8192,0.64640446586122036,0
15,100014,Earth_Relay2_Mars,1,2,999999999.99999964,0.95946111042649029,0.01,4.1080559421807984e-10,3.1532159327831446e-09,24603809199.159607,24603.809199159605,16,8192,0,1
15,100014,Direct_Earth_to_Mars,1,1,222297548676.05637,0.95946111042649029,0.10000000000000001,8.3131765087735033e-15,6.380935651423391e-14,497889.54079388548,0.49788954079388548,16,8192,0.81214602941317604,0
15,100014,Earth_Relay0_Mars,1,1,258324668257.12393,0.95946111042649029,0.10000000000000001,6.1560847258923283e-15,4.7252191095873677e-14,368697.83698541857,0.36869783698541858,16,8192,0.85838166248663472,0
15,100014,Earth_Relay0_Mars,1,2,69525138346.69313,0.95946111042649029,0.10000000000000001,8.498702474696346e-14,6.5233396108452138e-13,5090009.899350387,5.0900098993503864,16,8192,0.03344632533816394,5.5309459565218527e-31
15,100014,Earth_Relay1_Mars,1,1,186944183389.44302,0.95946111042649029,0.10000000000000001,1.1754723964256965e-14,9.0225604060022918e-14,704009.36519826739,0.7040093651982674,16,8192,0.73697997625463163,0
15,100014,Earth_Relay1_Mars,1,2,71667189009.016266,0.95946111042649029,0.10000000000000001,7.998261663059217e-14,6.1392168133763392e-13,4790287.8308515791,4.7902878308515788,16,8192,0.042543636798828777,2.1463033013914957e-39
15,100014,Earth_Relay2_Mars,1,1,223101689418.19064,0.95946111042649029,0.10000000000000001,8.2533570030821579e-15,6.3350200599387653e-14,494306.8541773138,0.49430685417731379,16,8192,0.8134438036734285,0
15,100014,Earth_Relay2_Mars,1,2,999999999.99999964,0.95946111042649029,0.10000000000000001,4.1080559421807984e-10,3.1532159327831446e-09,24603809199.159607,24603.809199159605,16,8192,0,1
15,100014,Direct_Earth_to_Mars,1,1,222297548676.05637,0.95946111042649029,1,8.3131765087735033e-15,6.380935651423391e-14,497889.54079388548,0.49788954079388548,16,8192,0.90893090519678676,0
15,100014,Earth_Relay0_Mars,1,1,258324668257.12393,0.95946111042649029,1,6.1560847258923283e-15,4.7252191095873677e-14,368697.83698541857,0.36869783698541858,16,8192,0.92623991497537439,0
15,100014,Earth_Relay0_Mars,1,2,69525138346.69313,0.95946111042649029,1,8.498702474696346e-14,6.5233396108452138e-13,5090009.899350387,5.0900098993503864,16,8192,0.16116126069120673,4.9377003937630051e-157
15,100014,Earth_Relay1_Mars,1,1,186944183389.44302,0.95946111042649029,1,1.1754723964256965e-14,9.0225604060022918e-14,704009.36519826739,0.7040093651982674,16,8192,0.87801158184547834,0
15,100014,Earth_Relay1_Mars,1,2,71667189009.016266,0.95946111042649029,1,7.998261663059217e-14,6.1392168133763392e-13,4790287.8308515791,4.7902878308515788,16,8192,0.18848571118683399,1.7320420569690902e-186
15,100014,Earth_Relay2_Mars,1,1,223101689418.19064,0.95946111042649029,1,8.2533570030821579e-15,6.3350200599387653e-14,494306.8541773138,0.49430685417731379,16,8192,0.90943342062548316,0
15,100014,Earth_Relay2_Mars,1,2,999999999.99999964,0.95946111042649029,1,4.1080559421807984e-10,3.1532159327831446e-09,24603809199.159607,24603.809199159605,16,8192,0,1
15,100014,Direct_Earth_to_Mars,1,1,222297548676.05637,0.95946111042649029,4,8.3131765087735033e-15,6.380935651423391e-14,497889.54079388548,0.49788954079388548,16,8192,0.92886325207352871,0
15,100014,Earth_Relay0_Mars,1,1,258324668257.12393,0.95946111042649029,4,6.1560847258923283e-15,4.7252191095873677e-14,368697.83698541857,0.36869783698541858,16,8192,0.93678297533083865,0
15,100014,Earth_Relay0_Mars,1,2,69525138346.69313,0.95946111042649029,4,8.498702474696346e-14,6.5233396108452138e-13,5090009.899350387,5.0900098993503864,16,8192,0.41801277430202866,0
15,100014,Earth_Relay1_Mars,1,1,186944183389.44302,0.95946111042649029,4,1.1754723964256965e-14,9.0225604060022918e-14,704009.36519826739,0.7040093651982674,16,8192,0.91504758868628311,0
15,100014,Earth_Relay1_Mars,1,2,71667189009.016266,0.95946111042649029,4,7.998261663059217e-14,6.1392168133763392e-13,4790287.8308515791,4.7902878308515788,16,8192,0.45330292325335619,0
15,100014,Earth_Relay2_Mars,1,1,223101689418.19064,0.95946111042649029,4,8.2533570030821579e-15,6.3350200599387653e-14,494306.8541773138,0.49430685417731379,16,8192,0.92909056033006465,0
15,100014,Earth_Relay2_Mars,1,2,999999999.99999964,0.95946111042649029,4,4.1080559421807984e-10,3.1532159327831446e-09,24603809199.159607,24603.809199159605,16,8192,0,1
16,100015,Direct_Earth_to_Mars,1,1,381799014238.354,0.93424751099530789,0,2.8181671194365434e-15,2.1062924935219258e-14,164349.09544077702,0.164349095440777,16,8192,0.84844578162104289,0
16,100015,Earth_Relay0_Mars,1,1,376451895446.28113,0.93424751099530789,0,2.8987941266827448e-15,2.1665529581929372e-14,169051.07908738899,0.16905107908738898,16,8192,0.84446576774363158,0
16,100015,Earth_Relay0_Mars,1,2,74261047318.479675,0.93424751099530789,0,7.4492784675940172e-14,5.567575893648521e-13,4344249.740875246,4.3442497408752461,16,8192,0.012981243891863836,2.3901798156910505e-12
16,100015,Earth_Relay1_Mars,1,1,377912334519.81879,0.93424751099530789,0,2.876432686547385e-15,2.1498400623619528e-14,167747.01076807149,0.16774701076807147,16,8192,0.84556772715710871,0
16,100015,Earth_Relay1_Mars,1,2,72743502295.826111,0.93424751099530789,0,7.7633280038196199e-14,5.802295891686922e-13,4527396.2861823002,4.5273962861822996,16,8192,0.010808782442591203,2.1575248946157468e-10
16,100015,Earth_Relay2_Mars,1,1,382794068058.92242,0.93424751099530789,0,2.8035347963756507e-15,2.0953563244021509e-14,163495.77164650333,0.16349577164650334,16,8192,0.84917008958531026,0
16,100015,Earth_Relay2_Mars,1,2,999999999.99998915,0.93424751099530789,0,4.1080559421808837e-10,3.0703528312095798e-09,23957247725.341637,23957.247725341636,16,8192,0,1
16,100015,Direct_Earth_to_Mars,1,1,381799014238.354,0.93424751099530789,0.01,2.8181671194365434e-15,2.1062924935219258e-14,164349.09544077702,0.164349095440777,16,8192,0.86041297099730252,0
16,100015,Earth_Relay0_Mars,1,1,376451895446.28113,0.93424751099530789,0.01,2.8987941266827448e-15,2.1665529581929372e-14,169051.07908738899,0.16905107908738898,16,8192,0.85692491576125152,0
16,100015,Earth_Relay0_Mars,1,2,74261047318.479675,0.93424751099530789,0.01,7.4492784675940172e-14,5.567575893648521e-13,4344249.740875246,4.3442497408752461,16,8192,0.020738198767442539,2.294938608468908e-19
16,100015,Earth_Relay1_Mars,1,1,377912334519.81879,0.93424751099530789,0.01,2.876432686547385e-15,2.1498400623619528e-14,167747.01076807149,0.16774701076807147,16,8192,0.85789092228814479,0
16,100015,Earth_Relay1_Mars,1,2,72743502295.826111,0.93424751099530789,0.01,7.7633280038196199e-14,5.802295891686922e-13,4527396.2861823002,4.5273962861822996,16,8192,0.017547116051868317,1.7964982850386524e-16
16,100015,Earth_Relay2_Mars,1,1,382794068058.92242,0.93424751099530789,0.01,2.8035347963756507e-15,2.0953563244021509e-14,163495.77164650333,0.16349577164650334,16,8192,0.86104747318396069,0
16,100015,Earth_Relay2_Mars,1,2,999999999.99998915,0.93424751099530789,0.01,4.1080559421808837e-10,3.0703528312095798e-09,23957247725.341637,23957.247725341636,16,8192,0,1
16,100015,Direct_Earth_to_Mars,1,1,381799014238.354,0.93424751099530789,0.10000000000000001,2.8181671194365434e-15,2.1062924935219258e-14,164349.09544077702,0.164349095440777,16,8192,0.92719283068960523,0
16,100015,Earth_Relay0_Mars,1,1,376451895446.28113,0.93424751099530789,0.10000000000000001,2.8987941266827448e-15,2.1665529581929372e-14,169051.07908738899,0.16905107908738898,16,8192,0.92569994823485002,0
16,100015,Earth_Relay0_Mars,1,2,74261047318.479675,0.93424751099530789,0.10000000000000001,7.4492784675940172e-14,5.567575893648521e-13,4344249.740875246,4.3442497408752461,16,8192,0.060589124565584407,2.5599725367394899e-56
16,100015,Earth_Relay1_Mars,1,1,377912334519.81879,0.93424751099530789,0.10000000000000001,2.876432686547385e-15,2.1498400623619528e-14,167747.01076807149,0.16774701076807147,16,8192,0.926114519475432,0
16,100015,Earth_Relay1_Mars,1,2,72743502295.826111,0.93424751099530789,0.10000000000000001,7.7633280038196199e-14,5.802295891686922e-13,4527396.2861823002,4.5273962861822996,16,8192,0.052437088230375628,1.2396360893506624e-48
16,100015,Earth_Relay2_Mars,1,1,382794068058.92242,0.93424751099530789,0.10000000000000001,2.8035347963756507e-15,2.0953563244021509e-14,163495.77164650333,0.16349577164650334,16,8192,0.92746319323648108,0
16,100015,Earth_Relay2_Mars,1,2,999999999.99998915,0.93424751099530789,0.10000000000000001,4.1080559421808837e-10,3.0703528312095798e-09,23957247725.341637,23957.247725341636,16,8192,0,1
16,100015,Direct_Earth_to_Mars,1,1,381799014238.354,0.93424751099530789,1,2.8181671194365434e-15,2.1062924935219258e-14,164349.09544077702,0.164349095440777,16,8192,0.95000696817535479,0
16,100015,Earth_Relay0_Mars,1,1,376451895446.28113,0.93424751099530789,1,2.8987941266827448e-15,2.1665529581929372e-14,169051.07908738899,0.16905107908738898,16,8192,0.94951223746730595,0
16,100015,Earth_Relay0_Mars,1,2,74261047318.479675,0.93424751099530789,1,7.4492784675940172e-14,5.567575893648521e-13,4344249.740875246,4.3442497408752461,16,8192,0.23606659402737484,3.1453386497043351e-240
16,100015,Earth_Relay1_Mars,1,1,377912334519.81879,0.93424751099530789,1,2.876432686547385e-15,2.1498400623619528e-14,167747.01076807149,0.16774701076807147,16,8192,0.94964969999723825,0
16,100015,Earth_Relay1_Mars,1,2,72743502295.826111,0.93424751099530789,1,7.7633280038196199e-14,5.802295891686922e-13,4527396.2861823002,4.5273962861822996,16,8192,0.21548566509613931,1.3887035485430349e-216
16,100015,Earth_Relay2_Mars,1,1,382794068058.92242,0.93424751099530789,1,2.8035347963756507e-15,2.0953563244021509e-14,163495.77164650333,0.16349577164650334,16,8192,0.95009648324465534,0
16,100015,Earth_Relay2_Mars,1,2,999999999.99998915,0.93424751099530789,1,4.1080559421808837e-10,3.0703528312095798e-09,23957247725.341637,23957.247725341636,16,8192,0,1
16,100015,Direct_Earth_to_Mars,1,1,381799014238.354,0.93424751099530789,4,2.8181671194365434e-15,2.1062924935219258e-14,164349.09544077702,0.164349095440777,16,8192,0.94815281343851943,0
16,100015,Earth_Relay0_Mars,1,1,376451895446.28113,0.93424751099530789,4,2.8987941266827448e-15,2.1665529581929372e-14,169051.07908738899,0.16905107908738898,16,8192,0.94790699960048486,0
16,100015,Earth_Relay0_Mars,1,2,74261047318.479675,0.93424751099530789,4,7.4492784675940172e-14,5.567575893648521e-13,4344249.740875246,4.3442497408752461,16,8192,0.50789190605954659,0
16,100015,Earth_Relay1_Mars,1,1,377912334519.81879,0.93424751099530789,4,2.876432686547385e-15,2.1498400623619528e-14,167747.01076807149,0.16774701076807147,16,8192,0.94797524871885652,0
16,100015,Earth_Relay1_Mars,1,2,72743502295.826111,0.93424751099530789,4,7.7633280038196199e-14,5.802295891686922e-13,4527396.2861823002,4.5273962861822996,16,8192,0.4852168343662403,0
16,100015,Earth_Relay2_Mars,1,1,382794068058.92242,0.93424751099530789,4,2.8035347963756507e-15,2.0953563244021509e-14,163495.77164650333,0.16349577164650334,16,8192,0.94819734493186858,0
16,100015,Earth_Relay2_Mars,1,2,999999999.99998915,0.93424751099530789,4,4.1080559421808837e-10,3.0703528312095798e-09,23957247725.341637,23957.247725341636,16,8192,0,1
17,100016,Direct_Earth_to_Mars,1,1,110342918297.66272,0.89341510621189002,0,3.3740181732242757e-14,2.4115190436736109e-13,1881652.1194701772,1.8816521194701772,16,8192,0.15233821680482174,9.9975102173781202e-148
17,100016,Earth_Relay0_Mars,1,1,71226977587.488144,0.89341510621189002,0,8.0974321354614679e-14,5.7874945530775033e-13,4515847.1465483122,4.5158471465483121,16,8192,0.01093433821529266,1.6636221455086864e-10
17,100016,Earth_Relay0_Mars,1,2,85718131735.449402,0.89341510621189002,0,5.5910188359203991e-14,3.9960805497012015e-13,3118048.5410823543,3.118048541082354,16,8192,0.044243423453988351,5.6397559788754363e-41
17,100016,Earth_Relay1_Mars,0,1,169648666892.90976,0.89341510621189002,0,1.4273663249314168e-14,1.0201845094335016e-13,796026.20160191681,0.79602620160191673,16,8192,0.45111805923238391,0
17,100016,Earth_Relay1_Mars,0,2,84561390418.183334,0.89341510621189002,0,5.7450275858512153e-14,4.1061555446428011e-13,3203937.4948005085,3.2039374948005084,16,8192,0.040602018583681065,1.3600133107798784e-37
17,100016,Earth_Relay2_Mars,1,1,111057727896.38388,0.89341510621189002,0,3.3307250309026625e-14,2.3805760457972027e-13,1857508.0192236337,1.8575080192236335,16,8192,0.15606104733308113,1.2161710607891119e-151
17,100016,Earth_Relay2_Mars,1,2,1000000000.0000018,0.89341510621189002,0,4.1080559421807808e-10,2.9361593887262629e-09,22910167561.781841,22910.16756178184,16,8192,0,1
17,100016,Direct_Earth_to_Mars,1,1,110342918297.66272,0.89341510621189002,0.01,3.3740181732242757e-14,2.4115190436736109e-13,1881652.1194701772,1.8816521194701772,16,8192,0.19076433102368862,5.4655638751677659e-189
17,100016,Earth_Relay0_Mars,1,1,71226977587.488144,0.89341510621189002,0.01,8.0974321354614679e-14,5.7874945530775033e-13,4515847.1465483122,4.5158471465483121,16,8192,0.017733104669865885,1.2190779880860302e-16
17,100016,Earth_Relay0_Mars,1,2,85718131735.449402,0.89341510621189002,0.01,5.5910188359203991e-14,3.9960805497012015e-13,3118048.5410823543,3.118048541082354,16,8192,0.063048938315606984,1.1918644428143749e-58
17,100016,Earth_Relay1_Mars,0,1,169648666892.90976,0.89341510621189002,0.01,1.4273663249314168e-14,1.0201845094335016e-13,796026.20160191681,0.79602620160191673,16,8192,0.496881935377123,0
17,100016,Earth_Relay1_Mars,0,2,84561390418.183334,0.89341510621189002,0.01,5.7450275858512153e-14,4.1061555446428011e-13,3203937.4948005085,3.2039374948005084,16,8192,0.058348878610935184,3.363389793769455e-54
17,100016,Earth_Relay2_Mars,1,1,111057727896.38388,0.89341510621189002,0.01,3.3307250309026625e-14,2.3805760457972027e-13,1857508.0192236337,1.8575080192236335,16,8192,0.19490135421989108,1.5099024378421058e-193
17,100016,Earth_Relay2_Mars,1,2,1000000000.0000018,0.89341510621189002,0.01,4.1080559421807808e-10,2.9361593887262629e-09,22910167561.781841,22910.16756178184,16,8192,0,1
17,100016,Direct_Earth_to_Mars,1,1,110342918297.66272,0.89341510621189002,0.10000000000000001,3.3740181732242757e-14,2.4115190436736109e-13,1881652.1194701772,1.8816521194701772,16,8192,0.36885057451091219,0
17,100016,Earth_Relay0_Mars,1,1,71226977587.488144,0.89341510621189002,0.10000000000000001,8.0974321354614679e-14,5.7874945530775033e-13,4515847.1465483122,4.5158471465483121,16,8192,0.052918621277795119,4.3770922730141209e-49
17,100016,Earth_Relay0_Mars,1,2,85718131735.449402,0.89341510621189002,0.10000000000000001,5.5910188359203991e-14,3.9960805497012015e-13,3118048.5410823543,3.118048541082354,16,8192,0.15472284905766354,3.120450347875713e-150
17,100016,Earth_Relay1_Mars,0,1,169648666892.90976,0.89341510621189002,0.10000000000000001,1.4273663249314168e-14,1.0201845094335016e-13,796026.20160191681,0.79602620160191673,16,8192,0.70357179892563582,0
17,100016,Earth_Relay1_Mars,0,2,84561390418.183334,0.89341510621189002,0.10000000000000001,5.7450275858512153e-14,4.1061555446428011e-13,3203937.4948005085,3.2039374948005084,16,8192,0.14517883442583945,3.0237544997779367e-140
17,100016,Earth_Relay2_Mars,1,1,111057727896.38388,0.89341510621189002,0.10000000000000001,3.3307250309026625e-14,2.3805760457972027e-13,1857508.0192236337,1.8575080192236335,16,8192,0.3747441392708214,0
17,100016,Earth_Relay2_Mars,1,2,1000000000.0000018,0.89341510621189002,0.10000000000000001,4.1080559421807808e-10,2.9361593887262629e-09,22910167561.781841,22910.16756178184,16,8192,0,1
17,100016,Direct_Earth_to_Mars,1,1,110342918297.66272,0.89341510621189002,1,3.3740181732242757e-14,2.4115190436736109e-13,1881652.1194701772,1.8816521194701772,16,8192,0.65334296103301237,0
17,100016,Earth_Relay0_Mars,1,1,71226977587.488144,0.89341510621189002,1,8.0974321354614679e-14,5.7874945530775033e-13,4515847.1465483122,4.5158471465483121,16,8192,0.21673974107357363,5.2441623654803332e-218
17,100016,Earth_Relay0_Mars,1,2,85718131735.449402,0.89341510621189002,1,5.5910188359203991e-14,3.9960805497012015e-13,3118048.5410823543,3.118048541082354,16,8192,0.41380109952636313,0
17,100016,Earth_Relay1_Mars,0,1,169648666892.90976,0.89341510621189002,1,1.4273663249314168e-14,1.0201845094335016e-13,796026.20160191681,0.79602620160191673,16,8192,0.86302896254214911,0
17,100016,Earth_Relay1_Mars,0,2,84561390418.183334,0.89341510621189002,1,5.7450275858512153e-14,4.1061555446428011e-13,3203937.4948005085,3.2039374948005084,16,8192,0.39909185592782981,0
17,100016,Earth_Relay2_Mars,1,1,111057727896.38388,0.89341510621189002,1,3.3307250309026625e-14,2.3805760457972027e-13,1857508.0192236337,1.8575080192236335,16,8192,0.65830889694374806,0
17,100016,Earth_Relay2_Mars,1,2,1000000000.0000018,0.89341510621189002,1,4.1080559421807808e-10,2.9361593887262629e-09,22910167561.781841,22910.16756178184,16,8192,0,1
17,100016,Direct_Earth_to_Mars,1,1,110342918297.66272,0.89341510621189002,4,3.3740181732242757e-14,2.4115190436736109e-13,1881652.1194701772,1.8816521194701772,16,8192,0.80981068579693316,0
17,100016,Earth_Relay0_Mars,1,1,71226977587.488144,0.89341510621189002,4,8.0974321354614679e-14,5.7874945530775033e-13,4515847.1465483122,4.5158471465483121,16,8192,0.48663684988027223,0
17,100016,Earth_Relay0_Mars,1,2,85718131735.449402,0.89341510621189002,4,5.5910188359203991e-14,3.9960805497012015e-13,3118048.5410823543,3.118048541082354,16,8192,0.66373235687226895,0
17,100016,Earth_Relay1_Mars,0,1,169648666892.90976,0.89341510621189002,4,1.4273663249314168e-14,1.0201845094335016e-13,796026.20160191681,0.79602620160191673,16,8192,0.90841302538830082,0
17,100016,Earth_Relay1_Mars,0,2,84561390418.183334,0.89341510621189002,4,5.7450275858512153e-14,4.1061555446428011e-13,3203937.4948005085,3.2039374948005084,16,8192,0.65286274261830901,0
17,100016,Earth_Relay2_Mars,1,1,111057727896.38388,0.89341510621189002,4,3.3307250309026625e-14,2.3805760457972027e-13,1857508.0192236337,1.8575080192236335,16,8192,0.81237096210002879,0
17,100016,Earth_Relay2_Mars,1,2,1000000000.0000018,0.89341510621189002,4,4.1080559421807808e-10,2.9361593887262629e-09,22910167561.781841,22910.16756178184,16,8192,0,1
18,100017,Direct_Earth_to_Mars,1,1,70537737651.494095,0.91855337077711152,0,8.2564488759965325e-14,6.0671911565564078e-13,4734087.8890899755,4.7340878890899756,16,8192,0.0087904630535311501,1.4024473950339184e-08
18,100017,Earth_Relay0_Mars,1,1,75075382968.261536,0.91855337077711152,0,7.288551663135833e-14,5.3559389586052343e-13,4179114.3717695852,4.1791143717695851,16,8192,0.015312062358276868,1.8861203816909182e-14
18,100017,Earth_Relay0_Mars,1,2,82114424120.075974,0.91855337077711152,0,6.0925267701780215e-14,4.4770488010374481e-13,3493336.8606579071,3.4933368606579069,16,8192,0.030399264630221134,3.4860478360943615e-28
18,100017,Earth_Relay1_Mars,1,1,116888342027.50769,0.91855337077711152,0,3.0067266846891689e-14,2.2094711449813808e-13,1723998.8519970854,1.7239988519970852,16,8192,0.17835151868884602,1.8925373136384082e-175
18,100017,Earth_Relay1_Mars,1,2,77609104978.39827,0.91855337077711152,0,6.8204181125956197e-14,5.0119344379471771e-13,3910695.6598785566,3.9106956598785563,16,8192,0.020026564537251712,1.0159985009083947e-18
18,100017,Earth_Relay2_Mars,1,1,71469550069.478195,0.91855337077711152,0,8.042558951817136e-14,5.9100157078922114e-13,4611447.5488100462,4.6114475488100464,16,8192,0.0099374229865775154,1.3094748301468815e-09
18,100017,Earth_Relay2_Mars,1,2,1000000000.0000074,0.91855337077711152,0,4.1080559421807338e-10,3.0187749064248452e-09,23554797196.312332,23554.797196312331,16,8192,0,1
18,100017,Direct_Earth_to_Mars,1,1,70537737651.494095,0.91855337077711152,0.01,8.2564488759965325e-14,6.0671911565564078e-13,4734087.8890899755,4.7340878890899756,16,8192,0.014527379480168467,9.6397215064399324e-14
18,100017,Earth_Relay0_Mars,1,1,75075382968.261536,0.91855337077711152,0.01,7.288551663135833e-14,5.3559389586052343e-13,4179114.3717695852,4.1791143717695851,16,8192,0.024105074784264824,1.9836548001438704e-22
18,100017,Earth_Relay0_Mars,1,2,82114424120.075974,0.91855337077711152,0.01,6.0925267701780215e-14,4.4770488010374481e-13,3493336.8606579071,3.4933368606579069,16,8192,0.044921713412366948,1.3176919364121467e-41
18,100017,Earth_Relay1_Mars,1,1,116888342027.50769,0.91855337077711152,0.01,3.0067266846891689e-14,2.2094711449813808e-13,1723998.8519970854,1.7239988519970852,16,8192,0.21942398421211162,4.6380509465540769e-221
18,100017,Earth_Relay1_Mars,1,2,77609104978.39827,0.91855337077711152,0.01,6.8204181125956197e-14,5.0119344379471771e-13,3910695.6598785566,3.9106956598785563,16,8192,0.030769402824354142,1.5948982676873355e-28
18,100017,Earth_Relay2_Mars,1,1,71469550069.478195,0.91855337077711152,0.01,8.042558951817136e-14,5.9100157078922114e-13,4611447.5488100462,4.6114475488100464,16,8192,0.016250568306656388,2.6757448008046688e-15
18,100017,Earth_Relay2_Mars,1,2,1000000000.0000074,0.91855337077711152,0.01,4.1080559421807338e-10,3.0187749064248452e-09,23554797196.312332,23554.797196312331,16,8192,0,1
18,100017,Direct_Earth_to_Mars,1,1,70537737651.494095,0.91855337077711152,0.10000000000000001,8.2564488759965325e-14,6.0671911565564078e-13,4734087.8890899755,4.7340878890899756,16,8192,0.044495386381751767,3.2866282453989173e-41
18,100017,Earth_Relay0_Mars,1,1,75075382968.261536,0.91855337077711152,0.10000000000000001,7.288551663135833e-14,5.3559389586052343e-13,4179114.3717695852,4.1791143717695851,16,8192,0.068960445248418489,2.7972717509184986e-64
18,100017,Earth_Relay0_Mars,1,2,82114424120.075974,0.91855337077711152,0.10000000000000001,6.0925267701780215e-14,4.4770488010374481e-13,3493336.8606579071,3.4933368606579069,16,8192,0.11685923239869023,2.9464773612745885e-111
18,100017,Earth_Relay1_Mars,1,1,116888342027.50769,0.91855337077711152,0.10000000000000001,3.0067266846891689e-14,2.2094711449813808e-13,1723998.8519970854,1.7239988519970852,16,8192,0.40867339026016281,0
18,100017,Earth_Relay1_Mars,1,2,77609104978.39827,0.91855337077711152,0.10000000000000001,6.8204181125956197e-14,5.0119344379471771e-13,3910695.6598785566,3.9106956598785563,16,8192,0.08494456539503914,1.1073496940262421e-79
18,100017,Earth_Relay2_Mars,1,1,71469550069.478195,0.91855337077711152,0.10000000000000001,8.042558951817136e-14,5.9100157078922114e-13,4611447.5488100462,4.6114475488100464,16,8192,0.049056535335694984,1.8231470927894014e-45
18,100017,Earth_Relay2_Mars,1,2,1000000000.0000074,0.91855337077711152,0.10000000000000001,4.1080559421807338e-10,3.0187749064248452e-09,23554797196.312332,23554.797196312331,16,8192,0,1
18,100017,Direct_Earth_to_Mars,1,1,70537737651.494095,0.91855337077711152,1,8.2564488759965325e-14,6.0671911565564078e-13,4734087.8890899755,4.7340878890899756,16,8192,0.19401258439692715,1.4463666729442171e-192
18,100017,Earth_Relay0_Mars,1,1,75075382968.261536,0.91855337077711152,1,7.288551663135833e-14,5.3559389586052343e-13,4179114.3717695852,4.1791143717695851,16,8192,0.25591731341572377,1.2028637542394451e-263
18,100017,Earth_Relay0_Mars,1,2,82114424120.075974,0.91855337077711152,1,6.0925267701780215e-14,4.4770488010374481e-13,3493336.8606579071,3.4933368606579069,16,8192,0.35196520027919076,0
18,100017,Earth_Relay1_Mars,1,1,116888342027.50769,0.91855337077711152,1,3.0067266846891689e-14,2.2094711449813808e-13,1723998.8519970854,1.7239988519970852,16,8192,0.68573846677604,0
18,100017,Earth_Relay1_Mars,1,2,77609104978.39827,0.91855337077711152,1,6.8204181125956197e-14,5.0119344379471771e-13,3910695.6598785566,3.9106956598785563,16,8192,0.29087401501296328,1.9121538007887176e-306
18,100017,Earth_Relay2_Mars,1,1,71469550069.478195,0.91855337077711152,1,8.042558951817136e-14,5.9100157078922114e-13,4611447.5488100462,4.6114475488100464,16,8192,0.20653326522706283,1.7172244354685861e-206
18,100017,Earth_Relay2_Mars,1,2,1000000000.0000074,0.91855337077711152,1,4.1080559421807338e-10,3.0187749064248452e-09,23554797196.312332,23554.797196312331,16,8192,0,1
18,100017,Direct_Earth_to_Mars,1,1,70537737651.494095,0.91855337077711152,4,8.2564488759965325e-14,6.0671911565564078e-13,4734087.8890899755,4.7340878890899756,16,8192,0.46005560940078494,0
18,100017,Earth_Relay0_Mars,1,1,75075382968.261536,0.91855337077711152,4,7.288551663135833e-14,5.3559389586052343e-13,4179114.3717695852,4.1791143717695851,16,8192,0.52859045485079659,0
18,100017,Earth_Relay0_Mars,1,2,82114424120.075974,0.91855337077711152,4,6.0925267701780215e-14,4.4770488010374481e-13,3493336.8606579071,3.4933368606579069,16,8192,0.61597679275912531,0
18,100017,Earth_Relay1_Mars,1,1,116888342027.50769,0.91855337077711152,4,3.0067266846891689e-14,2.2094711449813808e-13,1723998.8519970854,1.7239988519970852,16,8192,0.82626023938170956,0
18,100017,Earth_Relay1_Mars,1,2,77609104978.39827,0.91855337077711152,4,6.8204181125956197e-14,5.0119344379471771e-13,3910695.6598785566,3.9106956598785563,16,8192,0.56261726666027734,0
18,100017,Earth_Relay2_Mars,1,1,71469550069.478195,0.91855337077711152,4,8.042558951817136e-14,5.9100157078922114e-13,4611447.5488100462,4.6114475488100464,16,8192,0.47492582734187339,0
18,100017,Earth_Relay2_Mars,1,2,1000000000.0000074,0.91855337077711152,4,4.1080559421807338e-10,3.0187749064248452e-09,23554797196.312332,23554.797196312331,16,8192,0,1
19,100018,Direct_Earth_to_Mars,1,1,304989290043.7984,0.92038777937573379,0,4.4163874904017925e-15,3.2518312601229409e-14,253732.8162023781,0.25373281620237809,16,8192,0.77589908201762281,0
19,100018,Earth_Relay0_Mars,1,1,272195016329.74875,0.92038777937573379,0,5.5446739170895311e-15,4.0826000911300677e-14,318555.77232852916,0.31855577232852916,16,8192,0.72719851926984191,0
19,100018,Earth_Relay0_Mars,1,2,76250514453.620316,0.92038777937573379,0,7.0656283952703484e-14,5.2024944228936041e-13,4059385.1759333094,4.0593851759333095,16,8192,0.017259627488232621,3.2708311888129393e-16
19,100018,Earth_Relay1_Mars,1,1,329918914403.82477,0.92038777937573379,0,3.7741740125094364e-15,2.7789629106809303e-14,216836.00071621555,0.21683600071621553,16,8192,0.80506198806865958,0
19,100018,Earth_Relay1_Mars,1,2,80277881625.844131,0.92038777937573379,0,6.3744767503241403e-14,4.6935924007304637e-13,3662300.7858605697,3.6623007858605696,16,8192,0.025673375781732455,7.3613869455288233e-24
19,100018,Earth_Relay2_Mars,1,1,305888336149.59796,0.92038777937573379,0,4.3904649523882384e-15,3.232744230364478e-14,252243.49974462,0.25224349974462001,16,8192,0.77705550221409536,0
19,100018,Earth_Relay2_Mars,1,2,1000000000.0000081,0.92038777937573379,0,4.1080559421807286e-10,3.0248035889400071e-09,23601837601.24725,23601.837601247247,16,8192,0,1
19,100018,Direct_Earth_to_Mars,1,1,304989290043.7984,0.92038777937573379,0.01,4.4163874904017925e-15,3.2518312601229409e-14,253732.8162023781,0.25373281620237809,16,8192,0.79641838033049295,0
19,100018,Earth_Relay0_Mars,1,1,272195016329.74875,0.92038777937573379,0.01,5.5446739170895311e-15,4.0826000911300677e-14,318555.77232852916,0.31855577232852916,16,8192,0.75294096386905229,0
19,100018,Earth_Relay0_Mars,1,2,76250514453.620316,0.92038777937573379,0.01,7.0656283952703484e-14,5.2024944228936041e-13,4059385.1759333094,4.0593851759333095,16,8192,0.026879721388683109,5.8215509941612618e-25
19,100018,Earth_Relay1_Mars,1,1,329918914403.82477,0.92038777937573379,0.01,3.7741740125094364e-15,2.7789629106809303e-14,216836.00071621555,0.21683600071621553,16,8192,0.82225075724573193,0
19,100018,Earth_Relay1_Mars,1,2,80277881625.844131,0.92038777937573379,0.01,6.3744767503241403e-14,4.6935924007304637e-13,3662300.7858605697,3.6623007858605696,16,8192,0.038547919158886002,1.0859611824762653e-35
19,100018,Earth_Relay2_Mars,1,1,305888336149.59796,0.92038777937573379,0.01,4.3904649523882384e-15,3.232744230364478e-14,252243.49974462,0.25224349974462001,16,8192,0.79744556239093822,0
19,100018,Earth_Relay2_Mars,1,2,1000000000.0000081,0.92038777937573379,0.01,4.1080559421807286e-10,3.0248035889400071e-09,23601837601.24725,23601.837601247247,16,8192,0,1
19,100018,Direct_Earth_to_Mars,1,1,304989290043.7984,0.92038777937573379,0.10000000000000001,4.4163874904017925e-15,3.2518312601229409e-14,253732.8162023781,0.25373281620237809,16,8192,0.89798810727158596,0
19,100018,Earth_Relay0_Mars,1,1,272195016329.74875,0.92038777937573379,0.10000000000000001,5.5446739170895311e-15,4.0826000911300677e-14,318555.77232852916,0.31855577232852916,16,8192,0.87588670889235232,0
19,100018,Earth_Relay0_Mars,1,2,76250514453.620316,0.92038777937573379,0.10000000000000001,7.0656283952703484e-14,5.2024944228936041e-13,4059385.1759333094,4.0593851759333095,16,8192,0.075703149634561262,9.5917308678366985e-71
19,100018,Earth_Relay1_Mars,1,1,329918914403.82477,0.92038777937573379,0.10000000000000001,3.7741740125094364e-15,2.7789629106809303e-14,216836.00071621555,0.21683600071621553,16,8192,0.91024386002602831,0
19,100018,Earth_Relay1_Mars,1,2,80277881625.844131,0.92038777937573379,0.10000000000000001,6.3744767503241403e-14,4.6935924007304637e-13,3662300.7858605697,3.6623007858605696,16,8192,0.10278554712781762,3.4004955483224587e-97
19,100018,Earth_Relay2_Mars,1,1,305888336149.59796,0.92038777937573379,0.10000000000000001,4.3904649523882384e-15,3.232744230364478e-14,252243.49974462,0.25224349974462001,16,8192,0.89848773088768941,0
19,100018,Earth_Relay2_Mars,1,2,1000000000.0000081,0.92038777937573379,0.10000000000000001,4.1080559421807286e-10,3.0248035889400071e-09,23601837601.24725,23601.837601247247,16,8192,0,1
19,100018,Direct_Earth_to_Mars,1,1,304989290043.7984,0.92038777937573379,1,4.4163874904017925e-15,3.2518312601229409e-14,253732.8162023781,0.25373281620237809,16,8192,0.94017593628123652,0
19,100018,Earth_Relay0_Mars,1,1,272195016329.74875,0.92038777937573379,1,5.5446739170895311e-15,4.0826000911300677e-14,318555.77232852916,0.31855577232852916,16,8192,0.93249306469427262,0
19,100018,Earth_Relay0_Mars,1,2,76250514453.620316,0.92038777937573379,1,7.0656283952703484e-14,5.2024944228936041e-13,4059385.1759333094,4.0593851759333095,16,8192,0.27109422248702686,5.636532426213976e-282
19,100018,Earth_Relay1_Mars,1,1,329918914403.82477,0.92038777937573379,1,3.7741740125094364e-15,2.7789629106809303e-14,216836.00071621555,0.21683600071621553,16,8192,0.94434260874233722,0
19,100018,Earth_Relay1_Mars,1,2,80277881625.844131,0.92038777937573379,1,6.3744767503241403e-14,4.6935924007304637e-13,3662300.7858605697,3.6623007858605696,16,8192,0.32624303531392884,0
19,100018,Earth_Relay2_Mars,1,1,305888336149.59796,0.92038777937573379,1,4.3904649523882384e-15,3.232744230364478e-14,252243.49974462,0.25224349974462001,16,8192,0.94034704599837327,0
19,100018,Earth_Relay2_Mars,1,2,1000000000.0000081,0.92038777937573379,1,4.1080559421807286e-10,3.0248035889400071e-09,23601837601.24725,23601.837601247247,16,8192,0,1
19,100018,Direct_Earth_to_Mars,1,1,304989290043.7984,0.92038777937573379,4,4.4163874904017925e-15,3.2518312601229409e-14,253732.8162023781,0.25373281620237809,16,8192,0.9433530193661015,0
19,100018,Earth_Relay0_Mars,1,1,272195016329.74875,0.92038777937573379,4,5.5446739170895311e-15,4.0826000911300677e-14,318555.77232852916,0.31855577232852916,16,8192,0.93970361455879103,0
19,100018,Earth_Relay0_Mars,1,2,76250514453.620316,0.92038777937573379,4,7.0656283952703484e-14,5.2024944228936041e-13,4059385.1759333094,4.0593851759333095,16,8192,0.54371940748317837,0
19,100018,Earth_Relay1_Mars,1,1,329918914403.82477,0.92038777937573379,4,3.7741740125094364e-15,2.7789629106809303e-14,216836.00071621555,0.21683600071621553,16,8192,0.94536686489985988,0
19,100018,Earth_Relay1_Mars,1,2,80277881625.844131,0.92038777937573379,4,6.3744767503241403e-14,4.6935924007304637e-13,3662300.7858605697,3.6623007858605696,16,8192,0.59435444612978205,0
19,100018,Earth_Relay2_Mars,1,1,305888336149.59796,0.92038777937573379,4,4.3904649523882384e-15,3.232744230364478e-14,252243.49974462,0.25224349974462001,16,8192,0.94343519555696032,0
19,100018,Earth_Relay2_Mars,1,2,1000000000.0000081,0.92038777937573379,4,4.1080559421807286e-10,3.0248035889400071e-09,23601837601.24725,23601.837601247247,16,8192,0,1
20,100019,Direct_Earth_to_Mars,1,1,389892271910.11444,0.90046883301311909,0,2.7023842113976872e-15,1.9467302057522829e-14,151898.82191891075,0.15189882191891074,16,8192,0.85907519592392856,0
20,100019,Earth_Relay0_Mars,1,1,396723806033.63324,0.90046883301311909,0,2.6101160998104894e-15,1.8802625587400844e-14,146712.50629744362,0.14671250629744362,16,8192,0.8635422046784591,0
20,100019,Earth_Relay0_Mars,1,2,77866789196.276489,0.90046883301311909,0,6.7753512475492222e-14,4.8807941049077036e-13,3808369.9136817339,3.8083699136817337,16,8192,0.022184311842389559,1.1125965850569607e-20
20,100019,Earth_Relay1_Mars,1,1,371905664058.82996,0.90046883301311909,0,2.9700978935398002e-15,2.1395844673044061e-14,166946.79058208186,0.16694679058208184,16,8192,0.84624463832386931,0
20,100019,Earth_Relay1_Mars,1,2,76483777279.46936,0.90046883301311909,0,7.0225961284337462e-14,5.0589031523945473e-13,3947344.2533535021,3.9473442533535019,16,8192,0.019305905346818086,4.57858423810926e-18
20,100019,Earth_Relay2_Mars,1,1,390882986723.73456,0.90046883301311909,0,2.6887028832876267e-15,1.9368745181064144e-14,151129.80557643832,0.15112980557643832,16,8192,0.85973609287671504,0
20,100019,Earth_Relay2_Mars,1,2,1000000000.0000057,0.90046883301311909,0,4.1080559421807477e-10,2.9593410721664864e-09,23091048836.149612,23091.04883614961,16,8192,0,1
20,100019,Direct_Earth_to_Mars,1,1,389892271910.11444,0.90046883301311909,0.01,2.7023842113976872e-15,1.9467302057522829e-14,151898.82191891075,0.15189882191891074,16,8192,0.86971598057525712,0
20,100019,Earth_Relay0_Mars,1,1,396723806033.63324,0.90046883301311909,0.01,2.6101160998104894e-15,1.8802625587400844e-14,146712.50629744362,0.14671250629744362,16,8192,0.87362016659187591,0
20,100019,Earth_Relay0_Mars,1,2,77866789196.276489,0.90046883301311909,0.01,6.7753512475492222e-14,4.8807941049077036e-13,3808369.9136817339,3.8083699136817337,16,8192,0.033765060189536955,2.8147974048953763e-31
20,100019,Earth_Relay1_Mars,1,1,371905664058.82996,0.90046883301311909,0.01,2.9700978935398002e-15,2.1395844673044061e-14,166946.79058208186,0.16694679058208184,16,8192,0.85848422259509727,0
20,100019,Earth_Relay1_Mars,1,2,76483777279.46936,0.90046883301311909,0.01,7.0225961284337462e-14,5.0589031523945473e-13,3947344.2533535021,3.9473442533535019,16,8192,0.029761802615154931,1.3393635772864027e-27
20,100019,Earth_Relay2_Mars,1,1,390882986723.73456,0.90046883301311909,0.01,2.6887028832876267e-15,1.9368745181064144e-14,151129.80557643832,0.15112980557643832,16,8192,0.87029380811926971,0
20,100019,Earth_Relay2_Mars,1,2,1000000000.0000057,0.90046883301311909,0.01,4.1080559421807477e-10,2.9593410721664864e-09,23091048836.149612,23091.04883614961,16,8192,0,1
20,100019,Direct_Earth_to_Mars,1,1,389892271910.11444,0.90046883301311909,0.10000000000000001,2.7023842113976872e-15,1.9467302057522829e-14,151898.82191891075,0.15189882191891074,16,8192,0.93111989178099119,0
20,100019,Earth_Relay0_Mars,1,1,396723806033.63324,0.90046883301311909,0.10000000000000001,2.6101160998104894e-15,1.8802625587400844e-14,146712.50629744362,0.14671250629744362,16,8192,0.9327444035927881,0
20,100019,Earth_Relay0_Mars,1,2,77866789196.276489,0.90046883301311909,0.10000000000000001,6.7753512475492222e-14,4.8807941049077036e-13,3808369.9136817339,3.8083699136817337,16,8192,0.091910128531095703,1.7694870078768164e-86
20,100019,Earth_Relay1_Mars,1,1,371905664058.82996,0.90046883301311909,0.10000000000000001,2.9700978935398002e-15,2.1395844673044061e-14,166946.79058208186,0.16694679058208184,16,8192,0.92636871391810116,0
20,100019,Earth_Relay1_Mars,1,2,76483777279.46936,0.90046883301311909,0.10000000000000001,7.0225961284337462e-14,5.0589031523945473e-13,3947344.2533535021,3.9473442533535019,16,8192,0.082572846210447359,2.2213479282477045e-77
20,100019,Earth_Relay2_Mars,1,1,390882986723.73456,0.90046883301311909,0.10000000000000001,2.6887028832876267e-15,1.9368745181064144e-14,151129.80557643832,0.15112980557643832,16,8192,0.93136119845416243,0
20,100019,Earth_Relay2_Mars,1,2,1000000000.0000057,0.90046883301311909,0.10000000000000001,4.1080559421807477e-10,2.9593410721664864e-09,23091048836.149612,23091.04883614961,16,8192,0,1
20,100019,Direct_Earth_to_Mars,1,1,389892271910.11444,0.90046883301311909,1,2.7023842113976872e-15,1.9467302057522829e-14,151898.82191891075,0.15189882191891074,16,8192,0.95130480135457263,0
20,100019,Earth_Relay0_Mars,1,1,396723806033.63324,0.90046883301311909,1,2.6101160998104894e-15,1.8802625587400844e-14,146712.50629744362,0.14671250629744362,16,8192,0.95184021380927752,0
20,100019,Earth_Relay0_Mars,1,2,77866789196.276489,0.90046883301311909,1,6.7753512475492222e-14,4.8807941049077036e-13,3808369.9136817339,3.8083699136817337,16,8192,0.30509093221412531,0
20,100019,Earth_Relay1_Mars,1,1,371905664058.82996,0.90046883301311909,1,2.9700978935398002e-15,2.1395844673044061e-14,166946.79058208186,0.16694679058208184,16,8192,0.94973395596791932,0
20,100019,Earth_Relay1_Mars,1,2,76483777279.46936,0.90046883301311909,1,7.0225961284337462e-14,5.0589031523945473e-13,3947344.2533535021,3.9473442533535019,16,8192,0.28590229243251941,3.1307214747563788e-300
20,100019,Earth_Relay2_Mars,1,1,390882986723.73456,0.90046883301311909,1,2.6887028832876267e-15,1.9368745181064144e-14,151129.80557643832,0.15112980557643832,16,8192,0.95138438516909474,0
20,100019,Earth_Relay2_Mars,1,2,1000000000.0000057,0.90046883301311909,1,4.1080559421807477e-10,2.9593410721664864e-09,23091048836.149612,23091.04883614961,16,8192,0,1
20,100019,Direct_Earth_to_Mars,1,1,389892271910.11444,0.90046883301311909,4,2.7023842113976872e-15,1.9467302057522829e-14,151898.82191891075,0.15189882191891074,16,8192,0.94880013168594202,0
20,100019,Earth_Relay0_Mars,1,1,396723806033.63324,0.90046883301311909,4,2.6101160998104894e-15,1.8802625587400844e-14,146712.50629744362,0.14671250629744362,16,8192,0.94906825395107697,0
20,100019,Earth_Relay0_Mars,1,2,77866789196.276489,0.90046883301311909,4,6.7753512475492222e-14,4.8807941049077036e-13,3808369.9136817339,3.8083699136817337,16,8192,0.57567385167582463,0
20,100019,Earth_Relay1_Mars,1,1,371905664058.82996,0.90046883301311909,4,2.9700978935398002e-15,2.1395844673044061e-14,166946.79058208186,0.16694679058208184,16,8192,0.94801710052891242,0
20,100019,Earth_Relay1_Mars,1,2,76483777279.46936,0.90046883301311909,4,7.0225961284337462e-14,5.0589031523945473e-13,3947344.2533535021,3.9473442533535019,16,8192,0.5579499922366018,0
20,100019,Earth_Relay2_Mars,1,1,390882986723.73456,0.90046883301311909,4,2.6887028832876267e-15,1.9368745181064144e-14,151129.80557643832,0.15112980557643832,16,8192,0.94883994495698154,0
20,100019,Earth_Relay2_Mars,1,2,1000000000.0000057,0.90046883301311909,4,4.1080559421807477e-10,2.9593410721664864e-09,23091048836.149612,23091.04883614961,16,8192,0,1
21,100020,Direct_Earth_to_Mars,1,1,353401439921.18341,0.85829568233338405,0,3.289271481598093e-15,2.2585340085423814e-14,176228.14612300598,0.17622814612300597,16,8192,0.83842667771913992,0
21,100020,Earth_Relay0_Mars,1,1,372724943090.17548,0.85829568233338405,0,2.9570552215418023e-15,2.0304221832565743e-14,158429.11191461829,0.15842911191461828,16,8192,0.85348346345518533,0
21,100020,Earth_Relay0_Mars,1,2,76827304019.705978,0.85829568233338405,0,6.9599346552647759e-14,4.7789454911489988e-13,3728899.8135193801,3.72889981351938,16,8192,0.024019246956242468,2.3751253392552406e-22
21,100020,Earth_Relay1_Mars,1,1,325756048554.24225,0.85829568233338405,0,3.8712513729890134e-15,2.6581426709309247e-14,207408.67892927377,0.20740867892927375,16,8192,0.81268745387293539,0
21,100020,Earth_Relay1_Mars,1,2,78034092019.764633,0.85829568233338405,0,6.7463300792092189e-14,4.6322767828648875e-13,3614457.6379426382,3.6144576379426381,16,8192,0.026931527895778462,5.2201878273509866e-25
21,100020,Earth_Relay2_Mars,1,1,354337377733.96552,0.85829568233338405,0,3.2719180329219421e-15,2.246618496484514e-14,175298.40648121972,0.17529840648121972,16,8192,0.83920655872511163,0
21,100020,Earth_Relay2_Mars,1,2,999999999.99999273,0.85829568233338405,0,4.1080559421808547e-10,2.820741342366264e-09,22009587439.355934,22009.587439355932,16,8192,0,1
21,100020,Direct_Earth_to_Mars,1,1,353401439921.18341,0.85829568233338405,0.01,3.289271481598093e-15,2.2585340085423814e-14,176228.14612300598,0.17622814612300597,16,8192,0.85162737829466295,0
21,100020,Earth_Relay0_Mars,1,1,372724943090.17548,0.85829568233338405,0.01,2.9570552215418023e-15,2.0304221832565743e-14,158429.11191461829,0.15842911191461828,16,8192,0.86482428462224958,0
21,100020,Earth_Relay0_Mars,1,2,76827304019.705978,0.85829568233338405,0.01,6.9599346552647759e-14,4.7789454911489988e-13,3728899.8135193801,3.72889981351938,16,8192,0.036289287323739816,1.3268269289028751e-33
21,100020,Earth_Relay1_Mars,1,1,325756048554.24225,0.85829568233338405,0.01,3.8712513729890134e-15,2.6581426709309247e-14,207408.67892927377,0.20740867892927375,16,8192,0.82898121556952109,0
21,100020,Earth_Relay1_Mars,1,2,78034092019.764633,0.85829568233338405,0.01,6.7463300792092189e-14,4.6322767828648875e-13,3614457.6379426382,3.6144576379426381,16,8192,0.040255824714520272,2.8473010377921839e-37
21,100020,Earth_Relay2_Mars,1,1,354337377733.96552,0.85829568233338405,0.01,3.2719180329219421e-15,2.246618496484514e-14,175298.40648121972,0.17529840648121972,16,8192,0.8523118310079757,0
21,100020,Earth_Relay2_Mars,1,2,999999999.99999273,0.85829568233338405,0.01,4.1080559421808547e-10,2.820741342366264e-09,22009587439.355934,22009.587439355932,16,8192,0,1
21,100020,Direct_Earth_to_Mars,1,1,353401439921.18341,0.85829568233338405,0.10000000000000001,3.289271481598093e-15,2.2585340085423814e-14,176228.14612300598,0.17622814612300597,16,8192,0.92341114011626879,0
21,100020,Earth_Relay0_Mars,1,1,372724943090.17548,0.85829568233338405,0.10000000000000001,2.9570552215418023e-15,2.0304221832565743e-14,158429.11191461829,0.15842911191461828,16,8192,0.92906485145196083,0
21,100020,Earth_Relay0_Mars,1,2,76827304019.705978,0.85829568233338405,0.10000000000000001,6.9599346552647759e-14,4.7789454911489988e-13,3728899.8135193801,3.72889981351938,16,8192,0.097685702121158347,3.7398535722058017e-92
21,100020,Earth_Relay1_Mars,1,1,325756048554.24225,0.85829568233338405,0.10000000000000001,3.8712513729890134e-15,2.6581426709309247e-14,207408.67892927377,0.20740867892927375,16,8192,0.91333227190936772,0
21,100020,Earth_Relay1_Mars,1,2,78034092019.764633,0.85829568233338405,0.10000000000000001,6.7463300792092189e-14,4.6322767828648875e-13,3614457.6379426382,3.6144576379426381,16,8192,0.10660138797922758,5.5045264346461192e-101
21,100020,Earth_Relay2_Mars,1,1,354337377733.96552,0.85829568233338405,0.10000000000000001,3.2719180329219421e-15,2.246618496484514e-14,175298.40648121972,0.17529840648121972,16,8192,0.92370831871358916,0
21,100020,Earth_Relay2_Mars,1,2,999999999.99999273,0.85829568233338405,0.10000000000000001,4.1080559421808547e-10,2.820741342366264e-09,22009587439.355934,22009.587439355932,16,8192,0,1
21,100020,Direct_Earth_to_Mars,1,1,353401439921.18341,0.85829568233338405,1,3.289271481598093e-15,2.2585340085423814e-14,176228.14612300598,0.17622814612300597,16,8192,0.94875224414627823,0
21,100020,Earth_Relay0_Mars,1,1,372724943090.17548,0.85829568233338405,1,2.9570552215418023e-15,2.0304221832565743e-14,158429.11191461829,0.15842911191461828,16,8192,0.95062627738718186,0
21,100020,Earth_Relay0_Mars,1,2,76827304019.705978,0.85829568233338405,1,6.9599346552647759e-14,4.7789454911489988e-13,3728899.8135193801,3.72889981351938,16,8192,0.31647379700409772,0
21,100020,Earth_Relay1_Mars,1,1,325756048554.24225,0.85829568233338405,1,3.8712513729890134e-15,2.6581426709309247e-14,207408.67892927377,0.20740867892927375,16,8192,0.94538286310925113,0
21,100020,Earth_Relay1_Mars,1,2,78034092019.764633,0.85829568233338405,1,6.7463300792092189e-14,4.6322767828648875e-13,3614457.6379426382,3.6144576379426381,16,8192,0.33339024427689234,0
21,100020,Earth_Relay2_Mars,1,1,354337377733.96552,0.85829568233338405,1,3.2719180329219421e-15,2.246618496484514e-14,175298.40648121972,0.17529840648121972,16,8192,0.94885102548649314,0
21,100020,Earth_Relay2_Mars,1,2,999999999.99999273,0.85829568233338405,1,4.1080559421808547e-10,2.820741342366264e-09,22009587439.355934,22009.587439355932,16,8192,0,1
21,100020,Direct_Earth_to_Mars,1,1,353401439921.18341,0.85829568233338405,4,3.289271481598093e-15,2.2585340085423814e-14,176228.14612300598,0.17622814612300597,16,8192,0.94753036615909858,0
21,100020,Earth_Relay0_Mars,1,1,372724943090.17548,0.85829568233338405,4,2.9570552215418023e-15,2.0304221832565743e-14,158429.11191461829,0.15842911191461828,16,8192,0.94846125230499745,0
21,100020,Earth_Relay0_Mars,1,2,76827304019.705978,0.85829568233338405,4,6.9599346552647759e-14,4.7789454911489988e-13,3728899.8135193801,3.72889981351938,16,8192,0.58583305742146741,0
21,100020,Earth_Relay1_Mars,1,1,325756048554.24225,0.85829568233338405,4,3.8712513729890134e-15,2.6581426709309247e-14,207408.67892927377,0.20740867892927375,16,8192,0.94587406473880498,0
21,100020,Earth_Relay1_Mars,1,2,78034092019.764633,0.85829568233338405,4,6.7463300792092189e-14,4.6322767828648875e-13,3614457.6379426382,3.6144576379426381,16,8192,0.60047794647286057,0
21,100020,Earth_Relay2_Mars,1,1,354337377733.96552,0.85829568233338405,4,3.2719180329219421e-15,2.246618496484514e-14,175298.40648121972,0.17529840648121972,16,8192,0.94757925357859651,0
21,100020,Earth_Relay2_Mars,1,2,999999999.99999273,0.85829568233338405,4,4.1080559421808547e-10,2.820741342366264e-09,22009587439.355934,22009.587439355932,16,8192,0,1
22,100021,Direct_Earth_to_Mars,1,1,327645975056.1991,0.98190908352358264,0,3.8267198971947507e-15,3.0059928217247649e-14,234550.61567724822,0.23455061567724822,16,8192,0.79092619961295907,0
22,100021,Earth_Relay0_Mars,1,1,302814048812.6344,0.98190908352358264,0,4.4800649368160536e-15,3.5192131649881512e-14,274596.00321794336,0.27459600321794336,16,8192,0.75987904991301392,0
22,100021,Earth_Relay0_Mars,1,2,73724598802.297852,0.98190908352358264,0,7.5580805017399967e-14,5.9370783189287843e-13,4632563.8736215606,4.6325638736215602,16,8192,0.0097297811666137157,2.0119409167025482e-09
22,100021,Earth_Relay1_Mars,1,1,344967284828.76532,0.98190908352358264,0,3.4520774281307589e-15,2.711700946966656e-14,211587.70641330644,0.21158770641330643,16,8192,0.80929829728895553,0
22,100021,Earth_Relay1_Mars,1,2,76885156488.429947,0.98190908352358264,0,6.9494645480823993e-14,5.4589938923097739e-13,4259525.7352774618,4.259525735277462,16,8192,0.014129001708492739,2.2056997300355029e-13
22,100021,Earth_Relay2_Mars,1,1,328578201254.86108,0.98190908352358264,0,3.8050367304681824e-15,2.988960103030066e-14,233221.59232508772,0.23322159232508771,16,8192,0.79197805781931496,0
22,100021,Earth_Relay2_Mars,1,2,1000000000.0000038,0.98190908352358264,0,4.1080559421807627e-10,3.2269899562002566e-09,25179450713.950146,25179.450713950144,16,8192,0,1
22,100021,Direct_Earth_to_Mars,1,1,327645975056.1991,0.98190908352358264,0.01,3.8267198971947507e-15,3.0059928217247649e-14,234550.61567724822,0.23455061567724822,16,8192,0.80974778851066787,0
22,100021,Earth_Relay0_Mars,1,1,302814048812.6344,0.98190908352358264,0.01,4.4800649368160536e-15,3.5192131649881512e-14,274596.00321794336,0.27459600321794336,16,8192,0.78216418474943117,0
22,100021,Earth_Relay0_Mars,1,2,73724598802.297852,0.98190908352358264,0.01,7.5580805017399967e-14,5.9370783189287843e-13,4632563.8736215606,4.6325638736215602,16,8192,0.015940054665486647,5.1067473534262675e-15
22,100021,Earth_Relay1_Mars,1,1,344967284828.76532,0.98190908352358264,0.01,3.4520774281307589e-15,2.711700946966656e-14,211587.70641330644,0.21158770641330643,16,8192,0.82599106582012116,0
22,100021,Earth_Relay1_Mars,1,2,76885156488.429947,0.98190908352358264,0.01,6.9494645480823993e-14,5.4589938923097739e-13,4259525.7352774618,4.259525735277462,16,8192,0.022402884447213389,7.0388018418330835e-21
22,100021,Earth_Relay2_Mars,1,1,328578201254.86108,0.98190908352358264,0.01,3.8050367304681824e-15,2.988960103030066e-14,233221.59232508772,0.23322159232508771,16,8192,0.81067933430164363,0
22,100021,Earth_Relay2_Mars,1,2,1000000000.0000038,0.98190908352358264,0.01,4.1080559421807627e-10,3.2269899562002566e-09,25179450713.950146,25179.450713950144,16,8192,0,1
22,100021,Direct_Earth_to_Mars,1,1,327645975056.1991,0.98190908352358264,0.10000000000000001,3.8267198971947507e-15,3.0059928217247649e-14,234550.61567724822,0.23455061567724822,16,8192,0.90439214050054928,0
22,100021,Earth_Relay0_Mars,1,1,302814048812.6344,0.98190908352358264,0.10000000000000001,4.4800649368160536e-15,3.5192131649881512e-14,274596.00321794336,0.27459600321794336,16,8192,0.89094843814641056,0
22,100021,Earth_Relay0_Mars,1,2,73724598802.297852,0.98190908352358264,0.10000000000000001,7.5580805017399967e-14,5.9370783189287843e-13,4632563.8736215606,4.6325638736215602,16,8192,0.048240554036518946,1.0560802737064891e-44
22,100021,Earth_Relay1_Mars,1,1,344967284828.76532,0.98190908352358264,0.10000000000000001,3.4520774281307589e-15,2.711700946966656e-14,211587.70641330644,0.21158770641330643,16,8192,0.91196547716861254,0
22,100021,Earth_Relay1_Mars,1,2,76885156488.429947,0.98190908352358264,0.10000000000000001,6.9494645480823993e-14,5.4589938923097739e-13,4259525.7352774618,4.259525735277462,16,8192,0.064755634429046194,2.8484310922568816e-60
22,100021,Earth_Relay2_Mars,1,1,328578201254.86108,0.98190908352358264,0.10000000000000001,3.8050367304681824e-15,2.988960103030066e-14,233221.59232508772,0.23322159232508771,16,8192,0.90483328778363681,0
22,100021,Earth_Relay2_Mars,1,2,1000000000.0000038,0.98190908352358264,0.10000000000000001,4.1080559421807627e-10,3.2269899562002566e-09,25179450713.950146,25179.450713950144,16,8192,0,1
22,100021,Direct_Earth_to_Mars,1,1,327645975056.1991,0.98190908352358264,1,3.8267198971947507e-15,3.0059928217247649e-14,234550.61567724822,0.23455061567724822,16,8192,0.94236102496518381,0
22,100021,Earth_Relay0_Mars,1,1,302814048812.6344,0.98190908352358264,1,4.4800649368160536e-15,3.5192131649881512e-14,274596.00321794336,0.27459600321794336,16,8192,0.93775325857558733,0
22,100021,Earth_Relay0_Mars,1,2,73724598802.297852,0.98190908352358264,1,7.5580805017399967e-14,5.9370783189287843e-13,4632563.8736215606,4.6325638736215602,16,8192,0.20433195822835726,4.9999034520356641e-204
22,100021,Earth_Relay1_Mars,1,1,344967284828.76532,0.98190908352358264,1,3.4520774281307589e-15,2.711700946966656e-14,211587.70641330644,0.21158770641330643,16,8192,0.94492295883977606,0
22,100021,Earth_Relay1_Mars,1,2,76885156488.429947,0.98190908352358264,1,6.9494645480823993e-14,5.4589938923097739e-13,4259525.7352774618,4.259525735277462,16,8192,0.24609579768611767,5.539927608045484e-252
22,100021,Earth_Relay2_Mars,1,1,328578201254.86108,0.98190908352358264,1,3.8050367304681824e-15,2.988960103030066e-14,233221.59232508772,0.23322159232508771,16,8192,0.94251090493025969,0
22,100021,Earth_Relay2_Mars,1,2,1000000000.0000038,0.98190908352358264,1,4.1080559421807627e-10,3.2269899562002566e-09,25179450713.950146,25179.450713950144,16,8192,0,1
22,100021,Direct_Earth_to_Mars,1,1,327645975056.1991,0.98190908352358264,4,3.8267198971947507e-15,3.0059928217247649e-14,234550.61567724822,0.23455061567724822,16,8192,0.94440571555985675,0
22,100021,Earth_Relay0_Mars,1,1,302814048812.6344,0.98190908352358264,4,4.4800649368160536e-15,3.5192131649881512e-14,274596.00321794336,0.27459600321794336,16,8192,0.94219397597938093,0
22,100021,Earth_Relay0_Mars,1,2,73724598802.297852,0.98190908352358264,4,7.5580805017399967e-14,5.9370783189287843e-13,4632563.8736215606,4.6325638736215602,16,8192,0.4723528126009684,0
22,100021,Earth_Relay1_Mars,1,1,344967284828.76532,0.98190908352358264,4,3.4520774281307589e-15,2.711700946966656e-14,211587.70641330644,0.21158770641330643,16,8192,0.94564959713855334,0
22,100021,Earth_Relay1_Mars,1,2,76885156488.429947,0.98190908352358264,4,6.9494645480823993e-14,5.4589938923097739e-13,4259525.7352774618,4.259525735277462,16,8192,0.51848463258944222,0
22,100021,Earth_Relay2_Mars,1,1,328578201254.86108,0.98190908352358264,4,3.8050367304681824e-15,2.988960103030066e-14,233221.59232508772,0.23322159232508771,16,8192,0.94447819143165235,0
22,100021,Earth_Relay2_Mars,1,2,1000000000.0000038,0.98190908352358264,4,4.1080559421807627e-10,3.2269899562002566e-09,25179450713.950146,25179.450713950144,16,8192,0,1
23,100022,Direct_Earth_to_Mars,1,1,225938099445.13821,0.97420132000002835,0,8.0474336858560877e-15,6.271856415498955e-14,489378.3421779818,0.48937834217798176,16,8192,0.61300735657619221,0
23,100022,Earth_Relay0_Mars,0,1,181286403173.98462,0.97420132000002835,0,1.2499881165146814e-14,9.7419205847436151e-14,760139.36377912282,0.76013936377912283,16,8192,0.46760125579063128,0
23,100022,Earth_Relay0_Mars,0,2,75177490537.199509,0.97420132000002835,0,7.268766195933544e-14,5.664993298280035e-13,4420262.2718063444,4.4202622718063438,16,8192,0.012031076458744794,1.7149279075899777e-11
23,100022,Earth_Relay1_Mars,1,1,267290802695.12985,0.97420132000002835,0,5.7500062746297588e-15,4.4813309622022053e-14,349667.8131237012,0.34966781312370121,16,8192,0.70492221673881073,0
23,100022,Earth_Relay1_Mars,1,2,78997685871.40387,0.97420132000002835,0,6.582753766075246e-14,5.1303419265165297e-13,4003086.2642207295,4.0030862642207294,16,8192,0.018259199126560488,4.0693908037105587e-17
23,100022,Earth_Relay2_Mars,1,1,226716260910.30551,0.97420132000002835,0,7.9922858474203123e-15,6.2288763378995304e-14,486024.7068698919,0.48602470686989185,16,8192,0.61506661075507296,0
23,100022,Earth_Relay2_Mars,1,2,1000000000.0000052,0.97420132000002835,0,4.1080559421807503e-10,3.2016588172051581e-09,24981797738.727894,24981.797738727892,16,8192,0,1
23,100022,Direct_Earth_to_Mars,1,1,225938099445.13821,0.97420132000002835,0.01,8.0474336858560877e-15,6.271856415498955e-14,489378.3421779818,0.48937834217798176,16,8192,0.64918037902422188,0
23,100022,Earth_Relay0_Mars,0,1,181286403173.98462,0.97420132000002835,0.01,1.2499881165146814e-14,9.7419205847436151e-14,760139.36377912282,0.76013936377912283,16,8192,0.51271334915987476,0
23,100022,Earth_Relay0_Mars,0,2,75177490537.199509,0.97420132000002835,0.01,7.268766195933544e-14,5.664993298280035e-13,4420262.2718063444,4.4202622718063438,16,8192,0.019349358190522081,4.1813932987258325e-18
23,100022,Earth_Relay1_Mars,1,1,267290802695.12985,0.97420132000002835,0.01,5.7500062746297588e-15,4.4813309622022053e-14,349667.8131237012,0.34966781312370121,16,8192,0.73290615576704887,0
23,100022,Earth_Relay1_Mars,1,2,78997685871.40387,0.97420132000002835,0.01,6.582753766075246e-14,5.1303419265165297e-13,4003086.2642207295,4.0030862642207294,16,8192,0.028291582248177627,2.9761598638278792e-26
23,100022,Earth_Relay2_Mars,1,1,226716260910.30551,0.97420132000002835,0.01,7.9922858474203123e-15,6.2288763378995304e-14,486024.7068698919,0.48602470686989185,16,8192,0.65107593031818856,0
23,100022,Earth_Relay2_Mars,1,2,1000000000.0000052,0.97420132000002835,0.01,4.1080559421807503e-10,3.2016588172051581e-09,24981797738.727894,24981.797738727892,16,8192,0,1
23,100022,Direct_Earth_to_Mars,1,1,225938099445.13821,0.97420132000002835,0.10000000000000001,8.0474336858560877e-15,6.271856415498955e-14,489378.3421779818,0.48937834217798176,16,8192,0.81522801140089018,0
23,100022,Earth_Relay0_Mars,0,1,181286403173.98462,0.97420132000002835,0.10000000000000001,1.2499881165146814e-14,9.7419205847436151e-14,760139.36377912282,0.76013936377912283,16,8192,0.71656407282512435,0
23,100022,Earth_Relay0_Mars,0,2,75177490537.199509,0.97420132000002835,0.10000000000000001,7.268766195933544e-14,5.664993298280035e-13,4420262.2718063444,4.4202622718063438,16,8192,0.057069074870167436,5.4299159281818615e-53
23,100022,Earth_Relay1_Mars,1,1,267290802695.12985,0.97420132000002835,0.10000000000000001,5.7500062746297588e-15,4.4813309622022053e-14,349667.8131237012,0.34966781312370121,16,8192,0.86506178047918114,0
23,100022,Earth_Relay1_Mars,1,2,78997685871.40387,0.97420132000002835,0.10000000000000001,6.582753766075246e-14,5.1303419265165297e-13,4003086.2642207295,4.0030862642207294,16,8192,0.079084737455005105,5.2709097624305681e-74
23,100022,Earth_Relay2_Mars,1,1,226716260910.30551,0.97420132000002835,0.10000000000000001,7.9922858474203123e-15,6.2288763378995304e-14,486024.7068698919,0.48602470686989185,16,8192,0.81644135311903987,0
23,100022,Earth_Relay2_Mars,1,2,1000000000.0000052,0.97420132000002835,0.10000000000000001,4.1080559421807503e-10,3.2016588172051581e-09,24981797738.727894,24981.797738727892,16,8192,0,1
23,100022,Direct_Earth_to_Mars,1,1,225938099445.13821,0.97420132000002835,1,8.0474336858560877e-15,6.271856415498955e-14,489378.3421779818,0.48937834217798176,16,8192,0.91012265713413587,0
23,100022,Earth_Relay0_Mars,0,1,181286403173.98462,0.97420132000002835,1,1.2499881165146814e-14,9.7419205847436151e-14,760139.36377912282,0.76013936377912283,16,8192,0.86895251540226304,0
23,100022,Earth_Relay0_Mars,0,2,75177490537.199509,0.97420132000002835,1,7.268766195933544e-14,5.664993298280035e-13,4420262.2718063444,4.4202622718063438,16,8192,0.22734395015941844,3.9423660005389941e-230
23,100022,Earth_Relay1_Mars,1,1,267290802695.12985,0.97420132000002835,1,5.7500062746297588e-15,4.4813309622022053e-14,349667.8131237012,0.34966781312370121,16,8192,0.92864452560880695,0
23,100022,Earth_Relay1_Mars,1,2,78997685871.40387,0.97420132000002835,1,6.582753766075246e-14,5.1303419265165297e-13,4003086.2642207295,4.0030862642207294,16,8192,0.27846149277484411,5.1937829166866822e-291
23,100022,Earth_Relay2_Mars,1,1,226716260910.30551,0.97420132000002835,1,7.9922858474203123e-15,6.2288763378995304e-14,486024.7068698919,0.48602470686989185,16,8192,0.91059029317580864,0
23,100022,Earth_Relay2_Mars,1,2,1000000000.0000052,0.97420132000002835,1,4.1080559421807503e-10,3.2016588172051581e-09,24981797738.727894,24981.797738727892,16,8192,0,1
23,100022,Direct_Earth_to_Mars,1,1,225938099445.13821,0.97420132000002835,4,8.0474336858560877e-15,6.271856415498955e-14,489378.3421779818,0.48937834217798176,16,8192,0.92940253955763608,0
23,100022,Earth_Relay0_Mars,0,1,181286403173.98462,0.97420132000002835,4,1.2499881165146814e-14,9.7419205847436151e-14,760139.36377912282,0.76013936377912283,16,8192,0.91103464213712704,0
23,100022,Earth_Relay0_Mars,0,2,75177490537.199509,0.97420132000002835,4,7.268766195933544e-14,5.664993298280035e-13,4420262.2718063444,4.4202622718063438,16,8192,0.49844166862288986,0
23,100022,Earth_Relay1_Mars,1,1,267290802695.12985,0.97420132000002835,4,5.7500062746297588e-15,4.4813309622022053e-14,349667.8131237012,0.34966781312370121,16,8192,0.93790148364002524,0
23,100022,Earth_Relay1_Mars,1,2,78997685871.40387,0.97420132000002835,4,6.582753766075246e-14,5.1303419265165297e-13,4003086.2642207295,4.0030862642207294,16,8192,0.55086231402400343,0
23,100022,Earth_Relay2_Mars,1,1,226716260910.30551,0.97420132000002835,4,7.9922858474203123e-15,6.2288763378995304e-14,486024.7068698919,0.48602470686989185,16,8192,0.92961435315043661,0
23,100022,Earth_Relay2_Mars,1,2,1000000000.0000052,0.97420132000002835,4,4.1080559421807503e-10,3.2016588172051581e-09,24981797738.727894,24981.797738727892,16,8192,0,1
24,100023,Direct_Earth_to_Mars,1,1,228750047461.08502,0.90218299452448991,0,7.8508008958187804e-15,5.6662872492842683e-14,442127.19116248621,0.44212719116248617,16,8192,0.64266788858106039,0
24,100023,Earth_Relay0_Mars,0,1,184644733973.93594,0.90218299452448991,0,1.2049318844891137e-14,8.6965524459714049e-14,678571.72370148753,0.67857172370148755,16,8192,0.5073410983968536,0
24,100023,Earth_Relay0_Mars,0,2,74943763391.872833,0.90218299452448991,0,7.3141751022522192e-14,5.2789795169810994e-13,4119064.7126863645,4.119064712686364,16,8192,0.016259714837483896,2.6252763126021372e-15
24,100023,Earth_Relay1_Mars,1,1,269509531734.82614,0.90218299452448991,0,5.6557224687481794e-15,4.0819973064437391e-14,318508.73844399111,0.31850873844399108,16,8192,0.72723272304539543,0
24,100023,Earth_Relay1_Mars,1,2,78693474126.525864,0.90218299452448991,0,6.6337471106561305e-14,4.7878830665679449e-13,3735873.5953661804,3.7358735953661801,16,8192,0.02385232468410392,3.3712725904817444e-22
24,100023,Earth_Relay2_Mars,0,1,229531996708.41174,0.90218299452448991,0,7.7974011854355986e-15,5.6277462007880768e-14,439119.92295203131,0.43911992295203128,16,8192,0.64460347224314796,0
24,100023,Earth_Relay2_Mars,0,2,999999999.99999273,0.90218299452448991,0,4.1080559421808547e-10,2.9649745692726789e-09,23135005701.419682,23135.005701419679,16,8192,0,1
24,100023,Direct_Earth_to_Mars,1,1,228750047461.08502,0.90218299452448991,0.01,7.8508008958187804e-15,5.6662872492842683e-14,442127.19116248621,0.44212719116248617,16,8192,0.67639272688204144,0
24,100023,Earth_Relay0_Mars,0,1,184644733973.93594,0.90218299452448991,0.01,1.2049318844891137e-14,8.6965524459714049e-14,678571.72370148753,0.67857172370148755,16,8192,0.55055792022393857,0
24,100023,Earth_Relay0_Mars,0,2,74943763391.872833,0.90218299452448991,0.01,7.3141751022522192e-14,5.2789795169810994e-13,4119064.7126863645,4.119064712686364,16,8192,0.025459255206301434,1.1545234620602035e-23
24,100023,Earth_Relay1_Mars,1,1,269509531734.82614,0.90218299452448991,0.01,5.6557224687481794e-15,4.0819973064437391e-14,318508.73844399111,0.31850873844399108,16,8192,0.75297165313155912,0
24,100023,Earth_Relay1_Mars,1,2,78693474126.525864,0.90218299452448991,0.01,6.6337471106561305e-14,4.7878830665679449e-13,3735873.5953661804,3.7358735953661801,16,8192,0.036060495438881568,2.1574837512022478e-33
24,100023,Earth_Relay2_Mars,0,1,229531996708.41174,0.90218299452448991,0.01,7.7974011854355986e-15,5.6277462007880768e-14,439119.92295203131,0.43911992295203128,16,8192,0.67816190799615694,0
24,100023,Earth_Relay2_Mars,0,2,999999999.99999273,0.90218299452448991,0.01,4.1080559421808547e-10,2.9649745692726789e-09,23135005701.419682,23135.005701419679,16,8192,0,1
24,100023,Direct_Earth_to_Mars,1,1,228750047461.08502,0.90218299452448991,0.10000000000000001,7.8508008958187804e-15,5.6662872492842683e-14,442127.19116248621,0.44212719116248617,16,8192,0.83226075391693832,0
24,100023,Earth_Relay0_Mars,0,1,184644733973.93594,0.90218299452448991,0.10000000000000001,1.2049318844891137e-14,8.6965524459714049e-14,678571.72370148753,0.67857172370148755,16,8192,0.74625941935944207,0
24,100023,Earth_Relay0_Mars,0,2,74943763391.872833,0.90218299452448991,0.10000000000000001,7.3141751022522192e-14,5.2789795169810994e-13,4119064.7126863645,4.119064712686364,16,8192,0.072267858669024188,1.9120135833073818e-67
24,100023,Earth_Relay1_Mars,1,1,269509531734.82614,0.90218299452448991,0.10000000000000001,5.6557224687481794e-15,4.0819973064437391e-14,318508.73844399111,0.31850873844399108,16,8192,0.87590297619024726,0
24,100023,Earth_Relay1_Mars,1,2,78693474126.525864,0.90218299452448991,0.10000000000000001,6.6337471106561305e-14,4.7878830665679449e-13,3735873.5953661804,3.7358735953661801,16,8192,0.097165588629692601,1.2172969529848617e-91
24,100023,Earth_Relay2_Mars,0,1,229531996708.41174,0.90218299452448991,0.10000000000000001,7.7974011854355986e-15,5.6277462007880768e-14,439119.92295203131,0.43911992295203128,16,8192,0.83333969221130233,0
24,100023,Earth_Relay2_Mars,0,2,999999999.99999273,0.90218299452448991,0.10000000000000001,4.1080559421808547e-10,2.9649745692726789e-09,23135005701.419682,23135.005701419679,16,8192,0,1
24,100023,Direct_Earth_to_Mars,1,1,228750047461.08502,0.90218299452448991,1,7.8508008958187804e-15,5.6662872492842683e-14,442127.19116248621,0.44212719116248617,16,8192,0.91660883219999656,0
24,100023,Earth_Relay0_Mars,0,1,184644733973.93594,0.90218299452448991,1,1.2049318844891137e-14,8.6965524459714049e-14,678571.72370148753,0.67857172370148755,16,8192,0.88203139353975912,0
24,100023,Earth_Relay0_Mars,0,2,74943763391.872833,0.90218299452448991,1,7.3141751022522192e-14,5.2789795169810994e-13,4119064.7126863645,4.119064712686364,16,8192,0.26344607331416336,1.0837189209749416e-272
24,100023,Earth_Relay1_Mars,1,1,269509531734.82614,0.90218299452448991,1,5.6557224687481794e-15,4.0819973064437391e-14,318508.73844399111,0.31850873844399108,16,8192,0.93249880440550936,0
24,100023,Earth_Relay1_Mars,1,2,78693474126.525864,0.90218299452448991,1,6.6337471106561305e-14,4.7878830665679449e-13,3735873.5953661804,3.7358735953661801,16,8192,0.31546295555791737,0
24,100023,Earth_Relay2_Mars,0,1,229531996708.41174,0.90218299452448991,1,7.7974011854355986e-15,5.6277462007880768e-14,439119.92295203131,0.43911992295203128,16,8192,0.91701409313677329,0
24,100023,Earth_Relay2_Mars,0,2,999999999.99999273,0.90218299452448991,1,4.1080559421808547e-10,2.9649745692726789e-09,23135005701.419682,23135.005701419679,16,8192,0,1
24,100023,Direct_Earth_to_Mars,1,1,228750047461.08502,0.90218299452448991,4,7.8508008958187804e-15,5.6662872492842683e-14,442127.19116248621,0.44212719116248617,16,8192,0.9323514670237999,0
24,100023,Earth_Relay0_Mars,0,1,184644733973.93594,0.90218299452448991,4,1.2049318844891137e-14,8.6965524459714049e-14,678571.72370148753,0.67857172370148755,16,8192,0.91683098130989238,0
24,100023,Earth_Relay0_Mars,0,2,74943763391.872833,0.90218299452448991,4,7.3141751022522192e-14,5.2789795169810994e-13,4119064.7126863645,4.119064712686364,16,8192,0.53616702958578932,0
24,100023,Earth_Relay1_Mars,1,1,269509531734.82614,0.90218299452448991,4,5.6557224687481794e-15,4.0819973064437391e-14,318508.73844399111,0.31850873844399108,16,8192,0.93970631406780092,0
24,100023,Earth_Relay1_Mars,1,2,78693474126.525864,0.90218299452448991,4,6.6337471106561305e-14,4.7878830665679449e-13,3735873.5953661804,3.7358735953661801,16,8192,0.58494107644063242,0
24,100023,Earth_Relay2_Mars,0,1,229531996708.41174,0.90218299452448991,4,7.7974011854355986e-15,5.6277462007880768e-14,439119.92295203131,0.43911992295203128,16,8192,0.93253656897164128,0
24,100023,Earth_Relay2_Mars,0,2,999999999.99999273,0.90218299452448991,4,4.1080559421808547e-10,2.9649745692726789e-09,23135005701.419682,23135.005701419679,16,8192,0,1
25,100024,Direct_Earth_to_Mars,1,1,238366861998.77524,0.85170489363927315,0,7.2301047702762303e-15,4.9263324914951351e-14,384390.24556553439,0.38439024556553436,16,8192,0.68086567051909608,0
25,100024,Earth_Relay0_Mars,1,1,196171443813.09805,0.85170489363927315,0,1.0674923516506468e-14,7.2735076785868135e-14,567534.85630975838,0.56753485630975831,16,8192,0.56692125990948328,0
25,100024,Earth_Relay0_Mars,1,2,74219041935.925034,0.85170489363927315,0,7.4577129159949515e-14,5.0814164687277709e-13,3964910.8695101715,3.9649108695101711,16,8192,0.018969727318170149,9.2379109380392823e-18
25,100024,Earth_Relay1_Mars,1,1,277095121368.54199,0.85170489363927315,0,5.3503056142900827e-15,3.6455051793252328e-14,284450.2748262455,0.28445027482624546,16,8192,0.75242776913534271,0
25,100024,Earth_Relay1_Mars,1,2,77672470200.899048,0.85170489363927315,0,6.8092944538539579e-14,4.639607526862542e-13,3620177.646671853,3.6201776466718529,16,8192,0.026777919061879207,7.2124281049708795e-25
25,100024,Earth_Relay2_Mars,1,1,239161847435.88077,0.85170489363927315,0,7.1821182286531773e-15,4.8936361936317919e-14,381839.0296282277,0.38183902962822769,16,8192,0.68260492353053381,0
25,100024,Earth_Relay2_Mars,1,2,999999999.99998605,0.85170489363927315,0,4.1080559421809085e-10,2.7990810794394996e-09,21840577454.751625,21840.577454751623,16,8192,0,1
25,100024,Direct_Earth_to_Mars,1,1,238366861998.77524,0.85170489363927315,0.01,7.2301047702762303e-15,4.9263324914951351e-14,384390.24556553439,0.38439024556553436,16,8192,0.71116147126128681,0
25,100024,Earth_Relay0_Mars,1,1,196171443813.09805,0.85170489363927315,0.01,1.0674923516506468e-14,7.2735076785868135e-14,567534.85630975838,0.56753485630975831,16,8192,0.60650281251724625,0
25,100024,Earth_Relay0_Mars,1,2,74219041935.925034,0.85170489363927315,0.01,7.4577129159949515e-14,5.0814164687277709e-13,3964910.8695101715,3.9649108695101711,16,8192,0.029290489667101349,3.6212188796178441e-27
25,100024,Earth_Relay1_Mars,1,1,277095121368.54199,0.85170489363927315,0.01,5.3503056142900827e-15,3.6455051793252328e-14,284450.2748262455,0.28445027482624546,16,8192,0.77551848427458592,0
25,100024,Earth_Relay1_Mars,1,2,77672470200.899048,0.85170489363927315,0.01,6.8092944538539579e-14,4.639607526862542e-13,3620177.646671853,3.6201776466718529,16,8192,0.040047753557563848,4.4385461241126987e-37
25,100024,Earth_Relay2_Mars,1,1,239161847435.88077,0.85170489363927315,0.01,7.1821182286531773e-15,4.8936361936317919e-14,381839.0296282277,0.38183902962822769,16,8192,0.71273744936790795,0
25,100024,Earth_Relay2_Mars,1,2,999999999.99998605,0.85170489363927315,0.01,4.1080559421809085e-10,2.7990810794394996e-09,21840577454.751625,21840.577454751623,16,8192,0,1
25,100024,Direct_Earth_to_Mars,1,1,238366861998.77524,0.85170489363927315,0.10000000000000001,7.2301047702762303e-15,4.9263324914951351e-14,384390.24556553439,0.38439024556553436,16,8192,0.8528427544153443,0
25,100024,Earth_Relay0_Mars,1,1,196171443813.09805,0.85170489363927315,0.10000000000000001,1.0674923516506468e-14,7.2735076785868135e-14,567534.85630975838,0.56753485630975831,16,8192,0.78681525673800712,0
25,100024,Earth_Relay0_Mars,1,2,74219041935.925034,0.85170489363927315,0.10000000000000001,7.4577129159949515e-14,5.0814164687277709e-13,3964910.8695101715,3.9649108695101711,16,8192,0.081458255023906023,2.6702017677057328e-76
25,100024,Earth_Relay1_Mars,1,1,277095121368.54199,0.85170489363927315,0.10000000000000001,5.3503056142900827e-15,3.6455051793252328e-14,284450.2748262455,0.28445027482624546,16,8192,0.88759804075629434,0
25,100024,Earth_Relay1_Mars,1,2,77672470200.899048,0.85170489363927315,0.10000000000000001,6.8092944538539579e-14,4.639607526862542e-13,3620177.646671853,3.6201776466718529,16,8192,0.10613832318288197,1.5907830802246049e-100
25,100024,Earth_Relay2_Mars,1,1,239161847435.88077,0.85170489363927315,0.10000000000000001,7.1821182286531773e-15,4.8936361936317919e-14,381839.0296282277,0.38183902962822769,16,8192,0.85374502525434726,0
25,100024,Earth_Relay2_Mars,1,2,999999999.99998605,0.85170489363927315,0.10000000000000001,4.1080559421809085e-10,2.7990810794394996e-09,21840577454.751625,21840.577454751623,16,8192,0,1
25,100024,Direct_Earth_to_Mars,1,1,238366861998.77524,0.85170489363927315,1,7.2301047702762303e-15,4.9263324914951351e-14,384390.24556553439,0.38439024556553436,16,8192,0.9242284533397751,0
25,100024,Earth_Relay0_Mars,1,1,196171443813.09805,0.85170489363927315,1,1.0674923516506468e-14,7.2735076785868135e-14,567534.85630975838,0.56753485630975831,16,8192,0.89891760851994296,0
25,100024,Earth_Relay0_Mars,1,2,74219041935.925034,0.85170489363927315,1,7.4577129159949515e-14,5.0814164687277709e-13,3964910.8695101715,3.9649108695101711,16,8192,0.28354163313199809,2.6982585962225304e-297
25,100024,Earth_Relay1_Mars,1,1,277095121368.54199,0.85170489363927315,1,5.3503056142900827e-15,3.6455051793252328e-14,284450.2748262455,0.28445027482624546,16,8192,0.93659236450780847,0
25,100024,Earth_Relay1_Mars,1,2,77672470200.899048,0.85170489363927315,1,6.8092944538539579e-14,4.639607526862542e-13,3620177.646671853,3.6201776466718529,16,8192,0.33253006375269378,0
25,100024,Earth_Relay2_Mars,1,1,239161847435.88077,0.85170489363927315,1,7.1821182286531773e-15,4.8936361936317919e-14,381839.0296282277,0.38183902962822769,16,8192,0.92455721901194865,0
25,100024,Earth_Relay2_Mars,1,2,999999999.99998605,0.85170489363927315,1,4.1080559421809085e-10,2.7990810794394996e-09,21840577454.751625,21840.577454751623,16,8192,0,1
25,100024,Direct_Earth_to_Mars,1,1,238366861998.77524,0.85170489363927315,4,7.2301047702762303e-15,4.9263324914951351e-14,384390.24556553439,0.38439024556553436,16,8192,0.93585136747297948,0
25,100024,Earth_Relay0_Mars,1,1,196171443813.09805,0.85170489363927315,4,1.0674923516506468e-14,7.2735076785868135e-14,567534.85630975838,0.56753485630975831,16,8192,0.9243573683028522,0
25,100024,Earth_Relay0_Mars,1,2,74219041935.925034,0.85170489363927315,4,7.4577129159949515e-14,5.0814164687277709e-13,3964910.8695101715,3.9649108695101711,16,8192,0.55571484144629257,0
25,100024,Earth_Relay1_Mars,1,1,277095121368.54199,0.85170489363927315,4,5.3503056142900827e-15,3.6455051793252328e-14,284450.2748262455,0.28445027482624546,16,8192,0.94164141200736107,0
25,100024,Earth_Relay1_Mars,1,2,77672470200.899048,0.85170489363927315,4,6.8092944538539579e-14,4.639607526862542e-13,3620177.646671853,3.6201776466718529,16,8192,0.59974580873162142,0
25,100024,Earth_Relay2_Mars,1,1,239161847435.88077,0.85170489363927315,4,7.1821182286531773e-15,4.8936361936317919e-14,381839.0296282277,0.38183902962822769,16,8192,0.93600339573632363,0
25,100024,Earth_Relay2_Mars,1,2,999999999.99998605,0.85170489363927315,4,4.1080559421809085e-10,2.7990810794394996e-09,21840577454.751625,21840.577454751623,16,8192,0,1
26,100025,Direct_Earth_to_Mars,1,1,359769725046.88574,0.87280450328503378,0,3.1738552829516315e-15,2.2161241469881434e-14,172919.00344427334,0.17291900344427333,16,8192,0.84120574685350946,0
26,100025,Earth_Relay0_Mars,1,1,346085403513.89191,0.87280450328503378,0,3.4298077967566118e-15,2.3948413523290326e-14,186863.89055174525,0.18686389055174524,16,8192,0.82955663919811717,0
26,100025,Earth_Relay0_Mars,1,2,72578402467.52507,0.87280450328503378,0,7.7986878876536065e-14,5.4453839264468122e-13,4248906.1960376026,4.248906196037602,16,8192,0.014279844720597068,1.6123084236197618e-13
26,100025,Earth_Relay1_Mars,1,1,365670647289.74622,0.87280450328503378,0,3.0722471356230442e-15,2.1451769081410713e-14,167383.15570973567,0.16738315570973566,16,8192,0.84587544723115826,0
26,100025,Earth_Relay1_Mars,1,2,73106531415.243561,0.87280450328503378,0,7.6864178688180019e-14,5.3669921040279238e-13,4187738.8835958457,4.1877388835958458,16,8192,0.015180571134241649,2.4793225242202201e-14
26,100025,Earth_Relay2_Mars,1,1,360742734923.95081,0.87280450328503378,0,3.156757071726367e-15,2.2041854303837197e-14,171987.45320578772,0.1719874532057877,16,8192,0.84198973737419003,0
26,100025,Earth_Relay2_Mars,1,2,1000000000.0000041,0.87280450328503378,0,4.1080559421807617e-10,2.8684237808657692e-09,22381642396.580826,22381.642396580824,16,8192,0,1
26,100025,Direct_Earth_to_Mars,1,1,359769725046.88574,0.87280450328503378,0.01,3.1738552829516315e-15,2.2161241469881434e-14,172919.00344427334,0.17291900344427333,16,8192,0.85406593892914784,0
26,100025,Earth_Relay0_Mars,1,1,346085403513.89191,0.87280450328503378,0.01,3.4298077967566118e-15,2.3948413523290326e-14,186863.89055174525,0.18686389055174524,16,8192,0.843835669469857,0
26,100025,Earth_Relay0_Mars,1,2,72578402467.52507,0.87280450328503378,0.01,7.7986878876536065e-14,5.4453839264468122e-13,4248906.1960376026,4.248906196037602,16,8192,0.022620667461254573,4.459989514727432e-21
26,100025,Earth_Relay1_Mars,1,1,365670647289.74622,0.87280450328503378,0.01,3.0722471356230442e-15,2.1451769081410713e-14,167383.15570973567,0.16738315570973566,16,8192,0.85816064254750724,0
26,100025,Earth_Relay1_Mars,1,2,73106531415.243561,0.87280450328503378,0.01,7.6864178688180019e-14,5.3669921040279238e-13,4187738.8835958457,4.1877388835958458,16,8192,0.023916537215910361,2.946344351124121e-22
26,100025,Earth_Relay2_Mars,1,1,360742734923.95081,0.87280450328503378,0.01,3.156757071726367e-15,2.2041854303837197e-14,171987.45320578772,0.1719874532057877,16,8192,0.85475364199577841,0
26,100025,Earth_Relay2_Mars,1,2,1000000000.0000041,0.87280450328503378,0.01,4.1080559421807617e-10,2.8684237808657692e-09,22381642396.580826,22381.642396580824,16,8192,0,1
26,100025,Direct_Earth_to_Mars,1,1,359769725046.88574,0.87280450328503378,0.10000000000000001,3.1738552829516315e-15,2.2161241469881434e-14,172919.00344427334,0.17291900344427333,16,8192,0.92446794539171118,0
26,100025,Earth_Relay0_Mars,1,1,346085403513.89191,0.87280450328503378,0.10000000000000001,3.4298077967566118e-15,2.3948413523290326e-14,186863.89055174525,0.18686389055174524,16,8192,0.9199974519545886,0
26,100025,Earth_Relay0_Mars,1,2,72578402467.52507,0.87280450328503378,0.10000000000000001,7.7986878876536065e-14,5.4453839264468122e-13,4248906.1960376026,4.248906196037602,16,8192,0.065296665032204992,8.7081617555570922e-61
26,100025,Earth_Relay1_Mars,1,1,365670647289.74622,0.87280450328503378,0.10000000000000001,3.0722471356230442e-15,2.1451769081410713e-14,167383.15570973567,0.16738315570973566,16,8192,0.92623011901101193,0
26,100025,Earth_Relay1_Mars,1,2,73106531415.243561,0.87280450328503378,0.10000000000000001,7.6864178688180019e-14,5.3669921040279238e-13,4187738.8835958457,4.1877388835958458,16,8192,0.068497365217381589,7.7448231378793698e-64
26,100025,Earth_Relay2_Mars,1,1,360742734923.95081,0.87280450328503378,0.10000000000000001,3.156757071726367e-15,2.2041854303837197e-14,171987.45320578772,0.1719874532057877,16,8192,0.92476498285713848,0
26,100025,Earth_Relay2_Mars,1,2,1000000000.0000041,0.87280450328503378,0.10000000000000001,4.1080559421807617e-10,2.8684237808657692e-09,22381642396.580826,22381.642396580824,16,8192,0,1
26,100025,Direct_Earth_to_Mars,1,1,359769725046.88574,0.87280450328503378,1,3.1738552829516315e-15,2.2161241469881434e-14,172919.00344427334,0.17291900344427333,16,8192,0.94910338169976849,0
26,100025,Earth_Relay0_Mars,1,1,346085403513.89191,0.87280450328503378,1,3.4298077967566118e-15,2.3948413523290326e-14,186863.89055174525,0.18686389055174524,16,8192,0.9476152719518629,0
26,100025,Earth_Relay0_Mars,1,2,72578402467.52507,0.87280450328503378,1,7.7986878876536065e-14,5.4453839264468122e-13,4248906.1960376026,4.248906196037602,16,8192,0.24737590148161326,1.7060423576769032e-253
26,100025,Earth_Relay1_Mars,1,1,365670647289.74622,0.87280450328503378,1,3.0722471356230442e-15,2.1451769081410713e-14,167383.15570973567,0.16738315570973566,16,8192,0.94968801967563399,0
26,100025,Earth_Relay1_Mars,1,2,73106531415.243561,0.87280450328503378,1,7.6864178688180019e-14,5.3669921040279238e-13,4187738.8835958457,4.1877388835958458,16,8192,0.25484968944920949,2.2671493912930163e-262
26,100025,Earth_Relay2_Mars,1,1,360742734923.95081,0.87280450328503378,1,3.156757071726367e-15,2.2041854303837197e-14,171987.45320578772,0.1719874532057877,16,8192,0.94920200569607216,0
26,100025,Earth_Relay2_Mars,1,2,1000000000.0000041,0.87280450328503378,1,4.1080559421807617e-10,2.8684237808657692e-09,22381642396.580826,22381.642396580824,16,8192,0,1
26,100025,Direct_Earth_to_Mars,1,1,359769725046.88574,0.87280450328503378,4,3.1738552829516315e-15,2.2161241469881434e-14,172919.00344427334,0.17291900344427333,16,8192,0.94770423524914593,0
26,100025,Earth_Relay0_Mars,1,1,346085403513.89191,0.87280450328503378,4,3.4298077967566118e-15,2.3948413523290326e-14,186863.89055174525,0.18686389055174524,16,8192,0.94696906029497863,0
26,100025,Earth_Relay0_Mars,1,2,72578402467.52507,0.87280450328503378,4,7.7986878876536065e-14,5.4453839264468122e-13,4248906.1960376026,4.248906196037602,16,8192,0.51981646847047525,0
26,100025,Earth_Relay1_Mars,1,1,365670647289.74622,0.87280450328503378,4,3.0722471356230442e-15,2.1451769081410713e-14,167383.15570973567,0.16738315570973566,16,8192,0.94799428112580308,0
26,100025,Earth_Relay1_Mars,1,2,73106531415.243561,0.87280450328503378,4,7.6864178688180019e-14,5.3669921040279238e-13,4187738.8835958457,4.1877388835958458,16,8192,0.52750429389926445,0
26,100025,Earth_Relay2_Mars,1,1,360742734923.95081,0.87280450328503378,4,3.156757071726367e-15,2.2041854303837197e-14,171987.45320578772,0.1719874532057877,16,8192,0.94775311471935686,0
26,100025,Earth_Relay2_Mars,1,2,1000000000.0000041,0.87280450328503378,4,4.1080559421807617e-10,2.8684237808657692e-09,22381642396.580826,22381.642396580824,16,8192,0,1
27,100026,Direct_Earth_to_Mars,1,1,128249336309.59511,0.8672607583353622,0,2.4976184645915252e-14,1.7328691869072396e-13,1352117.4493158539,1.3521174493158539,16,8192,0.25869191328709551,5.7202484139859899e-267
27,100026,Earth_Relay0_Mars,1,1,81032050865.479965,0.8672607583353622,0,6.2563737843895758e-14,4.3407259781433474e-13,3386967.3383836471,3.3869673383836472,16,8192,0.033811059076925609,2.5533091658186308e-31
27,100026,Earth_Relay0_Mars,1,2,85115293543.369034,0.8672607583353622,0,5.6704972806979609e-14,3.934239817437379e-13,3069795.6586350538,3.0697956586350537,16,8192,0.046430641588810051,5.1699240199213387e-43
27,100026,Earth_Relay1_Mars,1,1,186882265263.59088,0.8672607583353622,0,1.1762514441857588e-14,8.1609337558208508e-14,636778.64534311322,0.63677864534311324,16,8192,0.52899375877882093,0
27,100026,Earth_Relay1_Mars,1,2,85581254097.629456,0.8672607583353622,0,5.6089175557640878e-14,3.8915152742819917e-13,3036458.6931266817,3.0364586931266815,16,8192,0.048004587816719568,1.7546236269613792e-44
27,100026,Earth_Relay2_Mars,1,1,128944391397.90105,0.8672607583353622,0,2.470764971711908e-14,1.7142380024282554e-13,1337579.9701882931,1.3375799701882931,16,8192,0.26248011027863205,1.587133419567771e-271
27,100026,Earth_Relay2_Mars,1,2,999999999.99999356,0.8672607583353622,0,4.108055942180848e-10,2.8502045693598828e-09,22239482134.421326,22239.482134421323,16,8192,0,1
27,100026,Direct_Earth_to_Mars,1,1,128249336309.59511,0.8672607583353622,0.01,2.4976184645915252e-14,1.7328691869072396e-13,1352117.4493158539,1.3521174493158539,16,8192,0.30488888879184473,4.9406564584124654e-324
27,100026,Earth_Relay0_Mars,1,1,81032050865.479965,0.8672607583353622,0.01,6.2563737843895758e-14,4.3407259781433474e-13,3386967.3383836471,3.3869673383836472,16,8192,0.049458226420278972,7.6742014695758933e-46
27,100026,Earth_Relay0_Mars,1,2,85115293543.369034,0.8672607583353622,0.01,5.6704972806979609e-14,3.934239817437379e-13,3069795.6586350538,3.0697956586350537,16,8192,0.065851705435967967,2.5799431886137111e-61
27,100026,Earth_Relay1_Mars,1,1,186882265263.59088,0.8672607583353622,0.01,1.1762514441857588e-14,8.1609337558208508e-14,636778.64534311322,0.63677864534311324,16,8192,0.57099525717627664,0
27,100026,Earth_Relay1_Mars,1,2,85581254097.629456,0.8672607583353622,0.01,5.6089175557640878e-14,3.8915152742819917e-13,3036458.6931266817,3.0364586931266815,16,8192,0.067859675971170041,3.1455296387560585e-63
27,100026,Earth_Relay2_Mars,1,1,128944391397.90105,0.8672607583353622,0.01,2.470764971711908e-14,1.7142380024282554e-13,1337579.9701882931,1.3375799701882931,16,8192,0.30882353633830006,0
27,100026,Earth_Relay2_Mars,1,2,999999999.99999356,0.8672607583353622,0.01,4.108055942180848e-10,2.8502045693598828e-09,22239482134.421326,22239.482134421323,16,8192,0,1
27,100026,Direct_Earth_to_Mars,1,1,128249336309.59511,0.8672607583353622,0.10000000000000001,2.4976184645915252e-14,1.7328691869072396e-13,1352117.4493158539,1.3521174493158539,16,8192,0.51517834025150067,0
27,100026,Earth_Relay0_Mars,1,1,81032050865.479965,0.8672607583353622,0.10000000000000001,6.2563737843895758e-14,4.3407259781433474e-13,3386967.3383836471,3.3869673383836472,16,8192,0.12661531442243357,3.8816149510242536e-121
27,100026,Earth_Relay0_Mars,1,2,85115293543.369034,0.8672607583353622,0.10000000000000001,5.6704972806979609e-14,3.934239817437379e-13,3069795.6586350538,3.0697956586350537,16,8192,0.1603324155866106,3.7318958319599568e-156
27,100026,Earth_Relay1_Mars,1,1,186882265263.59088,0.8672607583353622,0.10000000000000001,1.1762514441857588e-14,8.1609337558208508e-14,636778.64534311322,0.63677864534311324,16,8192,0.76152499514956928,0
27,100026,Earth_Relay1_Mars,1,2,85581254097.629456,0.8672607583353622,0.10000000000000001,5.6089175557640878e-14,3.8915152742819917e-13,3036458.6931266817,3.0364586931266815,16,8192,0.1643152859529784,2.2026964778182147e-160
27,100026,Earth_Relay2_Mars,1,1,128944391397.90105,0.8672607583353622,0.10000000000000001,2.470764971711908e-14,1.7142380024282554e-13,1337579.9701882931,1.3375799701882931,16,8192,0.51969282925010285,0
27,100026,Earth_Relay2_Mars,1,2,999999999.99999356,0.8672607583353622,0.10000000000000001,4.108055942180848e-10,2.8502045693598828e-09,22239482134.421326,22239.482134421323,16,8192,0,1
27,100026,Direct_Earth_to_Mars,1,1,128249336309.59511,0.8672607583353622,1,2.4976184645915252e-14,1.7328691869072396e-13,1352117.4493158539,1.3521174493158539,16,8192,0.76082322610809272,0
27,100026,Earth_Relay0_Mars,1,1,81032050865.479965,0.8672607583353622,1,6.2563737843895758e-14,4.3407259781433474e-13,3386967.3383836471,3.3869673383836472,16,8192,0.3688418625702955,0
27,100026,Earth_Relay0_Mars,1,2,85115293543.369034,0.8672607583353622,1,5.6704972806979609e-14,3.934239817437379e-13,3069795.6586350538,3.0697956586350537,16,8192,0.42220475574603755,0
27,100026,Earth_Relay1_Mars,1,1,186882265263.59088,0.8672607583353622,1,1.1762514441857588e-14,8.1609337558208508e-14,636778.64534311322,0.63677864534311324,16,8192,0.88851559924581414,0
27,100026,Earth_Relay1_Mars,1,2,85581254097.629456,0.8672607583353622,1,5.6089175557640878e-14,3.8915152742819917e-13,3036458.6931266817,3.0364586931266815,16,8192,0.42806838156203431,0
27,100026,Earth_Relay2_Mars,1,1,128944391397.90105,0.8672607583353622,1,2.470764971711908e-14,1.7142380024282554e-13,1337579.9701882931,1.3375799701882931,16,8192,0.76368617565231833,0
27,100026,Earth_Relay2_Mars,1,2,999999999.99999356,0.8672607583353622,1,4.108055942180848e-10,2.8502045693598828e-09,22239482134.421326,22239.482134421323,16,8192,0,1
27,100026,Direct_Earth_to_Mars,1,1,128249336309.59511,0.8672607583353622,4,2.4976184645915252e-14,1.7328691869072396e-13,1352117.4493158539,1.3521174493158539,16,8192,0.86236437689071854,0
27,100026,Earth_Relay0_Mars,1,1,81032050865.479965,0.8672607583353622,4,6.2563737843895758e-14,4.3407259781433474e-13,3386967.3383836471,3.3869673383836472,16,8192,0.62956863303361532,0
27,100026,Earth_Relay0_Mars,1,2,85115293543.369034,0.8672607583353622,4,5.6704972806979609e-14,3.934239817437379e-13,3069795.6586350538,3.0697956586350537,16,8192,0.66981676792349709,0
27,100026,Earth_Relay1_Mars,1,1,186882265263.59088,0.8672607583353622,4,1.1762514441857588e-14,8.1609337558208508e-14,636778.64534311322,0.63677864534311324,16,8192,0.91971319219522685,0
27,100026,Earth_Relay1_Mars,1,2,85581254097.629456,0.8672607583353622,4,5.6089175557640878e-14,3.8915152742819917e-13,3036458.6931266817,3.0364586931266815,16,8192,0.67400992274845972,0
27,100026,Earth_Relay2_Mars,1,1,128944391397.90105,0.8672607583353622,4,2.470764971711908e-14,1.7142380024282554e-13,1337579.9701882931,1.3375799701882931,16,8192,0.86369346771158551,0
27,100026,Earth_Relay2_Mars,1,2,999999999.99999356,0.8672607583353622,4,4.108055942180848e-10,2.8502045693598828e-09,22239482134.421326,22239.482134421323,16,8192,0,1
28,100027,Direct_Earth_to_Mars,1,1,391797973508.9906,0.96013863247905873,0,2.6761594035354515e-15,2.0555872240052016e-14,160392.68140769075,0.16039268140769075,16,8192,0.85180923363473349,0
28,100027,Earth_Relay0_Mars,0,1,396298947853.81812,0.96013863247905873,0,2.615715527229038e-15,2.009159623414343e-14,156770.04391358155,0.15677004391358154,16,8192,0.85490062581811965,0
28,100027,Earth_Relay0_Mars,0,2,77433987023.667053,0.96013863247905873,0,6.8513019212811659e-14,5.2625597259200375e-13,4106252.7323155859,4.1062527323155855,16,8192,0.016469374192685904,1.6966576774252241e-15
28,100027,Earth_Relay1_Mars,0,1,376203031573.27161,0.96013863247905873,0,2.9026305856314759e-15,2.229542208864076e-14,173965.98354730287,0.17396598354730286,16,8192,0.84032548206426949,0
28,100027,Earth_Relay1_Mars,0,2,75706432747.858475,0.96013863247905873,0,7.1675508583439372e-14,5.5054739834835622e-13,4295793.0673973411,4.2957930673973408,16,8192,0.013625761264124625,6.2725631000830974e-13
28,100027,Earth_Relay2_Mars,1,1,392793806466.11157,0.96013863247905873,0,2.6626071048486356e-15,2.0451775555827159e-14,159580.4392360381,0.1595804392360381,16,8192,0.85250139007776737,0
28,100027,Earth_Relay2_Mars,1,2,1000000000.0000012,0.96013863247905873,0,4.1080559421807849e-10,3.1554425715783438e-09,24621183142.854027,24621.183142854024,16,8192,0,1
28,100027,Direct_Earth_to_Mars,1,1,391797973508.9906,0.96013863247905873,0.01,2.6761594035354515e-15,2.0555872240052016e-14,160392.68140769075,0.16039268140769075,16,8192,0.86335867695603719,0
28,100027,Earth_Relay0_Mars,0,1,396298947853.81812,0.96013863247905873,0.01,2.615715527229038e-15,2.009159623414343e-14,156770.04391358155,0.15677004391358154,16,8192,0.86606450504749088,0
28,100027,Earth_Relay0_Mars,0,2,77433987023.667053,0.96013863247905873,0.01,6.8513019212811659e-14,5.2625597259200375e-13,4106252.7323155859,4.1062527323155855,16,8192,0.025757792416052916,6.1644560497817093e-24
28,100027,Earth_Relay1_Mars,0,1,376203031573.27161,0.96013863247905873,0.01,2.9026305856314759e-15,2.229542208864076e-14,173965.98354730287,0.17396598354730286,16,8192,0.85329366615846602,0
28,100027,Earth_Relay1_Mars,0,2,75706432747.858475,0.96013863247905873,0.01,7.1675508583439372e-14,5.5054739834835622e-13,4295793.0673973411,4.2957930673973408,16,8192,0.021674671109398802,3.2343978286221552e-20
28,100027,Earth_Relay2_Mars,1,1,392793806466.11157,0.96013863247905873,0.01,2.6626071048486356e-15,2.0451775555827159e-14,159580.4392360381,0.1595804392360381,16,8192,0.86396464001251905,0
28,100027,Earth_Relay2_Mars,1,2,1000000000.0000012,0.96013863247905873,0.01,4.1080559421807849e-10,3.1554425715783438e-09,24621183142.854027,24621.183142854024,16,8192,0,1
28,100027,Direct_Earth_to_Mars,1,1,391797973508.9906,0.96013863247905873,0.10000000000000001,2.6761594035354515e-15,2.0555872240052016e-14,160392.68140769075,0.16039268140769075,16,8192,0.92844487485651428,0
28,100027,Earth_Relay0_Mars,0,1,396298947853.81812,0.96013863247905873,0.10000000000000001,2.615715527229038e-15,2.009159623414343e-14,156770.04391358155,0.15677004391358154,16,8192,0.92958794842784331,0
28,100027,Earth_Relay0_Mars,0,2,77433987023.667053,0.96013863247905873,0.10000000000000001,6.8513019212811659e-14,5.2625597259200375e-13,4106252.7323155859,4.1062527323155855,16,8192,0.072992683185546969,3.8575877576918234e-68
28,100027,Earth_Relay1_Mars,0,1,376203031573.27161,0.96013863247905873,0.10000000000000001,2.9026305856314759e-15,2.229542208864076e-14,173965.98354730287,0.17396598354730286,16,8192,0.9241338588637027,0
28,100027,Earth_Relay1_Mars,0,2,75706432747.858475,0.96013863247905873,0.10000000000000001,7.1675508583439372e-14,5.5054739834835622e-13,4295793.0673973411,4.2957930673973408,16,8192,0.062939835763129115,1.5128310388686054e-58
28,100027,Earth_Relay2_Mars,1,1,392793806466.11157,0.96013863247905873,0.10000000000000001,2.6626071048486356e-15,2.0451775555827159e-14,159580.4392360381,0.1595804392360381,16,8192,0.92870144611104177,0
28,100027,Earth_Relay2_Mars,1,2,1000000000.0000012,0.96013863247905873,0.10000000000000001,4.1080559421807849e-10,3.1554425715783438e-09,24621183142.854027,24621.183142854024,16,8192,0,1
28,100027,Direct_Earth_to_Mars,1,1,391797973508.9906,0.96013863247905873,1,2.6761594035354515e-15,2.0555872240052016e-14,160392.68140769075,0.16039268140769075,16,8192,0.95042130403065261,0
28,100027,Earth_Relay0_Mars,0,1,396298947853.81812,0.96013863247905873,1,2.615715527229038e-15,2.009159623414343e-14,156770.04391358155,0.15677004391358154,16,8192,0.95079912206029493,0
28,100027,Earth_Relay0_Mars,0,2,77433987023.667053,0.96013863247905873,1,6.8513019212811659e-14,5.2625597259200375e-13,4106252.7323155859,4.1062527323155855,16,8192,0.26507400763727129,1.166562806049212e-274
28,100027,Earth_Relay1_Mars,0,1,376203031573.27161,0.96013863247905873,1,2.9026305856314759e-15,2.229542208864076e-14,173965.98354730287,0.17396598354730286,16,8192,0.94899241953951197,0
28,100027,Earth_Relay1_Mars,0,2,75706432747.858475,0.96013863247905873,1,7.1675508583439372e-14,5.5054739834835622e-13,4295793.0673973411,4.2957930673973408,16,8192,0.24176279437808545,6.9314805992992512e-247
28,100027,Earth_Relay2_Mars,1,1,392793806466.11157,0.96013863247905873,1,2.6626071048486356e-15,2.0451775555827159e-14,159580.4392360381,0.1595804392360381,16,8192,0.95050614572846093,0
28,100027,Earth_Relay2_Mars,1,2,1000000000.0000012,0.96013863247905873,1,4.1080559421807849e-10,3.1554425715783438e-09,24621183142.854027,24621.183142854024,16,8192,0,1
28,100027,Direct_Earth_to_Mars,1,1,391797973508.9906,0.96013863247905873,4,2.6761594035354515e-15,2.0555872240052016e-14,160392.68140769075,0.16039268140769075,16,8192,0.94835907750622161,0
28,100027,Earth_Relay0_Mars,0,1,396298947853.81812,0.96013863247905873,4,2.615715527229038e-15,2.009159623414343e-14,156770.04391358155,0.15677004391358154,16,8192,0.9485474819617582,0
28,100027,Earth_Relay0_Mars,0,2,77433987023.667053,0.96013863247905873,4,6.8513019212811659e-14,5.2625597259200375e-13,4106252.7323155859,4.1062527323155855,16,8192,0.53778656388544821,0
28,100027,Earth_Relay1_Mars,0,1,376203031573.27161,0.96013863247905873,4,2.9026305856314759e-15,2.229542208864076e-14,173965.98354730287,0.17396598354730286,16,8192,0.94764926440190433,0
28,100027,Earth_Relay1_Mars,0,2,75706432747.858475,0.96013863247905873,4,7.1675508583439372e-14,5.5054739834835622e-13,4295793.0673973411,4.2957930673973408,16,8192,0.51394297509713804,0
28,100027,Earth_Relay2_Mars,1,1,392793806466.11157,0.96013863247905873,4,2.6626071048486356e-15,2.0451775555827159e-14,159580.4392360381,0.1595804392360381,16,8192,0.94840135833155581,0
28,100027,Earth_Relay2_Mars,1,2,1000000000.0000012,0.96013863247905873,4,4.1080559421807849e-10,3.1554425715783438e-09,24621183142.854027,24621.183142854024,16,8192,0,1
29,100028,Direct_Earth_to_Mars,1,1,375482071769.0296,0.92896795725685499,0,2.9137879175226738e-15,2.1654524876965953e-14,168965.21193874307,0.16896521193874306,16,8192,0.84453828272451947,0
29,100028,Earth_Relay0_Mars,1,1,367502717870.32227,0.92896795725685499,0,3.0416920209625487e-15,2.2605075386544432e-14,176382.13607916833,0.17638213607916831,16,8192,0.83829757837204899,0
29,100028,Earth_Relay0_Mars,1,2,73497625892.208939,0.92896795725685499,0,7.604833804273455e-14,5.6517175395470316e-13,4409903.5066027008,4.409903506602701,16,8192,0.012156351280957267,1.3226898467532176e-11
29,100028,Earth_Relay1_Mars,1,1,374802938910.43463,0.92896795725685499,0,2.9243568950992665e-15,2.1733070809042919e-14,169578.08754491384,0.16957808754491382,16,8192,0.84402084439142289,0
29,100028,Earth_Relay1_Mars,1,2,72521573132.597458,0.92896795725685499,0,7.8109150877731775e-14,5.8048718667163181e-13,4529406.2594754752,4.5294062594754747,16,8192,0.010787078897629421,2.256682326150177e-10
29,100028,Earth_Relay2_Mars,0,1,376471568574.45215,0.92896795725685499,0,2.8984911722867059e-15,2.1540843387569668e-14,168078.18176567345,0.16807818176567343,16,8192,0.84528774601274248,0
29,100028,Earth_Relay2_Mars,0,2,1000000000.000011,0.92896795725685499,0,4.1080559421807053e-10,3.0530018695235956e-09,23821862214.217731,23821.86221421773,16,8192,0,1
29,100028,Direct_Earth_to_Mars,1,1,375482071769.0296,0.92896795725685499,0.01,2.9137879175226738e-15,2.1654524876965953e-14,168965.21193874307,0.16896521193874306,16,8192,0.85698849036140445,0
29,100028,Earth_Relay0_Mars,1,1,367502717870.32227,0.92896795725685499,0.01,3.0416920209625487e-15,2.2605075386544432e-14,176382.13607916833,0.17638213607916831,16,8192,0.85151406627713366,0
29,100028,Earth_Relay0_Mars,1,2,73497625892.208939,0.92896795725685499,0.01,7.604833804273455e-14,5.6517175395470316e-13,4409903.5066027008,4.409903506602701,16,8192,0.019533055673815247,2.8490141793467307e-18
29,100028,Earth_Relay1_Mars,1,1,374802938910.43463,0.92896795725685499,0.01,2.9243568950992665e-15,2.1733070809042919e-14,169578.08754491384,0.16957808754491382,16,8192,0.85653482834442352,0
29,100028,Earth_Relay1_Mars,1,2,72521573132.597458,0.92896795725685499,0.01,7.8109150877731775e-14,5.8048718667163181e-13,4529406.2594754752,4.5294062594754747,16,8192,0.017514945387791414,1.9211050060072817e-16
29,100028,Earth_Relay2_Mars,0,1,376471568574.45215,0.92896795725685499,0.01,2.8984911722867059e-15,2.1540843387569668e-14,168078.18176567345,0.16807818176567343,16,8192,0.85764550216756819,0
29,100028,Earth_Relay2_Mars,0,2,1000000000.000011,0.92896795725685499,0.01,4.1080559421807053e-10,3.0530018695235956e-09,23821862214.217731,23821.86221421773,16,8192,0,1
29,100028,Direct_Earth_to_Mars,1,1,375482071769.0296,0.92896795725685499,0.10000000000000001,2.9137879175226738e-15,2.1654524876965953e-14,168965.21193874307,0.16896521193874306,16,8192,0.92572725834669412,0
29,100028,Earth_Relay0_Mars,1,1,367502717870.32227,0.92896795725685499,0.10000000000000001,3.0416920209625487e-15,2.2605075386544432e-14,176382.13607916833,0.17638213607916831,16,8192,0.92336189996074858,0
29,100028,Earth_Relay0_Mars,1,2,73497625892.208939,0.92896795725685499,0.10000000000000001,7.604833804273455e-14,5.6517175395470316e-13,4409903.5066027008,4.409903506602701,16,8192,0.057537053424463913,1.9645137023296938e-53
29,100028,Earth_Relay1_Mars,1,1,374802938910.43463,0.92896795725685499,0.10000000000000001,2.9243568950992665e-15,2.1733070809042919e-14,169578.08754491384,0.16957808754491382,16,8192,0.92553229450647656,0
29,100028,Earth_Relay1_Mars,1,2,72521573132.597458,0.92896795725685499,0.10000000000000001,7.8109150877731775e-14,5.8048718667163181e-13,4529406.2594754752,4.5294062594754747,16,8192,0.052353712182143908,1.484404120220911e-48
29,100028,Earth_Relay2_Mars,0,1,376471568574.45215,0.92896795725685499,0.10000000000000001,2.8984911722867059e-15,2.1540843387569668e-14,168078.18176567345,0.16807818176567343,16,8192,0.92600927650577458,0
29,100028,Earth_Relay2_Mars,0,2,1000000000.000011,0.92896795725685499,0.10000000000000001,4.1080559421807053e-10,3.0530018695235956e-09,23821862214.217731,23821.86221421773,16,8192,0,1
29,100028,Direct_Earth_to_Mars,1,1,375482071769.0296,0.92896795725685499,1,2.9137879175226738e-15,2.1654524876965953e-14,168965.21193874307,0.16896521193874306,16,8192,0.94952129471011704,0
29,100028,Earth_Relay0_Mars,1,1,367502717870.32227,0.92896795725685499,1,3.0416920209625487e-15,2.2605075386544432e-14,176382.13607916833,0.17638213607916831,16,8192,0.94873587383421987,0
29,100028,Earth_Relay0_Mars,1,2,73497625892.208939,0.92896795725685499,1,7.604833804273455e-14,5.6517175395470316e-13,4409903.5066027008,4.409903506602701,16,8192,0.22851744343812275,1.7533770044418891e-231
29,100028,Earth_Relay1_Mars,1,1,374802938910.43463,0.92896795725685499,1,2.9243568950992665e-15,2.1733070809042919e-14,169578.08754491384,0.16957808754491382,16,8192,0.94945663042044148,0
29,100028,Earth_Relay1_Mars,1,2,72521573132.597458,0.92896795725685499,1,7.8109150877731775e-14,5.8048718667163181e-13,4529406.2594754752,4.5294062594754747,16,8192,0.21526800467888341,2.4510128577367864e-216
29,100028,Earth_Relay2_Mars,0,1,376471568574.45215,0.92896795725685499,1,2.8984911722867059e-15,2.1540843387569668e-14,168078.18176567345,0.16807818176567343,16,8192,0.9496148093894089,0
29,100028,Earth_Relay2_Mars,0,2,1000000000.000011,0.92896795725685499,1,4.1080559421807053e-10,3.0530018695235956e-09,23821862214.217731,23821.86221421773,16,8192,0,1
29,100028,Direct_Earth_to_Mars,1,1,375482071769.0296,0.92896795725685499,4,2.9137879175226738e-15,2.1654524876965953e-14,168965.21193874307,0.16896521193874306,16,8192,0.94791149525248497,0
29,100028,Earth_Relay0_Mars,1,1,367502717870.32227,0.92896795725685499,4,3.0416920209625487e-15,2.2605075386544432e-14,176382.13607916833,0.17638213607916831,16,8192,0.94752226629205105,0
29,100028,Earth_Relay0_Mars,1,2,73497625892.208939,0.92896795725685499,4,7.604833804273455e-14,5.6517175395470316e-13,4409903.5066027008,4.409903506602701,16,8192,0.49972637473953041,0
29,100028,Earth_Relay1_Mars,1,1,374802938910.43463,0.92896795725685499,4,2.9243568950992665e-15,2.1733070809042919e-14,169578.08754491384,0.16957808754491382,16,8192,0.9478794021981034,0
29,100028,Earth_Relay1_Mars,1,2,72521573132.597458,0.92896795725685499,4,7.8109150877731775e-14,5.8048718667163181e-13,4529406.2594754752,4.5294062594754747,16,8192,0.48496984351670369,0
29,100028,Earth_Relay2_Mars,0,1,376471568574.45215,0.92896795725685499,4,2.8984911722867059e-15,2.1540843387569668e-14,168078.18176567345,0.16807818176567343,16,8192,0.94795792209164198,0
29,100028,Earth_Relay2_Mars,0,2,1000000000.000011,0.92896795725685499,4,4.1080559421807053e-10,3.0530018695235956e-09,23821862214.217731,23821.86221421773,16,8192,0,1
30,100029,Direct_Earth_to_Mars,1,1,281638537364.54773,0.98787390972562061,0,5.1790748611764416e-15,4.093018345497638e-14,319368.68444147083,0.31936868444147082,16,8192,0.72660761099580173,0
30,100029,Earth_Relay0_Mars,1,1,312288382784.091,0.98787390972562061,0,4.2123523533267356e-15,3.3290183907382411e-14,259755.54815214738,0.25975554815214735,16,8192,0.77124009382813452,0
30,100029,Earth_Relay0_Mars,1,2,72181704003.369781,0.98787390972562061,0,7.8846439855995004e-14,6.2312272646790231e-13,4862081.4420864964,4.8620814420864962,16,8192,0.0077343684852347883,1.241766733997294e-07
30,100029,Earth_Relay1_Mars,1,1,248163588482.94858,0.98787390972562061,0,6.6705282549807402e-15,5.2717126617464366e-14,411339.45548702538,0.41133945548702538,16,8192,0.66276191524264871,0
30,100029,Earth_Relay1_Mars,1,2,74927229894.20845,0.98787390972562061,0,7.3174033609045254e-14,5.7829374937409206e-13,4512291.3793310774,4.512291379331077,16,8192,0.010973287382709307,1.5347168570813386e-10
30,100029,Earth_Relay2_Mars,1,1,282492043190.51758,0.98787390972562061,0,5.1478265981400968e-15,4.0683228704753593e-14,317441.75406789989,0.31744175406789987,16,8192,0.72800908310704071,0
30,100029,Earth_Relay2_Mars,1,2,999999999.99998689,0.98787390972562061,0,4.1080559421809018e-10,3.2465930279790527e-09,25332408915.368729,25332.408915368727,16,8192,0,1
30,100029,Direct_Earth_to_Mars,1,1,281638537364.54773,0.98787390972562061,0.01,5.1790748611764416e-15,4.093018345497638e-14,319368.68444147083,0.31936868444147082,16,8192,0.75241073780970102,0
30,100029,Earth_Relay0_Mars,1,1,312288382784.091,0.98787390972562061,0.01,4.2123523533267356e-15,3.3290183907382411e-14,259755.54815214738,0.25975554815214735,16,8192,0.79227766507432995,0
30,100029,Earth_Relay0_Mars,1,2,72181704003.369781,0.98787390972562061,0.01,7.8846439855995004e-14,6.2312272646790231e-13,4862081.4420864964,4.8620814420864962,16,8192,0.012922104154681535,2.7022264612102557e-12
30,100029,Earth_Relay1_Mars,1,1,248163588482.94858,0.98787390972562061,0.01,6.6705282549807402e-15,5.2717126617464366e-14,411339.45548702538,0.41133945548702538,16,8192,0.69472067381378522,0
30,100029,Earth_Relay1_Mars,1,2,74927229894.20845,0.98787390972562061,0.01,7.3174033609045254e-14,5.7829374937409206e-13,4512291.3793310774,4.512291379331077,16,8192,0.017790759675161083,1.0809952726946782e-16
30,100029,Earth_Relay2_Mars,1,1,282492043190.51758,0.98787390972562061,0.01,5.1478265981400968e-15,4.0683228704753593e-14,317441.75406789989,0.31744175406789987,16,8192,0.75366818106041789,0
30,100029,Earth_Relay2_Mars,1,2,999999999.99998689,0.98787390972562061,0.01,4.1080559421809018e-10,3.2465930279790527e-09,25332408915.368729,25332.408915368727,16,8192,0,1
30,100029,Direct_Earth_to_Mars,1,1,281638537364.54773,0.98787390972562061,0.10000000000000001,5.1790748611764416e-15,4.093018345497638e-14,319368.68444147083,0.31936868444147082,16,8192,0.8756055038999323,0
30,100029,Earth_Relay0_Mars,1,1,312288382784.091,0.98787390972562061,0.10000000000000001,4.2123523533267356e-15,3.3290183907382411e-14,259755.54815214738,0.25975554815214735,16,8192,0.89596363464675455,0
30,100029,Earth_Relay0_Mars,1,2,72181704003.369781,0.98787390972562061,0.10000000000000001,7.8846439855995004e-14,6.2312272646790231e-13,4862081.4420864964,4.8620814420864962,16,8192,0.040169520124909708,3.423039148281461e-37
30,100029,Earth_Relay1_Mars,1,1,248163588482.94858,0.98787390972562061,0.10000000000000001,6.6705282549807402e-15,5.2717126617464366e-14,411339.45548702538,0.41133945548702538,16,8192,0.84327264265483937,0
30,100029,Earth_Relay1_Mars,1,2,74927229894.20845,0.98787390972562061,0.10000000000000001,7.3174033609045254e-14,5.7829374937409206e-13,4512291.3793310774,4.512291379331077,16,8192,0.053067723949959622,3.1706440004453452e-49
30,100029,Earth_Relay2_Mars,1,1,282492043190.51758,0.98787390972562061,0.10000000000000001,5.1478265981400968e-15,4.0683228704753593e-14,317441.75406789989,0.31744175406789987,16,8192,0.87627192437072865,0
30,100029,Earth_Relay2_Mars,1,2,999999999.99998689,0.98787390972562061,0.10000000000000001,4.1080559421809018e-10,3.2465930279790527e-09,25332408915.368729,25332.408915368727,16,8192,0,1
30,100029,Direct_Earth_to_Mars,1,1,281638537364.54773,0.98787390972562061,1,5.1790748611764416e-15,4.093018345497638e-14,319368.68444147083,0.31936868444147082,16,8192,0.93239382460718967,0
30,100029,Earth_Relay0_Mars,1,1,312288382784.091,0.98787390972562061,1,4.2123523533267356e-15,3.3290183907382411e-14,259755.54815214738,0.25975554815214735,16,8192,0.93948148010574406,0
30,100029,Earth_Relay0_Mars,1,2,72181704003.369781,0.98787390972562061,1,7.8846439855995004e-14,6.2312272646790231e-13,4862081.4420864964,4.8620814420864962,16,8192,0.18161420605636491,5.4720739902028862e-179
30,100029,Earth_Relay1_Mars,1,1,248163588482.94858,0.98787390972562061,1,6.6705282549807402e-15,5.2717126617464366e-14,411339.45548702538,0.41133945548702538,16,8192,0.92071443422718069,0
30,100029,Earth_Relay1_Mars,1,2,74927229894.20845,0.98787390972562061,1,7.3174033609045254e-14,5.7829374937409206e-13,4512291.3793310774,4.512291379331077,16,8192,0.2171270213207841,1.9045367242081055e-218
30,100029,Earth_Relay2_Mars,1,1,282492043190.51758,0.98787390972562061,1,5.1478265981400968e-15,4.0683228704753593e-14,317441.75406789989,0.31744175406789987,16,8192,0.93262894841943356,0
30,100029,Earth_Relay2_Mars,1,2,999999999.99998689,0.98787390972562061,1,4.1080559421809018e-10,3.2465930279790527e-09,25332408915.368729,25332.408915368727,16,8192,0,1
30,100029,Direct_Earth_to_Mars,1,1,281638537364.54773,0.98787390972562061,4,5.1790748611764416e-15,4.093018345497638e-14,319368.68444147083,0.31936868444147082,16,8192,0.93965694562351709,0
30,100029,Earth_Relay0_Mars,1,1,312288382784.091,0.98787390972562061,4,4.2123523533267356e-15,3.3290183907382411e-14,259755.54815214738,0.25975554815214735,16,8192,0.94301993892400671,0
30,100029,Earth_Relay0_Mars,1,2,72181704003.369781,0.98787390972562061,4,7.8846439855995004e-14,6.2312272646790231e-13,4862081.4420864964,4.8620814420864962,16,8192,0.44473612489562275,0
30,100029,Earth_Relay1_Mars,1,1,248163588482.94858,0.98787390972562061,4,6.6705282549807402e-15,5.2717126617464366e-14,411339.45548702538,0.41133945548702538,16,8192,0.93423190613242912,0
30,100029,Earth_Relay1_Mars,1,2,74927229894.20845,0.98787390972562061,4,7.3174033609045254e-14,5.7829374937409206e-13,4512291.3793310774,4.512291379331077,16,8192,0.48707432852923715,0
30,100029,Earth_Relay2_Mars,1,1,282492043190.51758,0.98787390972562061,4,5.1478265981400968e-15,4.0683228704753593e-14,317441.75406789989,0.31744175406789987,16,8192,0.93976753345593123,0
30,100029,Earth_Relay2_Mars,1,2,999999999.99998689,0.98787390972562061,4,4.1080559421809018e-10,3.2465930279790527e-09,25332408915.368729,25332.408915368727,16,8192,0,1
31,100030,Direct_Earth_to_Mars,1,1,367273257513.7569,0.92847812836864596,0,3.0454939082434949e-15,2.2621395871072266e-14,176509.48101713654,0.17650948101713654,16,8192,0.83819083221586799,0
31,100030,Earth_Relay0_Mars,1,1,356237445652.08374,0.92847812836864596,0,3.2371081774548344e-15,2.4044673135440828e-14,187614.98187610172,0.18761498187610171,16,8192,0.82893380033706621,0
31,100030,Earth_Relay0_Mars,1,2,72868495237.806885,0.92847812836864596,0,7.7367176295399751e-14,5.7466984835135869e-13,4484014.9240483996,4.4840149240483997,16,8192,0.011288001584646379,7.9975997912053907e-11
31,100030,Earth_Relay1_Mars,1,1,370191009424.63251,0.92847812836864596,0,2.9976754747335037e-15,2.2266208913897246e-14,173738.03995168087,0.17373803995168086,16,8192,0.84051705070873739,0
31,100030,Earth_Relay1_Mars,1,2,72668499475.18956,0.92847812836864596,0,7.7793616907647701e-14,5.7783737460352158e-13,4508730.3933352605,4.5087303933352603,16,8192,0.011012432762115165,1.4152201170235295e-10
31,100030,Earth_Relay2_Mars,1,1,368254510763.87292,0.92847812836864596,0,3.0292854477749586e-15,2.2501002262755754e-14,175570.07774410941,0.1755700777441094,16,8192,0.83897860138560865,0
31,100030,Earth_Relay2_Mars,1,2,1000000000.0000079,0.92847812836864596,0,4.1080559421807296e-10,3.0513920739437272e-09,23809301354.403172,23809.301354403171,16,8192,0,1
31,100030,Direct_Earth_to_Mars,1,1,367273257513.7569,0.92847812836864596,0.01,3.0454939082434949e-15,2.2621395871072266e-14,176509.48101713654,0.17650948101713654,16,8192,0.85142037185679975,0
31,100030,Earth_Relay0_Mars,1,1,356237445652.08374,0.92847812836864596,0.01,3.2371081774548344e-15,2.4044673135440828e-14,187614.98187610172,0.18761498187610171,16,8192,0.84328806134868906,0
31,100030,Earth_Relay0_Mars,1,2,72868495237.806885,0.92847812836864596,0.01,7.7367176295399751e-14,5.7466984835135869e-13,4484014.9240483996,4.4840149240483997,16,8192,0.018255912690988141,4.0973855459644067e-17
31,100030,Earth_Relay1_Mars,1,1,370191009424.63251,0.92847812836864596,0.01,2.9976754747335037e-15,2.2266208913897246e-14,173738.03995168087,0.17373803995168086,16,8192,0.85346174368867134,0
31,100030,Earth_Relay1_Mars,1,2,72668499475.18956,0.92847812836864596,0.01,7.7793616907647701e-14,5.7783737460352158e-13,4508730.3933352605,4.5087303933352603,16,8192,0.017848685552547594,9.5800490744559238e-17
31,100030,Earth_Relay2_Mars,1,1,368254510763.87292,0.92847812836864596,0.01,3.0292854477749586e-15,2.2501002262755754e-14,175570.07774410941,0.1755700777441094,16,8192,0.85211177742517252,0
31,100030,Earth_Relay2_Mars,1,2,1000000000.0000079,0.92847812836864596,0.01,4.1080559421807296e-10,3.0513920739437272e-09,23809301354.403172,23809.301354403171,16,8192,0,1
31,100030,Direct_Earth_to_Mars,1,1,367273257513.7569,0.92847812836864596,0.10000000000000001,3.0454939082434949e-15,2.2621395871072266e-14,176509.48101713654,0.17650948101713654,16,8192,0.92332117572064842,0
31,100030,Earth_Relay0_Mars,1,1,356237445652.08374,0.92847812836864596,0.10000000000000001,3.2371081774548344e-15,2.4044673135440828e-14,187614.98187610172,0.18761498187610171,16,8192,0.91975541007786521,0
31,100030,Earth_Relay0_Mars,1,2,72868495237.806885,0.92847812836864596,0.10000000000000001,7.7367176295399751e-14,5.7466984835135869e-13,4484014.9240483996,4.4840149240483997,16,8192,0.054267777946549911,2.3618114085039965e-50
31,100030,Earth_Relay1_Mars,1,1,370191009424.63251,0.92847812836864596,0.10000000000000001,2.9976754747335037e-15,2.2266208913897246e-14,173738.03995168087,0.17373803995168086,16,8192,0.92420661644666646,0
31,100030,Earth_Relay1_Mars,1,2,72668499475.18956,0.92847812836864596,0.10000000000000001,7.7793616907647701e-14,5.7783737460352158e-13,4508730.3933352605,4.5087303933352603,16,8192,0.053217447103480309,2.2935294043457821e-49
31,100030,Earth_Relay2_Mars,1,1,368254510763.87292,0.92847812836864596,0.10000000000000001,3.0292854477749586e-15,2.2501002262755754e-14,175570.07774410941,0.1755700777441094,16,8192,0.92362150346341532,0
31,100030,Earth_Relay2_Mars,1,2,1000000000.0000079,0.92847812836864596,0.10000000000000001,4.1080559421807296e-10,3.0513920739437272e-09,23809301354.403172,23809.301354403171,16,8192,0,1
31,100030,Direct_Earth_to_Mars,1,1,367273257513.7569,0.92847812836864596,1,3.0454939082434949e-15,2.2621395871072266e-14,176509.48101713654,0.17650948101713654,16,8192,0.94872233406144191,0
31,100030,Earth_Relay0_Mars,1,1,356237445652.08374,0.92847812836864596,1,3.2371081774548344e-15,2.4044673135440828e-14,187614.98187610172,0.18761498187610171,16,8192,0.94753449588324312,0
31,100030,Earth_Relay0_Mars,1,2,72868495237.806885,0.92847812836864596,1,7.7367176295399751e-14,5.7466984835135869e-13,4484014.9240483996,4.4840149240483997,16,8192,0.22022650105008623,5.6419513368950421e-222
31,100030,Earth_Relay1_Mars,1,1,370191009424.63251,0.92847812836864596,1,2.9976754747335037e-15,2.2266208913897246e-14,173738.03995168087,0.17373803995168086,16,8192,0.94901658828915436,0
31,100030,Earth_Relay1_Mars,1,2,72668499475.18956,0.92847812836864596,1,7.7793616907647701e-14,5.7783737460352158e-13,4508730.3933352605,4.5087303933352603,16,8192,0.21751542429380533,6.8930071899691786e-219
31,100030,Earth_Relay2_Mars,1,1,368254510763.87292,0.92847812836864596,1,3.0292854477749586e-15,2.2501002262755754e-14,175570.07774410941,0.1755700777441094,16,8192,0.94882217156989435,0
31,100030,Earth_Relay2_Mars,1,2,1000000000.0000079,0.92847812836864596,1,4.1080559421807296e-10,3.0513920739437272e-09,23809301354.403172,23809.301354403171,16,8192,0,1
31,100030,Direct_Earth_to_Mars,1,1,367273257513.7569,0.92847812836864596,4,3.0454939082434949e-15,2.2621395871072266e-14,176509.48101713654,0.17650948101713654,16,8192,0.94751556735272391,0
31,100030,Earth_Relay0_Mars,1,1,356237445652.08374,0.92847812836864596,4,3.2371081774548344e-15,2.4044673135440828e-14,187614.98187610172,0.18761498187610171,16,8192,0.94692927791479609,0
31,100030,Earth_Relay0_Mars,1,2,72868495237.806885,0.92847812836864596,4,7.7367176295399751e-14,5.7466984835135869e-13,4484014.9240483996,4.4840149240483997,16,8192,0.49055794530274621,0
31,100030,Earth_Relay1_Mars,1,1,370191009424.63251,0.92847812836864596,4,2.9976754747335037e-15,2.2266208913897246e-14,173738.03995168087,0.17373803995168086,16,8192,0.94766123551943471,0
31,100030,Earth_Relay1_Mars,1,2,72668499475.18956,0.92847812836864596,4,7.7793616907647701e-14,5.7783737460352158e-13,4508730.3933352605,4.5087303933352603,16,8192,0.48751258159063937,0
31,100030,Earth_Relay2_Mars,1,1,368254510763.87292,0.92847812836864596,4,3.0292854477749586e-15,2.2501002262755754e-14,175570.07774410941,0.1755700777441094,16,8192,0.94756497159516606,0
31,100030,Earth_Relay2_Mars,1,2,1000000000.0000079,0.92847812836864596,4,4.1080559421807296e-10,3.0513920739437272e-09,23809301354.403172,23809.301354403171,16,8192,0,1
32,100031,Direct_Earth_to_Mars,1,1,70391843652.334534,0.87413748706566086,0,8.2907089428949451e-14,5.7977755850679911e-13,4523869.1962542823,4.5238691962542816,16,8192,0.01084697330198392,1.9934974941165201e-10
32,100031,Earth_Relay0_Mars,1,1,75275564361.988373,0.87413748706566086,0,7.2498381063651446e-14,5.0698842111447179e-13,3955912.5176288732,3.9559125176288732,16,8192,0.019141193901021092,6.4580708097905371e-18
32,100031,Earth_Relay0_Mars,1,2,82066099725.17804,0.87413748706566086,0,6.0997040176423966e-14,4.265583953460992e-13,3328335.7673928393,3.3283357673928391,16,8192,0.03585272271527673,3.3545982565110426e-33
32,100031,Earth_Relay1_Mars,1,1,116523060750.64658,0.87413748706566086,0,3.0256074530959299e-14,2.1158375167171287e-13,1650938.7136003685,1.6509387136003684,16,8192,0.19186971334869052,3.3256231015579471e-190
32,100031,Earth_Relay1_Mars,1,2,77550691021.405838,0.87413748706566086,0,6.8306967484785064e-14,4.776774472498066e-13,3727205.8182525155,3.7272058182525152,16,8192,0.024059969929424163,2.1805895103291926e-22
32,100031,Earth_Relay2_Mars,1,1,71325565848.265533,0.87413748706566086,0,8.0750625961045617e-14,5.646971940525403e-13,4406200.6262623491,4.4062006262623488,16,8192,0.012201448237915025,1.2046272273968419e-11
32,100031,Earth_Relay2_Mars,1,2,1000000000.0000103,0.87413748706566086,0,4.1080559421807105e-10,2.872804558418402e-09,22415824583.068069,22415.824583068068,16,8192,0,1
32,100031,Direct_Earth_to_Mars,1,1,70391843652.334534,0.87413748706566086,0.01,8.2907089428949451e-14,5.7977755850679911e-13,4523869.1962542823,4.5238691962542816,16,8192,0.017603710619663149,1.5965741297070316e-16
32,100031,Earth_Relay0_Mars,1,1,75275564361.988373,0.87413748706566086,0.01,7.2498381063651446e-14,5.0698842111447179e-13,3955912.5176288732,3.9559125176288732,16,8192,0.029530984778356695,2.1800590217688022e-27
32,100031,Earth_Relay0_Mars,1,2,82066099725.17804,0.87413748706566086,0.01,6.0997040176423966e-14,4.265583953460992e-13,3328335.7673928393,3.3283357673928391,16,8192,0.052149594649161024,2.3073352496606146e-48
32,100031,Earth_Relay1_Mars,1,1,116523060750.64658,0.87413748706566086,0.01,3.0256074530959299e-14,2.1158375167171287e-13,1650938.7136003685,1.6509387136003684,16,8192,0.23410451009808797,6.0139639377432594e-238
32,100031,Earth_Relay1_Mars,1,2,77550691021.405838,0.87413748706566086,0.01,6.8306967484785064e-14,4.776774472498066e-13,3727205.8182525155,3.7272058182525152,16,8192,0.036345079560627935,1.1784756084175787e-33
32,100031,Earth_Relay2_Mars,1,1,71325565848.265533,0.87413748706566086,0.01,8.0750625961045617e-14,5.646971940525403e-13,4406200.6262623491,4.4062006262623488,16,8192,0.019599139385292785,2.4816723815564412e-18
32,100031,Earth_Relay2_Mars,1,2,1000000000.0000103,0.87413748706566086,0.01,4.1080559421807105e-10,2.872804558418402e-09,22415824583.068069,22415.824583068068,16,8192,0,1
32,100031,Direct_Earth_to_Mars,1,1,70391843652.334534,0.87413748706566086,0.10000000000000001,8.2907089428949451e-14,5.7977755850679911e-13,4523869.1962542823,4.5238691962542816,16,8192,0.052583702426026391,9.0294926415136585e-49
32,100031,Earth_Relay0_Mars,1,1,75275564361.988373,0.87413748706566086,0.10000000000000001,7.2498381063651446e-14,5.0698842111447179e-13,3955912.5176288732,3.9559125176288732,16,8192,0.082027412690317769,7.5032773315062984e-77
32,100031,Earth_Relay0_Mars,1,2,82066099725.17804,0.87413748706566086,0.10000000000000001,6.0997040176423966e-14,4.265583953460992e-13,3328335.7673928393,3.3283357673928391,16,8192,0.13230939327215707,5.9061838818094597e-127
32,100031,Earth_Relay1_Mars,1,1,116523060750.64658,0.87413748706566086,0.10000000000000001,3.0256074530959299e-14,2.1158375167171287e-13,1650938.7136003685,1.6509387136003684,16,8192,0.42820724507252461,0
32,100031,Earth_Relay1_Mars,1,2,77550691021.405838,0.87413748706566086,0.10000000000000001,6.8306967484785064e-14,4.776774472498066e-13,3727205.8182525155,3.7272058182525152,16,8192,0.097812434979931973,2.8049291094127706e-92
32,100031,Earth_Relay2_Mars,1,1,71325565848.265533,0.87413748706566086,0.10000000000000001,8.0750625961045617e-14,5.646971940525403e-13,4406200.6262623491,4.4062006262623488,16,8192,0.057705223457556021,1.363116532420257e-53
32,100031,Earth_Relay2_Mars,1,2,1000000000.0000103,0.87413748706566086,0.10000000000000001,4.1080559421807105e-10,2.872804558418402e-09,22415824583.068069,22415.824583068068,16,8192,0,1
32,100031,Direct_Earth_to_Mars,1,1,70391843652.334534,0.87413748706566086,1,8.2907089428949451e-14,5.7977755850679911e-13,4523869.1962542823,4.5238691962542816,16,8192,0.21586804034485174,5.1166986231655307e-217
32,100031,Earth_Relay0_Mars,1,1,75275564361.988373,0.87413748706566086,1,7.2498381063651446e-14,5.0698842111447179e-13,3955912.5176288732,3.9559125176288732,16,8192,0.28474904792508471,8.5289286014085424e-299
32,100031,Earth_Relay0_Mars,1,2,82066099725.17804,0.87413748706566086,1,6.0997040176423966e-14,4.265583953460992e-13,3328335.7673928393,3.3283357673928391,16,8192,0.37836710035298715,0
32,100031,Earth_Relay1_Mars,1,1,116523060750.64658,0.87413748706566086,1,3.0256074530959299e-14,2.1158375167171287e-13,1650938.7136003685,1.6509387136003684,16,8192,0.70069173057194245,0
32,100031,Earth_Relay1_Mars,1,2,77550691021.405838,0.87413748706566086,1,6.8306967484785064e-14,4.776774472498066e-13,3727205.8182525155,3.7272058182525152,16,8192,0.31671968674805917,0
32,100031,Earth_Relay2_Mars,1,1,71325565848.265533,0.87413748706566086,1,8.0750625961045617e-14,5.646971940525403e-13,4406200.6262623491,4.4062006262623488,16,8192,0.22893808435187801,5.73838965670298e-232
32,100031,Earth_Relay2_Mars,1,2,1000000000.0000103,0.87413748706566086,1,4.1080559421807105e-10,2.872804558418402e-09,22415824583.068069,22415.824583068068,16,8192,0,1
32,100031,Direct_Earth_to_Mars,1,1,70391843652.334534,0.87413748706566086,4,8.2907089428949451e-14,5.7977755850679911e-13,4523869.1962542823,4.5238691962542816,16,8192,0.48565035586978178,0
32,100031,Earth_Relay0_Mars,1,1,75275564361.988373,0.87413748706566086,4,7.2498381063651446e-14,5.0698842111447179e-13,3955912.5176288732,3.9559125176288732,16,8192,0.55685961016221963,0
32,100031,Earth_Relay0_Mars,1,2,82066099725.17804,0.87413748706566086,4,6.0997040176423966e-14,4.265583953460992e-13,3328335.7673928393,3.3283357673928391,16,8192,0.63704634800307192,0
32,100031,Earth_Relay1_Mars,1,1,116523060750.64658,0.87413748706566086,4,3.0256074530959299e-14,2.1158375167171287e-13,1650938.7136003685,1.6509387136003684,16,8192,0.8336616472855638,0
32,100031,Earth_Relay1_Mars,1,2,77550691021.405838,0.87413748706566086,4,6.8306967484785064e-14,4.776774472498066e-13,3727205.8182525155,3.7272058182525152,16,8192,0.58604973895426349,0
32,100031,Earth_Relay2_Mars,1,1,71325565848.265533,0.87413748706566086,4,8.0750625961045617e-14,5.646971940525403e-13,4406200.6262623491,4.4062006262623488,16,8192,0.50018585648676472,0
32,100031,Earth_Relay2_Mars,1,2,1000000000.0000103,0.87413748706566086,4,4.1080559421807105e-10,2.872804558418402e-09,22415824583.068069,22415.824583068068,16,8192,0,1
33,100032,Direct_Earth_to_Mars,1,1,376734112031.35498,0.9919132718710576,0,2.8944527021455216e-15,2.296836840048951e-14,179216.82681682514,0.17921682681682513,16,8192,0.83592462886920649,0
33,100032,Earth_Relay0_Mars,1,1,369248790438.34558,0.9919132718710576,0,3.012993441602142e-15,2.3909025462284956e-14,186556.55468945127,0.18655655468945126,16,8192,0.82981163088518473,0
33,100032,Earth_Relay0_Mars,1,2,73626922299.10849,0.9919132718710576,0,7.5781475246576512e-14,6.0134920847237824e-13,4692187.7545699859,4.6921877545699857,16,8192,0.009166609910579715,6.4461039017178369e-09
33,100032,Earth_Relay1_Mars,1,1,375459467981.57666,0.9919132718710576,0,2.914138765648513e-15,2.3124583341765614e-14,180435.73560428101,0.180435735604281,16,8192,0.83490633372395406,0
33,100032,Earth_Relay1_Mars,1,2,72538042788.564743,0.9919132718710576,0,7.807368576860311e-14,6.195386007821436e-13,4834115.3444902627,4.8341153444902627,16,8192,0.0079537215170916165,7.8958203812362188e-08
33,100032,Earth_Relay2_Mars,1,1,377724776148.5213,0.9919132718710576,0,2.8792899678665567e-15,2.2848047461536231e-14,178277.99056590677,0.17827799056590676,16,8192,0.83670979372676879,0
33,100032,Earth_Relay2_Mars,1,2,999999999.99998605,0.9919132718710576,0,4.1080559421809085e-10,3.2598681685104046e-09,25435991743.721725,25435.991743721723,16,8192,0,1
33,100032,Direct_Earth_to_Mars,1,1,376734112031.35498,0.9919132718710576,0.01,2.8944527021455216e-15,2.296836840048951e-14,179216.82681682514,0.17921682681682513,16,8192,0.84943081387882846,0
33,100032,Earth_Relay0_Mars,1,1,369248790438.34558,0.9919132718710576,0.01,3.012993441602142e-15,2.3909025462284956e-14,186556.55468945127,0.18655655468945126,16,8192,0.84405984298757497,0
33,100032,Earth_Relay0_Mars,1,2,73626922299.10849,0.9919132718710576,0.01,7.5781475246576512e-14,6.0134920847237824e-13,4692187.7545699859,4.6921877545699857,16,8192,0.015094695484956899,2.9640657896126786e-14
33,100032,Earth_Relay1_Mars,1,1,375459467981.57666,0.9919132718710576,0.01,2.914138765648513e-15,2.3124583341765614e-14,180435.73560428101,0.180435735604281,16,8192,0.84853655193063193,0
33,100032,Earth_Relay1_Mars,1,2,72538042788.564743,0.9919132718710576,0.01,7.807368576860311e-14,6.195386007821436e-13,4834115.3444902627,4.8341153444902627,16,8192,0.013257107293708326,1.3483611615041953e-12
33,100032,Earth_Relay2_Mars,1,1,377724776148.5213,0.9919132718710576,0.01,2.8792899678665567e-15,2.2848047461536231e-14,178277.99056590677,0.17827799056590676,16,8192,0.8501202256112983,0
33,100032,Earth_Relay2_Mars,1,2,999999999.99998605,0.9919132718710576,0.01,4.1080559421809085e-10,3.2598681685104046e-09,25435991743.721725,25435.991743721723,16,8192,0,1
33,100032,Direct_Earth_to_Mars,1,1,376734112031.35498,0.9919132718710576,0.10000000000000001,2.8944527021455216e-15,2.296836840048951e-14,179216.82681682514,0.17921682681682513,16,8192,0.92245449414768577,0
33,100032,Earth_Relay0_Mars,1,1,369248790438.34558,0.9919132718710576,0.10000000000000001,3.012993441602142e-15,2.3909025462284956e-14,186556.55468945127,0.18655655468945126,16,8192,0.92009645559710906,0
33,100032,Earth_Relay0_Mars,1,2,73626922299.10849,0.9919132718710576,0.10000000000000001,7.5781475246576512e-14,6.0134920847237824e-13,4692187.7545699859,4.6921877545699857,16,8192,0.046006033986085049,1.2866065522506226e-42
33,100032,Earth_Relay1_Mars,1,1,375459467981.57666,0.9919132718710576,0.10000000000000001,2.914138765648513e-15,2.3124583341765614e-14,180435.73560428101,0.180435735604281,16,8192,0.92206374380358325,0
33,100032,Earth_Relay1_Mars,1,2,72538042788.564743,0.9919132718710576,0.10000000000000001,7.807368576860311e-14,6.195386007821436e-13,4834115.3444902627,4.8341153444902627,16,8192,0.041078801693101186,4.9138170797483616e-38
33,100032,Earth_Relay2_Mars,1,1,377724776148.5213,0.9919132718710576,0.10000000000000001,2.8792899678665567e-15,2.2848047461536231e-14,178277.99056590677,0.17827799056590676,16,8192,0.92275522794081843,0
33,100032,Earth_Relay2_Mars,1,2,999999999.99998605,0.9919132718710576,0.10000000000000001,4.1080559421809085e-10,3.2598681685104046e-09,25435991743.721725,25435.991743721723,16,8192,0,1
33,100032,Direct_Earth_to_Mars,1,1,376734112031.35498,0.9919132718710576,1,2.8944527021455216e-15,2.296836840048951e-14,179216.82681682514,0.17921682681682513,16,8192,0.9484340445161783,0
33,100032,Earth_Relay0_Mars,1,1,369248790438.34558,0.9919132718710576,1,3.012993441602142e-15,2.3909025462284956e-14,186556.55468945127,0.18655655468945126,16,8192,0.9476483059926315,0
33,100032,Earth_Relay0_Mars,1,2,73626922299.10849,0.9919132718710576,1,7.5781475246576512e-14,6.0134920847237824e-13,4692187.7545699859,4.6921877545699857,16,8192,0.19821882029814741,3.2091998088381395e-197
33,100032,Earth_Relay1_Mars,1,1,375459467981.57666,0.9919132718710576,1,2.914138765648513e-15,2.3124583341765614e-14,180435.73560428101,0.180435735604281,16,8192,0.9483039789748553,0
33,100032,Earth_Relay1_Mars,1,2,72538042788.564743,0.9919132718710576,1,7.807368576860311e-14,6.195386007821436e-13,4834115.3444902627,4.8341153444902627,16,8192,0.18426590508472507,7.1049814596217819e-182
33,100032,Earth_Relay2_Mars,1,1,377724776148.5213,0.9919132718710576,1,2.8792899678665567e-15,2.2848047461536231e-14,178277.99056590677,0.17827799056590676,16,8192,0.94853410978652053,0
33,100032,Earth_Relay2_Mars,1,2,999999999.99998605,0.9919132718710576,1,4.1080559421809085e-10,3.2598681685104046e-09,25435991743.721725,25435.991743721723,16,8192,0,1
33,100032,Direct_Earth_to_Mars,1,1,376734112031.35498,0.9919132718710576,4,2.8944527021455216e-15,2.296836840048951e-14,179216.82681682514,0.17921682681682513,16,8192,0.94737301988016143,0
33,100032,Earth_Relay0_Mars,1,1,369248790438.34558,0.9919132718710576,4,3.012993441602142e-15,2.3909025462284956e-14,186556.55468945127,0.18655655468945126,16,8192,0.94698533322822143,0
33,100032,Earth_Relay0_Mars,1,2,73626922299.10849,0.9919132718710576,4,7.5781475246576512e-14,6.0134920847237824e-13,4692187.7545699859,4.6921877545699857,16,8192,0.46511577260026404,0
33,100032,Earth_Relay1_Mars,1,1,375459467981.57666,0.9919132718710576,4,2.914138765648513e-15,2.3124583341765614e-14,180435.73560428101,0.180435735604281,16,8192,0.94730876166337485,0
33,100032,Earth_Relay1_Mars,1,2,72538042788.564743,0.9919132718710576,4,7.807368576860311e-14,6.195386007821436e-13,4834115.3444902627,4.8341153444902627,16,8192,0.44806508160879677,0
33,100032,Earth_Relay2_Mars,1,1,377724776148.5213,0.9919132718710576,4,2.8792899678665567e-15,2.2848047461536231e-14,178277.99056590677,0.17827799056590676,16,8192,0.94742247937650259,0
33,100032,Earth_Relay2_Mars,1,2,999999999.99998605,0.9919132718710576,4,4.1080559421809085e-10,3.2598681685104046e-09,25435991743.721725,25435.991743721723,16,8192,0,1
34,100033,Direct_Earth_to_Mars,1,1,68025053199.479401,0.90437175565566841,0,8.8776612392713304e-14,6.4229648648608719e-13,5011689.8238700787,5.0116898238700784,16,8192,0.0066596401736485067,1.1399103403613456e-06
34,100033,Earth_Relay0_Mars,1,1,80206730311.127029,0.90437175565566841,0,6.3857913512962164e-14,4.6201034684980347e-13,3604959.0843900731,3.6049590843900727,16,8192,0.027188557226697663,3.0389037407517727e-25
34,100033,Earth_Relay0_Mars,1,2,80959687212.615982,0.90437175565566841,0,6.2675629677581361e-14,4.5345655398671015e-13,3538215.8317810055,3.5382158317810055,16,8192,0.029065137944206842,5.8252498015279317e-27
34,100033,Earth_Relay1_Mars,1,1,108716180817.84856,0.90437175565566841,0,3.4757455423792006e-14,2.5146928786990733e-13,1962156.2589082748,1.9621562589082748,16,8192,0.14055502091816152,1.8994387703044843e-135
34,100033,Earth_Relay1_Mars,1,2,76281168200.891418,0.90437175565566841,0,7.0599508611140373e-14,5.1078561240867599e-13,3985541.1165218293,3.9855411165218291,16,8192,0.018582386365442183,2.0733891422469749e-17
34,100033,Earth_Relay2_Mars,1,1,68995743227.520676,0.90437175565566841,0,8.6296216349065355e-14,6.2435088548836508e-13,4871664.4807523647,4.8716644807523641,16,8192,0.0076606037426875107,1.4459654430022243e-07
34,100033,Earth_Relay2_Mars,1,2,999999999.99999881,0.90437175565566841,0,4.1080559421808056e-10,2.9721678118094051e-09,23191132896.851131,23191.13289685113,16,8192,0,1
34,100033,Direct_Earth_to_Mars,1,1,68025053199.479401,0.90437175565566841,0.01,8.8776612392713304e-14,6.4229648648608719e-13,5011689.8238700787,5.0116898238700784,16,8192,0.011267579942072614,8.3431600848427453e-11
34,100033,Earth_Relay0_Mars,1,1,80206730311.127029,0.90437175565566841,0.01,6.3857913512962164e-14,4.6201034684980347e-13,3604959.0843900731,3.6049590843900727,16,8192,0.040603710627959977,1.3551098542896011e-37
34,100033,Earth_Relay0_Mars,1,2,80959687212.615982,0.90437175565566841,0.01,6.2675629677581361e-14,4.5345655398671015e-13,3538215.8317810055,3.5382158317810055,16,8192,0.043133540408966775,6.0747379544425433e-40
34,100033,Earth_Relay1_Mars,1,1,108716180817.84856,0.90437175565566841,0.01,3.4757455423792006e-14,2.5146928786990733e-13,1962156.2589082748,1.9621562589082748,16,8192,0.17758553017822687,1.2759725260813822e-174
34,100033,Earth_Relay1_Mars,1,2,76281168200.891418,0.90437175565566841,0.01,7.0599508611140373e-14,5.1078561240867599e-13,3985541.1165218293,3.9855411165218291,16,8192,0.028746411666558225,1.1408779926776026e-26
34,100033,Earth_Relay2_Mars,1,1,68995743227.520676,0.90437175565566841,0.01,8.6296216349065355e-14,6.2435088548836508e-13,4871664.4807523647,4.8716644807523641,16,8192,0.012809252667347226,3.4151047405079051e-12
34,100033,Earth_Relay2_Mars,1,2,999999999.99999881,0.90437175565566841,0.01,4.1080559421808056e-10,2.9721678118094051e-09,23191132896.851131,23191.13289685113,16,8192,0,1
34,100033,Direct_Earth_to_Mars,1,1,68025053199.479401,0.90437175565566841,0.10000000000000001,8.8776612392713304e-14,6.4229648648608719e-13,5011689.8238700787,5.0116898238700784,16,8192,0.035624235590158482,5.45000758369792e-33
34,100033,Earth_Relay0_Mars,1,1,80206730311.127029,0.90437175565566841,0.10000000000000001,6.3857913512962164e-14,4.6201034684980347e-13,3604959.0843900731,3.6049590843900727,16,8192,0.10737450597416531,9.3475681011566005e-102
34,100033,Earth_Relay0_Mars,1,2,80959687212.615982,0.90437175565566841,0.10000000000000001,6.2675629677581361e-14,4.5345655398671015e-13,3538215.8317810055,3.5382158317810055,16,8192,0.11295590502475672,2.464837804913396e-107
34,100033,Earth_Relay1_Mars,1,1,108716180817.84856,0.90437175565566841,0.10000000000000001,3.4757455423792006e-14,2.5146928786990733e-13,1962156.2589082748,1.9621562589082748,16,8192,0.34972989913173058,0
34,100033,Earth_Relay1_Mars,1,2,76281168200.891418,0.90437175565566841,0.10000000000000001,7.0599508611140373e-14,5.1078561240867599e-13,3985541.1165218293,3.9855411165218291,16,8192,0.080167377220597524,4.7384814829281208e-75
34,100033,Earth_Relay2_Mars,1,1,68995743227.520676,0.90437175565566841,0.10000000000000001,8.6296216349065355e-14,6.2435088548836508e-13,4871664.4807523647,4.8716644807523641,16,8192,0.039862407813484935,6.5910497359600648e-37
34,100033,Earth_Relay2_Mars,1,2,999999999.99999881,0.90437175565566841,0.10000000000000001,4.1080559421808056e-10,2.9721678118094051e-09,23191132896.851131,23191.13289685113,16,8192,0,1
34,100033,Direct_Earth_to_Mars,1,1,68025053199.479401,0.90437175565566841,1,8.8776612392713304e-14,6.4229648648608719e-13,5011689.8238700787,5.0116898238700784,16,8192,0.16796010692572871,2.8524511576427972e-164
34,100033,Earth_Relay0_Mars,1,1,80206730311.127029,0.90437175565566841,1,6.3857913512962164e-14,4.6201034684980347e-13,3604959.0843900731,3.6049590843900727,16,8192,0.33482204896621781,0
34,100033,Earth_Relay0_Mars,1,2,80959687212.615982,0.90437175565566841,1,6.2675629677581361e-14,4.5345655398671015e-13,3538215.8317810055,3.5382158317810055,16,8192,0.34500244645837419,0
34,100033,Earth_Relay1_Mars,1,1,108716180817.84856,0.90437175565566841,1,3.4757455423792006e-14,2.5146928786990733e-13,1962156.2589082748,1.9621562589082748,16,8192,0.63679206994177662,0
34,100033,Earth_Relay1_Mars,1,2,76281168200.891418,0.90437175565566841,1,7.0599508611140373e-14,5.1078561240867599e-13,3985541.1165218293,3.9855411165218291,16,8192,0.28078779337314685,6.9700813074806559e-294
34,100033,Earth_Relay2_Mars,1,1,68995743227.520676,0.90437175565566841,1,8.6296216349065355e-14,6.2435088548836508e-13,4871664.4807523647,4.8716644807523641,16,8192,0.18071284494825979,5.2146710734183111e-178
34,100033,Earth_Relay2_Mars,1,2,999999999.99999881,0.90437175565566841,1,4.1080559421808056e-10,2.9721678118094051e-09,23191132896.851131,23191.13289685113,16,8192,0,1
34,100033,Direct_Earth_to_Mars,1,1,68025053199.479401,0.90437175565566841,4,8.8776612392713304e-14,6.4229648648608719e-13,5011689.8238700787,5.0116898238700784,16,8192,0.42711079322409418,0
34,100033,Earth_Relay0_Mars,1,1,80206730311.127029,0.90437175565566841,4,6.3857913512962164e-14,4.6201034684980347e-13,3604959.0843900731,3.6049590843900727,16,8192,0.60169372024610601,0
34,100033,Earth_Relay0_Mars,1,2,80959687212.615982,0.90437175565566841,4,6.2675629677581361e-14,4.5345655398671015e-13,3538215.8317810055,3.5382158317810055,16,8192,0.61023554765545751,0
34,100033,Earth_Relay1_Mars,1,1,108716180817.84856,0.90437175565566841,4,3.4757455423792006e-14,2.5146928786990733e-13,1962156.2589082748,1.9621562589082748,16,8192,0.80117066682835891,0
34,100033,Earth_Relay1_Mars,1,2,76281168200.891418,0.90437175565566841,4,7.0599508611140373e-14,5.1078561240867599e-13,3985541.1165218293,3.9855411165218291,16,8192,0.55309164852293613,0
34,100033,Earth_Relay2_Mars,1,1,68995743227.520676,0.90437175565566841,4,8.6296216349065355e-14,6.2435088548836508e-13,4871664.4807523647,4.8716644807523641,16,8192,0.44359782282466975,0
34,100033,Earth_Relay2_Mars,1,2,999999999.99999881,0.90437175565566841,4,4.1080559421808056e-10,2.9721678118094051e-09,23191132896.851131,23191.13289685113,16,8192,0,1
35,100034,Direct_Earth_to_Mars,1,1,168972311589.90042,0.98319762119635024,0,1.4388159987750583e-14,1.1317123738679104e-13,883048.79553229723,0.8830487955322972,16,8192,0.4135202491715364,0
35,100034,Earth_Relay0_Mars,1,1,116653815435.11847,0.98319762119635024,0,3.0188285812721437e-14,2.3744840639250594e-13,1852754.5877168146,1.8527545877168146,16,8192,0.15680463873773964,1.9997298436738347e-152
35,100034,Earth_Relay0_Mars,1,2,81302339714.117325,0.98319762119635024,0,6.2148444220251273e-14,4.8883362014724085e-13,3814254.8358943355,3.8142548358943356,16,8192,0.022054142287382339,1.4612816353381932e-20
35,100034,Earth_Relay1_Mars,1,1,221860003510.39066,0.98319762119635024,0,8.3459988012743982e-15,6.5646129343364633e-14,512221.45119694027,0.51222145119694029,16,8192,0.5991630877698364,0
35,100034,Earth_Relay1_Mars,1,2,84576219403.89975,0.98319762119635024,0,5.7430131788688829e-14,4.51721351677054e-13,3524676.4524746733,3.5246764524746732,16,8192,0.029461337970215995,2.5252087099137758e-27
35,100034,Earth_Relay2_Mars,1,1,169682106762.24796,0.98319762119635024,0,1.4268037878312016e-14,1.1222640720876636e-13,875676.50580610358,0.87567650580610357,16,8192,0.41658010547090274,0
35,100034,Earth_Relay2_Mars,1,2,999999999.99998677,0.98319762119635024,0,4.1080559421809028e-10,3.2312246640750362e-09,25212493152.776497,25212.493152776497,16,8192,0,1
35,100034,Direct_Earth_to_Mars,1,1,168972311589.90042,0.98319762119635024,0.01,1.4388159987750583e-14,1.1317123738679104e-13,883048.79553229723,0.8830487955322972,16,8192,0.46045520438154963,0
35,100034,Earth_Relay0_Mars,1,1,116653815435.11847,0.98319762119635024,0.01,3.0188285812721437e-14,2.3744840639250594e-13,1852754.5877168146,1.8527545877168146,16,8192,0.19572619194622631,1.8502902880670691e-194
35,100034,Earth_Relay0_Mars,1,2,81302339714.117325,0.98319762119635024,0.01,6.2148444220251273e-14,4.8883362014724085e-13,3814254.8358943355,3.8142548358943356,16,8192,0.033585205400612717,4.120889946973954e-31
35,100034,Earth_Relay1_Mars,1,1,221860003510.39066,0.98319762119635024,0.01,8.3459988012743982e-15,6.5646129343364633e-14,512221.45119694027,0.51222145119694029,16,8192,0.63641181673180802,0
35,100034,Earth_Relay1_Mars,1,2,84576219403.89975,0.98319762119635024,0.01,5.7430131788688829e-14,4.51721351677054e-13,3524676.4524746733,3.5246764524746732,16,8192,0.043665456313471074,1.9451756607800558e-40
35,100034,Earth_Relay2_Mars,1,1,169682106762.24796,0.98319762119635024,0.01,1.4268037878312016e-14,1.1222640720876636e-13,875676.50580610358,0.87567650580610357,16,8192,0.46343681038223439,0
35,100034,Earth_Relay2_Mars,1,2,999999999.99998677,0.98319762119635024,0.01,4.1080559421809028e-10,3.2312246640750362e-09,25212493152.776497,25212.493152776497,16,8192,0,1
35,100034,Direct_Earth_to_Mars,1,1,168972311589.90042,0.98319762119635024,0.10000000000000001,1.4388159987750583e-14,1.1317123738679104e-13,883048.79553229723,0.8830487955322972,16,8192,0.67234106241820168,0
35,100034,Earth_Relay0_Mars,1,1,116653815435.11847,0.98319762119635024,0.10000000000000001,3.0188285812721437e-14,2.3744840639250594e-13,1852754.5877168146,1.8527545877168146,16,8192,0.37591314786456698,0
35,100034,Earth_Relay0_Mars,1,2,81302339714.117325,0.98319762119635024,0.10000000000000001,6.2148444220251273e-14,4.8883362014724085e-13,3814254.8358943355,3.8142548358943356,16,8192,0.091495418223063063,4.5076026331432176e-86
35,100034,Earth_Relay1_Mars,1,1,221860003510.39066,0.98319762119635024,0.10000000000000001,8.3459988012743982e-15,6.5646129343364633e-14,512221.45119694027,0.51222145119694029,16,8192,0.80694836661289238,0
35,100034,Earth_Relay1_Mars,1,2,84576219403.89975,0.98319762119635024,0.10000000000000001,5.7430131788688829e-14,4.51721351677054e-13,3524676.4524746733,3.5246764524746732,16,8192,0.11412054366958124,1.6720265299056471e-108
35,100034,Earth_Relay2_Mars,1,1,169682106762.24796,0.98319762119635024,0.10000000000000001,1.4268037878312016e-14,1.1222640720876636e-13,875676.50580610358,0.87567650580610357,16,8192,0.67496924753982246,0
35,100034,Earth_Relay2_Mars,1,2,999999999.99998677,0.98319762119635024,0.10000000000000001,4.1080559421809028e-10,3.2312246640750362e-09,25212493152.776497,25212.493152776497,16,8192,0,1
35,100034,Direct_Earth_to_Mars,1,1,168972311589.90042,0.98319762119635024,1,1.4388159987750583e-14,1.1317123738679104e-13,883048.79553229723,0.8830487955322972,16,8192,0.84826236081353534,0
35,100034,Earth_Relay0_Mars,1,1,116653815435.11847,0.98319762119635024,1,3.0188285812721437e-14,2.3744840639250594e-13,1852754.5877168146,1.8527545877168146,16,8192,0.65928655268653347,0
35,100034,Earth_Relay0_Mars,1,2,81302339714.117325,0.98319762119635024,1,6.2148444220251273e-14,4.8883362014724085e-13,3814254.8358943355,3.8142548358943356,16,8192,0.30425988561304773,1.9762625833649862e-323
35,100034,Earth_Relay1_Mars,1,1,221860003510.39066,0.98319762119635024,1,8.3459988012743982e-15,6.5646129343364633e-14,512221.45119694027,0.51222145119694029,16,8192,0.90690821037841229,0
35,100034,Earth_Relay1_Mars,1,2,84576219403.89975,0.98319762119635024,1,5.7430131788688829e-14,4.51721351677054e-13,3524676.4524746733,3.5246764524746732,16,8192,0.3470931007614857,0
35,100034,Earth_Relay2_Mars,1,1,169682106762.24796,0.98319762119635024,1,1.4268037878312016e-14,1.1222640720876636e-13,875676.50580610358,0.87567650580610357,16,8192,0.84953458366925716,0
35,100034,Earth_Relay2_Mars,1,2,999999999.99998677,0.98319762119635024,1,4.1080559421809028e-10,3.2312246640750362e-09,25212493152.776497,25212.493152776497,16,8192,0,1
35,100034,Direct_Earth_to_Mars,1,1,168972311589.90042,0.98319762119635024,4,1.4388159987750583e-14,1.1317123738679104e-13,883048.79553229723,0.8830487955322972,16,8192,0.9018756127019173,0
35,100034,Earth_Relay0_Mars,1,1,116653815435.11847,0.98319762119635024,4,3.0188285812721437e-14,2.3744840639250594e-13,1852754.5877168146,1.8527545877168146,16,8192,0.81287330839862948,0
35,100034,Earth_Relay0_Mars,1,2,81302339714.117325,0.98319762119635024,4,6.2148444220251273e-14,4.8883362014724085e-13,3814254.8358943355,3.8142548358943356,16,8192,0.57492209828546703,0
35,100034,Earth_Relay1_Mars,1,1,221860003510.39066,0.98319762119635024,4,8.3459988012743982e-15,6.5646129343364633e-14,512221.45119694027,0.51222145119694029,16,8192,0.92794955822571712,0
35,100034,Earth_Relay1_Mars,1,2,84576219403.89975,0.98319762119635024,4,5.7430131788688829e-14,4.51721351677054e-13,3524676.4524746733,3.5246764524746732,16,8192,0.61196788340243891,0
35,100034,Earth_Relay2_Mars,1,1,169682106762.24796,0.98319762119635024,4,1.4268037878312016e-14,1.1222640720876636e-13,875676.50580610358,0.87567650580610357,16,8192,0.9024392969374968,0
35,100034,Earth_Relay2_Mars,1,2,999999999.99998677,0.98319762119635024,4,4.1080559421809028e-10,3.2312246640750362e-09,25212493152.776497,25212.493152776497,16,8192,0,1
36,100035,Direct_Earth_to_Mars,1,1,390237380457.38922,0.85351203106622819,0,2.697606588575818e-15,1.8419517427463887e-14,143723.20259269851,0.1437232025926985,16,8192,0.86612745671671898,0
36,100035,Earth_Relay0_Mars,1,1,396764908907.59973,0.85351203106622819,0,2.6095753376933125e-15,1.7818431573559662e-14,139033.06973246011,0.1390330697324601,16,8192,0.87019925072600979,0
36,100035,Earth_Relay0_Mars,1,2,77821768854.713211,0.85351203106622819,0,6.78319267449891e-14,4.6316292453801013e-13,3613952.379531397,3.6139523795313968,16,8192,0.026945138714975947,5.0727685454501928e-25
36,100035,Earth_Relay1_Mars,1,1,372551161210.276,0.85351203106622819,0,2.9598145873571553e-15,2.0209898880277249e-14,157693.13189590792,0.15769313189590792,16,8192,0.85411184143904384,0
36,100035,Earth_Relay1_Mars,1,2,76388184935.508209,0.85351203106622819,0,7.0401833105968114e-14,4.8071049252048383e-13,3750871.9637759808,3.7508719637759804,16,8192,0.023497248171447938,7.1001840277318323e-22
36,100035,Earth_Relay2_Mars,1,1,391228871022.84235,0.85351203106622819,0,2.6839508361622804e-15,1.8326274635638159e-14,142995.65081439313,0.14299565081439311,16,8192,0.8667578385780077,0
36,100035,Earth_Relay2_Mars,1,2,999999999.99998987,0.85351203106622819,0,4.108055942180877e-10,2.8050201367555909e-09,21886918535.141575,21886.918535141573,16,8192,0,1
36,100035,Direct_Earth_to_Mars,1,1,390237380457.38922,0.85351203106622819,0.01,2.697606588575818e-15,1.8419517427463887e-14,143723.20259269851,0.1437232025926985,16,8192,0.87587823836640077,0
36,100035,Earth_Relay0_Mars,1,1,396764908907.59973,0.85351203106622819,0.01,2.6095753376933125e-15,1.7818431573559662e-14,139033.06973246011,0.1390330697324601,16,8192,0.87943257373156569,0
36,100035,Earth_Relay0_Mars,1,2,77821768854.713211,0.85351203106622819,0.01,6.78319267449891e-14,4.6316292453801013e-13,3613952.379531397,3.6139523795313968,16,8192,0.040274255357568123,2.7374914665530332e-37
36,100035,Earth_Relay1_Mars,1,1,372551161210.276,0.85351203106622819,0.01,2.9598145873571553e-15,2.0209898880277249e-14,157693.13189590792,0.15769313189590792,16,8192,0.86537424536195151,0
36,100035,Earth_Relay1_Mars,1,2,76388184935.508209,0.85351203106622819,0.01,7.0401833105968114e-14,4.8071049252048383e-13,3750871.9637759808,3.7508719637759804,16,8192,0.035573264923569603,6.0730331528735801e-33
36,100035,Earth_Relay2_Mars,1,1,391228871022.84235,0.85351203106622819,0.01,2.6839508361622804e-15,1.8326274635638159e-14,142995.65081439313,0.14299565081439311,16,8192,0.87642868058282142,0
36,100035,Earth_Relay2_Mars,1,2,999999999.99998987,0.85351203106622819,0.01,4.108055942180877e-10,2.8050201367555909e-09,21886918535.141575,21886.918535141573,16,8192,0,1
36,100035,Direct_Earth_to_Mars,1,1,390237380457.38922,0.85351203106622819,0.10000000000000001,2.697606588575818e-15,1.8419517427463887e-14,143723.20259269851,0.1437232025926985,16,8192,0.93367764666101039,0
36,100035,Earth_Relay0_Mars,1,1,396764908907.59973,0.85351203106622819,0.10000000000000001,2.6095753376933125e-15,1.7818431573559662e-14,139033.06973246011,0.1390330697324601,16,8192,0.9351372537281829,0
36,100035,Earth_Relay0_Mars,1,2,77821768854.713211,0.85351203106622819,0.10000000000000001,6.78319267449891e-14,4.6316292453801013e-13,3613952.379531397,3.6139523795313968,16,8192,0.10664238165734674,5.0108016687839038e-101
36,100035,Earth_Relay1_Mars,1,1,372551161210.276,0.85351203106622819,0.10000000000000001,2.9598145873571553e-15,2.0209898880277249e-14,157693.13189590792,0.15769313189590792,16,8192,0.92929698624995705,0
36,100035,Earth_Relay1_Mars,1,2,76388184935.508209,0.85351203106622819,0.10000000000000001,7.0401833105968114e-14,4.8071049252048383e-13,3750871.9637759808,3.7508719637759804,16,8192,0.096055757546061438,1.5069009954591655e-90
36,100035,Earth_Relay2_Mars,1,1,391228871022.84235,0.85351203106622819,0.10000000000000001,2.6839508361622804e-15,1.8326274635638159e-14,142995.65081439313,0.14299565081439311,16,8192,0.93390443819997004,0
36,100035,Earth_Relay2_Mars,1,2,999999999.99998987,0.85351203106622819,0.10000000000000001,4.108055942180877e-10,2.8050201367555909e-09,21886918535.141575,21886.918535141573,16,8192,0,1
36,100035,Direct_Earth_to_Mars,1,1,390237380457.38922,0.85351203106622819,1,2.697606588575818e-15,1.8419517427463887e-14,143723.20259269851,0.1437232025926985,16,8192,0.95214742016951559,0
36,100035,Earth_Relay0_Mars,1,1,396764908907.59973,0.85351203106622819,1,2.6095753376933125e-15,1.7818431573559662e-14,139033.06973246011,0.1390330697324601,16,8192,0.95262735825529088,0
36,100035,Earth_Relay0_Mars,1,2,77821768854.713211,0.85351203106622819,1,6.78319267449891e-14,4.6316292453801013e-13,3613952.379531397,3.6139523795313968,16,8192,0.33346629958924856,0
36,100035,Earth_Relay1_Mars,1,1,372551161210.276,0.85351203106622819,1,2.9598145873571553e-15,2.0209898880277249e-14,157693.13189590792,0.15769313189590792,16,8192,0.9507029918092208,0
36,100035,Earth_Relay1_Mars,1,2,76388184935.508209,0.85351203106622819,1,7.0401833105968114e-14,4.8071049252048383e-13,3750871.9637759808,3.7508719637759804,16,8192,0.31329675145479641,0
36,100035,Earth_Relay2_Mars,1,1,391228871022.84235,0.85351203106622819,1,2.6839508361622804e-15,1.8326274635638159e-14,142995.65081439313,0.14299565081439311,16,8192,0.95222203498743496,0
36,100035,Earth_Relay2_Mars,1,2,999999999.99998987,0.85351203106622819,1,4.108055942180877e-10,2.8050201367555909e-09,21886918535.141575,21886.918535141573,16,8192,0,1
36,100035,Direct_Earth_to_Mars,1,1,390237380457.38922,0.85351203106622819,4,2.697606588575818e-15,1.8419517427463887e-14,143723.20259269851,0.1437232025926985,16,8192,0.94922238763599465,0
36,100035,Earth_Relay0_Mars,1,1,396764908907.59973,0.85351203106622819,4,2.6095753376933125e-15,1.7818431573559662e-14,139033.06973246011,0.1390330697324601,16,8192,0.94946361894893772,0
36,100035,Earth_Relay0_Mars,1,2,77821768854.713211,0.85351203106622819,4,6.78319267449891e-14,4.6316292453801013e-13,3613952.379531397,3.6139523795313968,16,8192,0.60054261749889459,0
36,100035,Earth_Relay1_Mars,1,1,372551161210.276,0.85351203106622819,4,2.9598145873571553e-15,2.0209898880277249e-14,157693.13189590792,0.15769313189590792,16,8192,0.94849951602817539,0
36,100035,Earth_Relay1_Mars,1,2,76388184935.508209,0.85351203106622819,4,7.0401833105968114e-14,4.8071049252048383e-13,3750871.9637759808,3.7508719637759804,16,8192,0.58302297994688512,0
36,100035,Earth_Relay2_Mars,1,1,391228871022.84235,0.85351203106622819,4,2.6839508361622804e-15,1.8326274635638159e-14,142995.65081439313,0.14299565081439311,16,8192,0.94925985640625754,0
36,100035,Earth_Relay2_Mars,1,2,999999999.99998987,0.85351203106622819,4,4.108055942180877e-10,2.8050201367555909e-09,21886918535.141575,21886.918535141573,16,8192,0,1
37,100036,Direct_Earth_to_Mars,1,1,242565313584.13882,0.95603626105979456,0,6.981985681061057e-15,5.3400251882357095e-14,416669.72275537293,0.4166697227553729,16,8192,0.65923861550567764,0
37,100036,Earth_Relay0_Mars,1,1,277060025482.9696,0.95603626105979456,0,5.3516611732969918e-15,4.0931057108621837e-14,319375.50135729805,0.31937550135729803,16,8192,0.72660265778976085,0
37,100036,Earth_Relay0_Mars,1,2,70225508162.838409,0.95603626105979456,0,8.3300300487459158e-14,6.3710486258550269e-13,4971180.7922634063,4.9711807922634064,16,8192,0.0069349544576711164,6.4613107748398914e-07
37,100036,Earth_Relay1_Mars,1,1,207590774775.44971,0.95603626105979456,0,9.5327949062149081e-15,7.2909580796700443e-14,568896.47044546285,0.56889647044546288,16,8192,0.56614985720375444,0
37,100036,Earth_Relay1_Mars,1,2,72742126961.472122,0.95603626105979456,0,7.7636215688578576e-14,5.9378429895792336e-13,4633160.5283126729,4.6331605283126729,16,8192,0.0097239775785786797,2.0362347292699927e-09
37,100036,Earth_Relay2_Mars,0,1,243383780447.0881,0.95603626105979456,0,6.9351056850313943e-15,5.3041700073375516e-14,413872.02653530787,0.41387202653530786,16,8192,0.66108554726071667,0
37,100036,Earth_Relay2_Mars,0,2,1000000000.0000116,0.95603626105979456,0,4.1080559421806996e-10,3.1419603545495263e-09,24515984544.841774,24515.984544841773,16,8192,0,1
37,100036,Direct_Earth_to_Mars,1,1,242565313584.13882,0.95603626105979456,0.01,6.981985681061057e-15,5.3400251882357095e-14,416669.72275537293,0.4166697227553729,16,8192,0.69151316844934096,0
37,100036,Earth_Relay0_Mars,1,1,277060025482.9696,0.95603626105979456,0.01,5.3516611732969918e-15,4.0931057108621837e-14,319375.50135729805,0.31937550135729803,16,8192,0.75240629298484496,0
37,100036,Earth_Relay0_Mars,1,2,70225508162.838409,0.95603626105979456,0.01,8.3300300487459158e-14,6.3710486258550269e-13,4971180.7922634063,4.9711807922634064,16,8192,0.011693603363495897,3.4515139710655821e-11
37,100036,Earth_Relay1_Mars,1,1,207590774775.44971,0.95603626105979456,0.01,9.5327949062149081e-15,7.2909580796700443e-14,568896.47044546285,0.56889647044546288,16,8192,0.60578418935081402,0
37,100036,Earth_Relay1_Mars,1,2,72742126961.472122,0.95603626105979456,0.01,7.7636215688578576e-14,5.9378429895792336e-13,4633160.5283126729,4.6331605283126729,16,8192,0.015931366921319912,5.1999203257898646e-15
37,100036,Earth_Relay2_Mars,0,1,243383780447.0881,0.95603626105979456,0.01,6.9351056850313943e-15,5.3041700073375516e-14,413872.02653530787,0.41387202653530786,16,8192,0.69319488114507588,0
37,100036,Earth_Relay2_Mars,0,2,1000000000.0000116,0.95603626105979456,0.01,4.1080559421806996e-10,3.1419603545495263e-09,24515984544.841774,24515.984544841773,16,8192,0,1
37,100036,Direct_Earth_to_Mars,1,1,242565313584.13882,0.95603626105979456,0.10000000000000001,6.981985681061057e-15,5.3400251882357095e-14,416669.72275537293,0.4166697227553729,16,8192,0.84137180366587616,0
37,100036,Earth_Relay0_Mars,1,1,277060025482.9696,0.95603626105979456,0.10000000000000001,5.3516611732969918e-15,4.0931057108621837e-14,319375.50135729805,0.31937550135729803,16,8192,0.87560314538502804,0
37,100036,Earth_Relay0_Mars,1,2,70225508162.838409,0.95603626105979456,0.10000000000000001,8.3300300487459158e-14,6.3710486258550269e-13,4971180.7922634063,4.9711807922634064,16,8192,0.036803609255505076,4.4463712550037288e-34
37,100036,Earth_Relay1_Mars,1,1,207590774775.44971,0.95603626105979456,0.10000000000000001,9.5327949062149081e-15,7.2909580796700443e-14,568896.47044546285,0.56889647044546288,16,8192,0.7863185529811797,0
37,100036,Earth_Relay1_Mars,1,2,72742126961.472122,0.95603626105979456,0.10000000000000001,7.7636215688578576e-14,5.9378429895792336e-13,4633160.5283126729,4.6331605283126729,16,8192,0.048217687567887135,1.1093428045168904e-44
37,100036,Earth_Relay2_Mars,0,1,243383780447.0881,0.95603626105979456,0.10000000000000001,6.9351056850313943e-15,5.3041700073375516e-14,413872.02653530787,0.41387202653530786,16,8192,0.84236980756526902,0
37,100036,Earth_Relay2_Mars,0,2,1000000000.0000116,0.95603626105979456,0.10000000000000001,4.1080559421806996e-10,3.1419603545495263e-09,24515984544.841774,24515.984544841773,16,8192,0,1
37,100036,Direct_Earth_to_Mars,1,1,242565313584.13882,0.95603626105979456,1,6.981985681061057e-15,5.3400251882357095e-14,416669.72275537293,0.4166697227553729,16,8192,0.92001054299583751,0
37,100036,Earth_Relay0_Mars,1,1,277060025482.9696,0.95603626105979456,1,5.3516611732969918e-15,4.0931057108621837e-14,319375.50135729805,0.31937550135729803,16,8192,0.93239299209987958,0
37,100036,Earth_Relay0_Mars,1,2,70225508162.838409,0.95603626105979456,1,8.3300300487459158e-14,6.3710486258550269e-13,4971180.7922634063,4.9711807922634064,16,8192,0.17156982757335515,3.8734652405993315e-168
37,100036,Earth_Relay1_Mars,1,1,207590774775.44971,0.95603626105979456,1,9.5327949062149081e-15,7.2909580796700443e-14,568896.47044546285,0.56889647044546288,16,8192,0.89871728057606781,0
37,100036,Earth_Relay1_Mars,1,2,72742126961.472122,0.95603626105979456,1,7.7636215688578576e-14,5.9378429895792336e-13,4633160.5283126729,4.6331605283126729,16,8192,0.20427003584704317,5.863793535223136e-204
37,100036,Earth_Relay2_Mars,0,1,243383780447.0881,0.95603626105979456,1,6.9351056850313943e-15,5.3041700073375516e-14,413872.02653530787,0.41387202653530786,16,8192,0.92038035694802656,0
37,100036,Earth_Relay2_Mars,0,2,1000000000.0000116,0.95603626105979456,1,4.1080559421806996e-10,3.1419603545495263e-09,24515984544.841774,24515.984544841773,16,8192,0,1
37,100036,Direct_Earth_to_Mars,1,1,242565313584.13882,0.95603626105979456,4,6.981985681061057e-15,5.3400251882357095e-14,416669.72275537293,0.4166697227553729,16,8192,0.93390866116180993,0
37,100036,Earth_Relay0_Mars,1,1,277060025482.9696,0.95603626105979456,4,5.3516611732969918e-15,4.0931057108621837e-14,319375.50135729805,0.31937550135729803,16,8192,0.9396565541725147,0
37,100036,Earth_Relay0_Mars,1,2,70225508162.838409,0.95603626105979456,4,8.3300300487459158e-14,6.3710486258550269e-13,4971180.7922634063,4.9711807922634064,16,8192,0.43185188654009132,0
37,100036,Earth_Relay1_Mars,1,1,207590774775.44971,0.95603626105979456,4,9.5327949062149081e-15,7.2909580796700443e-14,568896.47044546285,0.56889647044546288,16,8192,0.92426762317299893,0
37,100036,Earth_Relay1_Mars,1,2,72742126961.472122,0.95603626105979456,4,7.7636215688578576e-14,5.9378429895792336e-13,4633160.5283126729,4.6331605283126729,16,8192,0.47228018498211954,0
37,100036,Earth_Relay2_Mars,0,1,243383780447.0881,0.95603626105979456,4,6.9351056850313943e-15,5.3041700073375516e-14,413872.02653530787,0.41387202653530786,16,8192,0.93407844349761704,0
37,100036,Earth_Relay2_Mars,0,2,1000000000.0000116,0.95603626105979456,4,4.1080559421806996e-10,3.1419603545495263e-09,24515984544.841774,24515.984544841773,16,8192,0,1
38,100037,Direct_Earth_to_Mars,1,1,386558754180.27881,0.88063407254955606,0,2.7491935933054007e-15,1.9368268402397465e-14,151126.08538359543,0.15112608538359543,16,8192,0.85973929126672388,0
38,100037,Earth_Relay0_Mars,1,1,395591631311.28705,0.88063407254955606,0,2.6250776711042424e-15,1.8493862722107468e-14,144303.30160375845,0.14430330160375843,16,8192,0.86562516273983114,0
38,100037,Earth_Relay0_Mars,1,2,78087039145.87886,0.88063407254955606,0,6.7371844464993685e-14,4.7463953413106131e-13,3703501.6900448217,3.7035016900448214,16,8192,0.02463710374493211,6.4929229050299819e-23
38,100037,Earth_Relay1_Mars,1,1,366501174089.02563,0.88063407254955606,0,3.0583388990671043e-15,2.1546219519377519e-14,168120.13046948871,0.1681201304694887,16,8192,0.8452522880311597,0
38,100037,Earth_Relay1_Mars,1,2,77108434954.156097,0.88063407254955606,0,6.9092764869941537e-14,4.8676354328900419e-13,3798102.5085138581,3.7981025085138578,16,8192,0.022413260503476362,6.8874485857880388e-21
38,100037,Earth_Relay2_Mars,1,1,387542945371.98633,0.88063407254955606,0,2.7352478024845794e-15,1.9270019293873753e-14,150359.47048260726,0.15035947048260725,16,8192,0.86039863291664953,0
38,100037,Earth_Relay2_Mars,1,2,1000000000.0000107,0.88063407254955606,0,4.1080559421807064e-10,2.8941552276991995e-09,22582418880.590675,22582.418880590674,16,8192,0,1
38,100037,Direct_Earth_to_Mars,1,1,386558754180.27881,0.88063407254955606,0.01,2.7491935933054007e-15,1.9368268402397465e-14,151126.08538359543,0.15112608538359543,16,8192,0.87029660432785638,0
38,100037,Earth_Relay0_Mars,1,1,395591631311.28705,0.88063407254955606,0.01,2.6250776711042424e-15,1.8493862722107468e-14,144303.30160375845,0.14430330160375843,16,8192,0.87543959593648502,0
38,100037,Earth_Relay0_Mars,1,2,78087039145.87886,0.88063407254955606,0.01,6.7371844464993685e-14,4.7463953413106131e-13,3703501.6900448217,3.7035016900448214,16,8192,0.037134748588514621,2.198732345794278e-34
38,100037,Earth_Relay1_Mars,1,1,366501174089.02563,0.88063407254955606,0.01,3.0583388990671043e-15,2.1546219519377519e-14,168120.13046948871,0.1681201304694887,16,8192,0.85761442023011181,0
38,100037,Earth_Relay1_Mars,1,2,77108434954.156097,0.88063407254955606,0.01,6.9092764869941537e-14,4.8676354328900419e-13,3798102.5085138581,3.7981025085138578,16,8192,0.034081138663788368,1.4402707014633747e-31
38,100037,Earth_Relay2_Mars,1,1,387542945371.98633,0.88063407254955606,0.01,2.7352478024845794e-15,1.9270019293873753e-14,150359.47048260726,0.15035947048260725,16,8192,0.8708730022192932,0
38,100037,Earth_Relay2_Mars,1,2,1000000000.0000107,0.88063407254955606,0.01,4.1080559421807064e-10,2.8941552276991995e-09,22582418880.590675,22582.418880590674,16,8192,0,1
38,100037,Direct_Earth_to_Mars,1,1,386558754180.27881,0.88063407254955606,0.10000000000000001,2.7491935933054007e-15,1.9368268402397465e-14,151126.08538359543,0.15112608538359543,16,8192,0.93136236543908812,0
38,100037,Earth_Relay0_Mars,1,1,395591631311.28705,0.88063407254955606,0.10000000000000001,2.6250776711042424e-15,1.8493862722107468e-14,144303.30160375845,0.14430330160375843,16,8192,0.93349672166370545,0
38,100037,Earth_Relay0_Mars,1,2,78087039145.87886,0.88063407254955606,0.10000000000000001,6.7371844464993685e-14,4.7463953413106131e-13,3703501.6900448217,3.7035016900448214,16,8192,0.09960201732643803,4.8071009078682784e-94
38,100037,Earth_Relay1_Mars,1,1,366501174089.02563,0.88063407254955606,0.10000000000000001,3.0583388990671043e-15,2.1546219519377519e-14,168120.13046948871,0.1681201304694887,16,8192,0.92599594374718286,0
38,100037,Earth_Relay1_Mars,1,2,77108434954.156097,0.88063407254955606,0.10000000000000001,6.9092764869941537e-14,4.8676354328900419e-13,3798102.5085138581,3.7981025085138578,16,8192,0.092637895566880846,3.4256656956046821e-87
38,100037,Earth_Relay2_Mars,1,1,387542945371.98633,0.88063407254955606,0.10000000000000001,2.7352478024845794e-15,1.9270019293873753e-14,150359.47048260726,0.15035947048260725,16,8192,0.93160277030083916,0
38,100037,Earth_Relay2_Mars,1,2,1000000000.0000107,0.88063407254955606,0.10000000000000001,4.1080559421807064e-10,2.8941552276991995e-09,22582418880.590675,22582.418880590674,16,8192,0,1
38,100037,Direct_Earth_to_Mars,1,1,386558754180.27881,0.88063407254955606,1,2.7491935933054007e-15,1.9368268402397465e-14,151126.08538359543,0.15112608538359543,16,8192,0.9513847699996294,0
38,100037,Earth_Relay0_Mars,1,1,395591631311.28705,0.88063407254955606,1,2.6250776711042424e-15,1.8493862722107468e-14,144303.30160375845,0.14430330160375843,16,8192,0.95208788414136059,0
38,100037,Earth_Relay0_Mars,1,2,78087039145.87886,0.88063407254955606,1,6.7371844464993685e-14,4.7463953413106131e-13,3703501.6900448217,3.7035016900448214,16,8192,0.32017465998937511,0
38,100037,Earth_Relay1_Mars,1,1,366501174089.02563,0.88063407254955606,1,3.0583388990671043e-15,2.1546219519377519e-14,168120.13046948871,0.1681201304694887,16,8192,0.94961038898348826,0
38,100037,Earth_Relay1_Mars,1,2,77108434954.156097,0.88063407254955606,1,6.9092764869941537e-14,4.8676354328900419e-13,3798102.5085138581,3.7981025085138578,16,8192,0.30654477763775745,0
38,100037,Earth_Relay2_Mars,1,1,387542945371.98633,0.88063407254955606,1,2.7352478024845794e-15,1.9270019293873753e-14,150359.47048260726,0.15035947048260725,16,8192,0.9514640377783381,0
38,100037,Earth_Relay2_Mars,1,2,1000000000.0000107,0.88063407254955606,1,4.1080559421807064e-10,2.8941552276991995e-09,22582418880.590675,22582.418880590674,16,8192,0,1
38,100037,Direct_Earth_to_Mars,1,1,386558754180.27881,0.88063407254955606,4,2.7491935933054007e-15,1.9368268402397465e-14,151126.08538359543,0.15112608538359543,16,8192,0.94884013750968288,0
38,100037,Earth_Relay0_Mars,1,1,395591631311.28705,0.88063407254955606,4,2.6250776711042424e-15,1.8493862722107468e-14,144303.30160375845,0.14430330160375843,16,8192,0.9491925000145417,0
38,100037,Earth_Relay0_Mars,1,2,78087039145.87886,0.88063407254955606,4,6.7371844464993685e-14,4.7463953413106131e-13,3703501.6900448217,3.7035016900448214,16,8192,0.58908218751492014,0
38,100037,Earth_Relay1_Mars,1,1,366501174089.02563,0.88063407254955606,4,3.0583388990671043e-15,2.1546219519377519e-14,168120.13046948871,0.1681201304694887,16,8192,0.94795572710417142,0
38,100037,Earth_Relay1_Mars,1,2,77108434954.156097,0.88063407254955606,4,6.9092764869941537e-14,4.8676354328900419e-13,3798102.5085138581,3.7981025085138578,16,8192,0.57698564171297106,0
38,100037,Earth_Relay2_Mars,1,1,387542945371.98633,0.88063407254955606,4,2.7352478024845794e-15,1.9270019293873753e-14,150359.47048260726,0.15035947048260725,16,8192,0.94887980672472794,0
38,100037,Earth_Relay2_Mars,1,2,1000000000.0000107,0.88063407254955606,4,4.1080559421807064e-10,2.8941552276991995e-09,22582418880.590675,22582.418880590674,16,8192,0,1
39,100038,Direct_Earth_to_Mars,1,1,78889640090.298538,0.94462651066691095,0,6.6007973474973448e-14,4.9882305327886542e-13,3892200.0550031713,3.8922000550031712,16,8192,0.020400414596040251,4.6506937227420964e-19
39,100038,Earth_Relay0_Mars,1,1,68851028014.419556,0.94462651066691095,0,8.6659362698707907e-14,6.5488585122158974e-13,5109921.7034792686,5.1099217034792686,16,8192,0.006036555546393263,4.1172249690602363e-06
39,100038,Earth_Relay0_Mars,1,2,83887810645.109192,0.94462651066691095,0,5.8376577409049122e-14,4.4115250098069514e-13,3442210.1731171086,3.4422101731171084,16,8192,0.031993895080508095,1.1976810590571357e-29
39,100038,Earth_Relay1_Mars,1,1,132307966407.56436,0.94462651066691095,0,2.3467366740647015e-14,1.7734317407006486e-13,1383767.464901143,1.3837674649011429,16,8192,0.25063252287795557,2.3715568467864195e-257
39,100038,Earth_Relay1_Mars,1,2,79992326806.243423,0.94462651066691095,0,6.4200689114121569e-14,4.8516538352227029e-13,3785632.4402379477,3.7856324402379475,16,8192,0.022694505318749059,3.8206507948592405e-21
39,100038,Earth_Relay2_Mars,1,1,79738125546.897964,0.94462651066691095,0,6.4610678925852136e-14,4.882636814843826e-13,3809807.7373082857,3.8098077373082857,16,8192,0.022152437634919586,1.1894069829187353e-20
39,100038,Earth_Relay2_Mars,1,2,999999999.9999944,0.94462651066691095,0,4.1080559421808398e-10,3.104462840229405e-09,24223400177.820415,24223.400177820415,16,8192,0,1
39,100038,Direct_Earth_to_Mars,1,1,78889640090.298538,0.94462651066691095,0.01,6.6007973474973448e-14,4.9882305327886542e-13,3892200.0550031713,3.8922000550031712,16,8192,0.031290667279220474,5.2997438648730333e-29
39,100038,Earth_Relay0_Mars,1,1,68851028014.419556,0.94462651066691095,0.01,8.6659362698707907e-14,6.5488585122158974e-13,5109921.7034792686,5.1099217034792686,16,8192,0.010297382227161256,6.2181969032447224e-10
39,100038,Earth_Relay0_Mars,1,2,83887810645.109192,0.94462651066691095,0.01,5.8376577409049122e-14,4.4115250098069514e-13,3442210.1731171086,3.4422101731171084,16,8192,0.047048338948127544,1.3713383225600357e-43
39,100038,Earth_Relay1_Mars,1,1,132307966407.56436,0.94462651066691095,0.01,2.3467366740647015e-14,1.7734317407006486e-13,1383767.464901143,1.3837674649011429,16,8192,0.29649228056634791,1.6093112730590087e-313
39,100038,Earth_Relay1_Mars,1,2,79992326806.243423,0.94462651066691095,0.01,6.4200689114121569e-14,4.8516538352227029e-13,3785632.4402379477,3.7856324402379475,16,8192,0.034468967619821211,6.3277990634606251e-32
39,100038,Earth_Relay2_Mars,1,1,79738125546.897964,0.94462651066691095,0.01,6.4610678925852136e-14,4.882636814843826e-13,3809807.7373082857,3.8098077373082857,16,8192,0.033721029625736754,3.0901323041231567e-31
39,100038,Earth_Relay2_Mars,1,2,999999999.9999944,0.94462651066691095,0.01,4.1080559421808398e-10,3.104462840229405e-09,24223400177.820415,24223.400177820415,16,8192,0,1
39,100038,Direct_Earth_to_Mars,1,1,78889640090.298538,0.94462651066691095,0.10000000000000001,6.6007973474973448e-14,4.9882305327886542e-13,3892200.0550031713,3.8922000550031712,16,8192,0.086165703260861926,7.1869474144743194e-81
39,100038,Earth_Relay0_Mars,1,1,68851028014.419556,0.94462651066691095,0.10000000000000001,8.6659362698707907e-14,6.5488585122158974e-13,5109921.7034792686,5.1099217034792686,16,8192,0.03291340395580078,1.7102727154791381e-30
39,100038,Earth_Relay0_Mars,1,2,83887810645.109192,0.94462651066691095,0.10000000000000001,5.8376577409049122e-14,4.4115250098069514e-13,3442210.1731171086,3.4422101731171084,16,8192,0.12145819833219207,6.6904820260566867e-116
39,100038,Earth_Relay1_Mars,1,1,132307966407.56436,0.94462651066691095,0.10000000000000001,2.3467366740647015e-14,1.7734317407006486e-13,1383767.464901143,1.3837674649011429,16,8192,0.50543824114651525,0
39,100038,Earth_Relay1_Mars,1,2,79992326806.243423,0.94462651066691095,0.10000000000000001,6.4200689114121569e-14,4.8516538352227029e-13,3785632.4402379477,3.7856324402379475,16,8192,0.093529054989870186,4.5789213344336818e-88
39,100038,Earth_Relay2_Mars,1,1,79738125546.897964,0.94462651066691095,0.10000000000000001,6.4610678925852136e-14,4.882636814843826e-13,3809807.7373082857,3.8098077373082857,16,8192,0.09180864271623046,2.2245533683813343e-86
39,100038,Earth_Relay2_Mars,1,2,999999999.9999944,0.94462651066691095,0.10000000000000001,4.1080559421808398e-10,3.104462840229405e-09,24223400177.820415,24223.400177820415,16,8192,0,1
39,100038,Direct_Earth_to_Mars,1,1,78889640090.298538,0.94462651066691095,1,6.6007973474973448e-14,4.9882305327886542e-13,3892200.0550031713,3.8922000550031712,16,8192,0.29340715078551083,1.2548721064385804e-309
39,100038,Earth_Relay0_Mars,1,1,68851028014.419556,0.94462651066691095,1,8.6659362698707907e-14,6.5488585122158974e-13,5109921.7034792686,5.1099217034792686,16,8192,0.15947012342722955,3.0539468285480405e-155
39,100038,Earth_Relay0_Mars,1,2,83887810645.109192,0.94462651066691095,1,5.8376577409049122e-14,4.4115250098069514e-13,3442210.1731171086,3.4422101731171084,16,8192,0.36001160684700551,0
39,100038,Earth_Relay1_Mars,1,1,132307966407.56436,0.94462651066691095,1,2.3467366740647015e-14,1.7734317407006486e-13,1383767.464901143,1.3837674649011429,16,8192,0.75456553102639012,0
39,100038,Earth_Relay1_Mars,1,2,79992326806.243423,0.94462651066691095,1,6.4200689114121569e-14,4.8516538352227029e-13,3785632.4402379477,3.7856324402379475,16,8192,0.308317220447058,0
39,100038,Earth_Relay2_Mars,1,1,79738125546.897964,0.94462651066691095,1,6.4610678925852136e-14,4.882636814843826e-13,3809807.7373082857,3.8098077373082857,16,8192,0.30488773699369986,4.9406564584124654e-324
39,100038,Earth_Relay2_Mars,1,2,999999999.9999944,0.94462651066691095,1,4.1080559421808398e-10,3.104462840229405e-09,24223400177.820415,24223.400177820415,16,8192,0,1
39,100038,Direct_Earth_to_Mars,1,1,78889640090.298538,0.94462651066691095,4,6.6007973474973448e-14,4.9882305327886542e-13,3892200.0550031713,3.8922000550031712,16,8192,0.56497470419233453,0
39,100038,Earth_Relay0_Mars,1,1,68851028014.419556,0.94462651066691095,4,8.6659362698707907e-14,6.5488585122158974e-13,5109921.7034792686,5.1099217034792686,16,8192,0.41571441676251519,0
39,100038,Earth_Relay0_Mars,1,2,83887810645.109192,0.94462651066691095,4,5.8376577409049122e-14,4.4115250098069514e-13,3442210.1731171086,3.4422101731171084,16,8192,0.62251312332209197,0
39,100038,Earth_Relay1_Mars,1,1,132307966407.56436,0.94462651066691095,4,2.3467366740647015e-14,1.7734317407006486e-13,1383767.464901143,1.3837674649011429,16,8192,0.85944857229665106,0
39,100038,Earth_Relay1_Mars,1,2,79992326806.243423,0.94462651066691095,4,6.4200689114121569e-14,4.8516538352227029e-13,3785632.4402379477,3.7856324402379475,16,8192,0.5785791884264363,0
39,100038,Earth_Relay2_Mars,1,1,79738125546.897964,0.94462651066691095,4,6.4610678925852136e-14,4.882636814843826e-13,3809807.7373082857,3.8098077373082857,16,8192,0.57549017261584834,0
39,100038,Earth_Relay2_Mars,1,2,999999999.9999944,0.94462651066691095,4,4.1080559421808398e-10,3.104462840229405e-09,24223400177.820415,24223.400177820415,16,8192,0,1
40,100039,Direct_Earth_to_Mars,1,1,305594371376.58405,0.96637650309741963,0,4.3989157807868841e-15,3.4008070797255078e-14,265357.05228047882,0.26535705228047879,16,8192,0.76693206624013577,0
40,100039,Earth_Relay0_Mars,1,1,273011458351.98093,0.96637650309741963,0,5.5115607580450116e-15,4.2609942495748016e-14,332475.45283941895,0.33247545283941893,16,8192,0.71714627255263697,0
40,100039,Earth_Relay0_Mars,1,2,76170546903.594284,0.96637650309741963,0,7.0804718645225283e-14,5.4739213125735584e-13,4271173.253488549,4.2711732534885485,16,8192,0.013965388596843376,3.0984390125402439e-13
40,100039,Earth_Relay1_Mars,1,1,330322285701.646,0.96637650309741963,0,3.7649620155951892e-15,2.9106966615403934e-14,227114.87834568098,0.22711487834568098,16,8192,0.79682923860732546,0
40,100039,Earth_Relay1_Mars,1,2,80188281029.47226,0.96637650309741963,0,6.3887301053044566e-14,4.9391349267178649e-13,3853891.8975527352,3.8538918975527352,16,8192,0.021197078836003969,8.7879166371517578e-20
40,100039,Earth_Relay2_Mars,1,1,306494345922.47632,0.96637650309741963,0,4.3731201998264178e-15,3.3808644850663545e-14,263800.97808705398,0.26380097808705399,16,8192,0.76812639843027875,0
40,100039,Earth_Relay2_Mars,1,2,999999999.99999201,0.96637650309741963,0,4.1080559421808589e-10,3.1759429887466518e-09,24781143121.258369,24781.143121258367,16,8192,0,1
40,100039,Direct_Earth_to_Mars,1,1,305594371376.58405,0.96637650309741963,0.01,4.3989157807868841e-15,3.4008070797255078e-14,265357.05228047882,0.26535705228047879,16,8192,0.78844542928897932,0
40,100039,Earth_Relay0_Mars,1,1,273011458351.98093,0.96637650309741963,0.01,5.5115607580450116e-15,4.2609942495748016e-14,332475.45283941895,0.33247545283941893,16,8192,0.74391198365450839,0
40,100039,Earth_Relay0_Mars,1,2,76170546903.594284,0.96637650309741963,0.01,7.0804718645225283e-14,5.4739213125735584e-13,4271173.253488549,4.2711732534885485,16,8192,0.022166408734530907,1.1551077450559265e-20
40,100039,Earth_Relay1_Mars,1,1,330322285701.646,0.96637650309741963,0.01,3.7649620155951892e-15,2.9106966615403934e-14,227114.87834568098,0.22711487834568098,16,8192,0.81497315384307101,0
40,100039,Earth_Relay1_Mars,1,2,80188281029.47226,0.96637650309741963,0.01,6.3887301053044566e-14,4.9391349267178649e-13,3853891.8975527352,3.8538918975527352,16,8192,0.032398288216271554,5.0897229788931876e-30
40,100039,Earth_Relay2_Mars,1,1,306494345922.47632,0.96637650309741963,0.01,4.3731201998264178e-15,3.3808644850663545e-14,263800.97808705398,0.26380097808705399,16,8192,0.7895081880145951,0
40,100039,Earth_Relay2_Mars,1,2,999999999.99999201,0.96637650309741963,0.01,4.1080559421808589e-10,3.1759429887466518e-09,24781143121.258369,24781.143121258367,16,8192,0,1
40,100039,Direct_Earth_to_Mars,1,1,305594371376.58405,0.96637650309741963,0.10000000000000001,4.3989157807868841e-15,3.4008070797255078e-14,265357.05228047882,0.26535705228047879,16,8192,0.89407506431218975,0
40,100039,Earth_Relay0_Mars,1,1,273011458351.98093,0.96637650309741963,0.10000000000000001,5.5115607580450116e-15,4.2609942495748016e-14,332475.45283941895,0.33247545283941893,16,8192,0.87105916671596662,0
40,100039,Earth_Relay0_Mars,1,2,76170546903.594284,0.96637650309741963,0.10000000000000001,7.0804718645225283e-14,5.4739213125735584e-13,4271173.253488549,4.2711732534885485,16,8192,0.064167124711703272,1.0330315425917212e-59
40,100039,Earth_Relay1_Mars,1,1,330322285701.646,0.96637650309741963,0.10000000000000001,3.7649620155951892e-15,2.9106966615403934e-14,227114.87834568098,0.22711487834568098,16,8192,0.9068559272440061,0
40,100039,Earth_Relay1_Mars,1,2,80188281029.47226,0.96637650309741963,0.10000000000000001,6.3887301053044566e-14,4.9391349267178649e-13,3853891.8975527352,3.8538918975527352,16,8192,0.088747599512539521,2.1879009332588193e-83
40,100039,Earth_Relay2_Mars,1,1,306494345922.47632,0.96637650309741963,0.10000000000000001,4.3731201998264178e-15,3.3808644850663545e-14,263800.97808705398,0.26380097808705399,16,8192,0.89460024439402541,0
40,100039,Earth_Relay2_Mars,1,2,999999999.99999201,0.96637650309741963,0.10000000000000001,4.1080559421808589e-10,3.1759429887466518e-09,24781143121.258369,24781.143121258367,16,8192,0,1
40,100039,Direct_Earth_to_Mars,1,1,305594371376.58405,0.96637650309741963,1,4.3989157807868841e-15,3.4008070797255078e-14,265357.05228047882,0.26535705228047879,16,8192,0.93883200810887413,0
40,100039,Earth_Relay0_Mars,1,1,273011458351.98093,0.96637650309741963,1,5.5115607580450116e-15,4.2609942495748016e-14,332475.45283941895,0.33247545283941893,16,8192,0.93078397555571757,0
40,100039,Earth_Relay0_Mars,1,2,76170546903.594284,0.96637650309741963,1,7.0804718645225283e-14,5.4739213125735584e-13,4271173.253488549,4.2711732534885485,16,8192,0.24469769512679529,2.4627416512787006e-250
40,100039,Earth_Relay1_Mars,1,1,330322285701.646,0.96637650309741963,1,3.7649620155951892e-15,2.9106966615403934e-14,227114.87834568098,0.22711487834568098,16,8192,0.94319705962055378,0
40,100039,Earth_Relay1_Mars,1,2,80188281029.47226,0.96637650309741963,1,6.3887301053044566e-14,4.9391349267178649e-13,3853891.8975527352,3.8538918975527352,16,8192,0.29870513687294509,2.5383243595610864e-316
40,100039,Earth_Relay2_Mars,1,1,306494345922.47632,0.96637650309741963,1,4.3731201998264178e-15,3.3808644850663545e-14,263800.97808705398,0.26380097808705399,16,8192,0.9390127749034608,0
40,100039,Earth_Relay2_Mars,1,2,999999999.99999201,0.96637650309741963,1,4.1080559421808589e-10,3.1759429887466518e-09,24781143121.258369,24781.143121258367,16,8192,0,1
40,100039,Direct_Earth_to_Mars,1,1,305594371376.58405,0.96637650309741963,4,4.3989157807868841e-15,3.4008070797255078e-14,265357.05228047882,0.26535705228047879,16,8192,0.94270905482580936,0
40,100039,Earth_Relay0_Mars,1,1,273011458351.98093,0.96637650309741963,4,5.5115607580450116e-15,4.2609942495748016e-14,332475.45283941895,0.33247545283941893,16,8192,0.93890139587771526,0
40,100039,Earth_Relay0_Mars,1,2,76170546903.594284,0.96637650309741963,4,7.0804718645225283e-14,5.4739213125735584e-13,4271173.253488549,4.2711732534885485,16,8192,0.51702489414586306,0
40,100039,Earth_Relay1_Mars,1,1,330322285701.646,0.96637650309741963,4,3.7649620155951892e-15,2.9106966615403934e-14,227114.87834568098,0.22711487834568098,16,8192,0.9448104455153733,0
40,100039,Earth_Relay1_Mars,1,2,80188281029.47226,0.96637650309741963,4,6.3887301053044566e-14,4.9391349267178649e-13,3853891.8975527352,3.8538918975527352,16,8192,0.56986124909229363,0
40,100039,Earth_Relay2_Mars,1,1,306494345922.47632,0.96637650309741963,4,4.3731201998264178e-15,3.3808644850663545e-14,263800.97808705398,0.26380097808705399,16,8192,0.94279552341522421,0
40,100039,Earth_Relay2_Mars,1,2,999999999.99999201,0.96637650309741963,4,4.1080559421808589e-10,3.1759429887466518e-09,24781143121.258369,24781.143121258367,16,8192,0,1
41,100040,Direct_Earth_to_Mars,1,1,387741768385.41663,0.8675878381910811,0,2.7324434062367557e-15,1.8965077342371369e-14,147980.07948892994,0.14798007948892994,16,8192,0.86244829518173682,0
41,100040,Earth_Relay0_Mars,1,1,396095090004.31763,0.8675878381910811,0,2.6184086752900852e-15,1.8173596176765581e-14,141804.33637510351,0.14180433637510351,16,8192,0.86779103501519483,0
41,100040,Earth_Relay0_Mars,1,2,78038939516.000793,0.8675878381910811,0,6.7454919900660378e-14,4.6818454505573179e-13,3653134.9143537297,3.6531349143537297,16,8192,0.025909776399074214,4.4784739646001839e-24
41,100040,Earth_Relay1_Mars,1,1,368304107009.49902,0.8675878381910811,0,3.0284696487303281e-15,2.1019707484553987e-14,164011.87974324505,0.16401187974324505,16,8192,0.84873193910279598,0
41,100040,Earth_Relay1_Mars,1,2,76929198509.331467,0.8675878381910811,0,6.9415096790182817e-14,4.8178955009615495e-13,3759291.5986099602,3.75929159860996,16,8192,0.023300240452592824,1.0732316682477844e-21
41,100040,Earth_Relay2_Mars,1,1,388728138644.61151,0.8675878381910811,0,2.7185942340155894e-15,1.8868954355266587e-14,147230.05421797049,0.14723005421797047,16,8192,0.86309539583860695,0
41,100040,Earth_Relay2_Mars,1,2,1000000000.000013,0.8675878381910811,0,4.1080559421806872e-10,2.851279499235654e-09,22247869561.774776,22247.869561774776,16,8192,0,1
41,100040,Direct_Earth_to_Mars,1,1,387741768385.41663,0.8675878381910811,0.01,2.7324434062367557e-15,1.8965077342371369e-14,147980.07948892994,0.14798007948892994,16,8192,0.8726643786422994,0
41,100040,Earth_Relay0_Mars,1,1,396095090004.31763,0.8675878381910811,0.01,2.6184086752900852e-15,1.8173596176765581e-14,141804.33637510351,0.14180433637510351,16,8192,0.87733071977535926,0
41,100040,Earth_Relay0_Mars,1,2,78038939516.000793,0.8675878381910811,0.01,6.7454919900660378e-14,4.6818454505573179e-13,3653134.9143537297,3.6531349143537297,16,8192,0.038869471757708274,5.4739099676847539e-36
41,100040,Earth_Relay1_Mars,1,1,368304107009.49902,0.8675878381910811,0.01,3.0284696487303281e-15,2.1019707484553987e-14,164011.87974324505,0.16401187974324505,16,8192,0.86066365841445347,0
41,100040,Earth_Relay1_Mars,1,2,76929198509.331467,0.8675878381910811,0.01,6.9415096790182817e-14,4.8178955009615495e-13,3759291.5986099602,3.75929159860996,16,8192,0.035302610788088717,1.0788953401662516e-32
41,100040,Earth_Relay2_Mars,1,1,388728138644.61151,0.8675878381910811,0.01,2.7185942340155894e-15,1.8868954355266587e-14,147230.05421797049,0.14723005421797047,16,8192,0.87322979668447431,0
41,100040,Earth_Relay2_Mars,1,2,1000000000.000013,0.8675878381910811,0.01,4.1080559421806872e-10,2.851279499235654e-09,22247869561.774776,22247.869561774776,16,8192,0,1
41,100040,Direct_Earth_to_Mars,1,1,387741768385.41663,0.8675878381910811,0.10000000000000001,2.7324434062367557e-15,1.8965077342371369e-14,147980.07948892994,0.14798007948892994,16,8192,0.93234798802734853,0
41,100040,Earth_Relay0_Mars,1,1,396095090004.31763,0.8675878381910811,0.10000000000000001,2.6184086752900852e-15,1.8173596176765581e-14,141804.33637510351,0.14180433637510351,16,8192,0.93427549945098853,0
41,100040,Earth_Relay0_Mars,1,2,78038939516.000793,0.8675878381910811,0.10000000000000001,6.7454919900660378e-14,4.6818454505573179e-13,3653134.9143537297,3.6531349143537297,16,8192,0.10350657923422657,6.5535179491104417e-98
41,100040,Earth_Relay1_Mars,1,1,368304107009.49902,0.8675878381910811,0.10000000000000001,3.0284696487303281e-15,2.1019707484553987e-14,164011.87974324505,0.16401187974324505,16,8192,0.92729969327872785,0
41,100040,Earth_Relay1_Mars,1,2,76929198509.331467,0.8675878381910811,0.10000000000000001,6.9415096790182817e-14,4.8178955009615495e-13,3759291.5986099602,3.75929159860996,16,8192,0.095437942917344865,6.1062587951201685e-90
41,100040,Earth_Relay2_Mars,1,1,388728138644.61151,0.8675878381910811,0.10000000000000001,2.7185942340155894e-15,1.8868954355266587e-14,147230.05421797049,0.14723005421797047,16,8192,0.93258259703224866,0
41,100040,Earth_Relay2_Mars,1,2,1000000000.000013,0.8675878381910811,0.10000000000000001,4.1080559421806872e-10,2.851279499235654e-09,22247869561.774776,22247.869561774776,16,8192,0,1
41,100040,Direct_Earth_to_Mars,1,1,387741768385.41663,0.8675878381910811,1,2.7324434062367557e-15,1.8965077342371369e-14,147980.07948892994,0.14798007948892994,16,8192,0.95170963879497117,0
41,100040,Earth_Relay0_Mars,1,1,396095090004.31763,0.8675878381910811,1,2.6184086752900852e-15,1.8173596176765581e-14,141804.33637510351,0.14180433637510351,16,8192,0.95234408070510623,0
41,100040,Earth_Relay0_Mars,1,2,78038939516.000793,0.8675878381910811,1,6.7454919900660378e-14,4.6818454505573179e-13,3653134.9143537297,3.6531349143537297,16,8192,0.32760395116293062,0
41,100040,Earth_Relay1_Mars,1,1,368304107009.49902,0.8675878381910811,1,3.0284696487303281e-15,2.1019707484553987e-14,164011.87974324505,0.16401187974324505,16,8192,0.95004235255487823,0
41,100040,Earth_Relay1_Mars,1,2,76929198509.331467,0.8675878381910811,1,6.9415096790182817e-14,4.8178955009615495e-13,3759291.5986099602,3.75929159860996,16,8192,0.31208537165976691,0
41,100040,Earth_Relay2_Mars,1,1,388728138644.61151,0.8675878381910811,1,2.7185942340155894e-15,1.8868954355266587e-14,147230.05421797049,0.14723005421797047,16,8192,0.95178692243627872,0
41,100040,Earth_Relay2_Mars,1,2,1000000000.000013,0.8675878381910811,1,4.1080559421806872e-10,2.851279499235654e-09,22247869561.774776,22247.869561774776,16,8192,0,1
41,100040,Direct_Earth_to_Mars,1,1,387741768385.41663,0.8675878381910811,4,2.7324434062367557e-15,1.8965077342371369e-14,147980.07948892994,0.14798007948892994,16,8192,0.94900280574364226,0
41,100040,Earth_Relay0_Mars,1,1,396095090004.31763,0.8675878381910811,4,2.6184086752900852e-15,1.8173596176765581e-14,141804.33637510351,0.14180433637510351,16,8192,0.94932117077624056,0
41,100040,Earth_Relay0_Mars,1,2,78038939516.000793,0.8675878381910811,4,6.7454919900660378e-14,4.6818454505573179e-13,3653134.9143537297,3.6531349143537297,16,8192,0.595527530709972,0
41,100040,Earth_Relay1_Mars,1,1,368304107009.49902,0.8675878381910811,4,3.0284696487303281e-15,2.1019707484553987e-14,164011.87974324505,0.16401187974324505,16,8192,0.9481704142598002,0
41,100040,Earth_Relay1_Mars,1,2,76929198509.331467,0.8675878381910811,4,6.9415096790182817e-14,4.8178955009615495e-13,3759291.5986099602,3.75929159860996,16,8192,0.58194639169375029,0
41,100040,Earth_Relay2_Mars,1,1,388728138644.61151,0.8675878381910811,4,2.7185942340155894e-15,1.8868954355266587e-14,147230.05421797049,0.14723005421797047,16,8192,0.94904153803305635,0
41,100040,Earth_Relay2_Mars,1,2,1000000000.000013,0.8675878381910811,4,4.1080559421806872e-10,2.851279499235654e-09,22247869561.774776,22247.869561774776,16,8192,0,1
42,100041,Direct_Earth_to_Mars,1,1,371159204248.93585,0.95155891207286813,0,2.982056579253495e-15,2.2700820114353552e-14,177129.20988098113,0.17712920988098113,16,8192,0.83767154208989381,0
42,100041,Earth_Relay0_Mars,1,1,361539180360.67865,0.95155891207286813,0,3.1428641626599108e-15,2.3924963227307764e-14,186680.91335629846,0.18668091335629847,16,8192,0.82970844303331837,0
42,100041,Earth_Relay0_Mars,1,2,73121894758.695007,0.95155891207286813,0,7.6831882842342798e-14,5.8488050279975819e-13,4563686.281545707,4.5636862815457064,16,8192,0.010423563844092487,4.7891581479482902e-10
42,100041,Earth_Relay1_Mars,1,1,372430616280.59259,0.95155891207286813,0,2.9617309087715207e-15,2.254609153122572e-14,175921.89879982299,0.17592189879982298,16,8192,0.83868348296582917,0
42,100041,Earth_Relay1_Mars,1,2,72548673845.851196,0.95155891207286813,0,7.805080609434481e-14,5.9415952106836106e-13,4636088.2990106875,4.6360882990106873,16,8192,0.009695549637508627,2.1595365838056088e-09
42,100041,Earth_Relay2_Mars,1,1,372144475744.14917,0.95155891207286813,0,2.9662871880398538e-15,2.2580776076375123e-14,176192.53422384939,0.1761925342238494,16,8192,0.83845653621709271,0
42,100041,Earth_Relay2_Mars,1,2,999999999.99999726,0.95155891207286813,0,4.108055942180818e-10,3.1272457944608486e-09,24401170261.079147,24401.170261079147,16,8192,0,1
42,100041,Direct_Earth_to_Mars,1,1,371159204248.93585,0.95155891207286813,0.01,2.982056579253495e-15,2.2700820114353552e-14,177129.20988098113,0.17712920988098113,16,8192,0.85096454813536937,0
42,100041,Earth_Relay0_Mars,1,1,361539180360.67865,0.95155891207286813,0.01,3.1428641626599108e-15,2.3924963227307764e-14,186680.91335629846,0.18668091335629847,16,8192,0.84396912766473164,0
42,100041,Earth_Relay0_Mars,1,2,73121894758.695007,0.95155891207286813,0.01,7.6831882842342798e-14,5.8488050279975819e-13,4563686.281545707,4.5636862815457064,16,8192,0.016975193408509504,5.9162928423442454e-16
42,100041,Earth_Relay1_Mars,1,1,372430616280.59259,0.95155891207286813,0.01,2.9617309087715207e-15,2.254609153122572e-14,175921.89879982299,0.17592189879982298,16,8192,0.85185277117007419,0
42,100041,Earth_Relay1_Mars,1,2,72548673845.851196,0.95155891207286813,0.01,7.805080609434481e-14,5.9415952106836106e-13,4636088.2990106875,4.6360882990106873,16,8192,0.015888804364882381,5.681530740295877e-15
42,100041,Earth_Relay2_Mars,1,1,372144475744.14917,0.95155891207286813,0.01,2.9662871880398538e-15,2.2580776076375123e-14,176192.53422384939,0.1761925342238494,16,8192,0.85165358506135092,0
42,100041,Earth_Relay2_Mars,1,2,999999999.99999726,0.95155891207286813,0.01,4.108055942180818e-10,3.1272457944608486e-09,24401170261.079147,24401.170261079147,16,8192,0,1
42,100041,Direct_Earth_to_Mars,1,1,371159204248.93585,0.95155891207286813,0.10000000000000001,2.982056579253495e-15,2.2700820114353552e-14,177129.20988098113,0.17712920988098113,16,8192,0.92312293608820384,0
42,100041,Earth_Relay0_Mars,1,1,361539180360.67865,0.95155891207286813,0.10000000000000001,3.1428641626599108e-15,2.3924963227307764e-14,186680.91335629846,0.18668091335629847,16,8192,0.92005639786793136,0
42,100041,Earth_Relay0_Mars,1,2,73121894758.695007,0.95155891207286813,0.10000000000000001,7.6831882842342798e-14,5.8488050279975819e-13,4563686.281545707,4.5636862815457064,16,8192,0.050951071807298742,3.0694392086936933e-47
42,100041,Earth_Relay1_Mars,1,1,372430616280.59259,0.95155891207286813,0.10000000000000001,2.9617309087715207e-15,2.254609153122572e-14,175921.89879982299,0.17592189879982298,16,8192,0.923509050065495,0
42,100041,Earth_Relay1_Mars,1,2,72548673845.851196,0.95155891207286813,0.10000000000000001,7.805080609434481e-14,5.9415952106836106e-13,4636088.2990106875,4.6360882990106873,16,8192,0.048105632464463755,1.411804159307495e-44
42,100041,Earth_Relay2_Mars,1,1,372144475744.14917,0.95155891207286813,0.10000000000000001,2.9662871880398538e-15,2.2580776076375123e-14,176192.53422384939,0.1761925342238494,16,8192,0.92342252666998803,0
42,100041,Earth_Relay2_Mars,1,2,999999999.99999726,0.95155891207286813,0.10000000000000001,4.108055942180818e-10,3.1272457944608486e-09,24401170261.079147,24401.170261079147,16,8192,0,1
42,100041,Direct_Earth_to_Mars,1,1,371159204248.93585,0.95155891207286813,1,2.982056579253495e-15,2.2700820114353552e-14,177129.20988098113,0.17712920988098113,16,8192,0.94865641602024764,0
42,100041,Earth_Relay0_Mars,1,1,361539180360.67865,0.95155891207286813,1,3.1428641626599108e-15,2.3924963227307764e-14,186680.91335629846,0.18668091335629847,16,8192,0.94763494056835484,0
42,100041,Earth_Relay0_Mars,1,2,73121894758.695007,0.95155891207286813,1,7.6831882842342798e-14,5.8488050279975819e-13,4563686.281545707,4.5636862815457064,16,8192,0.21158287648816698,3.6006961940317551e-212
42,100041,Earth_Relay1_Mars,1,1,372430616280.59259,0.95155891207286813,1,2.9617309087715207e-15,2.254609153122572e-14,175921.89879982299,0.17592189879982298,16,8192,0.94878479259503956,0
42,100041,Earth_Relay1_Mars,1,2,72548673845.851196,0.95155891207286813,1,7.805080609434481e-14,5.9415952106836106e-13,4636088.2990106875,4.6360882990106873,16,8192,0.20396640431911139,1.2808583464742156e-203
42,100041,Earth_Relay2_Mars,1,1,372144475744.14917,0.95155891207286813,1,2.9662871880398538e-15,2.2580776076375123e-14,176192.53422384939,0.1761925342238494,16,8192,0.94875602958133121,0
42,100041,Earth_Relay2_Mars,1,2,999999999.99999726,0.95155891207286813,1,4.108055942180818e-10,3.1272457944608486e-09,24401170261.079147,24401.170261079147,16,8192,0,1
42,100041,Direct_Earth_to_Mars,1,1,371159204248.93585,0.95155891207286813,4,2.982056579253495e-15,2.2700820114353552e-14,177129.20988098113,0.17712920988098113,16,8192,0.94748295896933621,0
42,100041,Earth_Relay0_Mars,1,1,361539180360.67865,0.95155891207286813,4,3.1428641626599108e-15,2.3924963227307764e-14,186680.91335629846,0.18668091335629847,16,8192,0.94697874902059276,0
42,100041,Earth_Relay0_Mars,1,2,73121894758.695007,0.95155891207286813,4,7.6831882842342798e-14,5.8488050279975819e-13,4563686.281545707,4.5636862815457064,16,8192,0.48076408422571537,0
42,100041,Earth_Relay1_Mars,1,1,372430616280.59259,0.95155891207286813,4,2.9617309087715207e-15,2.254609153122572e-14,175921.89879982299,0.17592189879982298,16,8192,0.94754647240086765,0
42,100041,Earth_Relay1_Mars,1,2,72548673845.851196,0.95155891207286813,4,7.805080609434481e-14,5.9415952106836106e-13,4636088.2990106875,4.6360882990106873,16,8192,0.47192386265685704,0
42,100041,Earth_Relay2_Mars,1,1,372144475744.14917,0.95155891207286813,4,2.9662871880398538e-15,2.2580776076375123e-14,176192.53422384939,0.1761925342238494,16,8192,0.94753223923094865,0
42,100041,Earth_Relay2_Mars,1,2,999999999.99999726,0.95155891207286813,4,4.108055942180818e-10,3.1272457944608486e-09,24401170261.079147,24401.170261079147,16,8192,0,1
43,100042,Direct_Earth_to_Mars,1,1,391188283410.6828,0.86188640640148229,0,2.6845078099341395e-15,1.8509926314086789e-14,144428.6420690286,0.14442864206902858,16,8192,0.86551667167848589,0
43,100042,Earth_Relay0_Mars,1,1,391878423508.20593,0.86188640640148229,0,2.6750607213448201e-15,1.8444787776205151e-14,143920.38123573468,0.14392038123573467,16,8192,0.86595669171626599,0
43,100042,Earth_Relay0_Mars,1,2,76348657544.591522,0.86188640640148229,0,7.0474749152608574e-14,4.8592982631350175e-13,3791597.2092166869,3.7915972092166865,16,8192,0.022559540753813612,5.069424355661232e-21
43,100042,Earth_Relay1_Mars,0,1,379906760079.26953,0.86188640640148229,0,2.8463107043582961e-15,1.9625572035851547e-14,153133.76568164819,0.15313376568164819,16,8192,0.85801494118123889,0
43,100042,Earth_Relay1_Mars,0,2,74339360791.664474,0.86188640640148229,0,7.4335917148312627e-14,5.1255293198013991e-13,3999331.0993384705,3.9993310993384705,16,8192,0.01832789433008275,3.5260698516647434e-17
43,100042,Earth_Relay2_Mars,1,1,392188113060.3573,0.86188640640148229,0,2.6708376903915009e-15,1.8415669592425325e-14,143693.17883246872,0.14369317883246871,16,8192,0.86615346151018668,0
43,100042,Earth_Relay2_Mars,1,2,999999999.99998844,0.86188640640148229,0,4.1080559421808894e-10,2.832542058642034e-09,22101665678.795181,22101.66567879518,16,8192,0,1
43,100042,Direct_Earth_to_Mars,1,1,391188283410.6828,0.86188640640148229,0.01,2.6845078099341395e-15,1.8509926314086789e-14,144428.6420690286,0.14442864206902858,16,8192,0.87534484779317712,0
43,100042,Earth_Relay0_Mars,1,1,391878423508.20593,0.86188640640148229,0.01,2.6750607213448201e-15,1.8444787776205151e-14,143920.38123573468,0.14392038123573467,16,8192,0.87572911748502325,0
43,100042,Earth_Relay0_Mars,1,2,76348657544.591522,0.86188640640148229,0.01,7.0474749152608574e-14,4.8592982631350175e-13,3791597.2092166869,3.7915972092166865,16,8192,0.034282916414624776,9.3891053113636334e-32
43,100042,Earth_Relay1_Mars,0,1,379906760079.26953,0.86188640640148229,0.01,2.8463107043582961e-15,1.9625572035851547e-14,153133.76568164819,0.15313376568164819,16,8192,0.86878884545288937,0
43,100042,Earth_Relay1_Mars,0,2,74339360791.664474,0.86188640640148229,0.01,7.4335917148312627e-14,5.1255293198013991e-13,3999331.0993384705,3.9993310993384705,16,8192,0.028388325321906271,2.4271682739254106e-26
43,100042,Earth_Relay2_Mars,1,1,392188113060.3573,0.86188640640148229,0.01,2.6708376903915009e-15,1.8415669592425325e-14,143693.17883246872,0.14369317883246871,16,8192,0.87590094669925067,0
43,100042,Earth_Relay2_Mars,1,2,999999999.99998844,0.86188640640148229,0.01,4.1080559421808894e-10,2.832542058642034e-09,22101665678.795181,22101.66567879518,16,8192,0,1
43,100042,Direct_Earth_to_Mars,1,1,391188283410.6828,0.86188640640148229,0.10000000000000001,2.6845078099341395e-15,1.8509926314086789e-14,144428.6420690286,0.14442864206902858,16,8192,0.9334576183565062,0
43,100042,Earth_Relay0_Mars,1,1,391878423508.20593,0.86188640640148229,0.10000000000000001,2.6750607213448201e-15,1.8444787776205151e-14,143920.38123573468,0.14392038123573467,16,8192,0.933616158993125,0
43,100042,Earth_Relay0_Mars,1,2,76348657544.591522,0.86188640640148229,0.10000000000000001,7.0474749152608574e-14,4.8592982631350175e-13,3791597.2092166869,3.7915972092166865,16,8192,0.093101791717287719,1.2019817440243535e-87
43,100042,Earth_Relay1_Mars,0,1,379906760079.26953,0.86188640640148229,0.10000000000000001,2.8463107043582961e-15,1.9625572035851547e-14,153133.76568164819,0.15313376568164819,16,8192,0.93073207421883986,0
43,100042,Earth_Relay1_Mars,0,2,74339360791.664474,0.86188640640148229,0.10000000000000001,7.4335917148312627e-14,5.1255293198013991e-13,3999331.0993384705,3.9993310993384705,16,8192,0.079315287359838171,3.1563766079768134e-74
43,100042,Earth_Relay2_Mars,1,1,392188113060.3573,0.86188640640148229,0.10000000000000001,2.6708376903915009e-15,1.8415669592425325e-14,143693.17883246872,0.14369317883246871,16,8192,0.93368700831692564,0
43,100042,Earth_Relay2_Mars,1,2,999999999.99998844,0.86188640640148229,0.10000000000000001,4.1080559421808894e-10,2.832542058642034e-09,22101665678.795181,22101.66567879518,16,8192,0,1
43,100042,Direct_Earth_to_Mars,1,1,391188283410.6828,0.86188640640148229,1,2.6845078099341395e-15,1.8509926314086789e-14,144428.6420690286,0.14442864206902858,16,8192,0.95207501529276539,0
43,100042,Earth_Relay0_Mars,1,1,391878423508.20593,0.86188640640148229,1,2.6750607213448201e-15,1.8444787776205151e-14,143920.38123573468,0.14392038123573467,16,8192,0.95212718788421746,0
43,100042,Earth_Relay0_Mars,1,2,76348657544.591522,0.86188640640148229,1,7.0474749152608574e-14,4.8592982631350175e-13,3791597.2092166869,3.7915972092166865,16,8192,0.30746849583987468,0
43,100042,Earth_Relay1_Mars,0,1,379906760079.26953,0.86188640640148229,1,2.8463107043582961e-15,1.9625572035851547e-14,153133.76568164819,0.15313376568164819,16,8192,0.95117685852138423,0
43,100042,Earth_Relay1_Mars,0,2,74339360791.664474,0.86188640640148229,1,7.4335917148312627e-14,5.1255293198013991e-13,3999331.0993384705,3.9993310993384705,16,8192,0.27895817319215999,1.2677065959531076e-291
43,100042,Earth_Relay2_Mars,1,1,392188113060.3573,0.86188640640148229,1,2.6708376903915009e-15,1.8415669592425325e-14,143693.17883246872,0.14369317883246871,16,8192,0.95215050048468952,0
43,100042,Earth_Relay2_Mars,1,2,999999999.99998844,0.86188640640148229,1,4.1080559421808894e-10,2.832542058642034e-09,22101665678.795181,22101.66567879518,16,8192,0,1
43,100042,Direct_Earth_to_Mars,1,1,391188283410.6828,0.86188640640148229,4,2.6845078099341395e-15,1.8509926314086789e-14,144428.6420690286,0.14442864206902858,16,8192,0.94918604080157465,0
43,100042,Earth_Relay0_Mars,1,1,391878423508.20593,0.86188640640148229,4,2.6750607213448201e-15,1.8444787776205151e-14,143920.38123573468,0.14392038123573467,16,8192,0.94921222993753107,0
43,100042,Earth_Relay0_Mars,1,2,76348657544.591522,0.86188640640148229,4,7.0474749152608574e-14,4.8592982631350175e-13,3791597.2092166869,3.7915972092166865,16,8192,0.57781690720920698,0
43,100042,Earth_Relay1_Mars,0,1,379906760079.26953,0.86188640640148229,4,2.8463107043582961e-15,1.9625572035851547e-14,153133.76568164819,0.15313376568164819,16,8192,0.94873615528794297,0
43,100042,Earth_Relay1_Mars,0,2,74339360791.664474,0.86188640640148229,4,7.4335917148312627e-14,5.1255293198013991e-13,3999331.0993384705,3.9993310993384705,16,8192,0.55133932986267276,0
43,100042,Earth_Relay2_Mars,1,1,392188113060.3573,0.86188640640148229,4,2.6708376903915009e-15,1.8415669592425325e-14,143693.17883246872,0.14369317883246871,16,8192,0.94922393420253592,0
43,100042,Earth_Relay2_Mars,1,2,999999999.99998844,0.86188640640148229,4,4.1080559421808894e-10,2.832542058642034e-09,22101665678.795181,22101.66567879518,16,8192,0,1
44,100043,Direct_Earth_to_Mars,1,1,384648383618.77106,0.97089268348165925,0,2.7765693515638866e-15,2.1566006948902342e-14,168274.52717144272,0.1682745271714427,16,8192,0.8451217939397565,0
44,100043,Earth_Relay0_Mars,1,1,394646784561.26532,0.97089268348165925,0,2.6376624193581543e-15,2.0487097155594914e-14,159856.04544881271,0.15985604544881271,16,8192,0.85226646777277348,0
44,100043,Earth_Relay0_Mars,1,2,78125016850.560822,0.97089268348165925,0,6.7306359522449437e-14,5.2277801609705819e-13,4079115.0481770025,4.0791150481770027,16,8192,0.016922434567664402,6.6036534226604e-16
44,100043,Earth_Relay1_Mars,1,1,363739085954.19446,0.97089268348165925,0,3.1049628391148209e-15,2.4116685623832163e-14,188176.87854353778,0.18817687854353776,16,8192,0.82846815603137491,0
44,100043,Earth_Relay1_Mars,1,2,77340248512.64949,0.97089268348165925,0,6.8679199191211922e-14,5.3344105601701719e-13,4162316.264099482,4.1623162640994815,16,8192,0.015571448529479004,1.0996230729818416e-14
44,100043,Earth_Relay2_Mars,1,1,385629237212.0882,0.97089268348165925,0,2.7624628251438028e-15,2.1456439562577541e-14,167419.59838602124,0.16741959838602125,16,8192,0.84584462182774045,0
44,100043,Earth_Relay2_Mars,1,2,1000000000.0000021,0.97089268348165925,0,4.1080559421807767e-10,3.1907851660773367e-09,24896953172.62455,24896.953172624548,16,8192,0,1
44,100043,Direct_Earth_to_Mars,1,1,384648383618.77106,0.97089268348165925,0.01,2.7765693515638866e-15,2.1566006948902342e-14,168274.52717144272,0.1682745271714427,16,8192,0.85750002929826352,0
44,100043,Earth_Relay0_Mars,1,1,394646784561.26532,0.97089268348165925,0.01,2.6376624193581543e-15,2.0487097155594914e-14,159856.04544881271,0.15985604544881271,16,8192,0.86375898094445236,0
44,100043,Earth_Relay0_Mars,1,2,78125016850.560822,0.97089268348165925,0.01,6.7306359522449437e-14,5.2277801609705819e-13,4079115.0481770025,4.0791150481770027,16,8192,0.026401640204120391,1.5918390714456804e-24
44,100043,Earth_Relay1_Mars,1,1,363739085954.19446,0.97089268348165925,0.01,3.1049628391148209e-15,2.4116685623832163e-14,188176.87854353778,0.18817687854353776,16,8192,0.84287861877157577,0
44,100043,Earth_Relay1_Mars,1,2,77340248512.64949,0.97089268348165925,0.01,6.8679199191211922e-14,5.3344105601701719e-13,4162316.264099482,4.1623162640994815,16,8192,0.024476530321160594,9.0961031190279604e-23
44,100043,Earth_Relay2_Mars,1,1,385629237212.0882,0.97089268348165925,0.01,2.7624628251438028e-15,2.1456439562577541e-14,167419.59838602124,0.16741959838602125,16,8192,0.85813362441214647,0
44,100043,Earth_Relay2_Mars,1,2,1000000000.0000021,0.97089268348165925,0.01,4.1080559421807767e-10,3.1907851660773367e-09,24896953172.62455,24896.953172624548,16,8192,0,1
44,100043,Direct_Earth_to_Mars,1,1,384648383618.77106,0.97089268348165925,0.10000000000000001,2.7765693515638866e-15,2.1566006948902342e-14,168274.52717144272,0.1682745271714427,16,8192,0.92594686749436483,0
44,100043,Earth_Relay0_Mars,1,1,394646784561.26532,0.97089268348165925,0.10000000000000001,2.6376624193581543e-15,2.0487097155594914e-14,159856.04544881271,0.15985604544881271,16,8192,0.9286144055975003,0
44,100043,Earth_Relay0_Mars,1,2,78125016850.560822,0.97089268348165925,0.10000000000000001,6.7306359522449437e-14,5.2277801609705819e-13,4079115.0481770025,4.0791150481770027,16,8192,0.074550730954401012,1.2307194955480408e-69
44,100043,Earth_Relay1_Mars,1,1,363739085954.19446,0.97089268348165925,0.10000000000000001,3.1049628391148209e-15,2.4116685623832163e-14,188176.87854353778,0.18817687854353776,16,8192,0.91957425434990625,0
44,100043,Earth_Relay1_Mars,1,2,77340248512.64949,0.97089268348165925,0.10000000000000001,6.8679199191211922e-14,5.3344105601701719e-13,4162316.264099482,4.1623162640994815,16,8192,0.069870919984601598,3.7715498561590085e-65
44,100043,Earth_Relay2_Mars,1,1,385629237212.0882,0.97089268348165925,0.10000000000000001,2.7624628251438028e-15,2.1456439562577541e-14,167419.59838602124,0.16741959838602125,16,8192,0.92621854231584044,0
44,100043,Earth_Relay2_Mars,1,2,1000000000.0000021,0.97089268348165925,0.10000000000000001,4.1080559421807767e-10,3.1907851660773367e-09,24896953172.62455,24896.953172624548,16,8192,0,1
44,100043,Direct_Earth_to_Mars,1,1,384648383618.77106,0.97089268348165925,1,2.7765693515638866e-15,2.1566006948902342e-14,168274.52717144272,0.1682745271714427,16,8192,0.94959411748348888,0
44,100043,Earth_Relay0_Mars,1,1,394646784561.26532,0.97089268348165925,1,2.6376624193581543e-15,2.0487097155594914e-14,159856.04544881271,0.15985604544881271,16,8192,0.95047736606167466,0
44,100043,Earth_Relay0_Mars,1,2,78125016850.560822,0.97089268348165925,1,6.7306359522449437e-14,5.2277801609705819e-13,4079115.0481770025,4.0791150481770027,16,8192,0.26854741738613996,7.1333222003675264e-279
44,100043,Earth_Relay1_Mars,1,1,363739085954.19446,0.97089268348165925,1,3.1049628391148209e-15,2.4116685623832163e-14,188176.87854353778,0.18817687854353776,16,8192,0.94747402507450462,0
44,100043,Earth_Relay1_Mars,1,2,77340248512.64949,0.97089268348165925,1,6.8679199191211922e-14,5.3344105601701719e-13,4162316.264099482,4.1623162640994815,16,8192,0.25800658935860599,3.7957649820896602e-266
44,100043,Earth_Relay2_Mars,1,1,385629237212.0882,0.97089268348165925,1,2.7624628251438028e-15,2.1456439562577541e-14,167419.59838602124,0.16741959838602125,16,8192,0.94968418236476249,0
44,100043,Earth_Relay2_Mars,1,2,1000000000.0000021,0.97089268348165925,1,4.1080559421807767e-10,3.1907851660773367e-09,24896953172.62455,24896.953172624548,16,8192,0,1
44,100043,Direct_Earth_to_Mars,1,1,384648383618.77106,0.97089268348165925,4,2.7765693515638866e-15,2.1566006948902342e-14,168274.52717144272,0.1682745271714427,16,8192,0.94794764771074602,0
44,100043,Earth_Relay0_Mars,1,1,394646784561.26532,0.97089268348165925,4,2.6376624193581543e-15,2.0487097155594914e-14,159856.04544881271,0.15985604544881271,16,8192,0.94838701426928007,0
44,100043,Earth_Relay0_Mars,1,2,78125016850.560822,0.97089268348165925,4,6.7306359522449437e-14,5.2277801609705819e-13,4079115.0481770025,4.0791150481770027,16,8192,0.54122028336466843,0
44,100043,Earth_Relay1_Mars,1,1,363739085954.19446,0.97089268348165925,4,3.1049628391148209e-15,2.4116685623832163e-14,188176.87854353778,0.18817687854353776,16,8192,0.94689950407778478,0
44,100043,Earth_Relay1_Mars,1,2,77340248512.64949,0.97089268348165925,4,6.8679199191211922e-14,5.3344105601701719e-13,4162316.264099482,4.1623162640994815,16,8192,0.53070747242894245,0
44,100043,Earth_Relay2_Mars,1,1,385629237212.0882,0.97089268348165925,4,2.7624628251438028e-15,2.1456439562577541e-14,167419.59838602124,0.16741959838602125,16,8192,0.9479923750940743,0
44,100043,Earth_Relay2_Mars,1,2,1000000000.0000021,0.97089268348165925,4,4.1080559421807767e-10,3.1907851660773367e-09,24896953172.62455,24896.953172624548,16,8192,0,1
45,100044,Direct_Earth_to_Mars,1,1,253514739037.56833,0.93264203552072855,0,6.3918992586588857e-15,4.7690831483512481e-14,372120.44572347123,0.37212044572347119,16,8192,0.68927121775384337,0
45,100044,Earth_Relay0_Mars,1,1,287055592724.57782,0.93264203552072855,0,4.9854495259095194e-15,3.719711835064085e-14,290240.44726614864,0.29024044726614862,16,8192,0.74808367127803588,0
45,100044,Earth_Relay0_Mars,1,2,70701315555.081711,0.93264203552072855,0,8.2182880521606388e-14,6.1317767179702256e-13,4784482.4977663187,4.7844824977663185,16,8192,0.0083584481444886061,3.4234109254377142e-08
45,100044,Earth_Relay1_Mars,1,1,218865997609.71689,0.93264203552072855,0,8.5759009608095727e-15,6.3985965828108895e-14,499267.58211867965,0.49926758211867961,16,8192,0.60697505633552673,0
45,100044,Earth_Relay1_Mars,1,2,73348911534.375244,0.93264203552072855,0,7.6357025505477508e-14,5.6971017354989393e-13,4445315.7372161755,4.4453157372161751,16,8192,0.011733400774732394,3.1782853176271095e-11
45,100044,Earth_Relay2_Mars,1,1,254342150076.84097,0.93264203552072855,0,6.3503793964081047e-15,4.7381046132759608e-14,369703.26281399286,0.36970326281399285,16,8192,0.6909393276125152,0
45,100044,Earth_Relay2_Mars,1,2,1000000000.0000027,0.93264203552072855,0,4.1080559421807725e-10,3.0650765247588004e-09,23916077935.5275,23916.077935527501,16,8192,0,1
45,100044,Direct_Earth_to_Mars,1,1,253514739037.56833,0.93264203552072855,0.01,6.3918992586588857e-15,4.7690831483512481e-14,372120.44572347123,0.37212044572347119,16,8192,0.71877230730782637,0
45,100044,Earth_Relay0_Mars,1,1,287055592724.57782,0.93264203552072855,0.01,4.9854495259095194e-15,3.719711835064085e-14,290240.44726614864,0.29024044726614862,16,8192,0.77163936831432978,0
45,100044,Earth_Relay0_Mars,1,2,70701315555.081711,0.93264203552072855,0.01,8.2182880521606388e-14,6.1317767179702256e-13,4784482.4977663187,4.7844824977663185,16,8192,0.01387300082837728,3.7538403864085107e-13
45,100044,Earth_Relay1_Mars,1,1,218865997609.71689,0.93264203552072855,0.01,8.5759009608095727e-15,6.3985965828108895e-14,499267.58211867965,0.49926758211867961,16,8192,0.64362213612709263,0
45,100044,Earth_Relay1_Mars,1,2,73348911534.375244,0.93264203552072855,0.01,7.6357025505477508e-14,5.6971017354989393e-13,4445315.7372161755,4.4453157372161751,16,8192,0.018912121208737642,1.041837240675505e-17
45,100044,Earth_Relay2_Mars,1,1,254342150076.84097,0.93264203552072855,0.01,6.3503793964081047e-15,4.7381046132759608e-14,369703.26281399286,0.36970326281399285,16,8192,0.72028102299934305,0
45,100044,Earth_Relay2_Mars,1,2,1000000000.0000027,0.93264203552072855,0.01,4.1080559421807725e-10,3.0650765247588004e-09,23916077935.5275,23916.077935527501,16,8192,0,1
45,100044,Direct_Earth_to_Mars,1,1,253514739037.56833,0.93264203552072855,0.10000000000000001,6.3918992586588857e-15,4.7690831483512481e-14,372120.44572347123,0.37212044572347119,16,8192,0.85717585222966475,0
45,100044,Earth_Relay0_Mars,1,1,287055592724.57782,0.93264203552072855,0.10000000000000001,4.9854495259095194e-15,3.719711835064085e-14,290240.44726614864,0.29024044726614862,16,8192,0.88562216765746538,0
45,100044,Earth_Relay0_Mars,1,2,70701315555.081711,0.93264203552072855,0.10000000000000001,8.2182880521606388e-14,6.1317767179702256e-13,4784482.4977663187,4.7844824977663185,16,8192,0.042741383445777714,1.405963778098015e-39
45,100044,Earth_Relay1_Mars,1,1,218865997609.71689,0.93264203552072855,0.10000000000000001,8.5759009608095727e-15,6.3985965828108895e-14,499267.58211867965,0.49926758211867961,16,8192,0.81164668488339253,0
45,100044,Earth_Relay1_Mars,1,2,73348911534.375244,0.93264203552072855,0.10000000000000001,7.6357025505477508e-14,5.6971017354989393e-13,4445315.7372161755,4.4453157372161751,16,8192,0.055952173451024656,6.1334562139201222e-52
45,100044,Earth_Relay2_Mars,1,1,254342150076.84097,0.93264203552072855,0.10000000000000001,6.3503793964081047e-15,4.7381046132759608e-14,369703.26281399286,0.36970326281399285,16,8192,0.85802757743153812,0
45,100044,Earth_Relay2_Mars,1,2,1000000000.0000027,0.93264203552072855,0.10000000000000001,4.1080559421807725e-10,3.0650765247588004e-09,23916077935.5275,23916.077935527501,16,8192,0,1
45,100044,Direct_Earth_to_Mars,1,1,253514739037.56833,0.93264203552072855,1,6.3918992586588857e-15,4.7690831483512481e-14,372120.44572347123,0.37212044572347119,16,8192,0.92580339805247025,0
45,100044,Earth_Relay0_Mars,1,1,287055592724.57782,0.93264203552072855,1,4.9854495259095194e-15,3.719711835064085e-14,290240.44726614864,0.29024044726614862,16,8192,0.93590530485915036,0
45,100044,Earth_Relay0_Mars,1,2,70701315555.081711,0.93264203552072855,1,8.2182880521606388e-14,6.1317767179702256e-13,4784482.4977663187,4.7844824977663185,16,8192,0.18905057342352183,4.1614349529616888e-187
45,100044,Earth_Relay1_Mars,1,1,218865997609.71689,0.93264203552072855,1,8.5759009608095727e-15,6.3985965828108895e-14,499267.58211867965,0.49926758211867961,16,8192,0.90873728517636054,0
45,100044,Earth_Relay1_Mars,1,2,73348911534.375244,0.93264203552072855,1,7.6357025505477508e-14,5.6971017354989393e-13,4445315.7372161755,4.4453157372161751,16,8192,0.22452548600128919,6.8281014047564241e-227
45,100044,Earth_Relay2_Mars,1,1,254342150076.84097,0.93264203552072855,1,6.3503793964081047e-15,4.7381046132759608e-14,369703.26281399286,0.36970326281399285,16,8192,0.92611181107260077,0
45,100044,Earth_Relay2_Mars,1,2,1000000000.0000027,0.93264203552072855,1,4.1080559421807725e-10,3.0650765247588004e-09,23916077935.5275,23916.077935527501,16,8192,0,1
45,100044,Direct_Earth_to_Mars,1,1,253514739037.56833,0.93264203552072855,4,6.3918992586588857e-15,4.7690831483512481e-14,372120.44572347123,0.37212044572347119,16,8192,0.93658050088400313,0
45,100044,Earth_Relay0_Mars,1,1,287055592724.57782,0.93264203552072855,4,4.9854495259095194e-15,3.719711835064085e-14,290240.44726614864,0.29024044726614862,16,8192,0.94131520416415149,0
45,100044,Earth_Relay0_Mars,1,2,70701315555.081711,0.93264203552072855,4,8.2182880521606388e-14,6.1317767179702256e-13,4784482.4977663187,4.7844824977663185,16,8192,0.45399859660665742,0
45,100044,Earth_Relay1_Mars,1,1,218865997609.71689,0.93264203552072855,4,8.5759009608095727e-15,6.3985965828108895e-14,499267.58211867965,0.49926758211867961,16,8192,0.92877570363148565,0
45,100044,Earth_Relay1_Mars,1,2,73348911534.375244,0.93264203552072855,4,7.6357025505477508e-14,5.6971017354989393e-13,4445315.7372161755,4.4453157372161751,16,8192,0.49533876209178496,0
45,100044,Earth_Relay2_Mars,1,1,254342150076.84097,0.93264203552072855,4,6.3503793964081047e-15,4.7381046132759608e-14,369703.26281399286,0.36970326281399285,16,8192,0.9367235377783083,0
45,100044,Earth_Relay2_Mars,1,2,1000000000.0000027,0.93264203552072855,4,4.1080559421807725e-10,3.0650765247588004e-09,23916077935.5275,23916.077935527501,16,8192,0,1
46,100045,Direct_Earth_to_Mars,1,1,391048018193.24646,0.94954605448895035,0,2.6864339703306316e-15,2.0407142217380299e-14,159232.17569605948,0.15923217569605946,16,8192,0.85279833693459306,0
46,100045,Earth_Relay0_Mars,1,1,391559330178.48566,0.94954605448895035,0,2.6794224707734726e-15,2.0353880283455888e-14,158816.58523610077,0.15881658523610076,16,8192,0.85315282544361082,0
46,100045,Earth_Relay0_Mars,1,2,76289127262.566986,0.94954605448895035,0,7.0584778424747689e-14,5.3618798288156772e-13,4183749.894367801,4.1837498943678009,16,8192,0.015241247206614683,2.1854054631410288e-14
46,100045,Earth_Relay1_Mars,1,1,379979000354.87335,0.94954605448895035,0,2.8452285460083218e-15,2.1613404319852279e-14,168644.35781300135,0.16864435781300133,16,8192,0.84480929979302566,0
46,100045,Earth_Relay1_Mars,1,2,74277204391.177719,0.94954605448895035,0,7.4460380267534653e-14,5.6562848239027546e-13,4413467.2521641199,4.4134672521641196,16,8192,0.012113106240964622,1.4467522141783767e-11
46,100045,Earth_Relay2_Mars,1,1,392047896918.67035,0.94954605448895035,0,2.672748485108435e-15,2.0303182229408268e-14,158421.0001334163,0.15842100013341628,16,8192,0.85349038675438038,0
46,100045,Earth_Relay2_Mars,1,2,1000000000.0000002,0.94954605448895035,0,4.1080559421807932e-10,3.120630649214128e-09,24349553824.100349,24349.553824100349,16,8192,0,1
46,100045,Direct_Earth_to_Mars,1,1,391048018193.24646,0.94954605448895035,0.01,2.6864339703306316e-15,2.0407142217380299e-14,159232.17569605948,0.15923217569605946,16,8192,0.86422458478978159,0
46,100045,Earth_Relay0_Mars,1,1,391559330178.48566,0.94954605448895035,0.01,2.6794224707734726e-15,2.0353880283455888e-14,158816.58523610077,0.15881658523610076,16,8192,0.8645348824565513,0
46,100045,Earth_Relay0_Mars,1,2,76289127262.566986,0.94954605448895035,0.01,7.0584778424747689e-14,5.3618798288156772e-13,4183749.894367801,4.1837498943678009,16,8192,0.024003556852284058,2.4546252255469617e-22
46,100045,Earth_Relay1_Mars,1,1,379979000354.87335,0.94954605448895035,0.01,2.8452285460083218e-15,2.1613404319852279e-14,168644.35781300135,0.16864435781300133,16,8192,0.85722608613537721,0
46,100045,Earth_Relay1_Mars,1,2,74277204391.177719,0.94954605448895035,0.01,7.4460380267534653e-14,5.6562848239027546e-13,4413467.2521641199,4.4134672521641196,16,8192,0.019469663638265966,3.2523638737483087e-18
46,100045,Earth_Relay2_Mars,1,1,392047896918.67035,0.94954605448895035,0.01,2.672748485108435e-15,2.0303182229408268e-14,158421.0001334163,0.15842100013341628,16,8192,0.86483034428736039,0
46,100045,Earth_Relay2_Mars,1,2,1000000000.0000002,0.94954605448895035,0.01,4.1080559421807932e-10,3.120630649214128e-09,24349553824.100349,24349.553824100349,16,8192,0,1
46,100045,Direct_Earth_to_Mars,1,1,391048018193.24646,0.94954605448895035,0.10000000000000001,2.6864339703306316e-15,2.0407142217380299e-14,159232.17569605948,0.15923217569605946,16,8192,0.92881140634303849,0
46,100045,Earth_Relay0_Mars,1,1,391559330178.48566,0.94954605448895035,0.10000000000000001,2.6794224707734726e-15,2.0353880283455888e-14,158816.58523610077,0.15881658523610076,16,8192,0.92894258546363495,0
46,100045,Earth_Relay0_Mars,1,2,76289127262.566986,0.94954605448895035,0.10000000000000001,7.0584778424747689e-14,5.3618798288156772e-13,4183749.894367801,4.1837498943678009,16,8192,0.068711180531533356,4.8398160622795175e-64
46,100045,Earth_Relay1_Mars,1,1,379979000354.87335,0.94954605448895035,0.10000000000000001,2.8452285460083218e-15,2.1613404319852279e-14,168644.35781300135,0.16864435781300133,16,8192,0.92582929076040166,0
46,100045,Earth_Relay1_Mars,1,2,74277204391.177719,0.94954605448895035,0.10000000000000001,7.4460380267534653e-14,5.6562848239027546e-13,4413467.2521641199,4.4134672521641196,16,8192,0.057375643077503646,2.7897840327407758e-53
46,100045,Earth_Relay2_Mars,1,1,392047896918.67035,0.94954605448895035,0.10000000000000001,2.672748485108435e-15,2.0303182229408268e-14,158421.0001334163,0.15842100013341628,16,8192,0.92906741070584908,0
46,100045,Earth_Relay2_Mars,1,2,1000000000.0000002,0.94954605448895035,0.10000000000000001,4.1080559421807932e-10,3.120630649214128e-09,24349553824.100349,24349.553824100349,16,8192,0,1
46,100045,Direct_Earth_to_Mars,1,1,391048018193.24646,0.94954605448895035,1,2.6864339703306316e-15,2.0407142217380299e-14,159232.17569605948,0.15923217569605946,16,8192,0.95054250012942787,0
46,100045,Earth_Relay0_Mars,1,1,391559330178.48566,0.94954605448895035,1,2.6794224707734726e-15,2.0353880283455888e-14,158816.58523610077,0.15881658523610076,16,8192,0.95058586454855365,0
46,100045,Earth_Relay0_Mars,1,2,76289127262.566986,0.94954605448895035,1,7.0584778424747689e-14,5.3618798288156772e-13,4183749.894367801,4.1837498943678009,16,8192,0.25534305842080018,5.8396148739717159e-263
46,100045,Earth_Relay1_Mars,1,1,379979000354.87335,0.94954605448895035,1,2.8452285460083218e-15,2.1613404319852279e-14,168644.35781300135,0.16864435781300133,16,8192,0.94955513090202082,0
46,100045,Earth_Relay1_Mars,1,2,74277204391.177719,0.94954605448895035,1,7.4460380267534653e-14,5.6562848239027546e-13,4413467.2521641199,4.4134672521641196,16,8192,0.22811318510894796,5.1264759645047787e-231
46,100045,Earth_Relay2_Mars,1,1,392047896918.67035,0.94954605448895035,1,2.672748485108435e-15,2.0303182229408268e-14,158421.0001334163,0.15842100013341628,16,8192,0.95062712325001963,0
46,100045,Earth_Relay2_Mars,1,2,1000000000.0000002,0.94954605448895035,1,4.1080559421807932e-10,3.120630649214128e-09,24349553824.100349,24349.553824100349,16,8192,0,1
46,100045,Direct_Earth_to_Mars,1,1,391048018193.24646,0.94954605448895035,4,2.6864339703306316e-15,2.0407142217380299e-14,159232.17569605948,0.15923217569605946,16,8192,0.94841948025288081,0
46,100045,Earth_Relay0_Mars,1,1,391559330178.48566,0.94954605448895035,4,2.6794224707734726e-15,2.0353880283455888e-14,158816.58523610077,0.15881658523610076,16,8192,0.94844110023586148,0
46,100045,Earth_Relay0_Mars,1,2,76289127262.566986,0.94954605448895035,4,7.0584778424747689e-14,5.3618798288156772e-13,4183749.894367801,4.1837498943678009,16,8192,0.52800659757208712,0
46,100045,Earth_Relay1_Mars,1,1,379979000354.87335,0.94954605448895035,4,2.8452285460083218e-15,2.1613404319852279e-14,168644.35781300135,0.16864435781300133,16,8192,0.94792829167815829,0
46,100045,Earth_Relay1_Mars,1,2,74277204391.177719,0.94954605448895035,4,7.4460380267534653e-14,5.6562848239027546e-13,4413467.2521641199,4.4134672521641196,16,8192,0.499284280062254,0
46,100045,Earth_Relay2_Mars,1,1,392047896918.67035,0.94954605448895035,4,2.672748485108435e-15,2.0303182229408268e-14,158421.0001334163,0.15842100013341628,16,8192,0.94846167413641003,0
46,100045,Earth_Relay2_Mars,1,2,1000000000.0000002,0.94954605448895035,4,4.1080559421807932e-10,3.120630649214128e-09,24349553824.100349,24349.553824100349,16,8192,0,1
47,100046,Direct_Earth_to_Mars,1,1,298216174047.68542,0.94651296277979691,0,4.6192765191090371e-15,3.4977640832008336e-14,272922.38134414249,0.27292238134414248,16,8192,0.76115186492081321,0
47,100046,Earth_Relay0_Mars,1,1,263072284975.26691,0.94651296277979691,0,5.9358942480401456e-15,4.494720681168027e-14,350712.58169549605,0.35071258169549602,16,8192,0.7041861207531348,0
47,100046,Earth_Relay0_Mars,1,2,77178509360.64212,0.94651296277979691,0,6.8967355956392947e-14,5.222279713709949e-13,4074823.1773443189,4.0748231773443191,16,8192,0.016995219551151353,5.6745305833872246e-16
47,100046,Earth_Relay1_Mars,1,1,325399262819.67352,0.94651296277979691,0,3.8797453349533097e-15,2.9377834014542022e-14,229228.39354690092,0.22922839354690092,16,8192,0.79514690634240071,0
47,100046,Earth_Relay1_Mars,1,2,81260580229.048447,0.94651296277979691,0,6.2212336303594271e-14,4.7107826204934505e-13,3675713.9137958596,3.6757139137958594,16,8192,0.02533131469082095,1.5106459826979933e-23
47,100046,Earth_Relay2_Mars,0,1,299104680493.75391,0.94651296277979691,0,4.5918736647019639e-15,3.4770143576700639e-14,271303.32860948442,0.27130332860948442,16,8192,0.76238520808359678,0
47,100046,Earth_Relay2_Mars,0,2,999999999.99999917,0.94651296277979691,0,4.1080559421808015e-10,3.1106625608789604e-09,24271775153.46476,24271.775153464758,16,8192,0,1
47,100046,Direct_Earth_to_Mars,1,1,298216174047.68542,0.94651296277979691,0.01,4.6192765191090371e-15,3.4977640832008336e-14,272922.38134414249,0.27292238134414248,16,8192,0.78329838540574581,0
47,100046,Earth_Relay0_Mars,1,1,263072284975.26691,0.94651296277979691,0.01,5.9358942480401456e-15,4.494720681168027e-14,350712.58169549605,0.35071258169549602,16,8192,0.73224249288767485,0
47,100046,Earth_Relay0_Mars,1,2,77178509360.64212,0.94651296277979691,0.01,6.8967355956392947e-14,5.222279713709949e-13,4074823.1773443189,4.0748231773443191,16,8192,0.026504915786716876,1.2809916219833292e-24
47,100046,Earth_Relay1_Mars,1,1,325399262819.67352,0.94651296277979691,0.01,3.8797453349533097e-15,2.9377834014542022e-14,229228.39354690092,0.22922839354690092,16,8192,0.81348456858509954,0
47,100046,Earth_Relay1_Mars,1,2,81260580229.048447,0.94651296277979691,0.01,6.2212336303594271e-14,4.7107826204934505e-13,3675713.9137958596,3.6757139137958594,16,8192,0.03808210715821414,2.9284012548168879e-35
47,100046,Earth_Relay2_Mars,0,1,299104680493.75391,0.94651296277979691,0.01,4.5918736647019639e-15,3.4770143576700639e-14,271303.32860948442,0.27130332860948442,16,8192,0.78439713390898791,0
47,100046,Earth_Relay2_Mars,0,2,999999999.99999917,0.94651296277979691,0.01,4.1080559421808015e-10,3.1106625608789604e-09,24271775153.46476,24271.775153464758,16,8192,0,1
47,100046,Direct_Earth_to_Mars,1,1,298216174047.68542,0.94651296277979691,0.10000000000000001,4.6192765191090371e-15,3.4977640832008336e-14,272922.38134414249,0.27292238134414248,16,8192,0.89151588236784185,0
47,100046,Earth_Relay0_Mars,1,1,263072284975.26691,0.94651296277979691,0.10000000000000001,5.9358942480401456e-15,4.494720681168027e-14,350712.58169549605,0.35071258169549602,16,8192,0.8646961397247579,0
47,100046,Earth_Relay0_Mars,1,2,77178509360.64212,0.94651296277979691,0.10000000000000001,6.8967355956392947e-14,5.222279713709949e-13,4074823.1773443189,4.0748231773443191,16,8192,0.074799998905642817,7.0885793615252805e-70
47,100046,Earth_Relay1_Mars,1,1,325399262819.67352,0.94651296277979691,0.10000000000000001,3.8797453349533097e-15,2.9377834014542022e-14,229228.39354690092,0.22922839354690092,16,8192,0.9061567175313,0
47,100046,Earth_Relay1_Mars,1,2,81260580229.048447,0.94651296277979691,0.10000000000000001,6.2212336303594271e-14,4.7107826204934505e-13,3675713.9137958596,3.6757139137958594,16,8192,0.10173885063376942,3.7030406523169763e-96
47,100046,Earth_Relay2_Mars,0,1,299104680493.75391,0.94651296277979691,0.10000000000000001,4.5918736647019639e-15,3.4770143576700639e-14,271303.32860948442,0.27130332860948442,16,8192,0.89206438156887313,0
47,100046,Earth_Relay2_Mars,0,2,999999999.99999917,0.94651296277979691,0.10000000000000001,4.1080559421808015e-10,3.1106625608789604e-09,24271775153.46476,24271.775153464758,16,8192,0,1
47,100046,Direct_Earth_to_Mars,1,1,298216174047.68542,0.94651296277979691,1,4.6192765191090371e-15,3.4977640832008336e-14,272922.38134414249,0.27292238134414248,16,8192,0.93794936656303407,0
47,100046,Earth_Relay0_Mars,1,1,263072284975.26691,0.94651296277979691,1,5.9358942480401456e-15,4.494720681168027e-14,350712.58169549605,0.35071258169549602,16,8192,0.92851350136216049,0
47,100046,Earth_Relay0_Mars,1,2,77178509360.64212,0.94651296277979691,1,6.8967355956392947e-14,5.222279713709949e-13,4074823.1773443189,4.0748231773443191,16,8192,0.26909988327276535,1.5179168577392411e-279
47,100046,Earth_Relay1_Mars,1,1,325399262819.67352,0.94651296277979691,1,3.8797453349533097e-15,2.9377834014542022e-14,229228.39354690092,0.22922839354690092,16,8192,0.94296005354228207,0
47,100046,Earth_Relay1_Mars,1,2,81260580229.048447,0.94651296277979691,1,6.2212336303594271e-14,4.7107826204934505e-13,3675713.9137958596,3.6757139137958594,16,8192,0.32425864907856872,0
47,100046,Earth_Relay2_Mars,0,1,299104680493.75391,0.94651296277979691,1,4.5918736647019639e-15,3.4770143576700639e-14,271303.32860948442,0.27130332860948442,16,8192,0.93813878833332454,0
47,100046,Earth_Relay2_Mars,0,2,999999999.99999917,0.94651296277979691,1,4.1080559421808015e-10,3.1106625608789604e-09,24271775153.46476,24271.775153464758,16,8192,0,1
47,100046,Direct_Earth_to_Mars,1,1,298216174047.68542,0.94651296277979691,4,4.6192765191090371e-15,3.4977640832008336e-14,272922.38134414249,0.27292238134414248,16,8192,0.94228749568712544,0
47,100046,Earth_Relay0_Mars,1,1,263072284975.26691,0.94651296277979691,4,5.9358942480401456e-15,4.494720681168027e-14,350712.58169549605,0.35071258169549602,16,8192,0.93784039586342616,0
47,100046,Earth_Relay0_Mars,1,2,77178509360.64212,0.94651296277979691,4,6.8967355956392947e-14,5.222279713709949e-13,4074823.1773443189,4.0748231773443191,16,8192,0.54176373157226343,0
47,100046,Earth_Relay1_Mars,1,1,325399262819.67352,0.94651296277979691,4,3.8797453349533097e-15,2.9377834014542022e-14,229228.39354690092,0.22922839354690092,16,8192,0.94469559544327231,0
47,100046,Earth_Relay1_Mars,1,2,81260580229.048447,0.94651296277979691,4,6.2212336303594271e-14,4.7107826204934505e-13,3675713.9137958596,3.6757139137958594,16,8192,0.59263787846908733,0
47,100046,Earth_Relay2_Mars,0,1,299104680493.75391,0.94651296277979691,4,4.5918736647019639e-15,3.4770143576700639e-14,271303.32860948442,0.27130332860948442,16,8192,0.94237787604400058,0
47,100046,Earth_Relay2_Mars,0,2,999999999.99999917,0.94651296277979691,4,4.1080559421808015e-10,3.1106625608789604e-09,24271775153.46476,24271.775153464758,16,8192,0,1
48,100047,Direct_Earth_to_Mars,1,1,391979568669.14893,0.85015321994729731,0,2.673680371140999e-15,1.8184303813083242e-14,141887.88556632595,0.14188788556632595,16,8192,0.86771853480477845,0
48,100047,Earth_Relay0_Mars,1,1,394176130877.2594,0.85015321994729731,0,2.6439650164978745e-15,1.7982202977629417e-14,140310.93983837898,0.14031093983837897,16,8192,0.86908795931157656,0
48,100047,Earth_Relay0_Mars,1,2,76824349069.069946,0.85015321994729731,0,6.9604700755869291e-14,4.7339728376856284e-13,3693808.6999204438,3.6938086999204436,16,8192,0.024877072074720563,3.9227062825376132e-23
48,100047,Earth_Relay1_Mars,1,1,378940071457.91168,0.85015321994729731,0,2.860851292472384e-15,1.9457295504686276e-14,151820.74311873337,0.15182074311873336,16,8192,0.85914227410314625,0
48,100047,Earth_Relay1_Mars,1,2,74877092233.937805,0.85015321994729731,0,7.3272061003887899e-14,4.9833982875704079e-13,3888429.5666545238,3.8884295666545237,16,8192,0.020477479316097336,3.9586168795816128e-19
48,100047,Earth_Relay2_Mars,1,1,392978489948.74579,0.85015321994729731,0,2.6601050645738884e-15,1.8091975088364834e-14,141167.46604067413,0.14116746604067412,16,8192,0.86834388140892738,0
48,100047,Earth_Relay2_Mars,1,2,999999999.99998951,0.85015321994729731,0,4.1080559421808811e-10,2.7939815895749633e-09,21800787323.560272,21800.787323560271,16,8192,0,1
48,100047,Direct_Earth_to_Mars,1,1,391979568669.14893,0.85015321994729731,0.01,2.673680371140999e-15,1.8184303813083242e-14,141887.88556632595,0.14188788556632595,16,8192,0.87726742848399031,0
48,100047,Earth_Relay0_Mars,1,1,394176130877.2594,0.85015321994729731,0.01,2.6439650164978745e-15,1.7982202977629417e-14,140310.93983837898,0.14031093983837897,16,8192,0.87846276936539502,0
48,100047,Earth_Relay0_Mars,1,2,76824349069.069946,0.85015321994729731,0.01,6.9604700755869291e-14,4.7339728376856284e-13,3693808.6999204438,3.6938086999204436,16,8192,0.037462528259241457,1.0948089049588177e-34
48,100047,Earth_Relay1_Mars,1,1,378940071457.91168,0.85015321994729731,0.01,2.860851292472384e-15,1.9457295504686276e-14,151820.74311873337,0.15182074311873336,16,8192,0.86977463075101991,0
48,100047,Earth_Relay1_Mars,1,2,74877092233.937805,0.85015321994729731,0.01,7.3272061003887899e-14,4.9833982875704079e-13,3888429.5666545238,3.8884295666545237,16,8192,0.031397999843994495,4.2237714078857155e-29
48,100047,Earth_Relay2_Mars,1,1,392978489948.74579,0.85015321994729731,0.01,2.6601050645738884e-15,1.8091975088364834e-14,141167.46604067413,0.14116746604067412,16,8192,0.8778133167194111,0
48,100047,Earth_Relay2_Mars,1,2,999999999.99998951,0.85015321994729731,0.01,4.1080559421808811e-10,2.7939815895749633e-09,21800787323.560272,21800.787323560271,16,8192,0,1
48,100047,Direct_Earth_to_Mars,1,1,391979568669.14893,0.85015321994729731,0.10000000000000001,2.673680371140999e-15,1.8184303813083242e-14,141887.88556632595,0.14188788556632595,16,8192,0.93424948812357322,0
48,100047,Earth_Relay0_Mars,1,1,394176130877.2594,0.85015321994729731,0.10000000000000001,2.6439650164978745e-15,1.7982202977629417e-14,140310.93983837898,0.14031093983837897,16,8192,0.93474013378185439,0
48,100047,Earth_Relay0_Mars,1,2,76824349069.069946,0.85015321994729731,0.10000000000000001,6.9604700755869291e-14,4.7339728376856284e-13,3693808.6999204438,3.6938086999204436,16,8192,0.10034258404773599,8.913173272731157e-95
48,100047,Earth_Relay1_Mars,1,1,378940071457.91168,0.85015321994729731,0.10000000000000001,2.860851292472384e-15,1.9457295504686276e-14,151820.74311873337,0.15182074311873336,16,8192,0.93114439857852505,0
48,100047,Earth_Relay1_Mars,1,2,74877092233.937805,0.85015321994729731,0.10000000000000001,7.3272061003887899e-14,4.9833982875704079e-13,3888429.5666545238,3.8884295666545237,16,8192,0.086416659667860607,4.0950103391012992e-81
48,100047,Earth_Relay2_Mars,1,1,392978489948.74579,0.85015321994729731,0.10000000000000001,2.6601050645738884e-15,1.8091975088364834e-14,141167.46604067413,0.14116746604067412,16,8192,0.93447371678276425,0
48,100047,Earth_Relay2_Mars,1,2,999999999.99998951,0.85015321994729731,0.10000000000000001,4.1080559421808811e-10,2.7939815895749633e-09,21800787323.560272,21800.787323560271,16,8192,0,1
48,100047,Direct_Earth_to_Mars,1,1,391979568669.14893,0.85015321994729731,1,2.673680371140999e-15,1.8184303813083242e-14,141887.88556632595,0.14188788556632595,16,8192,0.95233552669706822,0
48,100047,Earth_Relay0_Mars,1,1,394176130877.2594,0.85015321994729731,1,2.6439650164978745e-15,1.7982202977629417e-14,140310.93983837898,0.14031093983837897,16,8192,0.95249684420962122,0
48,100047,Earth_Relay0_Mars,1,2,76824349069.069946,0.85015321994729731,1,6.9604700755869291e-14,4.7339728376856284e-13,3693808.6999204438,3.6938086999204436,16,8192,0.32159510265726388,0
48,100047,Earth_Relay1_Mars,1,1,378940071457.91168,0.85015321994729731,1,2.860851292472384e-15,1.9457295504686276e-14,151820.74311873337,0.15182074311873336,16,8192,0.95131288463697838,0
48,100047,Earth_Relay1_Mars,1,2,74877092233.937805,0.85015321994729731,1,7.3272061003887899e-14,4.9833982875704079e-13,3888429.5666545238,3.8884295666545237,16,8192,0.29392553248606801,2.7915068630080926e-310
48,100047,Earth_Relay2_Mars,1,1,392978489948.74579,0.85015321994729731,1,2.6601050645738884e-15,1.8091975088364834e-14,141167.46604067413,0.14116746604067412,16,8192,0.95240925908156837,0
48,100047,Earth_Relay2_Mars,1,2,999999999.99998951,0.85015321994729731,1,4.1080559421808811e-10,2.7939815895749633e-09,21800787323.560272,21800.787323560271,16,8192,0,1
48,100047,Direct_Earth_to_Mars,1,1,391979568669.14893,0.85015321994729731,4,2.673680371140999e-15,1.8184303813083242e-14,141887.88556632595,0.14188788556632595,16,8192,0.94931687222239802,0
48,100047,Earth_Relay0_Mars,1,1,394176130877.2594,0.85015321994729731,4,2.6439650164978745e-15,1.7982202977629417e-14,140310.93983837898,0.14031093983837897,16,8192,0.94939796587157599,0
48,100047,Earth_Relay0_Mars,1,2,76824349069.069946,0.85015321994729731,4,6.9604700755869291e-14,4.7339728376856284e-13,3693808.6999204438,3.6938086999204436,16,8192,0.59032240280369774,0
48,100047,Earth_Relay1_Mars,1,1,378940071457.91168,0.85015321994729731,4,2.860851292472384e-15,1.9457295504686276e-14,151820.74311873337,0.15182074311873336,16,8192,0.94880417485671376,0
48,100047,Earth_Relay1_Mars,1,2,74877092233.937805,0.85015321994729731,4,7.3272061003887899e-14,4.9833982875704079e-13,3888429.5666545238,3.8884295666545237,16,8192,0.56545544124816693,0
48,100047,Earth_Relay2_Mars,1,1,392978489948.74579,0.85015321994729731,4,2.6601050645738884e-15,1.8091975088364834e-14,141167.46604067413,0.14116746604067412,16,8192,0.94935392971568278,0
48,100047,Earth_Relay2_Mars,1,2,999999999.99998951,0.85015321994729731,4,4.1080559421808811e-10,2.7939815895749633e-09,21800787323.560272,21800.787323560271,16,8192,0,1
49,100048,Direct_Earth_to_Mars,1,1,339956496595.32739,0.8857548681326427,0,3.5545911810336979e-15,2.5187971542575663e-14,196535.87294936876,0.19653587294936875,16,8192,0.82157185856093495,0
49,100048,Earth_Relay0_Mars,1,1,319418630880.99817,0.8857548681326427,0,4.0263902094990989e-15,2.8531157832523504e-14,222621.97658088303,0.22262197658088301,16,8192,0.80041736862166335,0
49,100048,Earth_Relay0_Mars,1,2,72882017759.088837,0.8857548681326427,0,7.7338469564595758e-14,5.4802340728615143e-13,4276098.9532489143,4.2760989532489138,16,8192,0.013896768425500694,3.5730443893109333e-13
49,100048,Earth_Relay1_Mars,1,1,353050655123.89172,0.8857548681326427,0,3.2958110510552028e-15,2.3354245463340064e-14,182227.7356258287,0.1822277356258287,16,8192,0.83341152130789109,0
49,100048,Earth_Relay1_Mars,1,2,75182700751.168747,0.8857548681326427,0,7.2677587696367291e-14,5.1499621684955513e-13,4018395.4818697441,4.018395481869744,16,8192,0.017981793919365496,7.2579969435377904e-17
49,100048,Earth_Relay2_Mars,0,1,340905289737.66241,0.8857548681326427,0,3.534832739974251e-15,2.5047962459734727e-14,195443.41469918884,0.19544341469918883,16,8192,0.82246988195315407,0
49,100048,Earth_Relay2_Mars,0,2,1000000000.0000162,0.8857548681326427,0,4.1080559421806614e-10,2.910984439478201e-09,22713733298.762264,22713.733298762265,16,8192,0,1
49,100048,Direct_Earth_to_Mars,1,1,339956496595.32739,0.8857548681326427,0.01,3.5545911810336979e-15,2.5187971542575663e-14,196535.87294936876,0.19653587294936875,16,8192,0.83681046317422936,0
49,100048,Earth_Relay0_Mars,1,1,319418630880.99817,0.8857548681326427,0.01,4.0263902094990989e-15,2.8531157832523504e-14,222621.97658088303,0.22262197658088301,16,8192,0.81814642580506103,0
49,100048,Earth_Relay0_Mars,1,2,72882017759.088837,0.8857548681326427,0.01,7.7338469564595758e-14,5.4802340728615143e-13,4276098.9532489143,4.2760989532489138,16,8192,0.022067149729339874,1.4220133308303251e-20
49,100048,Earth_Relay1_Mars,1,1,353050655123.89172,0.8857548681326427,0.01,3.2958110510552028e-15,2.3354245463340064e-14,182227.7356258287,0.1822277356258287,16,8192,0.8472235058176063,0
49,100048,Earth_Relay1_Mars,1,2,75182700751.168747,0.8857548681326427,0.01,7.2677587696367291e-14,5.1499621684955513e-13,4018395.4818697441,4.018395481869744,16,8192,0.027900544177850595,6.7844341004666748e-26
49,100048,Earth_Relay2_Mars,0,1,340905289737.66241,0.8857548681326427,0.01,3.534832739974251e-15,2.5047962459734727e-14,195443.41469918884,0.19544341469918883,16,8192,0.83760109617061373,0
49,100048,Earth_Relay2_Mars,0,2,1000000000.0000162,0.8857548681326427,0.01,4.1080559421806614e-10,2.910984439478201e-09,22713733298.762264,22713.733298762265,16,8192,0,1
49,100048,Direct_Earth_to_Mars,1,1,339956496595.32739,0.8857548681326427,0.10000000000000001,3.5545911810336979e-15,2.5187971542575663e-14,196535.87294936876,0.19653587294936875,16,8192,0.91687105756532605,0
49,100048,Earth_Relay0_Mars,1,1,319418630880.99817,0.8857548681326427,0.10000000000000001,4.0263902094990989e-15,2.8531157832523504e-14,222621.97658088303,0.22262197658088301,16,8192,0.90833938622774701,0
49,100048,Earth_Relay0_Mars,1,2,72882017759.088837,0.8857548681326427,0.10000000000000001,7.7338469564595758e-14,5.4802340728615143e-13,4276098.9532489143,4.2760989532489138,16,8192,0.063919776395937933,1.7748739810433794e-59
49,100048,Earth_Relay1_Mars,1,1,353050655123.89172,0.8857548681326427,0.10000000000000001,3.2958110510552028e-15,2.3354245463340064e-14,182227.7356258287,0.1822277356258287,16,8192,0.92148865842102623,0
49,100048,Earth_Relay1_Mars,1,2,75182700751.168747,0.8857548681326427,0.10000000000000001,7.2677587696367291e-14,5.1499621684955513e-13,4018395.4818697441,4.018395481869744,16,8192,0.078151346468558924,4.1967529017614747e-73
49,100048,Earth_Relay2_Mars,0,1,340905289737.66241,0.8857548681326427,0.10000000000000001,3.534832739974251e-15,2.5047962459734727e-14,195443.41469918884,0.19544341469918883,16,8192,0.91722521644969879,0
49,100048,Earth_Relay2_Mars,0,2,1000000000.0000162,0.8857548681326427,0.10000000000000001,4.1080559421806614e-10,2.910984439478201e-09,22713733298.762264,22713.733298762265,16,8192,0,1
49,100048,Direct_Earth_to_Mars,1,1,339956496595.32739,0.8857548681326427,1,3.5545911810336979e-15,2.5187971542575663e-14,196535.87294936876,0.19653587294936875,16,8192,0.94657023037687682,0
49,100048,Earth_Relay0_Mars,1,1,319418630880.99817,0.8857548681326427,1,4.0263902094990989e-15,2.8531157832523504e-14,222621.97658088303,0.22262197658088301,16,8192,0.94369923117405619,0
49,100048,Earth_Relay0_Mars,1,2,72882017759.088837,0.8857548681326427,1,7.7338469564595758e-14,5.4802340728615143e-13,4276098.9532489143,4.2760989532489138,16,8192,0.24410830166292741,1.2167770089063711e-249
49,100048,Earth_Relay1_Mars,1,1,353050655123.89172,0.8857548681326427,1,3.2958110510552028e-15,2.3354245463340064e-14,182227.7356258287,0.1822277356258287,16,8192,0.94811245547453715,0
49,100048,Earth_Relay1_Mars,1,2,75182700751.168747,0.8857548681326427,1,7.2677587696367291e-14,5.1499621684955513e-13,4018395.4818697441,4.018395481869744,16,8192,0.27644344519179065,1.5835930148930703e-288
49,100048,Earth_Relay2_Mars,0,1,340905289737.66241,0.8857548681326427,1,3.534832739974251e-15,2.5047962459734727e-14,195443.41469918884,0.19544341469918883,16,8192,0.94668879713227483,0
49,100048,Earth_Relay2_Mars,0,2,1000000000.0000162,0.8857548681326427,1,4.1080559421806614e-10,2.910984439478201e-09,22713733298.762264,22713.733298762265,16,8192,0,1
49,100048,Direct_Earth_to_Mars,1,1,339956496595.32739,0.8857548681326427,4,3.5545911810336979e-15,2.5187971542575663e-14,196535.87294936876,0.19653587294936875,16,8192,0.94645532703557833,0
49,100048,Earth_Relay0_Mars,1,1,319418630880.99817,0.8857548681326427,4,4.0263902094990989e-15,2.8531157832523504e-14,222621.97658088303,0.22262197658088301,16,8192,0.94505409388417538,0
49,100048,Earth_Relay0_Mars,1,2,72882017759.088837,0.8857548681326427,4,7.7338469564595758e-14,5.4802340728615143e-13,4276098.9532489143,4.2760989532489138,16,8192,0.51640790031007522,0
49,100048,Earth_Relay1_Mars,1,1,353050655123.89172,0.8857548681326427,4,3.2958110510552028e-15,2.3354245463340064e-14,182227.7356258287,0.1822277356258287,16,8192,0.94721420100261922,0
49,100048,Earth_Relay1_Mars,1,2,75182700751.168747,0.8857548681326427,4,7.2677587696367291e-14,5.1499621684955513e-13,4018395.4818697441,4.018395481869744,16,8192,0.54891832289736286,0
49,100048,Earth_Relay2_Mars,0,1,340905289737.66241,0.8857548681326427,4,3.534832739974251e-15,2.5047962459734727e-14,195443.41469918884,0.19544341469918883,16,8192,0.9465135107533964,0
49,100048,Earth_Relay2_Mars,0,2,1000000000.0000162,0.8857548681326427,4,4.1080559421806614e-10,2.910984439478201e-09,22713733298.762264,22713.733298762265,16,8192,0,1
50,100049,Direct_Earth_to_Mars,1,1,381570590004.70514,0.91969338646118437,0,2.8215422765669165e-15,2.0759630171033815e-14,161982.55706592608,0.16198255706592607,16,8192,0.85045603885947418,0
50,100049,Earth_Relay0_Mars,1,1,376120568435.05914,0.91969338646118437,0,2.9039035086603291e-15,2.1365606814690667e-14,166710.85161901137,0.16671085161901136,16,8192,0.84644432396222435,0
50,100049,Earth_Relay0_Mars,1,2,74228094743.55365,0.91969338646118437,0,7.4558939517961042e-14,5.485709086098258e-13,4280370.9785053898,4.2803709785053892,16,8192,0.013837527708819075,4.0408258139602162e-13
50,100049,Earth_Relay1_Mars,1,1,377810640680.88489,0.91969338646118437,0,2.8779813716211415e-15,2.1174883470707617e-14,165222.68180596502,0.16522268180596503,16,8192,0.8477049146073945,0
50,100049,Earth_Relay1_Mars,1,2,72728653926.875259,0.91969338646118437,0,7.7664982680655423e-14,5.7142376744816974e-13,4458686.5111234384,4.4586865111234379,16,8192,0.011577560301402889,4.3897267471788741e-11
50,100049,Earth_Relay2_Mars,1,1,382565459576.20117,0.91969338646118437,0,2.8068863970697537e-15,2.0651798847463315e-14,161141.17437366,0.16114117437365999,16,8192,0.85117189896502388,0
50,100049,Earth_Relay2_Mars,1,2,1000000000.0000092,0.91969338646118437,0,4.1080559421807188e-10,3.0225215049889414e-09,23584031031.920761,23584.03103192076,16,8192,0,1
50,100049,Direct_Earth_to_Mars,1,1,381570590004.70514,0.91969338646118437,0.01,2.8215422765669165e-15,2.0759630171033815e-14,161982.55706592608,0.16198255706592607,16,8192,0.86217377074332613,0
50,100049,Earth_Relay0_Mars,1,1,376120568435.05914,0.91969338646118437,0.01,2.9039035086603291e-15,2.1365606814690667e-14,166710.85161901137,0.16671085161901136,16,8192,0.85865922921695748,0
50,100049,Earth_Relay0_Mars,1,2,74228094743.55365,0.91969338646118437,0.01,7.4558939517961042e-14,5.485709086098258e-13,4280370.9785053898,4.2803709785053892,16,8192,0.021981419856744622,1.7016569928618104e-20
50,100049,Earth_Relay1_Mars,1,1,377810640680.88489,0.91969338646118437,0.01,2.8779813716211415e-15,2.1174883470707617e-14,165222.68180596502,0.16522268180596503,16,8192,0.85976387506187124,0
50,100049,Earth_Relay1_Mars,1,2,72728653926.875259,0.91969338646118437,0.01,7.7664982680655423e-14,5.7142376744816974e-13,4458686.5111234384,4.4586865111234379,16,8192,0.018682795622899206,1.6814256864903668e-17
50,100049,Earth_Relay2_Mars,1,1,382565459576.20117,0.91969338646118437,0.01,2.8068863970697537e-15,2.0651798847463315e-14,161141.17437366,0.16114117437365999,16,8192,0.86280064050059802,0
50,100049,Earth_Relay2_Mars,1,2,1000000000.0000092,0.91969338646118437,0.01,4.1080559421807188e-10,3.0225215049889414e-09,23584031031.920761,23584.03103192076,16,8192,0,1
50,100049,Direct_Earth_to_Mars,1,1,381570590004.70514,0.91969338646118437,0.10000000000000001,2.8215422765669165e-15,2.0759630171033815e-14,161982.55706592608,0.16198255706592607,16,8192,0.92794219963682367,0
50,100049,Earth_Relay0_Mars,1,1,376120568435.05914,0.91969338646118437,0.10000000000000001,2.9039035086603291e-15,2.1365606814690667e-14,166710.85161901137,0.16671085161901136,16,8192,0.92644363208914471,0
50,100049,Earth_Relay0_Mars,1,2,74228094743.55365,0.91969338646118437,0.10000000000000001,7.4558939517961042e-14,5.485709086098258e-13,4280370.9785053898,4.2803709785053892,16,8192,0.063705986168572371,2.8332267476259796e-59
50,100049,Earth_Relay1_Mars,1,1,377810640680.88489,0.91969338646118437,0.10000000000000001,2.8779813716211415e-15,2.1174883470707617e-14,165222.68180596502,0.16522268180596503,16,8192,0.9269158667043228,0
50,100049,Earth_Relay1_Mars,1,2,72728653926.875259,0.91969338646118437,0.10000000000000001,7.7664982680655423e-14,5.7142376744816974e-13,4458686.5111234384,4.4586865111234379,16,8192,0.055364649500714624,2.1931536474392169e-51
50,100049,Earth_Relay2_Mars,1,1,382565459576.20117,0.91969338646118437,0.10000000000000001,2.8068863970697537e-15,2.0651798847463315e-14,161141.17437366,0.16114117437365999,16,8192,0.92820829838384256,0
50,100049,Earth_Relay2_Mars,1,2,1000000000.0000092,0.91969338646118437,0.10000000000000001,4.1080559421807188e-10,3.0225215049889414e-09,23584031031.920761,23584.03103192076,16,8192,0,1
50,100049,Direct_Earth_to_Mars,1,1,381570590004.70514,0.91969338646118437,1,2.8215422765669165e-15,2.0759630171033815e-14,161982.55706592608,0.16198255706592607,16,8192,0.95025501823409819,0
50,100049,Earth_Relay0_Mars,1,1,376120568435.05914,0.91969338646118437,1,2.9039035086603291e-15,2.1365606814690667e-14,166710.85161901137,0.16671085161901136,16,8192,0.94975878432207683,0
50,100049,Earth_Relay0_Mars,1,2,74228094743.55365,0.91969338646118437,1,7.4558939517961042e-14,5.485709086098258e-13,4280370.9785053898,4.2803709785053892,16,8192,0.24359801910078283,4.8466606161322924e-249
50,100049,Earth_Relay1_Mars,1,1,377810640680.88489,0.91969338646118437,1,2.8779813716211415e-15,2.1174883470707617e-14,165222.68180596502,0.16522268180596503,16,8192,0.94991524173869613,0
50,100049,Earth_Relay1_Mars,1,2,72728653926.875259,0.91969338646118437,1,7.7664982680655423e-14,5.7142376744816974e-13,4458686.5111234384,4.4586865111234379,16,8192,0.22303268717367319,3.50613452210908e-225
50,100049,Earth_Relay2_Mars,1,1,382565459576.20117,0.91969338646118437,1,2.8068863970697537e-15,2.0651798847463315e-14,161141.17437366,0.16114117437365999,16,8192,0.95034305466642754,0
50,100049,Earth_Relay2_Mars,1,2,1000000000.0000092,0.91969338646118437,1,4.1080559421807188e-10,3.0225215049889414e-09,23584031031.920761,23584.03103192076,16,8192,0,1
50,100049,Direct_Earth_to_Mars,1,1,381570590004.70514,0.91969338646118437,4,2.8215422765669165e-15,2.0759630171033815e-14,161982.55706592608,0.16198255706592607,16,8192,0.94827625361826706,0
50,100049,Earth_Relay0_Mars,1,1,376120568435.05914,0.91969338646118437,4,2.9039035086603291e-15,2.1365606814690667e-14,166710.85161901137,0.16671085161901136,16,8192,0.94802943613777146,0
50,100049,Earth_Relay0_Mars,1,2,74228094743.55365,0.91969338646118437,4,7.4558939517961042e-14,5.485709086098258e-13,4280370.9785053898,4.2803709785053892,16,8192,0.51587294377061199,0
50,100049,Earth_Relay1_Mars,1,1,377810640680.88489,0.91969338646118437,4,2.8779813716211415e-15,2.1174883470707617e-14,165222.68180596502,0.16522268180596503,16,8192,0.9481071993204867,0
50,100049,Earth_Relay1_Mars,1,2,72728653926.875259,0.91969338646118437,4,7.7664982680655423e-14,5.7142376744816974e-13,4458686.5111234384,4.4586865111234379,16,8192,0.49368527791248262,0
50,100049,Earth_Relay2_Mars,1,1,382565459576.20117,0.91969338646118437,4,2.8068863970697537e-15,2.0651798847463315e-14,161141.17437366,0.16114117437365999,16,8192,0.94832009560443631,0
50,100049,Earth_Relay2_Mars,1,2,1000000000.0000092,0.91969338646118437,4,4.1080559421807188e-10,3.0225215049889414e-09,23584031031.920761,23584.03103192076,16,8192,0,1
51,100050,Direct_Earth_to_Mars,1,1,160410264962.67419,0.98650970820302564,0,1.5965114466541427e-14,1.2599792331052548e-13,983132.43707553949,0.98313243707553943,16,8192,0.37413729983606536,0
51,100050,Earth_Relay0_Mars,1,1,108042984810.18686,0.98650970820302564,0,3.5191939465460635e-14,2.7773751946536095e-13,2167121.1493410813,2.1671211493410811,16,8192,0.11450679081242243,6.8448065893151112e-109
51,100050,Earth_Relay0_Mars,1,2,82268827400.134689,0.98650970820302564,0,6.0696791526369446e-14,4.7902379278030883e-13,3737711.0387178264,3.7377110387178263,16,8192,0.023808537629127491,3.6956459974190165e-22
51,100050,Earth_Relay1_Mars,1,1,214810086829.59082,0.98650970820302564,0,8.9028080072016465e-15,7.0261652234976459e-14,548235.30086670874,0.54823530086670869,16,8192,0.5779688520973798,0
51,100050,Earth_Relay1_Mars,1,2,85103307884.278458,0.98650970820302564,0,5.672094620094622e-14,4.4764611268555987e-13,3492878.3121870849,3.4928783121870848,16,8192,0.030413207362996353,3.384880095111699e-28
51,100050,Earth_Relay2_Mars,1,1,161112900934.36026,0.98650970820302564,0,1.5826165906264969e-14,1.2490133048129702e-13,974575.97874390532,0.97457597874390522,16,8192,0.37735232505196303,0
51,100050,Earth_Relay2_Mars,1,2,999999999.99999905,0.98650970820302564,0,4.1080559421808015e-10,3.2421096550419905e-09,25297426201.002323,25297.426201002323,16,8192,0,1
51,100050,Direct_Earth_to_Mars,1,1,160410264962.67419,0.98650970820302564,0.01,1.5965114466541427e-14,1.2599792331052548e-13,983132.43707553949,0.98313243707553943,16,8192,0.42179222638310643,0
51,100050,Earth_Relay0_Mars,1,1,108042984810.18686,0.98650970820302564,0.01,3.5191939465460635e-14,2.7773751946536095e-13,2167121.1493410813,2.1671211493410811,16,8192,0.14794731920601112,3.9380738849873152e-143
51,100050,Earth_Relay0_Mars,1,2,82268827400.134689,0.98650970820302564,0.01,6.0696791526369446e-14,4.7902379278030883e-13,3737711.0387178264,3.7377110387178263,16,8192,0.036000451727130178,2.4510301111123247e-33
51,100050,Earth_Relay1_Mars,1,1,214810086829.59082,0.98650970820302564,0.01,8.9028080072016465e-15,7.0261652234976459e-14,548235.30086670874,0.54823530086670869,16,8192,0.61677877633906342,0
51,100050,Earth_Relay1_Mars,1,2,85103307884.278458,0.98650970820302564,0.01,5.672094620094622e-14,4.4764611268555987e-13,3492878.3121870849,3.4928783121870848,16,8192,0.044940357457483038,1.2660506826689401e-41
51,100050,Earth_Relay2_Mars,1,1,161112900934.36026,0.98650970820302564,0.01,1.5826165906264969e-14,1.2490133048129702e-13,974575.97874390532,0.97457597874390522,16,8192,0.42496912939835163,0
51,100050,Earth_Relay2_Mars,1,2,999999999.99999905,0.98650970820302564,0.01,4.1080559421808015e-10,3.2421096550419905e-09,25297426201.002323,25297.426201002323,16,8192,0,1
51,100050,Direct_Earth_to_Mars,1,1,160410264962.67419,0.98650970820302564,0.10000000000000001,1.5965114466541427e-14,1.2599792331052548e-13,983132.43707553949,0.98313243707553943,16,8192,0.6370501398901951,0
51,100050,Earth_Relay0_Mars,1,1,108042984810.18686,0.98650970820302564,0.10000000000000001,3.5191939465460635e-14,2.7773751946536095e-13,2167121.1493410813,2.1671211493410811,16,8192,0.30465462074093519,4.9406564584124654e-324
51,100050,Earth_Relay0_Mars,1,2,82268827400.134689,0.98650970820302564,0.10000000000000001,6.0696791526369446e-14,4.7902379278030883e-13,3737711.0387178264,3.7377110387178263,16,8192,0.097028981646770984,1.6594566071794687e-91
51,100050,Earth_Relay1_Mars,1,1,214810086829.59082,0.98650970820302564,0.10000000000000001,8.9028080072016465e-15,7.0261652234976459e-14,548235.30086670874,0.54823530086670869,16,8192,0.79385078980891943,0
51,100050,Earth_Relay1_Mars,1,2,85103307884.278458,0.98650970820302564,0.10000000000000001,5.672094620094622e-14,4.4764611268555987e-13,3492878.3121870849,3.4928783121870848,16,8192,0.11689975266215569,2.6822120694575384e-111
51,100050,Earth_Relay2_Mars,1,1,161112900934.36026,0.98650970820302564,0.10000000000000001,1.5826165906264969e-14,1.2490133048129702e-13,974575.97874390532,0.97457597874390522,16,8192,0.64003667973468192,0
51,100050,Earth_Relay2_Mars,1,2,999999999.99999905,0.98650970820302564,0.10000000000000001,4.1080559421808015e-10,3.2421096550419905e-09,25297426201.002323,25297.426201002323,16,8192,0,1
51,100050,Direct_Earth_to_Mars,1,1,160410264962.67419,0.98650970820302564,1,1.5965114466541427e-14,1.2599792331052548e-13,983132.43707553949,0.98313243707553943,16,8192,0.83062771733600771,0
51,100050,Earth_Relay0_Mars,1,1,108042984810.18686,0.98650970820302564,1,3.5191939465460635e-14,2.7773751946536095e-13,2167121.1493410813,2.1671211493410811,16,8192,0.59486473005453211,0
51,100050,Earth_Relay0_Mars,1,2,82268827400.134689,0.98650970820302564,1,6.0696791526369446e-14,4.7902379278030883e-13,3737711.0387178264,3.7377110387178263,16,8192,0.31519700308787113,0
51,100050,Earth_Relay1_Mars,1,1,214810086829.59082,0.98650970820302564,1,8.9028080072016465e-15,7.0261652234976459e-14,548235.30086670874,0.54823530086670869,16,8192,0.90173847014518194,0
51,100050,Earth_Relay1_Mars,1,2,85103307884.278458,0.98650970820302564,1,5.672094620094622e-14,4.4764611268555987e-13,3492878.3121870849,3.4928783121870848,16,8192,0.35203682707479222,0
51,100050,Earth_Relay2_Mars,1,1,161112900934.36026,0.98650970820302564,1,1.5826165906264969e-14,1.2490133048129702e-13,974575.97874390532,0.97457597874390522,16,8192,0.8321608259557387,0
51,100050,Earth_Relay2_Mars,1,2,999999999.99999905,0.98650970820302564,1,4.1080559421808015e-10,3.2421096550419905e-09,25297426201.002323,25297.426201002323,16,8192,0,1
51,100050,Direct_Earth_to_Mars,1,1,160410264962.67419,0.98650970820302564,4,1.5965114466541427e-14,1.2599792331052548e-13,983132.43707553949,0.98313243707553943,16,8192,0.89404411045368748,0
51,100050,Earth_Relay0_Mars,1,1,108042984810.18686,0.98650970820302564,4,3.5191939465460635e-14,2.7773751946536095e-13,2167121.1493410813,2.1671211493410811,16,8192,0.77849498664911865,0
51,100050,Earth_Relay0_Mars,1,2,82268827400.134689,0.98650970820302564,4,6.0696791526369446e-14,4.7902379278030883e-13,3737711.0387178264,3.7377110387178263,16,8192,0.58470607113431794,0
51,100050,Earth_Relay1_Mars,1,1,214810086829.59082,0.98650970820302564,4,8.9028080072016465e-15,7.0261652234976459e-14,548235.30086670874,0.54823530086670869,16,8192,0.9256226057446173,0
51,100050,Earth_Relay1_Mars,1,2,85103307884.278458,0.98650970820302564,4,5.672094620094622e-14,4.4764611268555987e-13,3492878.3121870849,3.4928783121870848,16,8192,0.61603543840052655,0
51,100050,Earth_Relay2_Mars,1,1,161112900934.36026,0.98650970820302564,4,1.5826165906264969e-14,1.2490133048129702e-13,974575.97874390532,0.97457597874390522,16,8192,0.89472663460131496,0
51,100050,Earth_Relay2_Mars,1,2,999999999.99999905,0.98650970820302564,4,4.1080559421808015e-10,3.2421096550419905e-09,25297426201.002323,25297.426201002323,16,8192,0,1
52,100051,Direct_Earth_to_Mars,1,1,328702088875.78278,0.99423813944051398,0,3.802169038844711e-15,3.0242091768154336e-14,235971.99541941946,0.23597199541941943,16,8192,0.78980279171902512,0
52,100051,Earth_Relay0_Mars,1,1,352770920830.9151,0.99423813944051398,0,3.3010400359650113e-15,2.6256159228612001e-14,204870.6925672986,0.20487069256729859,16,8192,0.81475266317536976,0
52,100051,Earth_Relay0_Mars,1,2,75204857995.467484,0.99423813944051398,0,7.2634768711372867e-14,5.7773005841829932e-13,4507893.0301474947,4.5078930301474944,16,8192,0.011021658029829129,1.3884406221797446e-10
52,100051,Earth_Relay1_Mars,0,1,298390667164.12274,0.99423813944051398,0,4.6138755708342148e-15,3.6698328505249994e-14,286348.50632455788,0.28634850632455788,16,8192,0.75100084179144855,0
52,100051,Earth_Relay1_Mars,0,2,77277691666.140045,0.99423813944051398,0,6.8790436806991807e-14,5.4715260721827028e-13,4269304.3032225668,4.269304303222567,16,8192,0.013991513619154961,2.934789964002884e-13
52,100051,Earth_Relay2_Mars,1,1,329607261790.5199,0.99423813944051398,0,3.7813145546621489e-15,3.0076217179733042e-14,234677.71465606417,0.23467771465606416,16,8192,0.7908256800887693,0
52,100051,Earth_Relay2_Mars,1,2,999999999.99999607,0.99423813944051398,0,4.1080559421808258e-10,3.2675087173371291e-09,25495609165.908119,25495.609165908118,16,8192,0,1
52,100051,Direct_Earth_to_Mars,1,1,328702088875.78278,0.99423813944051398,0.01,3.802169038844711e-15,3.0242091768154336e-14,235971.99541941946,0.23597199541941943,16,8192,0.8087526647566804,0
52,100051,Earth_Relay0_Mars,1,1,352770920830.9151,0.99423813944051398,0.01,3.3010400359650113e-15,2.6256159228612001e-14,204870.6925672986,0.20487069256729859,16,8192,0.83080233465380038,0
52,100051,Earth_Relay0_Mars,1,2,75204857995.467484,0.99423813944051398,0.01,7.2634768711372867e-14,5.7773005841829932e-13,4507893.0301474947,4.5078930301474944,16,8192,0.017862333911324857,9.3112440533992818e-17
52,100051,Earth_Relay1_Mars,0,1,298390667164.12274,0.99423813944051398,0.01,4.6138755708342148e-15,3.6698328505249994e-14,286348.50632455788,0.28634850632455788,16,8192,0.77424467283982612,0
52,100051,Earth_Relay1_Mars,0,2,77277691666.140045,0.99423813944051398,0.01,6.8790436806991807e-14,5.4715260721827028e-13,4269304.3032225668,4.269304303222567,16,8192,0.022204186102245949,1.0672339411086435e-20
52,100051,Earth_Relay2_Mars,1,1,329607261790.5199,0.99423813944051398,0.01,3.7813145546621489e-15,3.0076217179733042e-14,234677.71465606417,0.23467771465606416,16,8192,0.80965875643939911,0
52,100051,Earth_Relay2_Mars,1,2,999999999.99999607,0.99423813944051398,0.01,4.1080559421808258e-10,3.2675087173371291e-09,25495609165.908119,25495.609165908118,16,8192,0,1
52,100051,Direct_Earth_to_Mars,1,1,328702088875.78278,0.99423813944051398,0.10000000000000001,3.802169038844711e-15,3.0242091768154336e-14,235971.99541941946,0.23597199541941943,16,8192,0.90391996354550463,0
52,100051,Earth_Relay0_Mars,1,1,352770920830.9151,0.99423813944051398,0.10000000000000001,3.3010400359650113e-15,2.6256159228612001e-14,204870.6925672986,0.20487069256729859,16,8192,0.91416056354906772,0
52,100051,Earth_Relay0_Mars,1,2,75204857995.467484,0.99423813944051398,0.10000000000000001,7.2634768711372867e-14,5.7773005841829932e-13,4507893.0301474947,4.5078930301474944,16,8192,0.053252712869540475,2.1250737557066214e-49
52,100051,Earth_Relay1_Mars,0,1,298390667164.12274,0.99423813944051398,0.10000000000000001,4.6138755708342148e-15,3.6698328505249994e-14,286348.50632455788,0.28634850632455788,16,8192,0.88695085901497261,0
52,100051,Earth_Relay1_Mars,0,2,77277691666.140045,0.99423813944051398,0.10000000000000001,6.8790436806991807e-14,5.4715260721827028e-13,4269304.3032225668,4.269304303222567,16,8192,0.064261213254637961,8.4078580652174841e-60
52,100051,Earth_Relay2_Mars,1,1,329607261790.5199,0.99423813944051398,0.10000000000000001,3.7813145546621489e-15,3.0076217179733042e-14,234677.71465606417,0.23467771465606416,16,8192,0.90434993439200739,0
52,100051,Earth_Relay2_Mars,1,2,999999999.99999607,0.99423813944051398,0.10000000000000001,4.1080559421808258e-10,3.2675087173371291e-09,25495609165.908119,25495.609165908118,16,8192,0,1
52,100051,Direct_Earth_to_Mars,1,1,328702088875.78278,0.99423813944051398,1,3.802169038844711e-15,3.0242091768154336e-14,235971.99541941946,0.23597199541941943,16,8192,0.94220051222190282,0
52,100051,Earth_Relay0_Mars,1,1,352770920830.9151,0.99423813944051398,1,3.3010400359650113e-15,2.6256159228612001e-14,204870.6925672986,0.20487069256729859,16,8192,0.94566121336975351,0
52,100051,Earth_Relay0_Mars,1,2,75204857995.467484,0.99423813944051398,1,7.2634768711372867e-14,5.7773005841829932e-13,4507893.0301474947,4.5078930301474944,16,8192,0.21760683756105514,5.4261896274241617e-219
52,100051,Earth_Relay1_Mars,0,1,298390667164.12274,0.99423813944051398,1,4.6138755708342148e-15,3.6698328505249994e-14,286348.50632455788,0.28634850632455788,16,8192,0.93636752344800178,0
52,100051,Earth_Relay1_Mars,0,2,77277691666.140045,0.99423813944051398,1,6.8790436806991807e-14,5.4715260721827028e-13,4269304.3032225668,4.269304303222567,16,8192,0.24492161690859104,1.3418133467271519e-250
52,100051,Earth_Relay2_Mars,1,1,329607261790.5199,0.99423813944051398,1,3.7813145546621489e-15,3.0076217179733042e-14,234677.71465606417,0.23467771465606416,16,8192,0.94234668114920106,0
52,100051,Earth_Relay2_Mars,1,2,999999999.99999607,0.99423813944051398,1,4.1080559421808258e-10,3.2675087173371291e-09,25495609165.908119,25495.609165908118,16,8192,0,1
52,100051,Direct_Earth_to_Mars,1,1,328702088875.78278,0.99423813944051398,4,3.802169038844711e-15,3.0242091768154336e-14,235971.99541941946,0.23597199541941943,16,8192,0.9443281373649024,0
52,100051,Earth_Relay0_Mars,1,1,352770920830.9151,0.99423813944051398,4,3.3010400359650113e-15,2.6256159228612001e-14,204870.6925672986,0.20487069256729859,16,8192,0.94601010101248328,0
52,100051,Earth_Relay0_Mars,1,2,75204857995.467484,0.99423813944051398,4,7.2634768711372867e-14,5.7773005841829932e-13,4507893.0301474947,4.5078930301474944,16,8192,0.48761565565366327,0
52,100051,Earth_Relay1_Mars,0,1,298390667164.12274,0.99423813944051398,4,4.6138755708342148e-15,3.6698328505249994e-14,286348.50632455788,0.28634850632455788,16,8192,0.94153459409187401,0
52,100051,Earth_Relay1_Mars,0,2,77277691666.140045,0.99423813944051398,4,6.8790436806991807e-14,5.4715260721827028e-13,4269304.3032225668,4.269304303222567,16,8192,0.517259049906863,0
52,100051,Earth_Relay2_Mars,1,1,329607261790.5199,0.99423813944051398,4,3.7813145546621489e-15,3.0076217179733042e-14,234677.71465606417,0.23467771465606416,16,8192,0.9443987813316177,0
52,100051,Earth_Relay2_Mars,1,2,999999999.99999607,0.99423813944051398,4,4.1080559421808258e-10,3.2675087173371291e-09,25495609165.908119,25495.609165908118,16,8192,0,1
53,100052,Direct_Earth_to_Mars,1,1,109311377867.71571,0.9273873324803884,0,3.4379979376198291e-14,2.5506845891538642e-13,1990239.7519407189,1.9902397519407187,16,8192,0.13666265638036657,1.984808883470653e-131
53,100052,Earth_Relay0_Mars,1,1,70811281956.991104,0.9273873324803884,0,8.1927826859596041e-14,6.0783063045788713e-13,4742760.7801001295,4.742760780100129,16,8192,0.00871455397692944,1.6405857354412481e-08
53,100052,Earth_Relay0_Mars,1,2,85723147110.56102,0.9273873324803884,0,5.5903646313707717e-14,4.1475466744637193e-13,3236234.0289535839,3.2362340289535836,16,8192,0.039311663264667729,2.1330312095094247e-36
53,100052,Earth_Relay1_Mars,1,1,168600061379.95657,0.9273873324803884,0,1.4451765045233292e-14,1.0721907067945779e-13,836605.42561707587,0.83660542561707585,16,8192,0.43317848705898909,0
53,100052,Earth_Relay1_Mars,1,2,84471127426.055054,0.9273873324803884,0,5.7573120303761022e-14,4.271406596886194e-13,3332879.0403853096,3.3328790403853095,16,8192,0.035690203472651838,4.7375460073471784e-33
53,100052,Earth_Relay2_Mars,1,1,110028164198.7583,0.9273873324803884,0,3.3933496789808821e-14,2.5175596055706101e-13,1964393.0990891228,1.9643930990891227,16,8192,0.14024097316800888,4.0139531720423381e-135
53,100052,Earth_Relay2_Mars,1,2,1000000000.0000113,0.9273873324803884,0,4.1080559421807022e-10,3.0478072335193358e-09,23781329679.867924,23781.329679867922,16,8192,0,1
53,100052,Direct_Earth_to_Mars,1,1,109311377867.71571,0.9273873324803884,0.01,3.4379979376198291e-14,2.5506845891538642e-13,1990239.7519407189,1.9902397519407187,16,8192,0.17320260445774804,6.813285798452684e-170
53,100052,Earth_Relay0_Mars,1,1,70811281956.991104,0.9273873324803884,0.01,8.1927826859596041e-14,6.0783063045788713e-13,4742760.7801001295,4.742760780100129,16,8192,0.014412619610866706,1.2235862911234428e-13
53,100052,Earth_Relay0_Mars,1,2,85723147110.56102,0.9273873324803884,0.01,5.5903646313707717e-14,4.1475466744637193e-13,3236234.0289535839,3.2362340289535836,16,8192,0.056672647866272463,1.2842536592445339e-52
53,100052,Earth_Relay1_Mars,1,1,168600061379.95657,0.9273873324803884,0.01,1.4451765045233292e-14,1.0721907067945779e-13,836605.42561707587,0.83660542561707585,16,8192,0.47955731885225861,0
53,100052,Earth_Relay1_Mars,1,2,84471127426.055054,0.9273873324803884,0.01,5.7573120303761022e-14,4.271406596886194e-13,3332879.0403853096,3.3328790403853095,16,8192,0.051935965356931568,3.6605942542307368e-48
53,100052,Earth_Relay2_Mars,1,1,110028164198.7583,0.9273873324803884,0.01,3.3933496789808821e-14,2.5175596055706101e-13,1964393.0990891228,1.9643930990891227,16,8192,0.17723246226076195,3.0732627777657957e-174
53,100052,Earth_Relay2_Mars,1,2,1000000000.0000113,0.9273873324803884,0.01,4.1080559421807022e-10,3.0478072335193358e-09,23781329679.867924,23781.329679867922,16,8192,0,1
53,100052,Direct_Earth_to_Mars,1,1,109311377867.71571,0.9273873324803884,0.10000000000000001,3.4379979376198291e-14,2.5506845891538642e-13,1990239.7519407189,1.9902397519407187,16,8192,0.34325018253722361,0
53,100052,Earth_Relay0_Mars,1,1,70811281956.991104,0.9273873324803884,0.10000000000000001,8.1927826859596041e-14,6.0783063045788713e-13,4742760.7801001295,4.742760780100129,16,8192,0.044188688533560061,6.3415530749871686e-41
53,100052,Earth_Relay0_Mars,1,2,85723147110.56102,0.9273873324803884,0.10000000000000001,5.5903646313707717e-14,4.1475466744637193e-13,3236234.0289535839,3.2362340289535836,16,8192,0.14173162152247976,1.1485059365526275e-136
53,100052,Earth_Relay1_Mars,1,1,168600061379.95657,0.9273873324803884,0.10000000000000001,1.4451765045233292e-14,1.0721907067945779e-13,836605.42561707587,0.83660542561707585,16,8192,0.68895487156826118,0
53,100052,Earth_Relay1_Mars,1,2,84471127426.055054,0.9273873324803884,0.10000000000000001,5.7573120303761022e-14,4.271406596886194e-13,3332879.0403853096,3.3328790403853095,16,8192,0.13185987148477518,1.7059823561148405e-126
53,100052,Earth_Relay2_Mars,1,1,110028164198.7583,0.9273873324803884,0.10000000000000001,3.3933496789808821e-14,2.5175596055706101e-13,1964393.0990891228,1.9643930990891227,16,8192,0.34921020110732759,0
53,100052,Earth_Relay2_Mars,1,2,1000000000.0000113,0.9273873324803884,0.10000000000000001,4.1080559421807022e-10,3.0478072335193358e-09,23781329679.867924,23781.329679867922,16,8192,0,1
53,100052,Direct_Earth_to_Mars,1,1,109311377867.71571,0.9273873324803884,1,3.4379979376198291e-14,2.5506845891538642e-13,1990239.7519407189,1.9902397519407187,16,8192,0.63102468021735048,0
53,100052,Earth_Relay0_Mars,1,1,70811281956.991104,0.9273873324803884,1,8.1927826859596041e-14,6.0783063045788713e-13,4742760.7801001295,4.742760780100129,16,8192,0.19315111084426628,1.2895455577333879e-191
53,100052,Earth_Relay0_Mars,1,2,85723147110.56102,0.9273873324803884,1,5.5903646313707717e-14,4.1475466744637193e-13,3236234.0289535839,3.2362340289535836,16,8192,0.39364468432500643,0
53,100052,Earth_Relay1_Mars,1,1,168600061379.95657,0.9273873324803884,1,1.4451765045233292e-14,1.0721907067945779e-13,836605.42561707587,0.83660542561707585,16,8192,0.85621230223641243,0
53,100052,Earth_Relay1_Mars,1,2,84471127426.055054,0.9273873324803884,1,5.7573120303761022e-14,4.271406596886194e-13,3332879.0403853096,3.3328790403853095,16,8192,0.37762339596980177,0
53,100052,Earth_Relay2_Mars,1,1,110028164198.7583,0.9273873324803884,1,3.3933496789808821e-14,2.5175596055706101e-13,1964393.0990891228,1.9643930990891227,16,8192,0.6363325364438227,0
53,100052,Earth_Relay2_Mars,1,2,1000000000.0000113,0.9273873324803884,1,4.1080559421807022e-10,3.0478072335193358e-09,23781329679.867924,23781.329679867922,16,8192,0,1
53,100052,Direct_Earth_to_Mars,1,1,109311377867.71571,0.9273873324803884,4,3.4379979376198291e-14,2.5506845891538642e-13,1990239.7519407189,1.9902397519407187,16,8192,0.79812012215574701,0
53,100052,Earth_Relay0_Mars,1,1,70811281956.991104,0.9273873324803884,4,8.1927826859596041e-14,6.0783063045788713e-13,4742760.7801001295,4.742760780100129,16,8192,0.4590109177388676,0
53,100052,Earth_Relay0_Mars,1,2,85723147110.56102,0.9273873324803884,4,5.5903646313707717e-14,4.1475466744637193e-13,3236234.0289535839,3.2362340289535836,16,8192,0.64876393781178721,0
53,100052,Earth_Relay1_Mars,1,1,168600061379.95657,0.9273873324803884,4,1.4451765045233292e-14,1.0721907067945779e-13,836605.42561707587,0.83660542561707585,16,8192,0.90539625864869444,0
53,100052,Earth_Relay1_Mars,1,2,84471127426.055054,0.9273873324803884,4,5.7573120303761022e-14,4.271406596886194e-13,3332879.0403853096,3.3328790403853095,16,8192,0.63646736456821817,0
53,100052,Earth_Relay2_Mars,1,1,110028164198.7583,0.9273873324803884,4,3.3933496789808821e-14,2.5175596055706101e-13,1964393.0990891228,1.9643930990891227,16,8192,0.80092837406993378,0
53,100052,Earth_Relay2_Mars,1,2,1000000000.0000113,0.9273873324803884,4,4.1080559421807022e-10,3.0478072335193358e-09,23781329679.867924,23781.329679867922,16,8192,0,1
54,100053,Direct_Earth_to_Mars,1,1,384014807872.17609,0.92960177060663618,0,2.7857388844311437e-15,2.0717022395319573e-14,161650.09851997788,0.16165009851997789,16,8192,0.85073882724264893,0
54,100053,Earth_Relay0_Mars,1,1,394306908926.23932,0.92960177060663618,0,2.6422114826988905e-15,1.9649635781072595e-14,153321.52947856433,0.15332152947856434,16,8192,0.85785385216188814,0
54,100053,Earth_Relay0_Mars,1,2,78129567482.456985,0.92960177060663618,0,6.7298519275624904e-14,5.0048658142260596e-13,3905180.1774935136,3.9051801774935133,16,8192,0.020137325871498968,8.0604470943277903e-19
54,100053,Earth_Relay1_Mars,1,1,362853058856.99048,0.92960177060663618,0,3.1201449630432973e-15,2.3203938257555414e-14,181054.92352186338,0.18105492352186336,16,8192,0.83438952982567571,0
54,100053,Earth_Relay1_Mars,1,2,77405227944.048843,0.92960177060663618,0,6.8563939220720988e-14,5.0989727439478412e-13,3978609.6219892409,3.9786096219892406,16,8192,0.018711637509239876,1.5832004820084647e-17
54,100053,Earth_Relay2_Mars,0,1,384994591628.15167,0.92960177060663618,0,2.7715779134724958e-15,2.0611709885906228e-14,160828.36954767638,0.16082836954767638,16,8192,0.8514381912893525,0
54,100053,Earth_Relay2_Mars,0,2,999999999.99999142,0.92960177060663618,0,4.1080559421808646e-10,3.0550848620819556e-09,23838115319.79681,23838.115319796809,16,8192,0,1
54,100053,Direct_Earth_to_Mars,1,1,384014807872.17609,0.92960177060663618,0.01,2.7857388844311437e-15,2.0717022395319573e-14,161650.09851997788,0.16165009851997789,16,8192,0.86242141488152013,0
54,100053,Earth_Relay0_Mars,1,1,394306908926.23932,0.92960177060663618,0.01,2.6422114826988905e-15,1.9649635781072595e-14,153321.52947856433,0.15332152947856434,16,8192,0.86864796612969997,0
54,100053,Earth_Relay0_Mars,1,2,78129567482.456985,0.92960177060663618,0.01,6.7298519275624904e-14,5.0048658142260596e-13,3905180.1774935136,3.9051801774935133,16,8192,0.030923940015084694,1.1505548706365119e-28
54,100053,Earth_Relay1_Mars,1,1,362853058856.99048,0.92960177060663618,0.01,3.1201449630432973e-15,2.3203938257555414e-14,181054.92352186338,0.18105492352186336,16,8192,0.84808263198414835,0
54,100053,Earth_Relay1_Mars,1,2,77405227944.048843,0.92960177060663618,0.01,6.8563939220720988e-14,5.0989727439478412e-13,3978609.6219892409,3.9786096219892406,16,8192,0.028928088743919278,7.7776976501542336e-27
54,100053,Earth_Relay2_Mars,0,1,384994591628.15167,0.92960177060663618,0.01,2.7715779134724958e-15,2.0611709885906228e-14,160828.36954767638,0.16082836954767638,16,8192,0.86303380826750375,0
54,100053,Earth_Relay2_Mars,0,2,999999999.99999142,0.92960177060663618,0.01,4.1080559421808646e-10,3.0550848620819556e-09,23838115319.79681,23838.115319796809,16,8192,0,1
54,100053,Direct_Earth_to_Mars,1,1,384014807872.17609,0.92960177060663618,0.10000000000000001,2.7857388844311437e-15,2.0717022395319573e-14,161650.09851997788,0.16165009851997789,16,8192,0.9280473647215971,0
54,100053,Earth_Relay0_Mars,1,1,394306908926.23932,0.92960177060663618,0.10000000000000001,2.6422114826988905e-15,1.9649635781072595e-14,153321.52947856433,0.15332152947856434,16,8192,0.93067307619681727,0
54,100053,Earth_Relay0_Mars,1,2,78129567482.456985,0.92960177060663618,0.10000000000000001,6.7298519275624904e-14,5.0048658142260596e-13,3905180.1774935136,3.9051801774935133,16,8192,0.085307001148221429,4.9195680280664701e-80
54,100053,Earth_Relay1_Mars,1,1,362853058856.99048,0.92960177060663618,0.10000000000000001,3.1201449630432973e-15,2.3203938257555414e-14,181054.92352186338,0.18105492352186336,16,8192,0.92186511801833737,0
54,100053,Earth_Relay1_Mars,1,2,77405227944.048843,0.92960177060663618,0.10000000000000001,6.8563939220720988e-14,5.0989727439478412e-13,3978609.6219892409,3.9786096219892406,16,8192,0.080598929402404762,1.8123851903976e-75
54,100053,Earth_Relay2_Mars,0,1,384994591628.15167,0.92960177060663618,0.10000000000000001,2.7715779134724958e-15,2.0611709885906228e-14,160828.36954767638,0.16082836954767638,16,8192,0.92830718331455653,0
54,100053,Earth_Relay2_Mars,0,2,999999999.99999142,0.92960177060663618,0.10000000000000001,4.1080559421808646e-10,3.0550848620819556e-09,23838115319.79681,23838.115319796809,16,8192,0,1
54,100053,Direct_Earth_to_Mars,1,1,384014807872.17609,0.92960177060663618,1,2.7857388844311437e-15,2.0717022395319573e-14,161650.09851997788,0.16165009851997789,16,8192,0.95028981401300816,0
54,100053,Earth_Relay0_Mars,1,1,394306908926.23932,0.92960177060663618,1,2.6422114826988905e-15,1.9649635781072595e-14,153321.52947856433,0.15332152947856434,16,8192,0.95115739054795612,0
54,100053,Earth_Relay0_Mars,1,2,78129567482.456985,0.92960177060663618,1,6.7298519275624904e-14,5.0048658142260596e-13,3905180.1774935136,3.9051801774935133,16,8192,0.29162772065788489,2.1660579319625255e-307
54,100053,Earth_Relay1_Mars,1,1,362853058856.99048,0.92960177060663618,1,3.1201449630432973e-15,2.3203938257555414e-14,181054.92352186338,0.18105492352186336,16,8192,0.94823784315060666,0
54,100053,Earth_Relay1_Mars,1,2,77405227944.048843,0.92960177060663618,1,6.8563939220720988e-14,5.0989727439478412e-13,3978609.6219892409,3.9786096219892406,16,8192,0.28171081751978133,5.0236521342996777e-295
54,100053,Earth_Relay2_Mars,0,1,384994591628.15167,0.92960177060663618,1,2.7715779134724958e-15,2.0611709885906228e-14,160828.36954767638,0.16082836954767638,16,8192,0.95037576383891698,0
54,100053,Earth_Relay2_Mars,0,2,999999999.99999142,0.92960177060663618,1,4.1080559421808646e-10,3.0550848620819556e-09,23838115319.79681,23838.115319796809,16,8192,0,1
54,100053,Direct_Earth_to_Mars,1,1,384014807872.17609,0.92960177060663618,4,2.7857388844311437e-15,2.0717022395319573e-14,161650.09851997788,0.16165009851997789,16,8192,0.94829357988442653,0
54,100053,Earth_Relay0_Mars,1,1,394306908926.23932,0.92960177060663618,4,2.6422114826988905e-15,1.9649635781072595e-14,153321.52947856433,0.15332152947856434,16,8192,0.94872642370745131,0
54,100053,Earth_Relay0_Mars,1,2,78129567482.456985,0.92960177060663618,4,6.7298519275624904e-14,5.0048658142260596e-13,3905180.1774935136,3.9051801774935133,16,8192,0.5633201333431217,0
54,100053,Earth_Relay1_Mars,1,1,362853058856.99048,0.92960177060663618,4,3.1201449630432973e-15,2.3203938257555414e-14,181054.92352186338,0.18105492352186336,16,8192,0.94727610037330412,0
54,100053,Earth_Relay1_Mars,1,2,77405227944.048843,0.92960177060663618,4,6.8563939220720988e-14,5.0989727439478412e-13,3978609.6219892409,3.9786096219892406,16,8192,0.55397278795850158,0
54,100053,Earth_Relay2_Mars,0,1,384994591628.15167,0.92960177060663618,4,2.7715779134724958e-15,2.0611709885906228e-14,160828.36954767638,0.16082836954767638,16,8192,0.94833638891780481,0
54,100053,Earth_Relay2_Mars,0,2,999999999.99999142,0.92960177060663618,4,4.1080559421808646e-10,3.0550848620819556e-09,23838115319.79681,23838.115319796809,16,8192,0,1
55,100054,Direct_Earth_to_Mars,1,1,215564805887.00519,0.87439242720767885,0,8.8405774718721123e-15,6.1841071948382257e-14,482531.47495247604,0.482531474952476,16,8192,0.61721893817183604,0
55,100054,Earth_Relay0_Mars,1,1,252036335168.6879,0.87439242720767885,0,6.467106859991534e-15,4.5238314114555432e-14,352984.02414951811,0.35298402414951807,16,8192,0.70258841773509406,0
55,100054,Earth_Relay0_Mars,1,2,69350090343.02179,0.87439242720767885,0,8.5416601244343333e-14,5.9750103428697455e-13,4662161.3480564188,4.6621613480564186,16,8192,0.0094460241766120001,3.6177779259538522e-09
55,100054,Earth_Relay1_Mars,1,1,180161329553.38742,0.87439242720767885,0,1.2656487445577103e-14,8.8533894219693441e-14,690809.34749600058,0.69080934749600054,16,8192,0.50117028396323193,0
55,100054,Earth_Relay1_Mars,1,2,71330742424.608536,0.87439242720767885,0,8.0738906004180988e-14,5.6477990392870763e-13,4406845.9921540245,4.4068459921540244,16,8192,0.012193576379781246,1.2244488211808959e-11
55,100054,Earth_Relay2_Mars,1,1,216364935608.09332,0.87439242720767885,0,8.7753124651825019e-15,6.1384534127493835e-14,478969.21671302064,0.47896921671302062,16,8192,0.6194215522307206,0
55,100054,Earth_Relay2_Mars,1,2,999999999.99998748,0.87439242720767885,0,4.1080559421808987e-10,2.8736424051107879e-09,22422362105.583824,22422.362105583823,16,8192,0,1
55,100054,Direct_Earth_to_Mars,1,1,215564805887.00519,0.87439242720767885,0.01,8.8405774718721123e-15,6.1841071948382257e-14,482531.47495247604,0.482531474952476,16,8192,0.65305614246272436,0
55,100054,Earth_Relay0_Mars,1,1,252036335168.6879,0.87439242720767885,0.01,6.467106859991534e-15,4.5238314114555432e-14,352984.02414951811,0.35298402414951807,16,8192,0.73080164257341518,0
55,100054,Earth_Relay0_Mars,1,2,69350090343.02179,0.87439242720767885,0.01,8.5416601244343333e-14,5.9750103428697455e-13,4662161.3480564188,4.6621613480564186,16,8192,0.01551470589638948,1.2373984292328314e-14
55,100054,Earth_Relay1_Mars,1,1,180161329553.38742,0.87439242720767885,0.01,1.2656487445577103e-14,8.8533894219693441e-14,690809.34749600058,0.69080934749600054,16,8192,0.54471039886449701,0
55,100054,Earth_Relay1_Mars,1,2,71330742424.608536,0.87439242720767885,0.01,8.0738906004180988e-14,5.6477990392870763e-13,4406845.9921540245,4.4068459921540244,16,8192,0.019587605892233628,2.5421885156019393e-18
55,100054,Earth_Relay2_Mars,1,1,216364935608.09332,0.87439242720767885,0.01,8.7753124651825019e-15,6.1384534127493835e-14,478969.21671302064,0.47896921671302062,16,8192,0.65508155131147627,0
55,100054,Earth_Relay2_Mars,1,2,999999999.99998748,0.87439242720767885,0.01,4.1080559421808987e-10,2.8736424051107879e-09,22422362105.583824,22422.362105583823,16,8192,0,1
55,100054,Direct_Earth_to_Mars,1,1,215564805887.00519,0.87439242720767885,0.10000000000000001,8.8405774718721123e-15,6.1841071948382257e-14,482531.47495247604,0.482531474952476,16,8192,0.81770454924101066,0
55,100054,Earth_Relay0_Mars,1,1,252036335168.6879,0.87439242720767885,0.10000000000000001,6.467106859991534e-15,4.5238314114555432e-14,352984.02414951811,0.35298402414951807,16,8192,0.86390074263526595,0
55,100054,Earth_Relay0_Mars,1,2,69350090343.02179,0.87439242720767885,0.10000000000000001,8.5416601244343333e-14,5.9750103428697455e-13,4662161.3480564188,4.6621613480564186,16,8192,0.047118658514488931,1.1789885733717404e-43
55,100054,Earth_Relay1_Mars,1,1,180161329553.38742,0.87439242720767885,0.10000000000000001,1.2656487445577103e-14,8.8533894219693441e-14,690809.34749600058,0.69080934749600054,16,8192,0.74179365504539141,0
55,100054,Earth_Relay1_Mars,1,2,71330742424.608536,0.87439242720767885,0.10000000000000001,8.0738906004180988e-14,5.6477990392870763e-13,4406845.9921540245,4.4068459921540244,16,8192,0.057675879882612135,1.4528810174100145e-53
55,100054,Earth_Relay2_Mars,1,1,216364935608.09332,0.87439242720767885,0.10000000000000001,8.7753124651825019e-15,6.1384534127493835e-14,478969.21671302064,0.47896921671302062,16,8192,0.81899200256341076,0
55,100054,Earth_Relay2_Mars,1,2,999999999.99998748,0.87439242720767885,0.10000000000000001,4.1080559421808987e-10,2.8736424051107879e-09,22422362105.583824,22422.362105583823,16,8192,0,1
55,100054,Direct_Earth_to_Mars,1,1,215564805887.00519,0.87439242720767885,1,8.8405774718721123e-15,6.1841071948382257e-14,482531.47495247604,0.482531474952476,16,8192,0.91107622158168367,0
55,100054,Earth_Relay0_Mars,1,1,252036335168.6879,0.87439242720767885,1,6.467106859991534e-15,4.5238314114555432e-14,352984.02414951811,0.35298402414951807,16,8192,0.92822824168673812,0
55,100054,Earth_Relay0_Mars,1,2,69350090343.02179,0.87439242720767885,1,8.5416601244343333e-14,5.9750103428697455e-13,4662161.3480564188,4.6621613480564186,16,8192,0.20127853415469021,1.2755275299414629e-200
55,100054,Earth_Relay1_Mars,1,1,180161329553.38742,0.87439242720767885,1,1.2656487445577103e-14,8.8533894219693441e-14,690809.34749600058,0.69080934749600054,16,8192,0.88010433534097465,0
55,100054,Earth_Relay1_Mars,1,2,71330742424.608536,0.87439242720767885,1,8.0738906004180988e-14,5.6477990392870763e-13,4406845.9921540245,4.4068459921540244,16,8192,0.228864727892921,6.9727505665511525e-232
55,100054,Earth_Relay2_Mars,1,1,216364935608.09332,0.87439242720767885,1,8.7753124651825019e-15,6.1384534127493835e-14,478969.21671302064,0.47896921671302062,16,8192,0.91157051641006515,0
55,100054,Earth_Relay2_Mars,1,2,999999999.99998748,0.87439242720767885,1,4.1080559421808987e-10,2.8736424051107879e-09,22422362105.583824,22422.362105583823,16,8192,0,1
55,100054,Direct_Earth_to_Mars,1,1,215564805887.00519,0.87439242720767885,4,8.8405774718721123e-15,6.1841071948382257e-14,482531.47495247604,0.482531474952476,16,8192,0.92983457497885902,0
55,100054,Earth_Relay0_Mars,1,1,252036335168.6879,0.87439242720767885,4,6.467106859991534e-15,4.5238314114555432e-14,352984.02414951811,0.35298402414951807,16,8192,0.93770745623123186,0
55,100054,Earth_Relay0_Mars,1,2,69350090343.02179,0.87439242720767885,4,8.5416601244343333e-14,5.9750103428697455e-13,4662161.3480564188,4.6621613480564186,16,8192,0.4687550691069754,0
55,100054,Earth_Relay1_Mars,1,1,180161329553.38742,0.87439242720767885,4,1.2656487445577103e-14,8.8533894219693441e-14,690809.34749600058,0.69080934749600054,16,8192,0.91597576850198426,0
55,100054,Earth_Relay1_Mars,1,2,71330742424.608536,0.87439242720767885,4,8.0738906004180988e-14,5.6477990392870763e-13,4406845.9921540245,4.4068459921540244,16,8192,0.50010576525880757,0
55,100054,Earth_Relay2_Mars,1,1,216364935608.09332,0.87439242720767885,4,8.7753124651825019e-15,6.1384534127493835e-14,478969.21671302064,0.47896921671302062,16,8192,0.93005871904295434,0
55,100054,Earth_Relay2_Mars,1,2,999999999.99998748,0.87439242720767885,4,4.1080559421808987e-10,2.8736424051107879e-09,22422362105.583824,22422.362105583823,16,8192,0,1
56,100055,Direct_Earth_to_Mars,1,1,104312243017.04601,0.85874329175549013,0,3.7754244223744672e-14,2.5936963169951357e-13,2023800.8009678551,2.0238008009678552,16,8192,0.13215222502352175,8.5585322165340505e-127
56,100055,Earth_Relay0_Mars,1,1,69058595081.679642,0.85874329175549013,0,8.6139207391706065e-14,5.9177173203810017e-13,4617456.9375813641,4.6174569375813634,16,8192,0.0098778842234292785,1.4810950806143013e-09
56,100055,Earth_Relay0_Mars,1,2,85695608392.50589,0.85874329175549013,0,5.5939581926941691e-14,3.8430192578694269e-13,2998618.3815156431,2.9986183815156431,16,8192,0.049855902642206185,3.2571982133654902e-46
56,100055,Earth_Relay1_Mars,1,1,163409633298.56769,0.85874329175549013,0,1.5384416827632431e-14,1.0569011798639703e-13,824675.36401123926,0.8246753640112392,16,8192,0.43837728241000662,0
56,100055,Earth_Relay1_Mars,1,2,83983048712.087723,0.85874329175549013,0,5.8244252610234666e-14,4.0013488969880972e-13,3122159.3097136444,3.1221593097136444,16,8192,0.044061922286955046,8.3205261174676031e-41
56,100055,Earth_Relay2_Mars,1,1,105040257039.80499,0.85874329175549013,0,3.7232722833973044e-14,2.5578680773972652e-13,1995844.8604360654,1.9958448604360652,16,8192,0.13589879014054718,1.2143051816951195e-130
56,100055,Earth_Relay2_Mars,1,2,1000000000.0000045,0.85874329175549013,0,4.1080559421807575e-10,2.8222123860032043e-09,22021065650.09013,22021.065650090128,16,8192,0,1
56,100055,Direct_Earth_to_Mars,1,1,104312243017.04601,0.85874329175549013,0.01,3.7754244223744672e-14,2.5936963169951357e-13,2023800.8009678551,2.0238008009678552,16,8192,0.16810445887452841,1.9993797696443283e-164
56,100055,Earth_Relay0_Mars,1,1,69058595081.679642,0.85874329175549013,0.01,8.6139207391706065e-14,5.9177173203810017e-13,4617456.9375813641,4.6174569375813634,16,8192,0.016161595246027005,3.2202090060469822e-15
56,100055,Earth_Relay0_Mars,1,2,85695608392.50589,0.85874329175549013,0.01,5.5939581926941691e-14,3.8430192578694269e-13,2998618.3815156431,2.9986183815156431,16,8192,0.070212308477724972,1.7783100725177859e-65
56,100055,Earth_Relay1_Mars,1,1,163409633298.56769,0.85874329175549013,0.01,1.5384416827632431e-14,1.0569011798639703e-13,824675.36401123926,0.8246753640112392,16,8192,0.48458825349130485,0
56,100055,Earth_Relay1_Mars,1,2,83983048712.087723,0.85874329175549013,0.01,5.8244252610234666e-14,4.0013488969880972e-13,3122159.3097136444,3.1221593097136444,16,8192,0.06281568962513373,1.9843540717010262e-58
56,100055,Earth_Relay2_Mars,1,1,105040257039.80499,0.85874329175549013,0.01,3.7232722833973044e-14,2.5578680773972652e-13,1995844.8604360654,1.9958448604360652,16,8192,0.17234067637475503,5.7557364161068996e-169
56,100055,Earth_Relay2_Mars,1,2,1000000000.0000045,0.85874329175549013,0.01,4.1080559421807575e-10,2.8222123860032043e-09,22021065650.09013,22021.065650090128,16,8192,0,1
56,100055,Direct_Earth_to_Mars,1,1,104312243017.04601,0.85874329175549013,0.10000000000000001,3.7754244223744672e-14,2.5936963169951357e-13,2023800.8009678551,2.0238008009678552,16,8192,0.33563457410506303,0
56,100055,Earth_Relay0_Mars,1,1,69058595081.679642,0.85874329175549013,0.10000000000000001,8.6139207391706065e-14,5.9177173203810017e-13,4617456.9375813641,4.6174569375813634,16,8192,0.04882298589252998,3.0146578205175239e-45
56,100055,Earth_Relay0_Mars,1,2,85695608392.50589,0.85874329175549013,0.10000000000000001,5.5939581926941691e-14,3.8430192578694269e-13,2998618.3815156431,2.9986183815156431,16,8192,0.16894479026211828,2.5234039530885266e-165
56,100055,Earth_Relay1_Mars,1,1,163409633298.56769,0.85874329175549013,0.10000000000000001,1.5384416827632431e-14,1.0569011798639703e-13,824675.36401123926,0.8246753640112392,16,8192,0.69324313503818935,0
56,100055,Earth_Relay1_Mars,1,2,83983048712.087723,0.85874329175549013,0.10000000000000001,5.8244252610234666e-14,4.0013488969880972e-13,3122159.3097136444,3.1221593097136444,16,8192,0.15425331966067279,9.7305658011419815e-150
56,100055,Earth_Relay2_Mars,1,1,105040257039.80499,0.85874329175549013,0.10000000000000001,3.7232722833973044e-14,2.5578680773972652e-13,1995844.8604360654,1.9958448604360652,16,8192,0.34196861545519841,0
56,100055,Earth_Relay2_Mars,1,2,1000000000.0000045,0.85874329175549013,0.10000000000000001,4.1080559421807575e-10,2.8222123860032043e-09,22021065650.09013,22021.065650090128,16,8192,0,1
56,100055,Direct_Earth_to_Mars,1,1,104312243017.04601,0.85874329175549013,1,3.7754244223744672e-14,2.5936963169951357e-13,2023800.8009678551,2.0238008009678552,16,8192,0.62413930485607239,0
56,100055,Earth_Relay0_Mars,1,1,69058595081.679642,0.85874329175549013,1,8.6139207391706065e-14,5.9177173203810017e-13,4617456.9375813641,4.6174569375813634,16,8192,0.20590486380101836,8.6886782108715826e-206
56,100055,Earth_Relay0_Mars,1,2,85695608392.50589,0.85874329175549013,1,5.5939581926941691e-14,3.8430192578694269e-13,2998618.3815156431,2.9986183815156431,16,8192,0.43478039317759021,0
56,100055,Earth_Relay1_Mars,1,1,163409633298.56769,0.85874329175549013,1,1.5384416827632431e-14,1.0569011798639703e-13,824675.36401123926,0.8246753640112392,16,8192,0.85822914617754575,0
56,100055,Earth_Relay1_Mars,1,2,83983048712.087723,0.85874329175549013,1,5.8244252610234666e-14,4.0013488969880972e-13,3122159.3097136444,3.1221593097136444,16,8192,0.41308978636797777,0
56,100055,Earth_Relay2_Mars,1,1,105040257039.80499,0.85874329175549013,1,3.7232722833973044e-14,2.5578680773972652e-13,1995844.8604360654,1.9958448604360652,16,8192,0.62987416746674574,0
56,100055,Earth_Relay2_Mars,1,2,1000000000.0000045,0.85874329175549013,1,4.1080559421807575e-10,2.8222123860032043e-09,22021065650.09013,22021.065650090128,16,8192,0,1
56,100055,Direct_Earth_to_Mars,1,1,104312243017.04601,0.85874329175549013,4,3.7754244223744672e-14,2.5936963169951357e-13,2023800.8009678551,2.0238008009678552,16,8192,0.79445044325425151,0
56,100055,Earth_Relay0_Mars,1,1,69058595081.679642,0.85874329175549013,4,8.6139207391706065e-14,5.9177173203810017e-13,4617456.9375813641,4.6174569375813634,16,8192,0.47419306617394552,0
56,100055,Earth_Relay0_Mars,1,2,85695608392.50589,0.85874329175549013,4,5.5939581926941691e-14,3.8430192578694269e-13,2998618.3815156431,2.9986183815156431,16,8192,0.67875837736473499,0
56,100055,Earth_Relay1_Mars,1,1,163409633298.56769,0.85874329175549013,4,1.5384416827632431e-14,1.0569011798639703e-13,824675.36401123926,0.8246753640112392,16,8192,0.90628892669871874,0
56,100055,Earth_Relay1_Mars,1,2,83983048712.087723,0.85874329175549013,4,5.8244252610234666e-14,4.0013488969880972e-13,3122159.3097136444,3.1221593097136444,16,8192,0.66321323131604859,0
56,100055,Earth_Relay2_Mars,1,1,105040257039.80499,0.85874329175549013,4,3.7232722833973044e-14,2.5578680773972652e-13,1995844.8604360654,1.9958448604360652,16,8192,0.79750905744713585,0
56,100055,Earth_Relay2_Mars,1,2,1000000000.0000045,0.85874329175549013,4,4.1080559421807575e-10,2.8222123860032043e-09,22021065650.09013,22021.065650090128,16,8192,0,1
57,100056,Direct_Earth_to_Mars,1,1,134274055478.83459,0.97640176095198672,0,2.2785162845348247e-14,1.7797978500620645e-13,1388734.7917004533,1.3887347917004531,16,8192,0.24939063621230251,7.0441198077183748e-256
57,100056,Earth_Relay0_Mars,1,1,173408171158.87466,0.97640176095198672,0,1.3661463717881593e-14,1.0671261785057011e-13,832653.6922007954,0.83265369220079533,16,8192,0.43489367972152904,0
57,100056,Earth_Relay0_Mars,1,2,70198260033.989517,0.97640176095198672,0,8.3364980661516727e-14,6.5118171135706605e-13,5081019.1632103883,5.0810191632103878,16,8192,0.0062135731426944396,2.8588319441114766e-06
57,100056,Earth_Relay1_Mars,1,1,105059340191.1445,0.97640176095198672,0,3.7219198036396178e-14,2.9072712403166364e-13,2268476.0070909462,2.2684760070909462,16,8192,0.10346974714801416,7.1287903107665709e-98
57,100056,Earth_Relay1_Mars,1,2,68973081300.770432,0.97640176095198672,0,8.6352932962880347e-14,6.7452124646660184e-13,5263132.1173731117,5.2631321173731118,16,8192,0.0051790578713358792,2.4076552713225819e-05
57,100056,Earth_Relay2_Mars,1,1,135078226687.53398,0.97640176095198672,0,2.2514673218032055e-14,1.7586693261876024e-13,1372248.6968325919,1.3722486968325918,16,8192,0.25353619201979971,8.3547261034045082e-261
57,100056,Earth_Relay2_Mars,1,2,999999999.99998164,0.97640176095198672,0,4.1080559421809457e-10,3.2088904448277987e-09,25038224444.040707,25038.224444040705,16,8192,0,1
57,100056,Direct_Earth_to_Mars,1,1,134274055478.83459,0.97640176095198672,0.01,2.2785162845348247e-14,1.7797978500620645e-13,1388734.7917004533,1.3887347917004531,16,8192,0.2951952753602346,6.9970682799648807e-312
57,100056,Earth_Relay0_Mars,1,1,173408171158.87466,0.97640176095198672,0.01,1.3661463717881593e-14,1.0671261785057011e-13,832653.6922007954,0.83265369220079533,16,8192,0.4812180759770619,0
57,100056,Earth_Relay0_Mars,1,2,70198260033.989517,0.97640176095198672,0.01,8.3364980661516727e-14,6.5118171135706605e-13,5081019.1632103883,5.0810191632103878,16,8192,0.010573897349990369,3.5085573670810934e-10
57,100056,Earth_Relay1_Mars,1,1,105059340191.1445,0.97640176095198672,0.01,3.7219198036396178e-14,2.9072712403166364e-13,2268476.0070909462,2.2684760070909462,16,8192,0.1351505545892564,7.1477122097379907e-130
57,100056,Earth_Relay1_Mars,1,2,68973081300.770432,0.97640176095198672,0.01,8.6352932962880347e-14,6.7452124646660184e-13,5263132.1173731117,5.2631321173731118,16,8192,0.0089471238808126463,1.0146122675825114e-08
57,100056,Earth_Relay2_Mars,1,1,135078226687.53398,0.97640176095198672,0.01,2.2514673218032055e-14,1.7586693261876024e-13,1372248.6968325919,1.3722486968325918,16,8192,0.29952151169582786,2.3364463204961717e-317
57,100056,Earth_Relay2_Mars,1,2,999999999.99998164,0.97640176095198672,0.01,4.1080559421809457e-10,3.2088904448277987e-09,25038224444.040707,25038.224444040705,16,8192,0,1
57,100056,Direct_Earth_to_Mars,1,1,134274055478.83459,0.97640176095198672,0.10000000000000001,2.2785162845348247e-14,1.7797978500620645e-13,1388734.7917004533,1.3887347917004531,16,8192,0.50392066949859282,0
57,100056,Earth_Relay0_Mars,1,1,173408171158.87466,0.97640176095198672,0.10000000000000001,1.3661463717881593e-14,1.0671261785057011e-13,832653.6922007954,0.83265369220079533,16,8192,0.69037444663538117,0
57,100056,Earth_Relay0_Mars,1,2,70198260033.989517,0.97640176095198672,0.10000000000000001,8.3364980661516727e-14,6.5118171135706605e-13,5081019.1632103883,5.0810191632103878,16,8192,0.033689668590552113,3.3025061662358516e-31
57,100056,Earth_Relay1_Mars,1,1,105059340191.1445,0.97640176095198672,0.10000000000000001,3.7219198036396178e-14,2.9072712403166364e-13,2268476.0070909462,2.2684760070909462,16,8192,0.28421579962869137,3.924252866418204e-298
57,100056,Earth_Relay1_Mars,1,2,68973081300.770432,0.97640176095198672,0.10000000000000001,8.6352932962880347e-14,6.7452124646660184e-13,5263132.1173731117,5.2631321173731118,16,8192,0.029077934151298113,5.6701216465125189e-27
57,100056,Earth_Relay2_Mars,1,1,135078226687.53398,0.97640176095198672,0.10000000000000001,2.2514673218032055e-14,1.7586693261876024e-13,1372248.6968325919,1.3722486968325918,16,8192,0.50896895985308466,0
57,100056,Earth_Relay2_Mars,1,2,999999999.99998164,0.97640176095198672,0.10000000000000001,4.1080559421809457e-10,3.2088904448277987e-09,25038224444.040707,25038.224444040705,16,8192,0,1
57,100056,Direct_Earth_to_Mars,1,1,134274055478.83459,0.97640176095198672,1,2.2785162845348247e-14,1.7797978500620645e-13,1388734.7917004533,1.3887347917004531,16,8192,0.75358045712555544,0
57,100056,Earth_Relay0_Mars,1,1,173408171158.87466,0.97640176095198672,1,1.3661463717881593e-14,1.0671261785057011e-13,832653.6922007954,0.83265369220079533,16,8192,0.85688152974935095,0
57,100056,Earth_Relay0_Mars,1,2,70198260033.989517,0.97640176095198672,1,8.3364980661516727e-14,6.5118171135706605e-13,5081019.1632103883,5.0810191632103878,16,8192,0.16192978905553379,7.5555731231386331e-158
57,100056,Earth_Relay1_Mars,1,1,105059340191.1445,0.97640176095198672,1,3.7219198036396178e-14,2.9072712403166364e-13,2268476.0070909462,2.2684760070909462,16,8192,0.57434357867221131,0
57,100056,Earth_Relay1_Mars,1,2,68973081300.770432,0.97640176095198672,1,8.6352932962880347e-14,6.7452124646660184e-13,5263132.1173731117,5.2631321173731118,16,8192,0.14695231822479571,4.2986580506914757e-142
57,100056,Earth_Relay2_Mars,1,1,135078226687.53398,0.97640176095198672,1,2.2514673218032055e-14,1.7586693261876024e-13,1372248.6968325919,1.3722486968325918,16,8192,0.75684678487567558,0
57,100056,Earth_Relay2_Mars,1,2,999999999.99998164,0.97640176095198672,1,4.1080559421809457e-10,3.2088904448277987e-09,25038224444.040707,25038.224444040705,16,8192,0,1
57,100056,Direct_Earth_to_Mars,1,1,134274055478.83459,0.97640176095198672,4,2.2785162845348247e-14,1.7797978500620645e-13,1388734.7917004533,1.3887347917004531,16,8192,0.85898820157907418,0
57,100056,Earth_Relay0_Mars,1,1,173408171158.87466,0.97640176095198672,4,1.3661463717881593e-14,1.0671261785057011e-13,832653.6922007954,0.83265369220079533,16,8192,0.90569247778554984,0
57,100056,Earth_Relay0_Mars,1,2,70198260033.989517,0.97640176095198672,4,8.3364980661516727e-14,6.5118171135706605e-13,5081019.1632103883,5.0810191632103878,16,8192,0.41905251880517569,0
57,100056,Earth_Relay1_Mars,1,1,105059340191.1445,0.97640176095198672,4,3.7219198036396178e-14,2.9072712403166364e-13,2268476.0070909462,2.2684760070909462,16,8192,0.76694890158165663,0
57,100056,Earth_Relay1_Mars,1,2,68973081300.770432,0.97640176095198672,4,8.6352932962880347e-14,6.7452124646660184e-13,5263132.1173731117,5.2631321173731118,16,8192,0.39823629963826479,0
57,100056,Earth_Relay2_Mars,1,1,135078226687.53398,0.97640176095198672,4,2.2514673218032055e-14,1.7586693261876024e-13,1372248.6968325919,1.3722486968325918,16,8192,0.86051326535750294,0
57,100056,Earth_Relay2_Mars,1,2,999999999.99998164,0.97640176095198672,4,4.1080559421809457e-10,3.2088904448277987e-09,25038224444.040707,25038.224444040705,16,8192,0,1
58,100057,Direct_Earth_to_Mars,1,1,193004883271.58929,0.91366483396310272,0,1.1028076100354049e-14,8.0607722553299557e-14,628963.27684405714,0.62896327684405706,16,8192,0.5331442375720763,0
58,100057,Earth_Relay0_Mars,1,1,230735335144.31549,0.91366483396310272,0,7.7162827429121332e-15,5.6400769528921353e-14,440082.06280707958,0.44008206280707957,16,8192,0.64398357181507504,0
58,100057,Earth_Relay0_Mars,1,2,69000862717.408844,0.91366483396310272,0,8.6283411401408739e-14,6.3067295001470564e-13,4920994.0771601722,4.9209940771601719,16,8192,0.0072918785527918972,3.0944637462696461e-07
58,100057,Earth_Relay1_Mars,1,1,157797951354.54025,0.91366483396310272,0,1.6498088459236458e-14,1.2058978602253486e-13,940934.00195627462,0.94093400195627452,16,8192,0.39026315852706883,0
58,100057,Earth_Relay1_Mars,1,2,70312246184.26001,0.91366483396310272,0,8.3094906774982345e-14,6.0736715361394991e-13,4739144.3782806722,4.7391443782806721,16,8192,0.0087461263605911332,1.536986397437472e-08
58,100057,Earth_Relay2_Mars,1,1,193794970418.28094,0.91366483396310272,0,1.0938338170018767e-14,7.9951799423539724e-14,623845.26149783807,0.62384526149783803,16,8192,0.53587987250104163,0
58,100057,Earth_Relay2_Mars,1,2,1000000000.0000039,0.91366483396310272,0,4.1080559421807627e-10,3.002709000258979e-09,23429438673.983768,23429.438673983768,16,8192,0,1
58,100057,Direct_Earth_to_Mars,1,1,193004883271.58929,0.91366483396310272,0.01,1.1028076100354049e-14,8.0607722553299557e-14,628963.27684405714,0.62896327684405706,16,8192,0.57489868631170871,0
58,100057,Earth_Relay0_Mars,1,1,230735335144.31549,0.91366483396310272,0.01,7.7162827429121332e-15,5.6400769528921353e-14,440082.06280707958,0.44008206280707957,16,8192,0.67759538764448668,0
58,100057,Earth_Relay0_Mars,1,2,69000862717.408844,0.91366483396310272,0.01,8.6283411401408739e-14,6.3067295001470564e-13,4920994.0771601722,4.9209940771601719,16,8192,0.012243626870391822,1.1037566030825445e-11
58,100057,Earth_Relay1_Mars,1,1,157797951354.54025,0.91366483396310272,0.01,1.6498088459236458e-14,1.2058978602253486e-13,940934.00195627462,0.94093400195627452,16,8192,0.43768915381339746,0
58,100057,Earth_Relay1_Mars,1,2,70312246184.26001,0.91366483396310272,0.01,8.3094906774982345e-14,6.0736715361394991e-13,4739144.3782806722,4.7391443782806721,16,8192,0.014460362212755151,1.1080226715953033e-13
58,100057,Earth_Relay2_Mars,1,1,193794970418.28094,0.91366483396310272,0.01,1.0938338170018767e-14,7.9951799423539724e-14,623845.26149783807,0.62384526149783803,16,8192,0.5774690537589855,0
58,100057,Earth_Relay2_Mars,1,2,1000000000.0000039,0.91366483396310272,0.01,4.1080559421807627e-10,3.002709000258979e-09,23429438673.983768,23429.438673983768,16,8192,0,1
58,100057,Direct_Earth_to_Mars,1,1,193004883271.58929,0.91366483396310272,0.10000000000000001,1.1028076100354049e-14,8.0607722553299557e-14,628963.27684405714,0.62896327684405706,16,8192,0.76438089837841683,0
58,100057,Earth_Relay0_Mars,1,1,230735335144.31549,0.91366483396310272,0.10000000000000001,7.7162827429121332e-15,5.6400769528921353e-14,440082.06280707958,0.44008206280707957,16,8192,0.83299457250308406,0
58,100057,Earth_Relay0_Mars,1,2,69000862717.408844,0.91366483396310272,0.10000000000000001,8.6283411401408739e-14,6.3067295001470564e-13,4920994.0771601722,4.9209940771601719,16,8192,0.038316856558066714,1.7764116714238279e-35
58,100057,Earth_Relay1_Mars,1,1,157797951354.54025,0.91366483396310272,0.10000000000000001,1.6498088459236458e-14,1.2058978602253486e-13,940934.00195627462,0.94093400195627452,16,8192,0.65183685678448655,0
58,100057,Earth_Relay1_Mars,1,2,70312246184.26001,0.91366483396310272,0.10000000000000001,8.3094906774982345e-14,6.0736715361394991e-13,4739144.3782806722,4.7391443782806721,16,8192,0.044316327716023673,4.8240567359770862e-41
58,100057,Earth_Relay2_Mars,1,1,193794970418.28094,0.91366483396310272,0.10000000000000001,1.0938338170018767e-14,7.9951799423539724e-14,623845.26149783807,0.62384526149783803,16,8192,0.7662511427871822,0
58,100057,Earth_Relay2_Mars,1,2,1000000000.0000039,0.91366483396310272,0.10000000000000001,4.1080559421807627e-10,3.002709000258979e-09,23429438673.983768,23429.438673983768,16,8192,0,1
58,100057,Direct_Earth_to_Mars,1,1,193004883271.58929,0.91366483396310272,1,1.1028076100354049e-14,8.0607722553299557e-14,628963.27684405714,0.62896327684405706,16,8192,0.88971122685795845,0
58,100057,Earth_Relay0_Mars,1,1,230735335144.31549,0.91366483396310272,1,7.7162827429121332e-15,5.6400769528921353e-14,440082.06280707958,0.44008206280707957,16,8192,0.91688453392263802,0
58,100057,Earth_Relay0_Mars,1,2,69000862717.408844,0.91366483396310272,1,8.6283411401408739e-14,6.3067295001470564e-13,4920994.0771601722,4.9209940771601719,16,8192,0.1761314183558339,4.7540500998972425e-173
58,100057,Earth_Relay1_Mars,1,1,157797951354.54025,0.91366483396310272,1,1.6498088459236458e-14,1.2058978602253486e-13,940934.00195627462,0.94093400195627452,16,8192,0.83814353520857832,0
58,100057,Earth_Relay1_Mars,1,2,70312246184.26001,0.91366483396310272,1,8.3094906774982345e-14,6.0736715361394991e-13,4739144.3782806722,4.7391443782806721,16,8192,0.19350994501194141,5.1854390544673715e-192
58,100057,Earth_Relay2_Mars,1,1,193794970418.28094,0.91366483396310272,1,1.0938338170018767e-14,7.9951799423539724e-14,623845.26149783807,0.62384526149783803,16,8192,0.89049126961241698,0
58,100057,Earth_Relay2_Mars,1,2,1000000000.0000039,0.91366483396310272,1,4.1080559421807627e-10,3.002709000258979e-09,23429438673.983768,23429.438673983768,16,8192,0,1
58,100057,Direct_Earth_to_Mars,1,1,193004883271.58929,0.91366483396310272,4,1.1028076100354049e-14,8.0607722553299557e-14,628963.27684405714,0.62896327684405706,16,8192,0.92024556172051364,0
58,100057,Earth_Relay0_Mars,1,1,230735335144.31549,0.91366483396310272,4,7.7162827429121332e-15,5.6400769528921353e-14,440082.06280707958,0.44008206280707957,16,8192,0.93247738137810687,0
58,100057,Earth_Relay0_Mars,1,2,69000862717.408844,0.91366483396310272,4,8.6283411401408739e-14,6.3067295001470564e-13,4920994.0771601722,4.9209940771601719,16,8192,0.43775817119960536,0
58,100057,Earth_Relay1_Mars,1,1,157797951354.54025,0.91366483396310272,4,1.6498088459236458e-14,1.2058978602253486e-13,940934.00195627462,0.94093400195627452,16,8192,0.89738668504479635,0
58,100057,Earth_Relay1_Mars,1,2,70312246184.26001,0.91366483396310272,4,8.3094906774982345e-14,6.0736715361394991e-13,4739144.3782806722,4.7391443782806721,16,8192,0.45944641664974861,0
58,100057,Earth_Relay2_Mars,1,1,193794970418.28094,0.91366483396310272,4,1.0938338170018767e-14,7.9951799423539724e-14,623845.26149783807,0.62384526149783803,16,8192,0.92059306312888678,0
58,100057,Earth_Relay2_Mars,1,2,1000000000.0000039,0.91366483396310272,4,4.1080559421807627e-10,3.002709000258979e-09,23429438673.983768,23429.438673983768,16,8192,0,1
59,100058,Direct_Earth_to_Mars,1,1,218068974555.65549,0.85496101172530048,0,8.6387038588530592e-15,5.9086039929282164e-14,461034.60205177206,0.46103460205177205,16,8192,0.63063085589899703,0
59,100058,Earth_Relay0_Mars,1,1,171929047705.3367,0.85496101172530048,0,1.3897536831627524e-14,9.5054817200463156e-14,741690.59008811926,0.74169059008811922,16,8192,0.47630799289889947,0
59,100058,Earth_Relay0_Mars,1,2,75880346677.747253,0.85496101172530048,0,7.1347331791410416e-14,4.879934957782796e-13,3807699.5411989787,3.8076995411989785,16,8192,0.022199188580518503,1.0784636867633969e-20
59,100058,Earth_Relay1_Mars,1,1,261078755275.88919,0.85496101172530048,0,6.0268902372009807e-15,4.1222049398037494e-14,321646.04638809466,0.32164604638809463,16,8192,0.72495474527350745,0
59,100058,Earth_Relay1_Mars,1,2,79855350341.615143,0.85496101172530048,0,6.4421125830655612e-14,4.4062040733328169e-13,3438058.3703683862,3.438058370368386,16,8192,0.032127003550897926,9.0370863918643783e-30
59,100058,Earth_Relay2_Mars,1,1,218836622487.63425,0.85496101172530048,0,8.5782034551791825e-15,5.8672236038603703e-14,457805.78671239992,0.45780578671239991,16,8192,0.63267033726251931,0
59,100058,Earth_Relay2_Mars,1,2,1000000000.0000008,0.85496101172530048,0,4.1080559421807875e-10,2.8097821316408149e-09,21924075271.648361,21924.075271648358,16,8192,0,1
59,100058,Direct_Earth_to_Mars,1,1,218068974555.65549,0.85496101172530048,0.01,8.6387038588530592e-15,5.9086039929282164e-14,461034.60205177206,0.46103460205177205,16,8192,0.66537243249762312,0
59,100058,Earth_Relay0_Mars,1,1,171929047705.3367,0.85496101172530048,0.01,1.3897536831627524e-14,9.5054817200463156e-14,741690.59008811926,0.74169059008811922,16,8192,0.52104331559481398,0
59,100058,Earth_Relay0_Mars,1,2,75880346677.747253,0.85496101172530048,0.01,7.1347331791410416e-14,4.879934957782796e-13,3807699.5411989787,3.8076995411989785,16,8192,0.033785608502881148,2.6948331530625872e-31
59,100058,Earth_Relay1_Mars,1,1,261078755275.88919,0.85496101172530048,0.01,6.0268902372009807e-15,4.1222049398037494e-14,321646.04638809466,0.32164604638809463,16,8192,0.75092725917701142,0
59,100058,Earth_Relay1_Mars,1,2,79855350341.615143,0.85496101172530048,0.01,6.4421125830655612e-14,4.4062040733328169e-13,3438058.3703683862,3.438058370368386,16,8192,0.047225344553574744,9.3739259669695628e-44
59,100058,Earth_Relay2_Mars,1,1,218836622487.63425,0.85496101172530048,0.01,8.5782034551791825e-15,5.8672236038603703e-14,457805.78671239992,0.45780578671239991,16,8192,0.66724185055849394,0
59,100058,Earth_Relay2_Mars,1,2,1000000000.0000008,0.85496101172530048,0.01,4.1080559421807875e-10,2.8097821316408149e-09,21924075271.648361,21924.075271648358,16,8192,0,1
59,100058,Direct_Earth_to_Mars,1,1,218068974555.65549,0.85496101172530048,0.10000000000000001,8.6387038588530592e-15,5.9086039929282164e-14,461034.60205177206,0.46103460205177205,16,8192,0.82546234047083256,0
59,100058,Earth_Relay0_Mars,1,1,171929047705.3367,0.85496101172530048,0.10000000000000001,1.3897536831627524e-14,9.5054817200463156e-14,741690.59008811926,0.74169059008811922,16,8192,0.72326323620326827,0
59,100058,Earth_Relay0_Mars,1,2,75880346677.747253,0.85496101172530048,0.10000000000000001,7.1347331791410416e-14,4.879934957782796e-13,3807699.5411989787,3.8076995411989785,16,8192,0.091957481340220526,1.5902526298603884e-86
59,100058,Earth_Relay1_Mars,1,1,261078755275.88919,0.85496101172530048,0.10000000000000001,6.0268902372009807e-15,4.1222049398037494e-14,321646.04638809466,0.32164604638809463,16,8192,0.87481722622142355,0
59,100058,Earth_Relay1_Mars,1,2,79855350341.615143,0.85496101172530048,0.10000000000000001,6.4421125830655612e-14,4.4062040733328169e-13,3438058.3703683862,3.438058370368386,16,8192,0.12183892628890725,2.7537540585829129e-116
59,100058,Earth_Relay2_Mars,1,1,218836622487.63425,0.85496101172530048,0.10000000000000001,8.5782034551791825e-15,5.8672236038603703e-14,457805.78671239992,0.45780578671239991,16,8192,0.82662504847945484,0
59,100058,Earth_Relay2_Mars,1,2,1000000000.0000008,0.85496101172530048,0.10000000000000001,4.1080559421807875e-10,2.8097821316408149e-09,21924075271.648361,21924.075271648358,16,8192,0,1
59,100058,Direct_Earth_to_Mars,1,1,218068974555.65549,0.85496101172530048,1,8.6387038588530592e-15,5.9086039929282164e-14,461034.60205177206,0.46103460205177205,16,8192,0.91404005171227798,0
59,100058,Earth_Relay0_Mars,1,1,171929047705.3367,0.85496101172530048,1,1.3897536831627524e-14,9.5054817200463156e-14,741690.59008811926,0.74169059008811922,16,8192,0.87195821678251106,0
59,100058,Earth_Relay0_Mars,1,2,75880346677.747253,0.85496101172530048,1,7.1347331791410416e-14,4.879934957782796e-13,3807699.5411989787,3.8076995411989785,16,8192,0.30518570359286279,0
59,100058,Earth_Relay1_Mars,1,1,261078755275.88919,0.85496101172530048,1,6.0268902372009807e-15,4.1222049398037494e-14,321646.04638809466,0.32164604638809463,16,8192,0.93211542706338035,0
59,100058,Earth_Relay1_Mars,1,2,79855350341.615143,0.85496101172530048,1,6.4421125830655612e-14,4.4062040733328169e-13,3438058.3703683862,3.438058370368386,16,8192,0.36067035045469176,0
59,100058,Earth_Relay2_Mars,1,1,218836622487.63425,0.85496101172530048,1,8.5782034551791825e-15,5.8672236038603703e-14,457805.78671239992,0.45780578671239991,16,8192,0.91448125482901255,0
59,100058,Earth_Relay2_Mars,1,2,1000000000.0000008,0.85496101172530048,1,4.1080559421807875e-10,2.8097821316408149e-09,21924075271.648361,21924.075271648358,16,8192,0,1
59,100058,Direct_Earth_to_Mars,1,1,218068974555.65549,0.85496101172530048,4,8.6387038588530592e-15,5.9086039929282164e-14,461034.60205177206,0.46103460205177205,16,8192,0.931180613930088,0
59,100058,Earth_Relay0_Mars,1,1,171929047705.3367,0.85496101172530048,4,1.3897536831627524e-14,9.5054817200463156e-14,741690.59008811926,0.74169059008811922,16,8192,0.91236540563075863,0
59,100058,Earth_Relay0_Mars,1,2,75880346677.747253,0.85496101172530048,4,7.1347331791410416e-14,4.879934957782796e-13,3807699.5411989787,3.8076995411989785,16,8192,0.57575949219490064,0
59,100058,Earth_Relay1_Mars,1,1,261078755275.88919,0.85496101172530048,4,6.0268902372009807e-15,4.1222049398037494e-14,321646.04638809466,0.32164604638809463,16,8192,0.93952608386234127,0
59,100058,Earth_Relay1_Mars,1,2,79855350341.615143,0.85496101172530048,4,6.4421125830655612e-14,4.4062040733328169e-13,3438058.3703683862,3.438058370368386,16,8192,0.62304366562311531,0
59,100058,Earth_Relay2_Mars,1,1,218836622487.63425,0.85496101172530048,4,8.5782034551791825e-15,5.8672236038603703e-14,457805.78671239992,0.45780578671239991,16,8192,0.93138142461040518,0
59,100058,Earth_Relay2_Mars,1,2,1000000000.0000008,0.85496101172530048,4,4.1080559421807875e-10,2.8097821316408149e-09,21924075271.648361,21924.075271648358,16,8192,0,1
60,100059,Direct_Earth_to_Mars,1,1,389708489118.49823,0.93737286259168251,0,2.7049336494333345e-15,2.0284251184719134e-14,158273.28560279071,0.15827328560279069,16,8192,0.85361646899811372,0
60,100059,Earth_Relay0_Mars,1,1,396692477599.13739,0.93737286259168251,0,2.610528379270107e-15,1.9576307678025966e-14,152749.3673765217,0.1527493673765217,16,8192,0.8583448240695517,0
60,100059,Earth_Relay0_Mars,1,2,77888041288.765289,0.93737286259168251,0,6.7716543835693089e-14,5.078052043206303e-13,3962285.686669556,3.9622856866695559,16,8192,0.019019591743797304,8.3246091799811607e-18
60,100059,Earth_Relay1_Mars,1,1,371572561896.73969,0.93737286259168251,0,2.9754254639203263e-15,2.2312664676345452e-14,174100.52344150274,0.17410052344150273,16,8192,0.84021243236783671,0
60,100059,Earth_Relay1_Mars,1,2,76530939820.922745,0.93737286259168251,0,7.0139433814803447e-14,5.2597441484433735e-13,4104055.8028157358,4.1040558028157355,16,8192,0.016505596020526259,1.5733928790942106e-15
60,100059,Earth_Relay2_Mars,1,1,390698803110.91431,0.93737286259168251,0,2.6912385027175972e-15,2.0181551513674784e-14,157471.94399947039,0.15747194399947037,16,8192,0.85430078153543498,0
60,100059,Earth_Relay2_Mars,1,2,999999999.99998665,0.93737286259168251,0,4.1080559421809059e-10,3.0806241265671103e-09,24037392249.72308,24037.392249723078,16,8192,0,1
60,100059,Direct_Earth_to_Mars,1,1,389708489118.49823,0.93737286259168251,0.01,2.7049336494333345e-15,2.0284251184719134e-14,158273.28560279071,0.15827328560279069,16,8192,0.86494069728732947,0
60,100059,Earth_Relay0_Mars,1,1,396692477599.13739,0.93737286259168251,0.01,2.610528379270107e-15,1.9576307678025966e-14,152749.3673765217,0.1527493673765217,16,8192,0.86907732936711091,0
60,100059,Earth_Relay0_Mars,1,2,77888041288.765289,0.93737286259168251,0.01,6.7716543835693089e-14,5.078052043206303e-13,3962285.686669556,3.9622856866695559,16,8192,0.029360450676768513,3.124273666803373e-27
60,100059,Earth_Relay1_Mars,1,1,371572561896.73969,0.93737286259168251,0.01,2.9754254639203263e-15,2.2312664676345452e-14,174100.52344150274,0.17410052344150273,16,8192,0.85319447637320001,0
60,100059,Earth_Relay1_Mars,1,2,76530939820.922745,0.93737286259168251,0.01,7.0139433814803447e-14,5.2597441484433735e-13,4104055.8028157358,4.1040558028157355,16,8192,0.025809331191761764,5.5314775606447031e-24
60,100059,Earth_Relay2_Mars,1,1,390698803110.91431,0.93737286259168251,0.01,2.6912385027175972e-15,2.0181551513674784e-14,157471.94399947039,0.15747194399947037,16,8192,0.8655395946223271,0
60,100059,Earth_Relay2_Mars,1,2,999999999.99998665,0.93737286259168251,0.01,4.1080559421809059e-10,3.0806241265671103e-09,24037392249.72308,24037.392249723078,16,8192,0,1
60,100059,Direct_Earth_to_Mars,1,1,389708489118.49823,0.93737286259168251,0.10000000000000001,2.7049336494333345e-15,2.0284251184719134e-14,158273.28560279071,0.15827328560279069,16,8192,0.92911401158026596,0
60,100059,Earth_Relay0_Mars,1,1,396692477599.13739,0.93737286259168251,0.10000000000000001,2.610528379270107e-15,1.9576307678025966e-14,152749.3673765217,0.1527493673765217,16,8192,0.9308528301600657,0
60,100059,Earth_Relay0_Mars,1,2,77888041288.765289,0.93737286259168251,0.10000000000000001,6.7716543835693089e-14,5.078052043206303e-13,3962285.686669556,3.9622856866695559,16,8192,0.081623915811044334,1.84551791370794e-76
60,100059,Earth_Relay1_Mars,1,1,371572561896.73969,0.93737286259168251,0.10000000000000001,2.9754254639203263e-15,2.2312664676345452e-14,174100.52344150274,0.17410052344150273,16,8192,0.92409090922165926,0
60,100059,Earth_Relay1_Mars,1,2,76530939820.922745,0.93737286259168251,0.10000000000000001,7.0139433814803447e-14,5.2597441484433735e-13,4104055.8028157358,4.1040558028157355,16,8192,0.073117660624651193,2.9268179495657536e-68
60,100059,Earth_Relay2_Mars,1,1,390698803110.91431,0.93737286259168251,0.10000000000000001,2.6912385027175972e-15,2.0181551513674784e-14,157471.94399947039,0.15747194399947037,16,8192,0.92936672493097638,0
60,100059,Earth_Relay2_Mars,1,2,999999999.99998665,0.93737286259168251,0.10000000000000001,4.1080559421809059e-10,3.0806241265671103e-09,24037392249.72308,24037.392249723078,16,8192,0,1
60,100059,Direct_Earth_to_Mars,1,1,389708489118.49823,0.93737286259168251,1,2.7049336494333345e-15,2.0284251184719134e-14,158273.28560279071,0.15827328560279069,16,8192,0.95064252499634327,0
60,100059,Earth_Relay0_Mars,1,1,396692477599.13739,0.93737286259168251,1,2.610528379270107e-15,1.9576307678025966e-14,152749.3673765217,0.1527493673765217,16,8192,0.95121670166667438,0
60,100059,Earth_Relay0_Mars,1,2,77888041288.765289,0.93737286259168251,1,6.7716543835693089e-14,5.078052043206303e-13,3962285.686669556,3.9622856866695559,16,8192,0.2838934914792588,9.8666038477548131e-298
60,100059,Earth_Relay1_Mars,1,1,371572561896.73969,0.93737286259168251,1,2.9754254639203263e-15,2.2312664676345452e-14,174100.52344150274,0.17410052344150273,16,8192,0.94897815157365228,0
60,100059,Earth_Relay1_Mars,1,2,76530939820.922745,0.93737286259168251,1,7.0139433814803447e-14,5.2597441484433735e-13,4104055.8028157358,4.1040558028157355,16,8192,0.26535392293688653,5.3466230204201331e-275
60,100059,Earth_Relay2_Mars,1,1,390698803110.91431,0.93737286259168251,1,2.6912385027175972e-15,2.0181551513674784e-14,157471.94399947039,0.15747194399947037,16,8192,0.95072603513137044,0
60,100059,Earth_Relay2_Mars,1,2,999999999.99998665,0.93737286259168251,1,4.1080559421809059e-10,3.0806241265671103e-09,24037392249.72308,24037.392249723078,16,8192,0,1
60,100059,Direct_Earth_to_Mars,1,1,389708489118.49823,0.93737286259168251,4,2.7049336494333345e-15,2.0284251184719134e-14,158273.28560279071,0.15827328560279069,16,8192,0.94846935524991316,0
60,100059,Earth_Relay0_Mars,1,1,396692477599.13739,0.93737286259168251,4,2.610528379270107e-15,1.9576307678025966e-14,152749.3673765217,0.1527493673765217,16,8192,0.94875607453853661,0
60,100059,Earth_Relay0_Mars,1,2,77888041288.765289,0.93737286259168251,4,6.7716543835693089e-14,5.078052043206303e-13,3962285.686669556,3.9622856866695559,16,8192,0.55604877965739097,0
60,100059,Earth_Relay1_Mars,1,1,371572561896.73969,0.93737286259168251,4,2.9754254639203263e-15,2.2312664676345452e-14,174100.52344150274,0.17410052344150273,16,8192,0.94764219783431203,0
60,100059,Earth_Relay1_Mars,1,2,76530939820.922745,0.93737286259168251,4,7.0139433814803447e-14,5.2597441484433735e-13,4104055.8028157358,4.1040558028157355,16,8192,0.53806437500160409,0
60,100059,Earth_Relay2_Mars,1,1,390698803110.91431,0.93737286259168251,4,2.6912385027175972e-15,2.0181551513674784e-14,157471.94399947039,0.15747194399947037,16,8192,0.94851101208948496,0
60,100059,Earth_Relay2_Mars,1,2,999999999.99998665,0.93737286259168251,4,4.1080559421809059e-10,3.0806241265671103e-09,24037392249.72308,24037.392249723078,16,8192,0,1
61,100060,Direct_Earth_to_Mars,1,1,392099527907.79211,0.86063858808020888,0,2.6720446456362687e-15,1.8397317848861444e-14,143549.98445354169,0.1435499844535417,16,8192,0.86627749869766524,0
61,100060,Earth_Relay0_Mars,0,1,395473567020.86292,0.86063858808020888,0,2.6266452812870039e-15,1.8084738290195121e-14,141110.99899078728,0.14111099899078727,16,8192,0.86839291561059306,0
61,100060,Earth_Relay0_Mars,0,2,77156241703.218796,0.86063858808020888,0,6.9007170313159382e-14,4.7512186900582395e-13,3707265.2366847396,3.7072652366847394,16,8192,0.024544555120687872,7.8855409568935324e-23
61,100060,Earth_Relay1_Mars,1,1,377732118140.41553,0.86063858808020888,0,2.8791780392423105e-15,1.9823453780200371e-14,154677.79082478455,0.15467779082478453,16,8192,0.85669116677234536,0
61,100060,Earth_Relay1_Mars,1,2,75303935166.324097,0.86063858808020888,0,7.2443763733975626e-14,4.9878318828180013e-13,3891888.9977199314,3.8918889977199314,16,8192,0.020406761280621799,4.5893924718282934e-19
61,100060,Earth_Relay2_Mars,1,1,393097124528.30029,0.86063858808020888,0,2.6584996963023602e-15,1.8304059400298621e-14,142822.31050936494,0.14282231050936492,16,8192,0.86690809566856109,0
61,100060,Earth_Relay2_Mars,1,2,1000000000.0000074,0.86063858808020888,0,4.1080559421807338e-10,2.8284411726663512e-09,22069667421.065922,22069.667421065922,16,8192,0,1
61,100060,Direct_Earth_to_Mars,1,1,392099527907.79211,0.86063858808020888,0.01,2.6720446456362687e-15,1.8397317848861444e-14,143549.98445354169,0.1435499844535417,16,8192,0.87600925901445492,0
61,100060,Earth_Relay0_Mars,0,1,395473567020.86292,0.86063858808020888,0.01,2.6266452812870039e-15,1.8084738290195121e-14,141110.99899078728,0.14111099899078727,16,8192,0.87785611787749973,0
61,100060,Earth_Relay0_Mars,0,2,77156241703.218796,0.86063858808020888,0.01,6.9007170313159382e-14,4.7512186900582395e-13,3707265.2366847396,3.7072652366847394,16,8192,0.037008246541400336,2.8775270954071247e-34
61,100060,Earth_Relay1_Mars,1,1,377732118140.41553,0.86063858808020888,0.01,2.8791780392423105e-15,1.9823453780200371e-14,154677.79082478455,0.15467779082478453,16,8192,0.86763102420014149,0
61,100060,Earth_Relay1_Mars,1,2,75303935166.324097,0.86063858808020888,0.01,7.2443763733975626e-14,4.9878318828180013e-13,3891888.9977199314,3.8918889977199314,16,8192,0.031299508218390004,5.2016053874240789e-29
61,100060,Earth_Relay2_Mars,1,1,393097124528.30029,0.86063858808020888,0.01,2.6584996963023602e-15,1.8304059400298621e-14,142822.31050936494,0.14282231050936492,16,8192,0.87655987406147218,0
61,100060,Earth_Relay2_Mars,1,2,1000000000.0000074,0.86063858808020888,0.01,4.1080559421807338e-10,2.8284411726663512e-09,22069667421.065922,22069.667421065922,16,8192,0,1
61,100060,Direct_Earth_to_Mars,1,1,392099527907.79211,0.86063858808020888,0.10000000000000001,2.6720446456362687e-15,1.8397317848861444e-14,143549.98445354169,0.1435499844535417,16,8192,0.93373165432441396,0
61,100060,Earth_Relay0_Mars,0,1,395473567020.86292,0.86063858808020888,0.10000000000000001,2.6266452812870039e-15,1.8084738290195121e-14,141110.99899078728,0.14111099899078727,16,8192,0.9344912863387167,0
61,100060,Earth_Relay0_Mars,0,2,77156241703.218796,0.86063858808020888,0.10000000000000001,6.9007170313159382e-14,4.7512186900582395e-13,3707265.2366847396,3.7072652366847394,16,8192,0.09931585282252664,9.2154937192444004e-94
61,100060,Earth_Relay1_Mars,1,1,377732118140.41553,0.86063858808020888,0.10000000000000001,2.8791780392423105e-15,1.9823453780200371e-14,154677.79082478455,0.15467779082478453,16,8192,0.93024665941517126,0
61,100060,Earth_Relay1_Mars,1,2,75303935166.324097,0.86063858808020888,0.10000000000000001,7.2443763733975626e-14,4.9878318828180013e-13,3891888.9977199314,3.8918889977199314,16,8192,0.086186380674067031,6.8614974966400673e-81
61,100060,Earth_Relay2_Mars,1,1,393097124528.30029,0.86063858808020888,0.10000000000000001,2.6584996963023602e-15,1.8304059400298621e-14,142822.31050936494,0.14282231050936492,16,8192,0.93395845157465329,0
61,100060,Earth_Relay2_Mars,1,2,1000000000.0000074,0.86063858808020888,0.10000000000000001,4.1080559421807338e-10,2.8284411726663512e-09,22069667421.065922,22069.667421065922,16,8192,0,1
61,100060,Direct_Earth_to_Mars,1,1,392099527907.79211,0.86063858808020888,1,2.6720446456362687e-15,1.8397317848861444e-14,143549.98445354169,0.1435499844535417,16,8192,0.9521651902246655,0
61,100060,Earth_Relay0_Mars,0,1,395473567020.86292,0.86063858808020888,1,2.6266452812870039e-15,1.8084738290195121e-14,141110.99899078728,0.14111099899078727,16,8192,0.95241503577378084,0
61,100060,Earth_Relay0_Mars,0,2,77156241703.218796,0.86063858808020888,1,6.9007170313159382e-14,4.7512186900582395e-13,3707265.2366847396,3.7072652366847394,16,8192,0.31962433409068236,0
61,100060,Earth_Relay1_Mars,1,1,377732118140.41553,0.86063858808020888,1,2.8791780392423105e-15,1.9823453780200371e-14,154677.79082478455,0.15467779082478453,16,8192,0.9510166494347333,0
61,100060,Earth_Relay1_Mars,1,2,75303935166.324097,0.86063858808020888,1,7.2443763733975626e-14,4.9878318828180013e-13,3891888.9977199314,3.8918889977199314,16,8192,0.29344989078804173,1.1086594774168209e-309
61,100060,Earth_Relay2_Mars,1,1,393097124528.30029,0.86063858808020888,1,2.6584996963023602e-15,1.8304059400298621e-14,142822.31050936494,0.14282231050936492,16,8192,0.95223980314854173,0
61,100060,Earth_Relay2_Mars,1,2,1000000000.0000074,0.86063858808020888,1,4.1080559421807338e-10,2.8284411726663512e-09,22069667421.065922,22069.667421065922,16,8192,0,1
61,100060,Direct_Earth_to_Mars,1,1,392099527907.79211,0.86063858808020888,4,2.6720446456362687e-15,1.8397317848861444e-14,143549.98445354169,0.1435499844535417,16,8192,0.94923130993514249,0
61,100060,Earth_Relay0_Mars,0,1,395473567020.86292,0.86063858808020888,4,2.6266452812870039e-15,1.8084738290195121e-14,141110.99899078728,0.14111099899078727,16,8192,0.9493568335804945,0
61,100060,Earth_Relay0_Mars,0,2,77156241703.218796,0.86063858808020888,4,6.9007170313159382e-14,4.7512186900582395e-13,3707265.2366847396,3.7072652366847394,16,8192,0.58860067180320752,0
61,100060,Earth_Relay1_Mars,1,1,377732118140.41553,0.86063858808020888,4,2.8791780392423105e-15,1.9823453780200371e-14,154677.79082478455,0.15467779082478453,16,8192,0.94865609531246364,0
61,100060,Earth_Relay1_Mars,1,2,75303935166.324097,0.86063858808020888,4,7.2443763733975626e-14,4.9878318828180013e-13,3891888.9977199314,3.8918889977199314,16,8192,0.56501436205811284,0
61,100060,Earth_Relay2_Mars,1,1,393097124528.30029,0.86063858808020888,4,2.6584996963023602e-15,1.8304059400298621e-14,142822.31050936494,0.14282231050936492,16,8192,0.94926878079536436,0
61,100060,Earth_Relay2_Mars,1,2,1000000000.0000074,0.86063858808020888,4,4.1080559421807338e-10,2.8284411726663512e-09,22069667421.065922,22069.667421065922,16,8192,0,1
62,100061,Direct_Earth_to_Mars,1,1,378610243100.38184,0.93143397982196341,0,2.8658379557063926e-15,2.1354710820867563e-14,166625.83271806277,0.16662583271806275,16,8192,0.84651629078758861,0
62,100061,Earth_Relay0_Mars,1,1,371886897701.42615,0.93143397982196341,0,2.9703976584698236e-15,2.2133834501459115e-14,172705.15325571524,0.17270515325571523,16,8192,0.84138565809743138,0
62,100061,Earth_Relay0_Mars,1,2,73839795085.964676,0.93143397982196341,0,7.534516415981166e-14,5.614323689097003e-13,4380725.9564029472,4.380725956402947,16,8192,0.012516269056497165,6.2709890836087243e-12
62,100061,Earth_Relay1_Mars,1,1,376410612175.0213,0.93143397982196341,0,2.8994300187801184e-15,2.1605021132861089e-14,168578.94575825823,0.16857894575825821,16,8192,0.84486456231258911,0
62,100061,Earth_Relay1_Mars,1,2,72586264134.712677,0.93143397982196341,0,7.7969986598310402e-14,5.8099115939143536e-13,4533338.6411784571,4.5333386411784566,16,8192,0.010744743280402203,2.4634004217584341e-10
62,100061,Earth_Relay2_Mars,1,1,379602600788.58582,0.93143397982196341,0,2.8508737852223943e-15,2.1243205725918404e-14,165755.7844437469,0.16575578444374689,16,8192,0.84725312131815378,0
62,100061,Earth_Relay2_Mars,1,2,999999999.99998772,0.93143397982196341,0,4.1080559421808961e-10,3.0611063164454545e-09,23885099325.148521,23885.09932514852,16,8192,0,1
62,100061,Direct_Earth_to_Mars,1,1,378610243100.38184,0.93143397982196341,0.01,2.8658379557063926e-15,2.1354710820867563e-14,166625.83271806277,0.16662583271806275,16,8192,0.85872230012414152,0
62,100061,Earth_Relay0_Mars,1,1,371886897701.42615,0.93143397982196341,0.01,2.9703976584698236e-15,2.2133834501459115e-14,172705.15325571524,0.17270515325571523,16,8192,0.85422376285923407,0
62,100061,Earth_Relay0_Mars,1,2,73839795085.964676,0.93143397982196341,0.01,7.534516415981166e-14,5.614323689097003e-13,4380725.9564029472,4.380725956402947,16,8192,0.020059820927484151,9.4778247656636811e-19
62,100061,Earth_Relay1_Mars,1,1,376410612175.0213,0.93143397982196341,0.01,2.8994300187801184e-15,2.1605021132861089e-14,168578.94575825823,0.16857894575825821,16,8192,0.85727453232382711,0
62,100061,Earth_Relay1_Mars,1,2,72586264134.712677,0.93143397982196341,0.01,7.7969986598310402e-14,5.8099115939143536e-13,4533338.6411784571,4.5333386411784566,16,8192,0.017452174607706317,2.1896521346513859e-16
62,100061,Earth_Relay2_Mars,1,1,379602600788.58582,0.93143397982196341,0.01,2.8508737852223943e-15,2.1243205725918404e-14,165755.7844437469,0.16575578444374689,16,8192,0.85936800170397221,0
62,100061,Earth_Relay2_Mars,1,2,999999999.99998772,0.93143397982196341,0.01,4.1080559421808961e-10,3.0611063164454545e-09,23885099325.148521,23885.09932514852,16,8192,0,1
62,100061,Direct_Earth_to_Mars,1,1,378610243100.38184,0.93143397982196341,0.10000000000000001,2.8658379557063926e-15,2.1354710820867563e-14,166625.83271806277,0.16662583271806275,16,8192,0.92647062505143929,0
62,100061,Earth_Relay0_Mars,1,1,371886897701.42615,0.93143397982196341,0.10000000000000001,2.9703976584698236e-15,2.2133834501459115e-14,172705.15325571524,0.17270515325571523,16,8192,0.92453615243777576,0
62,100061,Earth_Relay0_Mars,1,2,73839795085.964676,0.93143397982196341,0.10000000000000001,7.534516415981166e-14,5.614323689097003e-13,4380725.9564029472,4.380725956402947,16,8192,0.058874927477929773,1.0709266435019397e-54
62,100061,Earth_Relay1_Mars,1,1,376410612175.0213,0.93143397982196341,0.10000000000000001,2.8994300187801184e-15,2.1605021132861089e-14,168578.94575825823,0.16857894575825821,16,8192,0.92585008895770782,0
62,100061,Earth_Relay1_Mars,1,2,72586264134.712677,0.93143397982196341,0.10000000000000001,7.7969986598310402e-14,5.8099115939143536e-13,4533338.6411784571,4.5333386411784566,16,8192,0.052190958147848132,2.1100636529123576e-48
62,100061,Earth_Relay2_Mars,1,1,379602600788.58582,0.93143397982196341,0.10000000000000001,2.8508737852223943e-15,2.1243205725918404e-14,165755.7844437469,0.16575578444374689,16,8192,0.92674676048621829,0
62,100061,Earth_Relay2_Mars,1,2,999999999.99998772,0.93143397982196341,0.10000000000000001,4.1080559421808961e-10,3.0611063164454545e-09,23885099325.148521,23885.09932514852,16,8192,0,1
62,100061,Direct_Earth_to_Mars,1,1,378610243100.38184,0.93143397982196341,1,2.8658379557063926e-15,2.1354710820867563e-14,166625.83271806277,0.16662583271806275,16,8192,0.94976772948943422,0
62,100061,Earth_Relay0_Mars,1,1,371886897701.42615,0.93143397982196341,1,2.9703976584698236e-15,2.2133834501459115e-14,172705.15325571524,0.17270515325571523,16,8192,0.94912603090409275,0
62,100061,Earth_Relay0_Mars,1,2,73839795085.964676,0.93143397982196341,1,7.534516415981166e-14,5.614323689097003e-13,4380725.9564029472,4.380725956402947,16,8192,0.23184855881185973,2.4839805688075812e-235
62,100061,Earth_Relay1_Mars,1,1,376410612175.0213,0.93143397982196341,1,2.8994300187801184e-15,2.1605021132861089e-14,168578.94575825823,0.16857894575825821,16,8192,0.94956202760123554,0
62,100061,Earth_Relay1_Mars,1,2,72586264134.712677,0.93143397982196341,1,7.7969986598310402e-14,5.8099115939143536e-13,4533338.6411784571,4.5333386411784566,16,8192,0.21484267561856629,7.4352180726492722e-216
62,100061,Earth_Relay2_Mars,1,1,379602600788.58582,0.93143397982196341,1,2.8508737852223943e-15,2.1243205725918404e-14,165755.7844437469,0.16575578444374689,16,8192,0.94985922340582774,0
62,100061,Earth_Relay2_Mars,1,2,999999999.99998772,0.93143397982196341,1,4.1080559421808961e-10,3.0611063164454545e-09,23885099325.148521,23885.09932514852,16,8192,0,1
62,100061,Direct_Earth_to_Mars,1,1,378610243100.38184,0.93143397982196341,4,2.8658379557063926e-15,2.1354710820867563e-14,166625.83271806277,0.16662583271806275,16,8192,0.94803388072929429,0
62,100061,Earth_Relay0_Mars,1,1,371886897701.42615,0.93143397982196341,4,2.9703976584698236e-15,2.2133834501459115e-14,172705.15325571524,0.17270515325571523,16,8192,0.94771545877155505,0
62,100061,Earth_Relay0_Mars,1,2,73839795085.964676,0.93143397982196341,4,7.534516415981166e-14,5.614323689097003e-13,4380725.9564029472,4.380725956402947,16,8192,0.50335041382118684,0
62,100061,Earth_Relay1_Mars,1,1,376410612175.0213,0.93143397982196341,4,2.8994300187801184e-15,2.1605021132861089e-14,168578.94575825823,0.16857894575825821,16,8192,0.94793171551820099,0
62,100061,Earth_Relay1_Mars,1,2,72586264134.712677,0.93143397982196341,4,7.7969986598310402e-14,5.8099115939143536e-13,4533338.6411784571,4.5333386411784566,16,8192,0.48448674601900776,0
62,100061,Earth_Relay2_Mars,1,1,379602600788.58582,0.93143397982196341,4,2.8508737852223943e-15,2.1243205725918404e-14,165755.7844437469,0.16575578444374689,16,8192,0.94807935095504259,0
62,100061,Earth_Relay2_Mars,1,2,999999999.99998772,0.93143397982196341,4,4.1080559421808961e-10,3.0611063164454545e-09,23885099325.148521,23885.09932514852,16,8192,0,1
63,100062,Direct_Earth_to_Mars,1,1,216684150015.04514,0.96622540726966633,0,8.7494763084908036e-15,6.7631730476542595e-14,527714.63417829922,0.52771463417829922,16,8192,0.58995168564171185,0
63,100062,Earth_Relay0_Mars,1,1,170289754472.92004,0.96622540726966633,0,1.4166393806604642e-14,1.0950343700263242e-13,854429.80376131739,0.85442980376131739,16,8192,0.42552575510617918,0
63,100062,Earth_Relay0_Mars,1,2,76011080743.597,0.96622540726966633,0,7.1102117401224652e-14,5.4960537874987142e-13,4288442.7079684101,4.28844270796841,16,8192,0.013726284495262031,5.090921921637631e-13
63,100062,Earth_Relay1_Mars,1,1,259984912616.19009,0.96622540726966633,0,6.077711170863875e-15,4.6979511610682785e-14,366570.18249895901,0.36657018249895901,16,8192,0.69310749075978695,0
63,100062,Earth_Relay1_Mars,1,2,80006553307.174057,0.96622540726966633,0,6.4177859235289514e-14,4.9608222541850342e-13,3870814.0138434186,3.8708140138434186,16,8192,0.020841397332447942,1.8494128412669451e-19
63,100062,Earth_Relay2_Mars,1,1,217449963967.33545,0.96622540726966633,0,8.687957124294998e-15,6.7156199286106683e-14,524004.17510187067,0.5240041751018707,16,8192,0.59214474333769473,0
63,100062,Earth_Relay2_Mars,1,2,1000000000.0000136,0.96622540726966633,0,4.1080559421806821e-10,3.175446420656082e-09,24777268516.151962,24777.268516151962,16,8192,0,1
63,100062,Direct_Earth_to_Mars,1,1,216684150015.04514,0.96622540726966633,0.01,8.7494763084908036e-15,6.7631730476542595e-14,527714.63417829922,0.52771463417829922,16,8192,0.6278918285835875,0
63,100062,Earth_Relay0_Mars,1,1,170289754472.92004,0.96622540726966633,0.01,1.4166393806604642e-14,1.0950343700263242e-13,854429.80376131739,0.85442980376131739,16,8192,0.47213600873328287,0
63,100062,Earth_Relay0_Mars,1,2,76011080743.597,0.96622540726966633,0.01,7.1102117401224652e-14,5.4960537874987142e-13,4288442.7079684101,4.28844270796841,16,8192,0.021820338563825481,2.3842478851564708e-20
63,100062,Earth_Relay1_Mars,1,1,259984912616.19009,0.96622540726966633,0.01,6.077711170863875e-15,4.6979511610682785e-14,366570.18249895901,0.36657018249895901,16,8192,0.72224118289491113,0
63,100062,Earth_Relay1_Mars,1,2,80006553307.174057,0.96622540726966633,0.01,6.4177859235289514e-14,4.9608222541850342e-13,3870814.0138434186,3.8708140138434186,16,8192,0.031904303611820839,1.4476277213527481e-29
63,100062,Earth_Relay2_Mars,1,1,217449963967.33545,0.96622540726966633,0.01,8.687957124294998e-15,6.7156199286106683e-14,524004.17510187067,0.5240041751018707,16,8192,0.62992205687834801,0
63,100062,Earth_Relay2_Mars,1,2,1000000000.0000136,0.96622540726966633,0.01,4.1080559421806821e-10,3.175446420656082e-09,24777268516.151962,24777.268516151962,16,8192,0,1
63,100062,Direct_Earth_to_Mars,1,1,216684150015.04514,0.96622540726966633,0.10000000000000001,8.7494763084908036e-15,6.7631730476542595e-14,527714.63417829922,0.52771463417829922,16,8192,0.80131956633200008,0
63,100062,Earth_Relay0_Mars,1,1,170289754472.92004,0.96622540726966633,0.10000000000000001,1.4166393806604642e-14,1.0950343700263242e-13,854429.80376131739,0.85442980376131739,16,8192,0.6825630589887467,0
63,100062,Earth_Relay0_Mars,1,2,76011080743.597,0.96622540726966633,0.10000000000000001,7.1102117401224652e-14,5.4960537874987142e-13,4288442.7079684101,4.28844270796841,16,8192,0.06330389468297426,6.8260153745069472e-59
63,100062,Earth_Relay1_Mars,1,1,259984912616.19009,0.96622540726966633,0.10000000000000001,6.077711170863875e-15,4.6979511610682785e-14,366570.18249895901,0.36657018249895901,16,8192,0.85913059707739392,0
63,100062,Earth_Relay1_Mars,1,2,80006553307.174057,0.96622540726966633,0.10000000000000001,6.4177859235289514e-14,4.9608222541850342e-13,3870814.0138434186,3.8708140138434186,16,8192,0.087598245865920021,2.8917215235215102e-82
63,100062,Earth_Relay2_Mars,1,1,217449963967.33545,0.96622540726966633,0.10000000000000001,8.687957124294998e-15,6.7156199286106683e-14,524004.17510187067,0.5240041751018707,16,8192,0.80266847311886347,0
63,100062,Earth_Relay2_Mars,1,2,1000000000.0000136,0.96622540726966633,0.10000000000000001,4.1080559421806821e-10,3.175446420656082e-09,24777268516.151962,24777.268516151962,16,8192,0,1
63,100062,Direct_Earth_to_Mars,1,1,216684150015.04514,0.96622540726966633,1,8.7494763084908036e-15,6.7631730476542595e-14,527714.63417829922,0.52771463417829922,16,8192,0.90469934280136199,0
63,100062,Earth_Relay0_Mars,1,1,170289754472.92004,0.96622540726966633,1,1.4166393806604642e-14,1.0950343700263242e-13,854429.80376131739,0.85442980376131739,16,8192,0.85317954346243252,0
63,100062,Earth_Relay0_Mars,1,2,76011080743.597,0.96622540726966633,1,7.1102117401224652e-14,5.4960537874987142e-13,4288442.7079684101,4.28844270796841,16,8192,0.2426361373540078,6.5430152496487084e-248
63,100062,Earth_Relay1_Mars,1,1,259984912616.19009,0.96622540726966633,1,6.077711170863875e-15,4.6979511610682785e-14,366570.18249895901,0.36657018249895901,16,8192,0.92651065530584309,0
63,100062,Earth_Relay1_Mars,1,2,80006553307.174057,0.96622540726966633,1,6.4177859235289514e-14,4.9608222541850342e-13,3870814.0138434186,3.8708140138434186,16,8192,0.2963562787574473,2.3909398205426044e-313
63,100062,Earth_Relay2_Mars,1,1,217449963967.33545,0.96622540726966633,1,8.687957124294998e-15,6.7156199286106683e-14,524004.17510187067,0.5240041751018707,16,8192,0.90523043985083873,0
63,100062,Earth_Relay2_Mars,1,2,1000000000.0000136,0.96622540726966633,1,4.1080559421806821e-10,3.175446420656082e-09,24777268516.151962,24777.268516151962,16,8192,0,1
63,100062,Direct_Earth_to_Mars,1,1,216684150015.04514,0.96622540726966633,4,8.7494763084908036e-15,6.7631730476542595e-14,527714.63417829922,0.52771463417829922,16,8192,0.92695393448181074,0
63,100062,Earth_Relay0_Mars,1,1,170289754472.92004,0.96622540726966633,4,1.4166393806604642e-14,1.0950343700263242e-13,854429.80376131739,0.85442980376131739,16,8192,0.90405363429583752,0
63,100062,Earth_Relay0_Mars,1,2,76011080743.597,0.96622540726966633,4,7.1102117401224652e-14,5.4960537874987142e-13,4288442.7079684101,4.28844270796841,16,8192,0.51486257978782157,0
63,100062,Earth_Relay1_Mars,1,1,259984912616.19009,0.96622540726966633,4,6.077711170863875e-15,4.6979511610682785e-14,366570.18249895901,0.36657018249895901,16,8192,0.93690864201477719,0
63,100062,Earth_Relay1_Mars,1,2,80006553307.174057,0.96622540726966633,4,6.4177859235289514e-14,4.9608222541850342e-13,3870814.0138434186,3.8708140138434186,16,8192,0.56770207916694237,0
63,100062,Earth_Relay2_Mars,1,1,217449963967.33545,0.96622540726966633,4,8.687957124294998e-15,6.7156199286106683e-14,524004.17510187067,0.5240041751018707,16,8192,0.92719312328312087,0
63,100062,Earth_Relay2_Mars,1,2,1000000000.0000136,0.96622540726966633,4,4.1080559421806821e-10,3.175446420656082e-09,24777268516.151962,24777.268516151962,16,8192,0,1
64,100063,Direct_Earth_to_Mars,1,1,313164620617.66675,0.85400340501952288,0,4.1888129207204396e-15,2.8618083978280223e-14,223300.24104174058,0.22330024104174057,16,8192,0.79987465803813074,0
64,100063,Earth_Relay0_Mars,1,1,283238179944.75342,0.85400340501952288,0,5.1207403948366005e-15,3.498503786729178e-14,272980.09868689126,0.27298009868689127,16,8192,0.76110793452552672,0
64,100063,Earth_Relay0_Mars,1,2,75219893916.225937,0.85400340501952288,0,7.2605733268347556e-14,4.9604434748086452e-13,3870518.4611218828,3.8705184611218826,16,8192,0.020847557974502551,1.8257349482350546e-19
64,100063,Earth_Relay1_Mars,1,1,335363426169.68146,0.85400340501952288,0,3.6526238733375576e-15,2.4954825800686977e-14,194716.69105022028,0.19471669105022027,16,8192,0.82306780750393782,0
64,100063,Earth_Relay1_Mars,1,2,79052424153.937927,0.85400340501952288,0,6.5736407277807796e-14,4.4911292519198402e-13,3504323.5083957529,3.5043235083957529,16,8192,0.030067106610941585,7.0303457600199758e-28
64,100063,Earth_Relay2_Mars,1,1,314076021016.85724,0.85400340501952288,0,4.1645376093692995e-15,2.8452234389865961e-14,222006.15534761496,0.22200615534761495,16,8192,0.8009104344373541,0
64,100063,Earth_Relay2_Mars,1,2,999999999.99999082,0.85400340501952288,0,4.1080559421808697e-10,2.8066350101065173e-09,21899519015.620544,21899.519015620543,16,8192,0,1
64,100063,Direct_Earth_to_Mars,1,1,313164620617.66675,0.85400340501952288,0.01,4.1888129207204396e-15,2.8618083978280223e-14,223300.24104174058,0.22330024104174057,16,8192,0.81766660522843027,0
64,100063,Earth_Relay0_Mars,1,1,283238179944.75342,0.85400340501952288,0.01,5.1207403948366005e-15,3.498503786729178e-14,272980.09868689126,0.27298009868689127,16,8192,0.7832592440706867,0
64,100063,Earth_Relay0_Mars,1,2,75219893916.225937,0.85400340501952288,0.01,7.2605733268347556e-14,4.9604434748086452e-13,3870518.4611218828,3.8705184611218826,16,8192,0.031912866948777152,1.4216389553578729e-29
64,100063,Earth_Relay1_Mars,1,1,335363426169.68146,0.85400340501952288,0.01,3.6526238733375576e-15,2.4954825800686977e-14,194716.69105022028,0.19471669105022027,16,8192,0.83812744393639349,0
64,100063,Earth_Relay1_Mars,1,2,79052424153.937927,0.85400340501952288,0.01,6.5736407277807796e-14,4.4911292519198402e-13,3504323.5083957529,3.5043235083957529,16,8192,0.044477290736812169,3.4166054050069399e-41
64,100063,Earth_Relay2_Mars,1,1,314076021016.85724,0.85400340501952288,0.01,4.1645376093692995e-15,2.8452234389865961e-14,222006.15534761496,0.22200615534761495,16,8192,0.81858231069830578,0
64,100063,Earth_Relay2_Mars,1,2,999999999.99999082,0.85400340501952288,0.01,4.1080559421808697e-10,2.8066350101065173e-09,21899519015.620544,21899.519015620543,16,8192,0,1
64,100063,Direct_Earth_to_Mars,1,1,313164620617.66675,0.85400340501952288,0.10000000000000001,4.1888129207204396e-15,2.8618083978280223e-14,223300.24104174058,0.22330024104174057,16,8192,0.90811569406900106,0
64,100063,Earth_Relay0_Mars,1,1,283238179944.75342,0.85400340501952288,0.10000000000000001,5.1207403948366005e-15,3.498503786729178e-14,272980.09868689126,0.27298009868689127,16,8192,0.89149632094738285,0
64,100063,Earth_Relay0_Mars,1,2,75219893916.225937,0.85400340501952288,0.10000000000000001,7.2605733268347556e-14,4.9604434748086452e-13,3870518.4611218828,3.8705184611218826,16,8192,0.08761819933307835,2.7650631175542706e-82
64,100063,Earth_Relay1_Mars,1,1,335363426169.68146,0.85400340501952288,0.10000000000000001,3.6526238733375576e-15,2.4954825800686977e-14,194716.69105022028,0.19471669105022027,16,8192,0.91746066549609129,0
64,100063,Earth_Relay1_Mars,1,2,79052424153.937927,0.85400340501952288,0.10000000000000001,6.5736407277807796e-14,4.4911292519198402e-13,3504323.5083957529,3.5043235083957529,16,8192,0.11589226907143479,2.7709292259965066e-110
64,100063,Earth_Relay2_Mars,1,1,314076021016.85724,0.85400340501952288,0.10000000000000001,4.1645376093692995e-15,2.8452234389865961e-14,222006.15534761496,0.22200615534761495,16,8192,0.90854240521969509,0
64,100063,Earth_Relay2_Mars,1,2,999999999.99999082,0.85400340501952288,0.10000000000000001,4.1080559421808697e-10,2.8066350101065173e-09,21899519015.620544,21899.519015620543,16,8192,0,1
64,100063,Direct_Earth_to_Mars,1,1,313164620617.66675,0.85400340501952288,1,4.1888129207204396e-15,2.8618083978280223e-14,223300.24104174058,0.22330024104174057,16,8192,0.94362356592899599,0
64,100063,Earth_Relay0_Mars,1,1,283238179944.75342,0.85400340501952288,1,5.1207403948366005e-15,3.498503786729178e-14,272980.09868689126,0.27298009868689127,16,8192,0.93794260859500089,0
64,100063,Earth_Relay0_Mars,1,2,75219893916.225937,0.85400340501952288,1,7.2605733268347556e-14,4.9604434748086452e-13,3870518.4611218828,3.8705184611218826,16,8192,0.29639718663205061,2.122549744234902e-313
64,100063,Earth_Relay1_Mars,1,1,335363426169.68146,0.85400340501952288,1,3.6526238733375576e-15,2.4954825800686977e-14,194716.69105022028,0.19471669105022027,16,8192,0.94676759547558353,0
64,100063,Earth_Relay1_Mars,1,2,79052424153.937927,0.85400340501952288,1,6.5736407277807796e-14,4.4911292519198402e-13,3504323.5083957529,3.5043235083957529,16,8192,0.35025198083871878,0
64,100063,Earth_Relay2_Mars,1,1,314076021016.85724,0.85400340501952288,1,4.1645376093692995e-15,2.8452234389865961e-14,222006.15534761496,0.22200615534761495,16,8192,0.94376788593950456,0
64,100063,Earth_Relay2_Mars,1,2,999999999.99999082,0.85400340501952288,1,4.1080559421808697e-10,2.8066350101065173e-09,21899519015.620544,21899.519015620543,16,8192,0,1
64,100063,Direct_Earth_to_Mars,1,1,313164620617.66675,0.85400340501952288,4,4.1888129207204396e-15,2.8618083978280223e-14,223300.24104174058,0.22330024104174057,16,8192,0.94501735538406673,0
64,100063,Earth_Relay0_Mars,1,1,283238179944.75342,0.85400340501952288,4,5.1207403948366005e-15,3.498503786729178e-14,272980.09868689126,0.27298009868689127,16,8192,0.94228427209713206,0
64,100063,Earth_Relay0_Mars,1,2,75219893916.225937,0.85400340501952288,4,7.2605733268347556e-14,4.9604434748086452e-13,3870518.4611218828,3.8705184611218826,16,8192,0.56773978210538312,0
64,100063,Earth_Relay1_Mars,1,1,335363426169.68146,0.85400340501952288,4,3.6526238733375576e-15,2.4954825800686977e-14,194716.69105022028,0.19471669105022027,16,8192,0.94655219347999919,0
64,100063,Earth_Relay1_Mars,1,2,79052424153.937927,0.85400340501952288,4,6.5736407277807796e-14,4.4911292519198402e-13,3504323.5083957529,3.5043235083957529,16,8192,0.61457156352468112,0
64,100063,Earth_Relay2_Mars,1,1,314076021016.85724,0.85400340501952288,4,4.1645376093692995e-15,2.8452234389865961e-14,222006.15534761496,0.22200615534761495,16,8192,0.94508743671469819,0
64,100063,Earth_Relay2_Mars,1,2,999999999.99999082,0.85400340501952288,4,4.1080559421808697e-10,2.8066350101065173e-09,21899519015.620544,21899.519015620543,16,8192,0,1
65,100064,Direct_Earth_to_Mars,1,1,359838179422.41315,0.94595375024379025,0,3.1726478312245614e-15,2.4009424913197611e-14,187339.94821105353,0.18733994821105351,16,8192,0.82916181639286379,0
65,100064,Earth_Relay0_Mars,1,1,377685513084.45294,0.94595375024379025,0,2.879888643848139e-15,2.1793931703461203e-14,170052.97092298811,0.1700529709229881,16,8192,0.84362012807596254,0
65,100064,Earth_Relay0_Mars,1,2,77213629483.261948,0.94595375024379025,0,6.8904631508227318e-14,5.2144475667499258e-13,4068711.9355666554,4.0687119355666548,16,8192,0.017099399456953268,4.5673222593793602e-16
65,100064,Earth_Relay1_Mars,1,1,333108010433.33167,0.94595375024379025,0,3.7022538717517688e-15,2.8017287474705424e-14,218612.36591470178,0.21861236591470176,16,8192,0.80363317339447693,0
65,100064,Earth_Relay1_Mars,1,2,78116324793.931976,0.94595375024379025,0,6.732133880465136e-14,5.0946298330954203e-13,3975220.9498443678,3.9752209498443678,16,8192,0.018775152669299633,1.3866415567265442e-17
65,100064,Earth_Relay2_Mars,1,1,360782629952.76093,0.94595375024379025,0,3.1560589674344185e-15,2.3883886529881063e-14,186360.40145747454,0.18636040145747454,16,8192,0.82997441708351227,0
65,100064,Earth_Relay2_Mars,1,2,1000000000.0000037,0.94595375024379025,0,4.1080559421807658e-10,3.1088247397737459e-09,24257435063.607681,24257.435063607682,16,8192,0,1
65,100064,Direct_Earth_to_Mars,1,1,359838179422.41315,0.94595375024379025,0.01,3.1726478312245614e-15,2.4009424913197611e-14,187339.94821105353,0.18733994821105351,16,8192,0.84348854351878877,0
65,100064,Earth_Relay0_Mars,1,1,377685513084.45294,0.94595375024379025,0.01,2.879888643848139e-15,2.1793931703461203e-14,170052.97092298811,0.1700529709229881,16,8192,0.85618347197168954,0
65,100064,Earth_Relay0_Mars,1,2,77213629483.261948,0.94595375024379025,0.01,6.8904631508227318e-14,5.2144475667499258e-13,4068711.9355666554,4.0687119355666548,16,8192,0.02665266205075445,9.3874464157777027e-25
65,100064,Earth_Relay1_Mars,1,1,333108010433.33167,0.94595375024379025,0.01,3.7022538717517688e-15,2.8017287474705424e-14,218612.36591470178,0.21861236591470176,16,8192,0.82098854315971936,0
65,100064,Earth_Relay1_Mars,1,2,78116324793.931976,0.94595375024379025,0.01,6.732133880465136e-14,5.0946298330954203e-13,3975220.9498443678,3.9752209498443678,16,8192,0.029017320576961381,6.4434294490224207e-27
65,100064,Earth_Relay2_Mars,1,1,360782629952.76093,0.94595375024379025,0.01,3.1560589674344185e-15,2.3883886529881063e-14,186360.40145747454,0.18636040145747454,16,8192,0.84420294929931317,0
65,100064,Earth_Relay2_Mars,1,2,1000000000.0000037,0.94595375024379025,0.01,4.1080559421807658e-10,3.1088247397737459e-09,24257435063.607681,24257.435063607682,16,8192,0,1
65,100064,Direct_Earth_to_Mars,1,1,359838179422.41315,0.94595375024379025,0.10000000000000001,3.1726478312245614e-15,2.4009424913197611e-14,187339.94821105353,0.18733994821105351,16,8192,0.91984405532028934,0
65,100064,Earth_Relay0_Mars,1,1,377685513084.45294,0.94595375024379025,0.10000000000000001,2.879888643848139e-15,2.1793931703461203e-14,170052.97092298811,0.1700529709229881,16,8192,0.92538116664968462,0
65,100064,Earth_Relay0_Mars,1,2,77213629483.261948,0.94595375024379025,0.10000000000000001,6.8904631508227318e-14,5.2144475667499258e-13,4068711.9355666554,4.0687119355666548,16,8192,0.075156293522013473,3.2208588113566755e-70
65,100064,Earth_Relay1_Mars,1,1,333108010433.33167,0.94595375024379025,0.10000000000000001,3.7022538717517688e-15,2.8017287474705424e-14,218612.36591470178,0.21861236591470176,16,8192,0.90965988041836876,0
65,100064,Earth_Relay1_Mars,1,2,78116324793.931976,0.94595375024379025,0.10000000000000001,6.732133880465136e-14,5.0946298330954203e-13,3975220.9498443678,3.9752209498443678,16,8192,0.080810702758698283,1.1307220555418815e-75
65,100064,Earth_Relay2_Mars,1,1,360782629952.76093,0.94595375024379025,0.10000000000000001,3.1560589674344185e-15,2.3883886529881063e-14,186360.40145747454,0.18636040145747454,16,8192,0.92015963234219644,0
65,100064,Earth_Relay2_Mars,1,2,1000000000.0000037,0.94595375024379025,0.10000000000000001,4.1080559421807658e-10,3.1088247397737459e-09,24257435063.607681,24257.435063607682,16,8192,0,1
65,100064,Direct_Earth_to_Mars,1,1,359838179422.41315,0.94595375024379025,1,3.1726478312245614e-15,2.4009424913197611e-14,187339.94821105353,0.18733994821105351,16,8192,0.94756408175664075,0
65,100064,Earth_Relay0_Mars,1,1,377685513084.45294,0.94595375024379025,1,2.879888643848139e-15,2.1793931703461203e-14,170052.97092298811,0.1700529709229881,16,8192,0.94940649631032659,0
65,100064,Earth_Relay0_Mars,1,2,77213629483.261948,0.94595375024379025,1,6.8904631508227318e-14,5.2144475667499258e-13,4068711.9355666554,4.0687119355666548,16,8192,0.2698880272609423,1.6658470542765773e-280
65,100064,Earth_Relay1_Mars,1,1,333108010433.33167,0.94595375024379025,1,3.7022538717517688e-15,2.8017287474705424e-14,218612.36591470178,0.21861236591470176,16,8192,0.94414548207545523,0
65,100064,Earth_Relay1_Mars,1,2,78116324793.931976,0.94595375024379025,1,6.732133880465136e-14,5.0946298330954203e-13,3975220.9498443678,3.9752209498443678,16,8192,0.28216288718084892,1.3837561471838518e-295
65,100064,Earth_Relay2_Mars,1,1,360782629952.76093,0.94595375024379025,1,3.1560589674344185e-15,2.3883886529881063e-14,186360.40145747454,0.18636040145747454,16,8192,0.94766938397240019,0
65,100064,Earth_Relay2_Mars,1,2,1000000000.0000037,0.94595375024379025,1,4.1080559421807658e-10,3.1088247397737459e-09,24257435063.607681,24257.435063607682,16,8192,0,1
65,100064,Direct_Earth_to_Mars,1,1,359838179422.41315,0.94595375024379025,4,3.1726478312245614e-15,2.4009424913197611e-14,187339.94821105353,0.18733994821105351,16,8192,0.94694384756968308,0
65,100064,Earth_Relay0_Mars,1,1,377685513084.45294,0.94595375024379025,4,2.879888643848139e-15,2.1793931703461203e-14,170052.97092298811,0.1700529709229881,16,8192,0.94785452643142598,0
65,100064,Earth_Relay0_Mars,1,2,77213629483.261948,0.94595375024379025,4,6.8904631508227318e-14,5.2144475667499258e-13,4068711.9355666554,4.0687119355666548,16,8192,0.5425377371454041,0
65,100064,Earth_Relay1_Mars,1,1,333108010433.33167,0.94595375024379025,4,3.7022538717517688e-15,2.8017287474705424e-14,218612.36591470178,0.21861236591470176,16,8192,0.94527096013820044,0
65,100064,Earth_Relay1_Mars,1,2,78116324793.931976,0.94595375024379025,4,6.732133880465136e-14,5.0946298330954203e-13,3975220.9498443678,3.9752209498443678,16,8192,0.55440364127699238,0
65,100064,Earth_Relay2_Mars,1,1,360782629952.76093,0.94595375024379025,4,3.1560589674344185e-15,2.3883886529881063e-14,186360.40145747454,0.18636040145747454,16,8192,0.94699571756786205,0
65,100064,Earth_Relay2_Mars,1,2,1000000000.0000037,0.94595375024379025,4,4.1080559421807658e-10,3.1088247397737459e-09,24257435063.607681,24257.435063607682,16,8192,0,1
66,100065,Direct_Earth_to_Mars,1,1,325969957773.96521,0.93394284604471356,0,3.8661722260764479e-15,2.8886271136966908e-14,225392.84295123554,0.22539284295123552,16,8192,0.79820258889906359,0
66,100065,Earth_Relay0_Mars,1,1,300549930316.54614,0.93394284604471356,0,4.5478181002577683e-15,3.3979217438787224e-14,265131.91624741576,0.26513191624741578,16,8192,0.76710474972106546,0
66,100065,Earth_Relay0_Mars,1,2,73872154891.20018,0.93394284604471356,0,7.5279168499536267e-14,5.6245152701069165e-13,4388678.2095930539,4.3886782095930537,16,8192,0.012417131222982936,7.702396353507091e-12
66,100065,Earth_Relay1_Mars,1,1,343859595289.72894,0.93394284604471356,0,3.4743538981827345e-15,2.5958783742682624e-14,202550.3409414409,0.20255034094144089,16,8192,0.81664537086652511,0
66,100065,Earth_Relay1_Mars,1,2,77130539627.568405,0.93394284604471356,0,6.9053168254617571e-14,5.1593369990497603e-13,4025710.4437101986,4.0257104437101985,16,8192,0.017850737703019592,9.5391418458993525e-17
66,100065,Earth_Relay2_Mars,1,1,326899845751.01025,0.93394284604471356,0,3.8442083502388826e-15,2.872216709928764e-14,224112.37738276791,0.2241123773827679,16,8192,0.79922531447351486,0
66,100065,Earth_Relay2_Mars,1,2,999999999.99998641,0.93394284604471356,0,4.108055942180907e-10,3.0693515666810674e-09,23949435091.52824,23949.435091528238,16,8192,0,1
66,100065,Direct_Earth_to_Mars,1,1,325969957773.96521,0.93394284604471356,0.01,3.8661722260764479e-15,2.8886271136966908e-14,225392.84295123554,0.22539284295123552,16,8192,0.81618797955176559,0
66,100065,Earth_Relay0_Mars,1,1,300549930316.54614,0.93394284604471356,0.01,4.5478181002577683e-15,3.3979217438787224e-14,265131.91624741576,0.26513191624741578,16,8192,0.78859910490536034,0
66,100065,Earth_Relay0_Mars,1,2,73872154891.20018,0.93394284604471356,0.01,7.5279168499536267e-14,5.6245152701069165e-13,4388678.2095930539,4.3886782095930537,16,8192,0.019914872492171054,1.283099300655863e-18
66,100065,Earth_Relay1_Mars,1,1,343859595289.72894,0.93394284604471356,0.01,3.4743538981827345e-15,2.5958783742682624e-14,202550.3409414409,0.20255034094144089,16,8192,0.83247070898867614,0
66,100065,Earth_Relay1_Mars,1,2,77130539627.568405,0.93394284604471356,0.01,6.9053168254617571e-14,5.1593369990497603e-13,4025710.4437101986,4.0257104437101985,16,8192,0.027715595654483338,1.0016560090427918e-25
66,100065,Earth_Relay2_Mars,1,1,326899845751.01025,0.93394284604471356,0.01,3.8442083502388826e-15,2.872216709928764e-14,224112.37738276791,0.2241123773827679,16,8192,0.81709244198274478,0
66,100065,Earth_Relay2_Mars,1,2,999999999.99998641,0.93394284604471356,0.01,4.108055942180907e-10,3.0693515666810674e-09,23949435091.52824,23949.435091528238,16,8192,0,1
66,100065,Direct_Earth_to_Mars,1,1,325969957773.96521,0.93394284604471356,0.10000000000000001,3.8661722260764479e-15,2.8886271136966908e-14,225392.84295123554,0.22539284295123552,16,8192,0.90742497724557392,0
66,100065,Earth_Relay0_Mars,1,1,300549930316.54614,0.93394284604471356,0.10000000000000001,4.5478181002577683e-15,3.3979217438787224e-14,265131.91624741576,0.26513191624741578,16,8192,0.89415107413933048,0
66,100065,Earth_Relay0_Mars,1,2,73872154891.20018,0.93394284604471356,0.10000000000000001,7.5279168499536267e-14,5.6245152701069165e-13,4388678.2095930539,4.3886782095930537,16,8192,0.058507387760895369,2.3825664874094107e-54
66,100065,Earth_Relay1_Mars,1,1,343859595289.72894,0.93394284604471356,0.10000000000000001,3.4743538981827345e-15,2.5958783742682624e-14,202550.3409414409,0.20255034094144089,16,8192,0.91491663724149552,0
66,100065,Earth_Relay1_Mars,1,2,77130539627.568405,0.93394284604471356,0.10000000000000001,6.9053168254617571e-14,5.1593369990497603e-13,4025710.4437101986,4.0257104437101985,16,8192,0.077709037327609032,1.1209027965307193e-72
66,100065,Earth_Relay2_Mars,1,1,326899845751.01025,0.93394284604471356,0.10000000000000001,3.8442083502388826e-15,2.872216709928764e-14,224112.37738276791,0.2241123773827679,16,8192,0.90784773063999014,0
66,100065,Earth_Relay2_Mars,1,2,999999999.99998641,0.93394284604471356,0.10000000000000001,4.108055942180907e-10,3.0693515666810674e-09,23949435091.52824,23949.435091528238,16,8192,0,1
66,100065,Direct_Earth_to_Mars,1,1,325969957773.96521,0.93394284604471356,1,3.8661722260764479e-15,2.8886271136966908e-14,225392.84295123554,0.22539284295123552,16,8192,0.94338979765296105,0
66,100065,Earth_Relay0_Mars,1,1,300549930316.54614,0.93394284604471356,1,4.5478181002577683e-15,3.3979217438787224e-14,265131.91624741576,0.26513191624741578,16,8192,0.93885817829092388,0
66,100065,Earth_Relay0_Mars,1,2,73872154891.20018,0.93394284604471356,1,7.5279168499536267e-14,5.6245152701069165e-13,4388678.2095930539,4.3886782095930537,16,8192,0.23093690113803667,2.8191738537385769e-234
66,100065,Earth_Relay1_Mars,1,1,343859595289.72894,0.93394284604471356,1,3.4743538981827345e-15,2.5958783742682624e-14,202550.3409414409,0.20255034094144089,16,8192,0.94591506167837325,0
66,100065,Earth_Relay1_Mars,1,2,77130539627.568405,0.93394284604471356,1,6.9053168254617571e-14,5.1593369990497603e-13,4025710.4437101986,4.0257104437101985,16,8192,0.2754830696077446,2.3955582790483002e-287
66,100065,Earth_Relay2_Mars,1,1,326899845751.01025,0.93394284604471356,1,3.8442083502388826e-15,2.872216709928764e-14,224112.37738276791,0.2241123773827679,16,8192,0.94353289876016833,0
66,100065,Earth_Relay2_Mars,1,2,999999999.99998641,0.93394284604471356,1,4.108055942180907e-10,3.0693515666810674e-09,23949435091.52824,23949.435091528238,16,8192,0,1
66,100065,Direct_Earth_to_Mars,1,1,325969957773.96521,0.93394284604471356,4,3.8661722260764479e-15,2.8886271136966908e-14,225392.84295123554,0.22539284295123552,16,8192,0.94490391112137995,0
66,100065,Earth_Relay0_Mars,1,1,300549930316.54614,0.93394284604471356,4,4.5478181002577683e-15,3.3979217438787224e-14,265131.91624741576,0.26513191624741578,16,8192,0.94272157034088788,0
66,100065,Earth_Relay0_Mars,1,2,73872154891.20018,0.93394284604471356,4,7.5279168499536267e-14,5.6245152701069165e-13,4388678.2095930539,4.3886782095930537,16,8192,0.50236191102470862,0
66,100065,Earth_Relay1_Mars,1,1,343859595289.72894,0.93394284604471356,4,3.4743538981827345e-15,2.5958783742682624e-14,202550.3409414409,0.20255034094144089,16,8192,0.94613428280140832,0
66,100065,Earth_Relay1_Mars,1,2,77130539627.568405,0.93394284604471356,4,6.9053168254617571e-14,5.1593369990497603e-13,4025710.4437101986,4.0257104437101985,16,8192,0.54798987752910744,0
66,100065,Earth_Relay2_Mars,1,1,326899845751.01025,0.93394284604471356,4,3.8442083502388826e-15,2.872216709928764e-14,224112.37738276791,0.2241123773827679,16,8192,0.94497334529306543,0
66,100065,Earth_Relay2_Mars,1,2,999999999.99998641,0.93394284604471356,4,4.108055942180907e-10,3.0693515666810674e-09,23949435091.52824,23949.435091528238,16,8192,0,1
67,100066,Direct_Earth_to_Mars,1,1,96264410179.04213,0.97992833904695931,0,4.4330725680719486e-14,3.4752747508043068e-13,2711675.9113917151,2.711675911391715,16,8192,0.066425390310763333,7.3319081426512873e-62
67,100066,Earth_Relay0_Mars,1,1,67233540203.682793,0.97992833904695931,0,9.0879177853806855e-14,7.1244065446587332e-13,5559008.4224683018,5.5590084224683016,16,8192,0.0038525946505453268,0.00036876473235709001
67,100066,Earth_Relay0_Mars,1,2,85456435132.674393,0.97992833904695931,0,5.6253144618731693e-14,4.4099240457921719e-13,3440960.9782001087,3.4409609782001085,16,8192,0.032033886665059463,1.1005122218359914e-29
67,100066,Earth_Relay1_Mars,0,1,154603942450.65952,0.97992833904695931,0,1.7186807800689071e-14,1.3473472017318852e-13,1051303.6272518644,1.0513036272518643,16,8192,0.34948185794559516,0
67,100066,Earth_Relay1_Mars,0,2,83014776149.041031,0.97992833904695931,0,5.961088187012857e-14,4.6731513968095679e-13,3646351.1467927154,3.6463511467927154,16,8192,0.026086139827630417,3.090859311529019e-24
67,100066,Earth_Relay2_Mars,1,1,97017225660.99707,0.97992833904695931,0,4.3645416937310348e-14,3.4215504741112446e-13,2669756.1101064202,2.66975611010642,16,8192,0.069269117287014459,1.4184272135300228e-64
67,100066,Earth_Relay2_Mars,1,2,1000000000.0000023,0.97992833904695931,0,4.1080559421807751e-10,3.2204803489065592e-09,25128657765.027607,25128.657765027605,16,8192,0,1
67,100066,Direct_Earth_to_Mars,1,1,96264410179.04213,0.97992833904695931,0.01,4.4330725680719486e-14,3.4752747508043068e-13,2711675.9113917151,2.711675911391715,16,8192,0.090878212350548937,1.8113034071009166e-85
67,100066,Earth_Relay0_Mars,1,1,67233540203.682793,0.97992833904695931,0.01,9.0879177853806855e-14,7.1244065446587332e-13,5559008.4224683018,5.5590084224683016,16,8192,0.0068173771377723069,8.2342129766692006e-07
67,100066,Earth_Relay0_Mars,1,2,85456435132.674393,0.97992833904695931,0.01,5.6253144618731693e-14,4.4099240457921719e-13,3440960.9782001087,3.4409609782001085,16,8192,0.047101527261399267,1.2232072467005339e-43
67,100066,Earth_Relay1_Mars,0,1,154603942450.65952,0.97992833904695931,0.01,1.7186807800689071e-14,1.3473472017318852e-13,1051303.6272518644,1.0513036272518643,16,8192,0.39729998275201683,0
67,100066,Earth_Relay1_Mars,0,2,83014776149.041031,0.97992833904695931,0.01,5.961088187012857e-14,4.6731513968095679e-13,3646351.1467927154,3.6463511467927154,16,8192,0.039109164995353551,3.2844045164941795e-36
67,100066,Earth_Relay2_Mars,1,1,97017225660.99707,0.97992833904695931,0.01,4.3645416937310348e-14,3.4215504741112446e-13,2669756.1101064202,2.66975611010642,16,8192,0.094362532395717791,6.9594288901714232e-89
67,100066,Earth_Relay2_Mars,1,2,1000000000.0000023,0.97992833904695931,0.01,4.1080559421807751e-10,3.2204803489065592e-09,25128657765.027607,25128.657765027605,16,8192,0,1
67,100066,Direct_Earth_to_Mars,1,1,96264410179.04213,0.97992833904695931,0.10000000000000001,4.4330725680719486e-14,3.4752747508043068e-13,2711675.9113917151,2.711675911391715,16,8192,0.20805384065658494,3.3783565610149762e-208
67,100066,Earth_Relay0_Mars,1,1,67233540203.682793,0.97992833904695931,0.10000000000000001,9.0879177853806855e-14,7.1244065446587332e-13,5559008.4224683018,5.5590084224683016,16,8192,0.02285589400781507,2.7242510454520499e-21
67,100066,Earth_Relay0_Mars,1,2,85456435132.674393,0.97992833904695931,0.10000000000000001,5.6253144618731693e-14,4.4099240457921719e-13,3440960.9782001087,3.4409609782001085,16,8192,0.12157263584201683,5.1238146130881305e-116
67,100066,Earth_Relay1_Mars,0,1,154603942450.65952,0.97992833904695931,0.10000000000000001,1.7186807800689071e-14,1.3473472017318852e-13,1051303.6272518644,1.0513036272518643,16,8192,0.61348369027436822,0
67,100066,Earth_Relay1_Mars,0,2,83014776149.041031,0.97992833904695931,0.10000000000000001,5.961088187012857e-14,4.6731513968095679e-13,3646351.1467927154,3.6463511467927154,16,8192,0.10404325923435653,1.9224739912205789e-98
67,100066,Earth_Relay2_Mars,1,1,97017225660.99707,0.97992833904695931,0.10000000000000001,4.3645416937310348e-14,3.4215504741112446e-13,2669756.1101064202,2.66975611010642,16,8192,0.21439728355059184,2.3751761981026716e-215
67,100066,Earth_Relay2_Mars,1,2,1000000000.0000023,0.97992833904695931,0.10000000000000001,4.1080559421807751e-10,3.2204803489065592e-09,25128657765.027607,25128.657765027605,16,8192,0,1
67,100066,Direct_Earth_to_Mars,1,1,96264410179.04213,0.97992833904695931,1,4.4330725680719486e-14,3.4752747508043068e-13,2711675.9113917151,2.711675911391715,16,8192,0.48752097501710956,0
67,100066,Earth_Relay0_Mars,1,1,67233540203.682793,0.97992833904695931,1,9.0879177853806855e-14,7.1244065446587332e-13,5559008.4224683018,5.5590084224683016,16,8192,0.12513900179697368,1.2336342554186327e-119
67,100066,Earth_Relay0_Mars,1,2,85456435132.674393,0.97992833904695931,1,5.6253144618731693e-14,4.4099240457921719e-13,3440960.9782001087,3.4409609782001085,16,8192,0.36020972575344012,0
67,100066,Earth_Relay1_Mars,0,1,154603942450.65952,0.97992833904695931,1,1.7186807800689071e-14,1.3473472017318852e-13,1051303.6272518644,1.0513036272518643,16,8192,0.81825432252018826,0
67,100066,Earth_Relay1_Mars,0,2,83014776149.041031,0.97992833904695931,1,5.961088187012857e-14,4.6731513968095679e-13,3646351.1467927154,3.6463511467927154,16,8192,0.32861373308511321,0
67,100066,Earth_Relay2_Mars,1,1,97017225660.99707,0.97992833904695931,1,4.3645416937310348e-14,3.4215504741112446e-13,2669756.1101064202,2.66975611010642,16,8192,0.49548024565337934,0
67,100066,Earth_Relay2_Mars,1,2,1000000000.0000023,0.97992833904695931,1,4.1080559421807751e-10,3.2204803489065592e-09,25128657765.027607,25128.657765027605,16,8192,0,1
67,100066,Direct_Earth_to_Mars,1,1,96264410179.04213,0.97992833904695931,4,4.4330725680719486e-14,3.4752747508043068e-13,2711675.9113917151,2.711675911391715,16,8192,0.71429779516953795,0
67,100066,Earth_Relay0_Mars,1,1,67233540203.682793,0.97992833904695931,4,9.0879177853806855e-14,7.1244065446587332e-13,5559008.4224683018,5.5590084224683016,16,8192,0.36557854868795359,0
67,100066,Earth_Relay0_Mars,1,2,85456435132.674393,0.97992833904695931,4,5.6253144618731693e-14,4.4099240457921719e-13,3440960.9782001087,3.4409609782001085,16,8192,0.62267275731597005,0
67,100066,Earth_Relay1_Mars,0,1,154603942450.65952,0.97992833904695931,4,1.7186807800689071e-14,1.3473472017318852e-13,1051303.6272518644,1.0513036272518643,16,8192,0.88852029907396957,0
67,100066,Earth_Relay1_Mars,0,2,83014776149.041031,0.97992833904695931,4,5.961088187012857e-14,4.6731513968095679e-13,3646351.1467927154,3.6463511467927154,16,8192,0.59639577201544836,0
67,100066,Earth_Relay2_Mars,1,1,97017225660.99707,0.97992833904695931,4,4.3645416937310348e-14,3.4215504741112446e-13,2669756.1101064202,2.66975611010642,16,8192,0.71940798823558172,0
67,100066,Earth_Relay2_Mars,1,2,1000000000.0000023,0.97992833904695931,4,4.1080559421807751e-10,3.2204803489065592e-09,25128657765.027607,25128.657765027605,16,8192,0,1
68,100067,Direct_Earth_to_Mars,1,1,364146806906.62372,0.85810626512814003,0,3.0980137204629976e-15,2.1267399863857891e-14,165944.56566466248,0.16594456566466248,16,8192,0.84709319093588809,0
68,100067,Earth_Relay0_Mars,1,1,351997507389.8822,0.85810626512814003,0,3.3155621476120488e-15,2.2760837210300879e-14,177597.50929619826,0.17759750929619825,16,8192,0.83727935283475596,0
68,100067,Earth_Relay0_Mars,1,2,72717198469.019592,0.85810626512814003,0,7.7689454415895666e-14,5.3332646054933685e-13,4161422.102366826,4.1614221023668261,16,8192,0.015585378149614471,1.0682140548992099e-14
68,100067,Earth_Relay1_Mars,0,1,368334108226.67877,0.85810626512814003,0,3.0279763244717711e-15,2.0786603637511237e-14,162193.02473981757,0.16219302473981756,16,8192,0.85027706419008031,0
68,100067,Earth_Relay1_Mars,0,2,72820768046.397278,0.85810626512814003,0,7.7468623401240202e-14,5.3181048873165326e-13,4149593.3275069105,4.1495933275069108,16,8192,0.0157708287431646,7.2624772613729755e-15
68,100067,Earth_Relay2_Mars,1,1,365124697550.97614,0.85810626512814003,0,3.0814415095528243e-15,2.1153634119785533e-14,165056.87807198748,0.16505687807198746,16,8192,0.84784547890026785,0
68,100067,Earth_Relay2_Mars,1,2,1000000000.0000091,0.85810626512814003,0,4.1080559421807219e-10,2.8201188331857293e-09,22004730145.269802,22004.730145269801,16,8192,0,1
68,100067,Direct_Earth_to_Mars,1,1,364146806906.62372,0.85810626512814003,0.01,3.0980137204629976e-15,2.1267399863857891e-14,165944.56566466248,0.16594456566466248,16,8192,0.8592278585015346,0
68,100067,Earth_Relay0_Mars,1,1,351997507389.8822,0.85810626512814003,0.01,3.3155621476120488e-15,2.2760837210300879e-14,177597.50929619826,0.17759750929619825,16,8192,0.85062026202261964,0
68,100067,Earth_Relay0_Mars,1,2,72717198469.019592,0.85810626512814003,0.01,7.7689454415895666e-14,5.3332646054933685e-13,4161422.102366826,4.1614221023668261,16,8192,0.024496461080493637,8.723349795434246e-23
68,100067,Earth_Relay1_Mars,0,1,368334108226.67877,0.85810626512814003,0.01,3.0279763244717711e-15,2.0786603637511237e-14,162193.02473981757,0.16219302473981756,16,8192,0.86201703193518631,0
68,100067,Earth_Relay1_Mars,0,2,72820768046.397278,0.85810626512814003,0.01,7.7468623401240202e-14,5.3181048873165326e-13,4149593.3275069105,4.1495933275069108,16,8192,0.024761641472568985,4.9988122772206595e-23
68,100067,Earth_Relay2_Mars,1,1,365124697550.97614,0.85810626512814003,0.01,3.0814415095528243e-15,2.1153634119785533e-14,165056.87807198748,0.16505687807198746,16,8192,0.85988703450928294,0
68,100067,Earth_Relay2_Mars,1,2,1000000000.0000091,0.85810626512814003,0.01,4.1080559421807219e-10,2.8201188331857293e-09,22004730145.269802,22004.730145269801,16,8192,0,1
68,100067,Direct_Earth_to_Mars,1,1,364146806906.62372,0.85810626512814003,0.10000000000000001,3.0980137204629976e-15,2.1267399863857891e-14,165944.56566466248,0.16594456566466248,16,8192,0.92668686060143146,0
68,100067,Earth_Relay0_Mars,1,1,351997507389.8822,0.85810626512814003,0.10000000000000001,3.3155621476120488e-15,2.2760837210300879e-14,177597.50929619826,0.17759750929619825,16,8192,0.92297307697369058,0
68,100067,Earth_Relay0_Mars,1,2,72717198469.019592,0.85810626512814003,0.10000000000000001,7.7689454415895666e-14,5.3332646054933685e-13,4161422.102366826,4.1614221023668261,16,8192,0.069919702179445986,3.3874328874926391e-65
68,100067,Earth_Relay1_Mars,0,1,368334108226.67877,0.85810626512814003,0.10000000000000001,3.0279763244717711e-15,2.0786603637511237e-14,162193.02473981757,0.16219302473981756,16,8192,0.92787560950929471,0
68,100067,Earth_Relay1_Mars,0,2,72820768046.397278,0.85810626512814003,0.10000000000000001,7.7468623401240202e-14,5.3181048873165326e-13,4149593.3275069105,4.1495933275069108,16,8192,0.070568079406681972,8.1210431059875937e-66
68,100067,Earth_Relay2_Mars,1,1,365124697550.97614,0.85810626512814003,0.10000000000000001,3.0814415095528243e-15,2.1153634119785533e-14,165056.87807198748,0.16505687807198746,16,8192,0.92696844763096153,0
68,100067,Earth_Relay2_Mars,1,2,1000000000.0000091,0.85810626512814003,0.10000000000000001,4.1080559421807219e-10,2.8201188331857293e-09,22004730145.269802,22004.730145269801,16,8192,0,1
68,100067,Direct_Earth_to_Mars,1,1,364146806906.62372,0.85810626512814003,1,3.0980137204629976e-15,2.1267399863857891e-14,165944.56566466248,0.16594456566466248,16,8192,0.94983937856087231,0
68,100067,Earth_Relay0_Mars,1,1,351997507389.8822,0.85810626512814003,1,3.3155621476120488e-15,2.2760837210300879e-14,177597.50929619826,0.17759750929619825,16,8192,0.94860657604575704,0
68,100067,Earth_Relay0_Mars,1,2,72717198469.019592,0.85810626512814003,1,7.7689454415895666e-14,5.3332646054933685e-13,4161422.102366826,4.1614221023668261,16,8192,0.25811816646295094,2.7895916872143094e-266
68,100067,Earth_Relay1_Mars,0,1,368334108226.67877,0.85810626512814003,1,3.0279763244717711e-15,2.0786603637511237e-14,162193.02473981757,0.16219302473981756,16,8192,0.95023298376222909,0
68,100067,Earth_Relay1_Mars,0,2,72820768046.397278,0.85810626512814003,1,7.7468623401240202e-14,5.3181048873165326e-13,4149593.3275069105,4.1495933275069108,16,8192,0.25959768622734514,4.6772152085094528e-268
68,100067,Earth_Relay2_Mars,1,1,365124697550.97614,0.85810626512814003,1,3.0814415095528243e-15,2.1153634119785533e-14,165056.87807198748,0.16505687807198746,16,8192,0.94993265777833957,0
68,100067,Earth_Relay2_Mars,1,2,1000000000.0000091,0.85810626512814003,1,4.1080559421807219e-10,2.8201188331857293e-09,22004730145.269802,22004.730145269801,16,8192,0,1
68,100067,Direct_Earth_to_Mars,1,1,364146806906.62372,0.85810626512814003,4,3.0980137204629976e-15,2.1267399863857891e-14,165944.56566466248,0.16594456566466248,16,8192,0.94806948707144922,0
68,100067,Earth_Relay0_Mars,1,1,351997507389.8822,0.85810626512814003,4,3.3155621476120488e-15,2.2760837210300879e-14,177597.50929619826,0.17759750929619825,16,8192,0.94745830985024748,0
68,100067,Earth_Relay0_Mars,1,2,72717198469.019592,0.85810626512814003,4,7.7689454415895666e-14,5.3332646054933685e-13,4161422.102366826,4.1614221023668261,16,8192,0.53082021525769818,0
68,100067,Earth_Relay1_Mars,0,1,368334108226.67877,0.85810626512814003,4,3.0279763244717711e-15,2.0786603637511237e-14,162193.02473981757,0.16219302473981756,16,8192,0.94826528306731828,0
68,100067,Earth_Relay1_Mars,0,2,72820768046.397278,0.85810626512814003,4,7.7468623401240202e-14,5.3181048873165326e-13,4149593.3275069105,4.1495933275069108,16,8192,0.53231218576351291,0
68,100067,Earth_Relay2_Mars,1,1,365124697550.97614,0.85810626512814003,4,3.0814415095528243e-15,2.1153634119785533e-14,165056.87807198748,0.16505687807198746,16,8192,0.9481158586863272,0
68,100067,Earth_Relay2_Mars,1,2,1000000000.0000091,0.85810626512814003,4,4.1080559421807219e-10,2.8201188331857293e-09,22004730145.269802,22004.730145269801,16,8192,0,1
69,100068,Direct_Earth_to_Mars,1,1,338344588199.45319,0.91800452181341274,0,3.5885407339458393e-15,2.6354372963791229e-14,205637.03145832205,0.20563703145832204,16,8192,0.81412852570396743,0
69,100068,Earth_Relay0_Mars,1,1,360703300160.00848,0.91800452181341274,0,3.1574473497180404e-15,2.3188407555431498e-14,180933.74107196738,0.18093374107196736,16,8192,0.83449064931989769,0
69,100068,Earth_Relay0_Mars,1,2,75852248152.612473,0.91800452181341274,0,7.1400201051393025e-14,5.2436565938852472e-13,4091503.0588468239,4.0915030588468237,16,8192,0.016714092404541914,1.0192036163130261e-15
69,100068,Earth_Relay1_Mars,1,1,308950629178.45807,0.91800452181341274,0,4.3038604490473294e-15,3.1607706827834831e-14,246627.57153095515,0.24662757153095513,16,8192,0.7814316667439678,0
69,100068,Earth_Relay1_Mars,1,2,77637257294.977188,0.91800452181341274,0,6.8154726582149762e-14,5.0053077748296227e-13,3905525.029054441,3.905525029054441,16,8192,0.020130382680493275,8.1782718259892575e-19
69,100068,Earth_Relay2_Mars,1,1,339261450288.7782,0.91800452181341274,0,3.5691707110055234e-15,2.6212118814616513e-14,204527.05547865795,0.20452705547865793,16,8192,0.81503269051964067,0
69,100068,Earth_Relay2_Mars,1,2,999999999.99999285,0.91800452181341274,0,4.1080559421808547e-10,3.0169711446275874e-09,23540722863.299149,23540.722863299146,16,8192,0,1
69,100068,Direct_Earth_to_Mars,1,1,338344588199.45319,0.91800452181341274,0.01,3.5885407339458393e-15,2.6354372963791229e-14,205637.03145832205,0.20563703145832204,16,8192,0.83025204081950688,0
69,100068,Earth_Relay0_Mars,1,1,360703300160.00848,0.91800452181341274,0.01,3.1574473497180404e-15,2.3188407555431498e-14,180933.74107196738,0.18093374107196736,16,8192,0.84817145086211865,0
69,100068,Earth_Relay0_Mars,1,2,75852248152.612473,0.91800452181341274,0.01,7.1400201051393025e-14,5.2436565938852472e-13,4091503.0588468239,4.0915030588468237,16,8192,0.026105777462663293,2.965820206751406e-24
69,100068,Earth_Relay1_Mars,1,1,308950629178.45807,0.91800452181341274,0.01,4.3038604490473294e-15,3.1607706827834831e-14,246627.57153095515,0.24662757153095513,16,8192,0.80133052259007542,0
69,100068,Earth_Relay1_Mars,1,2,77637257294.977188,0.91800452181341274,0.01,6.8154726582149762e-14,5.0053077748296227e-13,3905525.029054441,3.905525029054441,16,8192,0.030914255200145679,1.1743463027080791e-28
69,100068,Earth_Relay2_Mars,1,1,339261450288.7782,0.91800452181341274,0.01,3.5691707110055234e-15,2.6212118814616513e-14,204527.05547865795,0.20452705547865793,16,8192,0.83104920975506702,0
69,100068,Earth_Relay2_Mars,1,2,999999999.99999285,0.91800452181341274,0.01,4.1080559421808547e-10,3.0169711446275874e-09,23540722863.299149,23540.722863299146,16,8192,0,1
69,100068,Direct_Earth_to_Mars,1,1,338344588199.45319,0.91800452181341274,0.10000000000000001,3.5885407339458393e-15,2.6354372963791229e-14,205637.03145832205,0.20563703145832204,16,8192,0.91391060584553796,0
69,100068,Earth_Relay0_Mars,1,1,360703300160.00848,0.91800452181341274,0.10000000000000001,3.1574473497180404e-15,2.3188407555431498e-14,180933.74107196738,0.18093374107196736,16,8192,0.92190399834669967,0
69,100068,Earth_Relay0_Mars,1,2,75852248152.612473,0.91800452181341274,0.10000000000000001,7.1400201051393025e-14,5.2436565938852472e-13,4091503.0588468239,4.0915030588468237,16,8192,0.073835642036242488,5.9862477626658933e-69
69,100068,Earth_Relay1_Mars,1,1,308950629178.45807,0.91800452181341274,0.10000000000000001,4.3038604490473294e-15,3.1607706827834831e-14,246627.57153095515,0.24662757153095513,16,8192,0.90036811769933478,0
69,100068,Earth_Relay1_Mars,1,2,77637257294.977188,0.91800452181341274,0.10000000000000001,6.8154726582149762e-14,5.0053077748296227e-13,3905525.029054441,3.905525029054441,16,8192,0.085284297554988675,5.1761084053757841e-80
69,100068,Earth_Relay2_Mars,1,1,339261450288.7782,0.91800452181341274,0.10000000000000001,3.5691707110055234e-15,2.6212118814616513e-14,204527.05547865795,0.20452705547865793,16,8192,0.91427260778909536,0
69,100068,Earth_Relay2_Mars,1,2,999999999.99999285,0.91800452181341274,0.10000000000000001,4.1080559421808547e-10,3.0169711446275874e-09,23540722863.299149,23540.722863299146,16,8192,0,1
69,100068,Direct_Earth_to_Mars,1,1,338344588199.45319,0.91800452181341274,1,3.5885407339458393e-15,2.6354372963791229e-14,205637.03145832205,0.20563703145832204,16,8192,0.94557724240526742,0
69,100068,Earth_Relay0_Mars,1,1,360703300160.00848,0.91800452181341274,1,3.1574473497180404e-15,2.3188407555431498e-14,180933.74107196738,0.18093374107196736,16,8192,0.94825079013453339,0
69,100068,Earth_Relay0_Mars,1,2,75852248152.612473,0.91800452181341274,1,7.1400201051393025e-14,5.2436565938852472e-13,4091503.0588468239,4.0915030588468237,16,8192,0.26695759824483267,6.086808141330425e-277
69,100068,Earth_Relay1_Mars,1,1,308950629178.45807,0.91800452181341274,1,4.3038604490473294e-15,3.1607706827834831e-14,246627.57153095515,0.24662757153095513,16,8192,0.94099006320035639,0
69,100068,Earth_Relay1_Mars,1,2,77637257294.977188,0.91800452181341274,1,6.8154726582149762e-14,5.0053077748296227e-13,3905525.029054441,3.905525029054441,16,8192,0.29158055371693803,2.4825105226723586e-307
69,100068,Earth_Relay2_Mars,1,1,339261450288.7782,0.91800452181341274,1,3.5691707110055234e-15,2.6212118814616513e-14,204527.05547865795,0.20452705547865793,16,8192,0.94569884570339158,0
69,100068,Earth_Relay2_Mars,1,2,999999999.99999285,0.91800452181341274,1,4.1080559421808547e-10,3.0169711446275874e-09,23540722863.299149,23540.722863299146,16,8192,0,1
69,100068,Direct_Earth_to_Mars,1,1,338344588199.45319,0.91800452181341274,4,3.5885407339458393e-15,2.6354372963791229e-14,205637.03145832205,0.20563703145832204,16,8192,0.94596904798070924,0
69,100068,Earth_Relay0_Mars,1,1,360703300160.00848,0.91800452181341274,4,3.1574473497180404e-15,2.3188407555431498e-14,180933.74107196738,0.18093374107196736,16,8192,0.9472824935870422,0
69,100068,Earth_Relay0_Mars,1,2,75852248152.612473,0.91800452181341274,4,7.1400201051393025e-14,5.2436565938852472e-13,4091503.0588468239,4.0915030588468237,16,8192,0.5396522864837856,0
69,100068,Earth_Relay1_Mars,1,1,308950629178.45807,0.91800452181341274,4,4.3038604490473294e-15,3.1607706827834831e-14,246627.57153095515,0.24662757153095513,16,8192,0.94374439324339654,0
69,100068,Earth_Relay1_Mars,1,2,77637257294.977188,0.91800452181341274,4,6.8154726582149762e-14,5.0053077748296227e-13,3905525.029054441,3.905525029054441,16,8192,0.56327618374763455,0
69,100068,Earth_Relay2_Mars,1,1,339261450288.7782,0.91800452181341274,4,3.5691707110055234e-15,2.6212118814616513e-14,204527.05547865795,0.20452705547865793,16,8192,0.94602850336348221,0
69,100068,Earth_Relay2_Mars,1,2,999999999.99999285,0.91800452181341274,4,4.1080559421808547e-10,3.0169711446275874e-09,23540722863.299149,23540.722863299146,16,8192,0,1
70,100069,Direct_Earth_to_Mars,1,1,357352377337.05505,0.92675877540402418,0,3.2169402733841034e-15,2.3850621026474711e-14,186100.83848552118,0.18610083848552117,16,8192,0.83018987567118163,0
70,100069,Earth_Relay0_Mars,1,1,375785232458.58948,0.92675877540402418,0,2.9090884798485935e-15,2.1568186217011497e-14,168291.53149271169,0.16829153149271167,16,8192,0.84510742333944244,0
70,100069,Earth_Relay0_Mars,1,2,77067654675.670563,0.92675877540402418,0,6.9165904961609985e-14,5.128008750554624e-13,4001265.7413825067,4.0012657413825066,16,8192,0.018292470692211404,3.7965191765055026e-17
70,100069,Earth_Relay1_Mars,1,1,330253609085.48425,0.92675877540402418,0,3.7665280347303205e-15,2.7925303271932781e-14,217894.63461351639,0.21789463461351638,16,8192,0.80421017311830489,0
70,100069,Earth_Relay1_Mars,1,2,78092376003.377426,0.92675877540402418,0,6.736263635363349e-14,4.9943131500063987e-13,3896946.1794883665,3.8969461794883662,16,8192,0.020303821092533703,5.6913624228647256e-19
70,100069,Earth_Relay2_Mars,1,1,358293511311.71893,0.92675877540402418,0,3.2000625158458984e-15,2.3725488147213327e-14,185124.45578559896,0.18512445578559894,16,8192,0.8310008545518851,0
70,100069,Earth_Relay2_Mars,1,2,1000000000.0000005,0.92675877540402418,0,4.1080559421807917e-10,3.0457415154133563e-09,23765211362.815685,23765.211362815684,16,8192,0,1
70,100069,Direct_Earth_to_Mars,1,1,357352377337.05505,0.92675877540402418,0.01,3.2169402733841034e-15,2.3850621026474711e-14,186100.83848552118,0.18610083848552117,16,8192,0.84439235347938135,0
70,100069,Earth_Relay0_Mars,1,1,375785232458.58948,0.92675877540402418,0.01,2.9090884798485935e-15,2.1568186217011497e-14,168291.53149271169,0.16829153149271167,16,8192,0.85748743188170828,0
70,100069,Earth_Relay0_Mars,1,2,77067654675.670563,0.92675877540402418,0.01,6.9165904961609985e-14,5.128008750554624e-13,4001265.7413825067,4.0012657413825066,16,8192,0.028338442923739771,2.696262550311359e-26
70,100069,Earth_Relay1_Mars,1,1,330253609085.48425,0.92675877540402418,0.01,3.7665280347303205e-15,2.7925303271932781e-14,217894.63461351639,0.21789463461351638,16,8192,0.82149830635588861,0
70,100069,Earth_Relay1_Mars,1,2,78092376003.377426,0.92675877540402418,0.01,6.736263635363349e-14,4.9943131500063987e-13,3896946.1794883665,3.8969461794883662,16,8192,0.031156078231150075,7.0440310795238509e-29
70,100069,Earth_Relay2_Mars,1,1,358293511311.71893,0.92675877540402418,0.01,3.2000625158458984e-15,2.3725488147213327e-14,185124.45578559896,0.18512445578559894,16,8192,0.84510519562152542,0
70,100069,Earth_Relay2_Mars,1,2,1000000000.0000005,0.92675877540402418,0.01,4.1080559421807917e-10,3.0457415154133563e-09,23765211362.815685,23765.211362815684,16,8192,0,1
70,100069,Direct_Earth_to_Mars,1,1,357352377337.05505,0.92675877540402418,0.10000000000000001,3.2169402733841034e-15,2.3850621026474711e-14,186100.83848552118,0.18610083848552117,16,8192,0.9202432187227827,0
70,100069,Earth_Relay0_Mars,1,1,375785232458.58948,0.92675877540402418,0.10000000000000001,2.9090884798485935e-15,2.1568186217011497e-14,168291.53149271169,0.16829153149271167,16,8192,0.92594146218541118,0
70,100069,Earth_Relay0_Mars,1,2,77067654675.670563,0.92675877540402418,0.10000000000000001,6.9165904961609985e-14,5.128008750554624e-13,4001265.7413825067,4.0012657413825066,16,8192,0.079196430173907095,4.1115386290876585e-74
70,100069,Earth_Relay1_Mars,1,1,330253609085.48425,0.92675877540402418,0.10000000000000001,3.7665280347303205e-15,2.7925303271932781e-14,217894.63461351639,0.21789463461351638,16,8192,0.90989591130811076,0
70,100069,Earth_Relay1_Mars,1,2,78092376003.377426,0.92675877540402418,0.10000000000000001,6.736263635363349e-14,4.9943131500063987e-13,3896946.1794883665,3.8969461794883662,16,8192,0.085850784378478706,1.4554667054065326e-80
70,100069,Earth_Relay2_Mars,1,1,358293511311.71893,0.92675877540402418,0.10000000000000001,3.2000625158458984e-15,2.3725488147213327e-14,185124.45578559896,0.18512445578559894,16,8192,0.92055750497888089,0
70,100069,Earth_Relay2_Mars,1,2,1000000000.0000005,0.92675877540402418,0.10000000000000001,4.1080559421807917e-10,3.0457415154133563e-09,23765211362.815685,23765.211362815684,16,8192,0,1
70,100069,Direct_Earth_to_Mars,1,1,357352377337.05505,0.92675877540402418,1,3.2169402733841034e-15,2.3850621026474711e-14,186100.83848552118,0.18610083848552117,16,8192,0.94769726907069918,0
70,100069,Earth_Relay0_Mars,1,1,375785232458.58948,0.92675877540402418,1,2.9090884798485935e-15,2.1568186217011497e-14,168291.53149271169,0.16829153149271167,16,8192,0.94959232527308546,0
70,100069,Earth_Relay0_Mars,1,2,77067654675.670563,0.92675877540402418,1,6.9165904961609985e-14,5.128008750554624e-13,4001265.7413825067,4.0012657413825066,16,8192,0.27870220335851592,2.6224798473519173e-291
70,100069,Earth_Relay1_Mars,1,1,330253609085.48425,0.92675877540402418,1,3.7665280347303205e-15,2.7925303271932781e-14,217894.63461351639,0.21789463461351638,16,8192,0.9442251725913291,0
70,100069,Earth_Relay1_Mars,1,2,78092376003.377426,0.92675877540402418,1,6.736263635363349e-14,4.9943131500063987e-13,3896946.1794883665,3.8969461794883662,16,8192,0.29275558831209436,8.2867890395348452e-309
70,100069,Earth_Relay2_Mars,1,1,358293511311.71893,0.92675877540402418,1,3.2000625158458984e-15,2.3725488147213327e-14,185124.45578559896,0.18512445578559894,16,8192,0.94780209460711706,0
70,100069,Earth_Relay2_Mars,1,2,1000000000.0000005,0.92675877540402418,1,4.1080559421807917e-10,3.0457415154133563e-09,23765211362.815685,23765.211362815684,16,8192,0,1
70,100069,Direct_Earth_to_Mars,1,1,357352377337.05505,0.92675877540402418,4,3.2169402733841034e-15,2.3850621026474711e-14,186100.83848552118,0.18610083848552117,16,8192,0.94700945683361848,0
70,100069,Earth_Relay0_Mars,1,1,375785232458.58948,0.92675877540402418,4,2.9090884798485935e-15,2.1568186217011497e-14,168291.53149271169,0.16829153149271167,16,8192,0.94794675784638149,0
70,100069,Earth_Relay0_Mars,1,2,77067654675.670563,0.92675877540402418,4,6.9165904961609985e-14,5.128008750554624e-13,4001265.7413825067,4.0012657413825066,16,8192,0.55109356504426499,0
70,100069,Earth_Relay1_Mars,1,1,330253609085.48425,0.92675877540402418,4,3.7665280347303205e-15,2.7925303271932781e-14,217894.63461351639,0.21789463461351638,16,8192,0.94530972274139524,0
70,100069,Earth_Relay1_Mars,1,2,78092376003.377426,0.92675877540402418,4,6.736263635363349e-14,4.9943131500063987e-13,3896946.1794883665,3.8969461794883662,16,8192,0.56436964615109353,0
70,100069,Earth_Relay2_Mars,1,1,358293511311.71893,0.92675877540402418,4,3.2000625158458984e-15,2.3725488147213327e-14,185124.45578559896,0.18512445578559894,16,8192,0.94706111880419308,0
70,100069,Earth_Relay2_Mars,1,2,1000000000.0000005,0.92675877540402418,4,4.1080559421807917e-10,3.0457415154133563e-09,23765211362.815685,23765.211362815684,16,8192,0,1
71,100070,Direct_Earth_to_Mars,1,1,124740171692.15259,0.86216862140437045,0,2.6401200426318534e-14,1.8209829259983621e-13,1420870.5468085781,1.420870546808578,16,8192,0.2415036850961606,1.3954590279205579e-246
71,100070,Earth_Relay0_Mars,0,1,163734242184.75104,0.86216862140437045,0,1.5323477001789045e-14,1.0569136833403229e-13,824685.12018249638,0.82468512018249629,16,8192,0.43837300554702707,0
71,100070,Earth_Relay0_Mars,0,2,70747581897.278397,0.86216862140437045,0,8.2075426446493056e-14,5.6610285816438979e-13,4417168.6957962122,4.417168695796212,16,8192,0.01206835313764465,1.5873997149675604e-11
71,100070,Earth_Relay1_Mars,1,1,98109969391.97995,0.86216862140437045,0,4.2678590557919094e-14,2.9436913267842151e-13,2296893.7519446677,2.2968937519446677,16,8192,0.10057075674996629,5.3018036322266475e-95
71,100070,Earth_Relay1_Mars,1,2,69031607295.448303,0.86216862140437045,0,8.6206572502451566e-14,5.9459681416347666e-13,4639500.3951391112,4.6395003951391107,16,8192,0.0096625238657229717,2.3121815944780531e-09
71,100070,Earth_Relay2_Mars,1,1,125555945914.8544,0.86216862140437045,0,2.6059242088929785e-14,1.7973968661324271e-13,1402466.8938691102,1.4024668938691101,16,8192,0.24598938512746549,7.3966963760004349e-252
71,100070,Earth_Relay2_Mars,1,2,999999999.99999321,0.86216862140437045,0,4.1080559421808506e-10,2.8334695426576769e-09,22108902620.458103,22108.902620458102,16,8192,0,1
71,100070,Direct_Earth_to_Mars,1,1,124740171692.15259,0.86216862140437045,0.01,2.6401200426318534e-14,1.8209829259983621e-13,1420870.5468085781,1.420870546808578,16,8192,0.28693814841187892,1.6014406037320793e-301
71,100070,Earth_Relay0_Mars,0,1,163734242184.75104,0.86216862140437045,0.01,1.5323477001789045e-14,1.0569136833403229e-13,824685.12018249638,0.82468512018249629,16,8192,0.48458411822660585,0
71,100070,Earth_Relay0_Mars,0,2,70747581897.278397,0.86216862140437045,0.01,8.2075426446493056e-14,5.6610285816438979e-13,4417168.6957962122,4.417168695796212,16,8192,0.019404038131604517,3.7301454605004172e-18
71,100070,Earth_Relay1_Mars,1,1,98109969391.97995,0.86216862140437045,0.01,4.2678590557919094e-14,2.9436913267842151e-13,2296893.7519446677,2.2968937519446677,16,8192,0.13176292359342789,2.1443464644315239e-126
71,100070,Earth_Relay1_Mars,1,2,69031607295.448303,0.86216862140437045,0.01,8.6206572502451566e-14,5.9459681416347666e-13,4639500.3951391112,4.6395003951391107,16,8192,0.015839343177809551,6.2974833387501944e-15
71,100070,Earth_Relay2_Mars,1,1,125555945914.8544,0.86216862140437045,0.01,2.6059242088929785e-14,1.7973968661324271e-13,1402466.8938691102,1.4024668938691101,16,8192,0.29163867838712909,2.0985116870275156e-307
71,100070,Earth_Relay2_Mars,1,2,999999999.99999321,0.86216862140437045,0.01,4.1080559421808506e-10,2.8334695426576769e-09,22108902620.458103,22108.902620458102,16,8192,0,1
71,100070,Direct_Earth_to_Mars,1,1,124740171692.15259,0.86216862140437045,0.10000000000000001,2.6401200426318534e-14,1.8209829259983621e-13,1420870.5468085781,1.420870546808578,16,8192,0.49417618103514194,0
71,100070,Earth_Relay0_Mars,0,1,163734242184.75104,0.86216862140437045,0.10000000000000001,1.5323477001789045e-14,1.0569136833403229e-13,824685.12018249638,0.82468512018249629,16,8192,0.69323962498155778,0
71,100070,Earth_Relay0_Mars,0,2,70747581897.278397,0.86216862140437045,0.10000000000000001,8.2075426446493056e-14,5.6610285816438979e-13,4417168.6957962122,4.417168695796212,16,8192,0.057208452586084313,4.0115579078114836e-53
71,100070,Earth_Relay1_Mars,1,1,98109969391.97995,0.86216862140437045,0.10000000000000001,4.2678590557919094e-14,2.9436913267842151e-13,2296893.7519446677,2.2968937519446677,16,8192,0.27869762393850561,2.6568010980631289e-291
71,100070,Earth_Relay1_Mars,1,2,69031607295.448303,0.86216862140437045,0.10000000000000001,8.6206572502451566e-14,5.9459681416347666e-13,4639500.3951391112,4.6395003951391107,16,8192,0.047975354897670575,1.868510030343091e-44
71,100070,Earth_Relay2_Mars,1,1,125555945914.8544,0.86216862140437045,0.10000000000000001,2.6059242088929785e-14,1.7973968661324271e-13,1402466.8938691102,1.4024668938691101,16,8192,0.49974112383409508,0
71,100070,Earth_Relay2_Mars,1,2,999999999.99999321,0.86216862140437045,0.10000000000000001,4.1080559421808506e-10,2.8334695426576769e-09,22108902620.458103,22108.902620458102,16,8192,0,1
71,100070,Direct_Earth_to_Mars,1,1,124740171692.15259,0.86216862140437045,1,2.6401200426318534e-14,1.8209829259983621e-13,1420870.5468085781,1.420870546808578,16,8192,0.74718920175592918,0
71,100070,Earth_Relay0_Mars,0,1,163734242184.75104,0.86216862140437045,1,1.5323477001789045e-14,1.0569136833403229e-13,824685.12018249638,0.82468512018249629,16,8192,0.8582275011501187,0
71,100070,Earth_Relay0_Mars,0,2,70747581897.278397,0.86216862140437045,1,8.2075426446493056e-14,5.6610285816438979e-13,4417168.6957962122,4.417168695796212,16,8192,0.22769390572482207,1.5588987830284004e-230
71,100070,Earth_Relay1_Mars,1,1,98109969391.97995,0.86216862140437045,1,4.2678590557919094e-14,2.9436913267842151e-13,2296893.7519446677,2.2968937519446677,16,8192,0.56862447912715697,0
71,100070,Earth_Relay1_Mars,1,2,69031607295.448303,0.86216862140437045,1,8.6206572502451566e-14,5.9459681416347666e-13,4639500.3951391112,4.6395003951391107,16,8192,0.20361300596311449,3.1789034902098047e-203
71,100070,Earth_Relay2_Mars,1,1,125555945914.8544,0.86216862140437045,1,2.6059242088929785e-14,1.7973968661324271e-13,1402466.8938691102,1.4024668938691101,16,8192,0.75085321686905115,0
71,100070,Earth_Relay2_Mars,1,2,999999999.99999321,0.86216862140437045,1,4.1080559421808506e-10,2.8334695426576769e-09,22108902620.458103,22108.902620458102,16,8192,0,1
71,100070,Direct_Earth_to_Mars,1,1,124740171692.15259,0.86216862140437045,4,2.6401200426318534e-14,1.8209829259983621e-13,1420870.5468085781,1.420870546808578,16,8192,0.85599197343086386,0
71,100070,Earth_Relay0_Mars,0,1,163734242184.75104,0.86216862140437045,4,1.5323477001789045e-14,1.0569136833403229e-13,824685.12018249638,0.82468512018249629,16,8192,0.90628819864881827,0
71,100070,Earth_Relay0_Mars,0,2,70747581897.278397,0.86216862140437045,4,8.2075426446493056e-14,5.6610285816438979e-13,4417168.6957962122,4.417168695796212,16,8192,0.49882523082612518,0
71,100070,Earth_Relay1_Mars,1,1,98109969391.97995,0.86216862140437045,4,4.2678590557919094e-14,2.9436913267842151e-13,2296893.7519446677,2.2968937519446677,16,8192,0.76367491164713663,0
71,100070,Earth_Relay1_Mars,1,2,69031607295.448303,0.86216862140437045,4,8.6206572502451566e-14,5.9459681416347666e-13,4639500.3951391112,4.6395003951391107,16,8192,0.47150872124252152,0
71,100070,Earth_Relay2_Mars,1,1,125555945914.8544,0.86216862140437045,4,2.6059242088929785e-14,1.7973968661324271e-13,1402466.8938691102,1.4024668938691101,16,8192,0.85771165272464689,0
71,100070,Earth_Relay2_Mars,1,2,999999999.99999321,0.86216862140437045,4,4.1080559421808506e-10,2.8334695426576769e-09,22108902620.458103,22108.902620458102,16,8192,0,1
72,100071,Direct_Earth_to_Mars,1,1,315707031351.20905,0.93976968766715252,0,4.1216189683685152e-15,3.098698056469353e-14,241784.18913381116,0.24178418913381114,16,8192,0.78522561948856184,0
72,100071,Earth_Relay0_Mars,1,1,341856079810.71948,0.93976968766715252,0,3.515197517235e-15,2.6427808582882287e-14,206210.03248300729,0.20621003248300729,16,8192,0.81366216285047022,0
72,100071,Earth_Relay0_Mars,1,2,74332009508.974335,0.93976968766715252,0,7.4350621213672785e-14,5.5897968060665637e-13,4361588.2010701438,4.3615882010701439,16,8192,0.01275810910805919,3.7973615627966872e-12
72,100071,Earth_Relay1_Mars,1,1,284335590951.2876,0.93976968766715252,0,5.0812890385260516e-15,3.8201931301457228e-14,298080.76859197358,0.29808076859197358,16,8192,0.74224138753490343,0
72,100071,Earth_Relay1_Mars,1,2,76705184654.475983,0.93976968766715252,0,6.9821135832354824e-14,5.2492629610990332e-13,4095877.5765509335,4.095877576550933,16,8192,0.01664113600228978,1.1864556416381355e-15
72,100071,Earth_Relay2_Mars,1,1,316597043693.78339,0.93976968766715252,0,4.0984782871409139e-15,3.0813005278536182e-14,240426.70051354831,0.24042670051354828,16,8192,0.78629227815605685,0
72,100071,Earth_Relay2_Mars,1,2,1000000000.0000105,0.93976968766715252,0,4.1080559421807095e-10,3.0885011597618845e-09,24098854904.330627,24098.854904330627,16,8192,0,1
72,100071,Direct_Earth_to_Mars,1,1,315707031351.20905,0.93976968766715252,0.01,4.1216189683685152e-15,3.098698056469353e-14,241784.18913381116,0.24178418913381114,16,8192,0.80469589662833652,0
72,100071,Earth_Relay0_Mars,1,1,341856079810.71948,0.93976968766715252,0.01,3.515197517235e-15,2.6427808582882287e-14,206210.03248300729,0.20621003248300729,16,8192,0.82984081190954695,0
72,100071,Earth_Relay0_Mars,1,2,74332009508.974335,0.93976968766715252,0.01,7.4350621213672785e-14,5.5897968060665637e-13,4361588.2010701438,4.3615882010701439,16,8192,0.020412952026552578,4.5303755897397084e-19
72,100071,Earth_Relay1_Mars,1,1,284335590951.2876,0.93976968766715252,0.01,5.0812890385260516e-15,3.8201931301457228e-14,298080.76859197358,0.29808076859197358,16,8192,0.76641696018790761,0
72,100071,Earth_Relay1_Mars,1,2,76705184654.475983,0.93976968766715252,0.01,6.9821135832354824e-14,5.2492629610990332e-13,4095877.5765509335,4.095877576550933,16,8192,0.026002087620960457,3.6883940810207464e-24
72,100071,Earth_Relay2_Mars,1,1,316597043693.78339,0.93976968766715252,0.01,4.0984782871409139e-15,3.0813005278536182e-14,240426.70051354831,0.24042670051354828,16,8192,0.80564160766913939,0
72,100071,Earth_Relay2_Mars,1,2,1000000000.0000105,0.93976968766715252,0.01,4.1080559421807095e-10,3.0885011597618845e-09,24098854904.330627,24098.854904330627,16,8192,0,1
72,100071,Direct_Earth_to_Mars,1,1,315707031351.20905,0.93976968766715252,0.10000000000000001,4.1216189683685152e-15,3.098698056469353e-14,241784.18913381116,0.24178418913381114,16,8192,0.90198519798626142,0
72,100071,Earth_Relay0_Mars,1,1,341856079810.71948,0.93976968766715252,0.10000000000000001,3.515197517235e-15,2.6427808582882287e-14,206210.03248300729,0.20621003248300729,16,8192,0.9137236284710355,0
72,100071,Earth_Relay0_Mars,1,2,74332009508.974335,0.93976968766715252,0.10000000000000001,7.4350621213672785e-14,5.5897968060665637e-13,4361588.2010701438,4.3615882010701439,16,8192,0.059768468488608062,1.5307140229337033e-55
72,100071,Earth_Relay1_Mars,1,1,284335590951.2876,0.93976968766715252,0.10000000000000001,5.0812890385260516e-15,3.8201931301457228e-14,298080.76859197358,0.29808076859197358,16,8192,0.88293839579039346,0
72,100071,Earth_Relay1_Mars,1,2,76705184654.475983,0.93976968766715252,0.10000000000000001,6.9821135832354824e-14,5.2492629610990332e-13,4095877.5765509335,4.095877576550933,16,8192,0.073584678732974695,1.0426361881127221e-68
72,100071,Earth_Relay2_Mars,1,1,316597043693.78339,0.93976968766715252,0.10000000000000001,4.0984782871409139e-15,3.0813005278536182e-14,240426.70051354831,0.24042670051354828,16,8192,0.90243764747032651,0
72,100071,Earth_Relay2_Mars,1,2,1000000000.0000105,0.93976968766715252,0.10000000000000001,4.1080559421807095e-10,3.0885011597618845e-09,24098854904.330627,24098.854904330627,16,8192,0,1
72,100071,Direct_Earth_to_Mars,1,1,315707031351.20905,0.93976968766715252,1,4.1216189683685152e-15,3.098698056469353e-14,241784.18913381116,0.24178418913381114,16,8192,0.94154182135993192,0
72,100071,Earth_Relay0_Mars,1,1,341856079810.71948,0.93976968766715252,1,3.515197517235e-15,2.6427808582882287e-14,206210.03248300729,0.20621003248300729,16,8192,0.94551441318651763,0
72,100071,Earth_Relay0_Mars,1,2,74332009508.974335,0.93976968766715252,1,7.4350621213672785e-14,5.5897968060665637e-13,4361588.2010701438,4.3615882010701439,16,8192,0.2340541561507109,6.8807373487922737e-238
72,100071,Earth_Relay1_Mars,1,1,284335590951.2876,0.93976968766715252,1,5.0812890385260516e-15,3.8201931301457228e-14,298080.76859197358,0.29808076859197358,16,8192,0.9349691645896494,0
72,100071,Earth_Relay1_Mars,1,2,76705184654.475983,0.93976968766715252,1,6.9821135832354824e-14,5.2492629610990332e-13,4095877.5765509335,4.095877576550933,16,8192,0.26639789989419294,2.9056214249978852e-276
72,100071,Earth_Relay2_Mars,1,1,316597043693.78339,0.93976968766715252,1,4.0984782871409139e-15,3.0813005278536182e-14,240426.70051354831,0.24042670051354828,16,8192,0.94169599995384456,0
72,100071,Earth_Relay2_Mars,1,2,1000000000.0000105,0.93976968766715252,1,4.1080559421807095e-10,3.0885011597618845e-09,24098854904.330627,24098.854904330627,16,8192,0,1
72,100071,Direct_Earth_to_Mars,1,1,315707031351.20905,0.93976968766715252,4,4.1216189683685152e-15,3.098698056469353e-14,241784.18913381116,0.24178418913381114,16,8192,0.94401020251738799,0
72,100071,Earth_Relay0_Mars,1,1,341856079810.71948,0.93976968766715252,4,3.515197517235e-15,2.6427808582882287e-14,206210.03248300729,0.20621003248300729,16,8192,0.94593833923908055,0
72,100071,Earth_Relay0_Mars,1,2,74332009508.974335,0.93976968766715252,4,7.4350621213672785e-14,5.5897968060665637e-13,4361588.2010701438,4.3615882010701439,16,8192,0.50573168655993772,0
72,100071,Earth_Relay1_Mars,1,1,284335590951.2876,0.93976968766715252,4,5.0812890385260516e-15,3.8201931301457228e-14,298080.76859197358,0.29808076859197358,16,8192,0.94087168568768931,0
72,100071,Earth_Relay1_Mars,1,2,76705184654.475983,0.93976968766715252,4,6.9821135832354824e-14,5.2492629610990332e-13,4095877.5765509335,4.095877576550933,16,8192,0.53909880554737333,0
72,100071,Earth_Relay2_Mars,1,1,316597043693.78339,0.93976968766715252,4,4.0984782871409139e-15,3.0813005278536182e-14,240426.70051354831,0.24042670051354828,16,8192,0.9440845608653422,0
72,100071,Earth_Relay2_Mars,1,2,1000000000.0000105,0.93976968766715252,4,4.1080559421807095e-10,3.0885011597618845e-09,24098854904.330627,24098.854904330627,16,8192,0,1
73,100072,Direct_Earth_to_Mars,1,1,77483929013.291534,0.90749900060520039,0,6.8424728032342459e-14,4.9676297844826747e-13,3876125.7711138069,3.8761257711138066,16,8192,0.020730986386316874,2.3298171874625089e-19
73,100072,Earth_Relay0_Mars,1,1,69475979413.430176,0.90749900060520039,0,8.5107335380241947e-14,6.1787857441392948e-13,4821162.5455384115,4.8211625455384111,16,8192,0.0080574145807703612,6.3741857001009571e-08
73,100072,Earth_Relay0_Mars,1,2,83668846298.097305,0.90749900060520039,0,5.8682524382217935e-14,4.2603465783882475e-13,3324249.1656585741,3.324249165658574,16,8192,0.03599953829818936,2.4557911067804059e-33
73,100072,Earth_Relay1_Mars,1,1,130127217214.94408,0.90749900060520039,0,2.4260517701290747e-14,1.7613116454468904e-13,1374310.4369824775,1.3743104369824775,16,8192,0.25301400476545233,3.4987847195090039e-260
73,100072,Earth_Relay1_Mars,1,2,79666113572.614807,0.90749900060520039,0,6.4727537780873027e-14,4.6992140678222104e-13,3666687.2417029529,3.6666872417029528,16,8192,0.025561007282444703,9.3224860703783355e-24
73,100072,Earth_Relay2_Mars,1,1,78343912390.251328,0.90749900060520039,0,6.6930772470261151e-14,4.8591687301196846e-13,3791496.1376230447,3.7914961376230445,16,8192,0.022561820997781257,5.0452617897305172e-21
73,100072,Earth_Relay2_Mars,1,2,1000000000.0000006,0.90749900060520039,0,4.1080559421807891e-10,2.9824453295674572e-09,23271325973.173977,23271.325973173974,16,8192,0,1
73,100072,Direct_Earth_to_Mars,1,1,77483929013.291534,0.90749900060520039,0.01,6.8424728032342459e-14,4.9676297844826747e-13,3876125.7711138069,3.8761257711138066,16,8192,0.031750788285296205,2.003030065627171e-29
73,100072,Earth_Relay0_Mars,1,1,69475979413.430176,0.90749900060520039,0.01,8.5107335380241947e-14,6.1787857441392948e-13,4821162.5455384115,4.8211625455384111,16,8192,0.013415172860823055,9.7121842617279032e-13
73,100072,Earth_Relay0_Mars,1,2,83668846298.097305,0.90749900060520039,0.01,5.8682524382217935e-14,4.2603465783882475e-13,3324249.1656585741,3.324249165658574,16,8192,0.052342493245756572,1.5208342277788841e-48
73,100072,Earth_Relay1_Mars,1,1,130127217214.94408,0.90749900060520039,0.01,2.4260517701290747e-14,1.7613116454468904e-13,1374310.4369824775,1.3743104369824775,16,8192,0.29897708418839442,1.1470335246095527e-316
73,100072,Earth_Relay1_Mars,1,2,79666113572.614807,0.90749900060520039,0.01,6.4727537780873027e-14,4.6992140678222104e-13,3666687.2417029529,3.6666872417029528,16,8192,0.038394968702963661,1.5041697263094026e-35
73,100072,Earth_Relay2_Mars,1,1,78343912390.251328,0.90749900060520039,0.01,6.6930772470261151e-14,4.8591687301196846e-13,3791496.1376230447,3.7914961376230445,16,8192,0.034286060710808308,9.3267057923440453e-32
73,100072,Earth_Relay2_Mars,1,2,1000000000.0000006,0.90749900060520039,0.01,4.1080559421807891e-10,2.9824453295674572e-09,23271325973.173977,23271.325973173974,16,8192,0,1
73,100072,Direct_Earth_to_Mars,1,1,77483929013.291534,0.90749900060520039,0.10000000000000001,6.8424728032342459e-14,4.9676297844826747e-13,3876125.7711138069,3.8761257711138066,16,8192,0.087240363580703084,6.4559753346076477e-82
73,100072,Earth_Relay0_Mars,1,1,69475979413.430176,0.90749900060520039,0.10000000000000001,8.5107335380241947e-14,6.1787857441392948e-13,4821162.5455384115,4.8211625455384111,16,8192,0.04150660632652925,1.9702699193802992e-38
73,100072,Earth_Relay0_Mars,1,2,83668846298.097305,0.90749900060520039,0.10000000000000001,5.8682524382217935e-14,4.2603465783882475e-13,3324249.1656585741,3.324249165658574,16,8192,0.13271493624579367,2.2672730671524314e-127
73,100072,Earth_Relay1_Mars,1,1,130127217214.94408,0.90749900060520039,0.10000000000000001,2.4260517701290747e-14,1.7613116454468904e-13,1374310.4369824775,1.3743104369824775,16,8192,0.50833580774259512,0
73,100072,Earth_Relay1_Mars,1,2,79666113572.614807,0.90749900060520039,0.10000000000000001,6.4727537780873027e-14,4.6992140678222104e-13,3666687.2417029529,3.6666872417029528,16,8192,0.10244214801168372,7.4455834157324083e-97
73,100072,Earth_Relay2_Mars,1,1,78343912390.251328,0.90749900060520039,0.10000000000000001,6.6930772470261151e-14,4.8591687301196846e-13,3791496.1376230447,3.7914961376230445,16,8192,0.093109016331197836,1.1825304854795603e-87
73,100072,Earth_Relay2_Mars,1,2,1000000000.0000006,0.90749900060520039,0.10000000000000001,4.1080559421807891e-10,2.9824453295674572e-09,23271325973.173977,23271.325973173974,16,8192,0,1
73,100072,Direct_Earth_to_Mars,1,1,77483929013.291534,0.90749900060520039,1,6.8424728032342459e-14,4.9676297844826747e-13,3876125.7711138069,3.8761257711138066,16,8192,0.29562177399578959,2.0254855278342519e-312
73,100072,Earth_Relay0_Mars,1,1,69475979413.430176,0.90749900060520039,1,8.5107335380241947e-14,6.1787857441392948e-13,4821162.5455384115,4.8211625455384111,16,8192,0.1855048466240794,3.159781181126669e-183
73,100072,Earth_Relay0_Mars,1,2,83668846298.097305,0.90749900060520039,1,5.8682524382217935e-14,4.2603465783882475e-13,3324249.1656585741,3.324249165658574,16,8192,0.37903685230639284,0
73,100072,Earth_Relay1_Mars,1,1,130127217214.94408,0.90749900060520039,1,2.4260517701290747e-14,1.7613116454468904e-13,1374310.4369824775,1.3743104369824775,16,8192,0.75643877968817752,0
73,100072,Earth_Relay1_Mars,1,2,79666113572.614807,0.90749900060520039,1,6.4727537780873027e-14,4.6992140678222104e-13,3666687.2417029529,3.6666872417029528,16,8192,0.32559315274147727,0
73,100072,Earth_Relay2_Mars,1,1,78343912390.251328,0.90749900060520039,1,6.6930772470261151e-14,4.8591687301196846e-13,3791496.1376230447,3.7914961376230445,16,8192,0.30748286326230734,0
73,100072,Earth_Relay2_Mars,1,2,1000000000.0000006,0.90749900060520039,1,4.1080559421807891e-10,2.9824453295674572e-09,23271325973.173977,23271.325973173974,16,8192,0,1
73,100072,Direct_Earth_to_Mars,1,1,77483929013.291534,0.90749900060520039,4,6.8424728032342459e-14,4.9676297844826747e-13,3876125.7711138069,3.8761257711138066,16,8192,0.56702452102344214,0
73,100072,Earth_Relay0_Mars,1,1,69475979413.430176,0.90749900060520039,4,8.5107335380241947e-14,6.1787857441392948e-13,4821162.5455384115,4.8211625455384111,16,8192,0.44961045164173197,0
73,100072,Earth_Relay0_Mars,1,2,83668846298.097305,0.90749900060520039,4,5.8682524382217935e-14,4.2603465783882475e-13,3324249.1656585741,3.324249165658574,16,8192,0.63756706404165076,0
73,100072,Earth_Relay1_Mars,1,1,130127217214.94408,0.90749900060520039,4,2.4260517701290747e-14,1.7613116454468904e-13,1374310.4369824775,1.3743104369824775,16,8192,0.86032299078262042,0
73,100072,Earth_Relay1_Mars,1,2,79666113572.614807,0.90749900060520039,4,6.4727537780873027e-14,4.6992140678222104e-13,3666687.2417029529,3.6666872417029528,16,8192,0.59379306809406052,0
73,100072,Earth_Relay2_Mars,1,1,78343912390.251328,0.90749900060520039,4,6.6930772470261151e-14,4.8591687301196846e-13,3791496.1376230447,3.7914961376230445,16,8192,0.57782982320484999,0
73,100072,Earth_Relay2_Mars,1,2,1000000000.0000006,0.90749900060520039,4,4.1080559421807891e-10,2.9824453295674572e-09,23271325973.173977,23271.325973173974,16,8192,0,1
74,100073,Direct_Earth_to_Mars,1,1,264300260845.24338,0.99413186164253853,0,5.8808643989478014e-15,4.6770837383946453e-14,364941.94613048702,0.36494194613048703,16,8192,0.69423695284959663,0
74,100073,Earth_Relay0_Mars,1,1,227389449086.30887,0.99413186164253853,0,7.9450334517992622e-15,6.3187287169995558e-14,493035.67864788976,0.49303567864788972,16,8192,0.61076947724801478,0
74,100073,Earth_Relay0_Mars,1,2,72891125280.045334,0.99413186164253853,0,7.7319144366207428e-14,6.1492339943508786e-13,4798104.0037577422,4.798104003757742,16,8192,0.0082453654200074222,4.3239510668418367e-08
74,100073,Earth_Relay1_Mars,1,1,297537978839.71222,0.99413186164253853,0,4.6403584768706864e-15,3.6905025690401519e-14,287961.31629821,0.28796131629820998,16,8192,0.74979059635387868,0
74,100073,Earth_Relay1_Mars,1,2,75203597478.275925,0.99413186164253853,0,7.263720365185577e-14,5.7768766792742058e-13,4507562.2670244891,4.5075622670244888,16,8192,0.01102530419083414,1.3779965810977243e-10
74,100073,Earth_Relay2_Mars,1,1,265130599526.289,0.99413186164253853,0,5.8440865791723347e-15,4.6478341364422143e-14,362659.66784403363,0.36265966784403358,16,8192,0.69582320421772814,0
74,100073,Earth_Relay2_Mars,1,2,999999999.99999011,0.99413186164253853,0,4.1080559421808754e-10,3.2671594412255728e-09,25492883845.793751,25492.883845793749,16,8192,0,1
74,100073,Direct_Earth_to_Mars,1,1,264300260845.24338,0.99413186164253853,0.01,5.8808643989478014e-15,4.6770837383946453e-14,364941.94613048702,0.36494194613048703,16,8192,0.72326192028740532,0
74,100073,Earth_Relay0_Mars,1,1,227389449086.30887,0.99413186164253853,0.01,7.9450334517992622e-15,6.3187287169995558e-14,493035.67864788976,0.49303567864788972,16,8192,0.64711932370601244,0
74,100073,Earth_Relay0_Mars,1,2,72891125280.045334,0.99413186164253853,0.01,7.7319144366207428e-14,6.1492339943508786e-13,4798104.0037577422,4.798104003757742,16,8192,0.013701200508010158,5.3631164980180543e-13
74,100073,Earth_Relay1_Mars,1,1,297537978839.71222,0.99413186164253853,0.01,4.6403584768706864e-15,3.6905025690401519e-14,287961.31629821,0.28796131629820998,16,8192,0.77316400043305245,0
74,100073,Earth_Relay1_Mars,1,2,75203597478.275925,0.99413186164253853,0.01,7.263720365185577e-14,5.7768766792742058e-13,4507562.2670244891,4.5075622670244888,16,8192,0.017867727939421596,9.2070987887328984e-17
74,100073,Earth_Relay2_Mars,1,1,265130599526.289,0.99413186164253853,0.01,5.8440865791723347e-15,4.6478341364422143e-14,362659.66784403363,0.36265966784403358,16,8192,0.7246950490059334,0
74,100073,Earth_Relay2_Mars,1,2,999999999.99999011,0.99413186164253853,0.01,4.1080559421808754e-10,3.2671594412255728e-09,25492883845.793751,25492.883845793749,16,8192,0,1
74,100073,Direct_Earth_to_Mars,1,1,264300260845.24338,0.99413186164253853,0.10000000000000001,5.8808643989478014e-15,4.6770837383946453e-14,364941.94613048702,0.36494194613048703,16,8192,0.85970339398897511,0
74,100073,Earth_Relay0_Mars,1,1,227389449086.30887,0.99413186164253853,0.10000000000000001,7.9450334517992622e-15,6.3187287169995558e-14,493035.67864788976,0.49303567864788972,16,8192,0.81390411185988532,0
74,100073,Earth_Relay0_Mars,1,2,72891125280.045334,0.99413186164253853,0.10000000000000001,7.7319144366207428e-14,6.1492339943508786e-13,4798104.0037577422,4.798104003757742,16,8192,0.042278780195983634,3.7817888165779668e-39
74,100073,Earth_Relay1_Mars,1,1,297537978839.71222,0.99413186164253853,0.10000000000000001,4.6403584768706864e-15,3.6905025690401519e-14,287961.31629821,0.28796131629820998,16,8192,0.88640054117874578,0
74,100073,Earth_Relay1_Mars,1,2,75203597478.275925,0.99413186164253853,0.10000000000000001,7.263720365185577e-14,5.7768766792742058e-13,4507562.2670244891,4.5075622670244888,16,8192,0.053266649185129022,2.0619647811503247e-49
74,100073,Earth_Relay2_Mars,1,1,265130599526.289,0.99413186164253853,0.10000000000000001,5.8440865791723347e-15,4.6478341364422143e-14,362659.66784403363,0.36265966784403358,16,8192,0.86050577158487551,0
74,100073,Earth_Relay2_Mars,1,2,999999999.99999011,0.99413186164253853,0.10000000000000001,4.1080559421808754e-10,3.2671594412255728e-09,25492883845.793751,25492.883845793749,16,8192,0,1
74,100073,Direct_Earth_to_Mars,1,1,264300260845.24338,0.99413186164253853,1,5.8808643989478014e-15,4.6770837383946453e-14,364941.94613048702,0.36494194613048703,16,8192,0.92671752454660483,0
74,100073,Earth_Relay0_Mars,1,1,227389449086.30887,0.99413186164253853,1,7.9450334517992622e-15,6.3187287169995558e-14,493035.67864788976,0.49303567864788972,16,8192,0.90961141756627062,0
74,100073,Earth_Relay0_Mars,1,2,72891125280.045334,0.99413186164253853,1,7.7319144366207428e-14,6.1492339943508786e-13,4798104.0037577422,4.798104003757742,16,8192,0.18772738419665802,1.1730354828618391e-185
74,100073,Earth_Relay1_Mars,1,1,297537978839.71222,0.99413186164253853,1,4.6403584768706864e-15,3.6905025690401519e-14,287961.31629821,0.28796131629820998,16,8192,0.93617618139231884,0
74,100073,Earth_Relay1_Mars,1,2,75203597478.275925,0.99413186164253853,1,7.263720365185577e-14,5.7768766792742058e-13,4507562.2670244891,4.5075622670244888,16,8192,0.21764295476872708,4.9366858379383354e-219
74,100073,Earth_Relay2_Mars,1,1,265130599526.289,0.99413186164253853,1,5.8440865791723347e-15,4.6478341364422143e-14,362659.66784403363,0.36265966784403358,16,8192,0.92700702159454085,0
74,100073,Earth_Relay2_Mars,1,2,999999999.99999011,0.99413186164253853,1,4.1080559421808754e-10,3.2671594412255728e-09,25492883845.793751,25492.883845793749,16,8192,0,1
74,100073,Direct_Earth_to_Mars,1,1,264300260845.24338,0.99413186164253853,4,5.8808643989478014e-15,4.6770837383946453e-14,364941.94613048702,0.36494194613048703,16,8192,0.93700470727385232,0
74,100073,Earth_Relay0_Mars,1,1,227389449086.30887,0.99413186164253853,4,7.9450334517992622e-15,6.3187287169995558e-14,493035.67864788976,0.49303567864788972,16,8192,0.92917110631085342,0
74,100073,Earth_Relay0_Mars,1,2,72891125280.045334,0.99413186164253853,4,7.7319144366207428e-14,6.1492339943508786e-13,4798104.0037577422,4.798104003757742,16,8192,0.45236697190425346,0
74,100073,Earth_Relay1_Mars,1,1,297537978839.71222,0.99413186164253853,4,4.6403584768706864e-15,3.6905025690401519e-14,287961.31629821,0.28796131629820998,16,8192,0.94144374169617062,0
74,100073,Earth_Relay1_Mars,1,2,75203597478.275925,0.99413186164253853,4,7.263720365185577e-14,5.7768766792742058e-13,4507562.2670244891,4.5075622670244888,16,8192,0.48765637249226379,0
74,100073,Earth_Relay2_Mars,1,1,265130599526.289,0.99413186164253853,4,5.8440865791723347e-15,4.6478341364422143e-14,362659.66784403363,0.36265966784403358,16,8192,0.9371392088951126,0
74,100073,Earth_Relay2_Mars,1,2,999999999.99999011,0.99413186164253853,4,4.1080559421808754e-10,3.2671594412255728e-09,25492883845.793751,25492.883845793749,16,8192,0,1
75,100074,Direct_Earth_to_Mars,1,1,314262926469.19562,0.85767482349955926,0,4.1595854291792828e-15,2.8540573590421444e-14,222695.44554581429,0.22269544554581427,16,8192,0.80035856494622681,0
75,100074,Earth_Relay0_Mars,1,1,284723072048.091,0.85767482349955926,0,5.067468144488616e-15,3.4769918771311302e-14,271301.57450541289,0.27130157450541287,16,8192,0.76238654538776729,0
75,100074,Earth_Relay0_Mars,1,2,75090472802.185715,0.85767482349955926,0,7.2856226102427091e-14,4.9989560690594515e-13,3900568.9410417634,3.9005689410417634,16,8192,0.020230398267089389,6.6354747321146588e-19
75,100074,Earth_Relay1_Mars,1,1,336093885905.39148,0.85767482349955926,0,3.6367640473239618e-15,2.4953287699184976e-14,194704.68960259002,0.19470468960259002,16,8192,0.823077685568401,0
75,100074,Earth_Relay1_Mars,1,2,78886337435.03627,0.85767482349955926,0,6.6013500570069111e-14,4.529449396001767e-13,3534223.8239330989,3.534223823933099,16,8192,0.029181398104322298,4.5583412414987252e-27
75,100074,Earth_Relay2_Mars,1,1,315175954658.56116,0.85767482349955926,0,4.1355206629646273e-15,2.8375455637495738e-14,221407.068632929,0.221407068632929,16,8192,0.80139039299232095,0
75,100074,Earth_Relay2_Mars,1,2,999999999.99999583,0.85767482349955926,0,4.1080559421808299e-10,2.8187009241090075e-09,21993666531.128212,21993.666531128212,16,8192,0,1
75,100074,Direct_Earth_to_Mars,1,1,314262926469.19562,0.85767482349955926,0.01,4.1595854291792828e-15,2.8540573590421444e-14,222695.44554581429,0.22269544554581427,16,8192,0.81809443881775157,0
75,100074,Earth_Relay0_Mars,1,1,284723072048.091,0.85767482349955926,0.01,5.067468144488616e-15,3.4769918771311302e-14,271301.57450541289,0.27130157450541287,16,8192,0.784398325124399,0
75,100074,Earth_Relay0_Mars,1,2,75090472802.185715,0.85767482349955926,0.01,7.2856226102427091e-14,4.9989560690594515e-13,3900568.9410417634,3.9005689410417634,16,8192,0.031053731126192807,8.7453014940889147e-29
75,100074,Earth_Relay1_Mars,1,1,336093885905.39148,0.85767482349955926,0.01,3.6367640473239618e-15,2.4953287699184976e-14,194704.68960259002,0.19470468960259002,16,8192,0.83813613899485973,0
75,100074,Earth_Relay1_Mars,1,2,78886337435.03627,0.85767482349955926,0.01,6.6013500570069111e-14,4.529449396001767e-13,3534223.8239330989,3.534223823933099,16,8192,0.043289702578021783,4.3486899170748315e-40
75,100074,Earth_Relay2_Mars,1,1,315175954658.56116,0.85767482349955926,0.01,4.1355206629646273e-15,2.8375455637495738e-14,221407.068632929,0.221407068632929,16,8192,0.81900656834044772,0
75,100074,Earth_Relay2_Mars,1,2,999999999.99999583,0.85767482349955926,0.01,4.1080559421808299e-10,2.8187009241090075e-09,21993666531.128212,21993.666531128212,16,8192,0,1
75,100074,Direct_Earth_to_Mars,1,1,314262926469.19562,0.85767482349955926,0.10000000000000001,4.1595854291792828e-15,2.8540573590421444e-14,222695.44554581429,0.22269544554581427,16,8192,0.90831516052494832,0
75,100074,Earth_Relay0_Mars,1,1,284723072048.091,0.85767482349955926,0.10000000000000001,5.067468144488616e-15,3.4769918771311302e-14,271301.57450541289,0.27130157450541287,16,8192,0.89206497558310205,0
75,100074,Earth_Relay0_Mars,1,2,75090472802.185715,0.85767482349955926,0.10000000000000001,7.2856226102427091e-14,4.9989560690594515e-13,3900568.9410417634,3.9005689410417634,16,8192,0.085611132458877859,2.4896862571931622e-80
75,100074,Earth_Relay1_Mars,1,1,336093885905.39148,0.85767482349955926,0.10000000000000001,3.6367640473239618e-15,2.4953287699184976e-14,194704.68960259002,0.19470468960259002,16,8192,0.91746455284159423,0
75,100074,Earth_Relay1_Mars,1,2,78886337435.03627,0.85767482349955926,0.10000000000000001,6.6013500570069111e-14,4.529449396001767e-13,3534223.8239330989,3.534223823933099,16,8192,0.1132981391333997,1.1183185799882574e-107
75,100074,Earth_Relay2_Mars,1,1,315175954658.56116,0.85767482349955926,0.10000000000000001,4.1355206629646273e-15,2.8375455637495738e-14,221407.068632929,0.221407068632929,16,8192,0.90873983469175668,0
75,100074,Earth_Relay2_Mars,1,2,999999999.99999583,0.85767482349955926,0.10000000000000001,4.1080559421808299e-10,2.8187009241090075e-09,21993666531.128212,21993.666531128212,16,8192,0,1
75,100074,Direct_Earth_to_Mars,1,1,314262926469.19562,0.85767482349955926,1,4.1595854291792828e-15,2.8540573590421444e-14,222695.44554581429,0.22269544554581427,16,8192,0.94369103766676321,0
75,100074,Earth_Relay0_Mars,1,1,284723072048.091,0.85767482349955926,1,5.067468144488616e-15,3.4769918771311302e-14,271301.57450541289,0.27130157450541287,16,8192,0.938138993399671,0
75,100074,Earth_Relay0_Mars,1,2,75090472802.185715,0.85767482349955926,1,7.2856226102427091e-14,4.9989560690594515e-13,3900568.9410417634,3.9005689410417634,16,8192,0.29225895965050919,3.4892371210520467e-308
75,100074,Earth_Relay1_Mars,1,1,336093885905.39148,0.85767482349955926,1,3.6367640473239618e-15,2.4953287699184976e-14,194704.68960259002,0.19470468960259002,16,8192,0.94676889628800365,0
75,100074,Earth_Relay1_Mars,1,2,78886337435.03627,0.85767482349955926,1,6.6013500570069111e-14,4.529449396001767e-13,3534223.8239330989,3.534223823933099,16,8192,0.34561797209353062,0
75,100074,Earth_Relay2_Mars,1,1,315175954658.56116,0.85767482349955926,1,4.1355206629646273e-15,2.8375455637495738e-14,221407.068632929,0.221407068632929,16,8192,0.94383463441562609,0
75,100074,Earth_Relay2_Mars,1,2,999999999.99999583,0.85767482349955926,1,4.1080559421808299e-10,2.8187009241090075e-09,21993666531.128212,21993.666531128212,16,8192,0,1
75,100074,Direct_Earth_to_Mars,1,1,314262926469.19562,0.85767482349955926,4,4.1595854291792828e-15,2.8540573590421444e-14,222695.44554581429,0.22269544554581427,16,8192,0.94505011515196768,0
75,100074,Earth_Relay0_Mars,1,1,284723072048.091,0.85767482349955926,4,5.067468144488616e-15,3.4769918771311302e-14,271301.57450541289,0.27130157450541287,16,8192,0.942377973915279,0
75,100074,Earth_Relay0_Mars,1,2,75090472802.185715,0.85767482349955926,4,7.2856226102427091e-14,4.9989560690594515e-13,3900568.9410417634,3.9005689410417634,16,8192,0.5639078548383567,0
75,100074,Earth_Relay1_Mars,1,1,336093885905.39148,0.85767482349955926,4,3.6367640473239618e-15,2.4953287699184976e-14,194704.68960259002,0.19470468960259002,16,8192,0.94655283215562225,0
75,100074,Earth_Relay1_Mars,1,2,78886337435.03627,0.85767482349955926,4,6.6013500570069111e-14,4.529449396001767e-13,3534223.8239330989,3.534223823933099,16,8192,0.6107463383985231,0
75,100074,Earth_Relay2_Mars,1,1,315175954658.56116,0.85767482349955926,4,4.1355206629646273e-15,2.8375455637495738e-14,221407.068632929,0.221407068632929,16,8192,0.945119861235588,0
75,100074,Earth_Relay2_Mars,1,2,999999999.99999583,0.85767482349955926,4,4.1080559421808299e-10,2.8187009241090075e-09,21993666531.128212,21993.666531128212,16,8192,0,1
76,100075,Direct_Earth_to_Mars,1,1,206207348604.77106,0.95829124828470391,0,9.6611332637749813e-15,7.4065435641502422e-14,577915.336476097,0.57791533647609694,16,8192,0.56106678372244334,0
76,100075,Earth_Relay0_Mars,1,1,157981774389.50378,0.95829124828470391,0,1.6459717396427723e-14,1.2618562504188944e-13,984597.02994937869,0.98459702994937859,16,8192,0.37358974208535523,0
76,100075,Earth_Relay0_Mars,1,2,77061174301.533737,0.95829124828470391,0,6.9177538311141688e-14,5.3033783633157518e-13,4138102.5639688028,4.1381025639688023,16,8192,0.015953092778043798,4.9700401314527644e-15
76,100075,Earth_Relay1_Mars,1,1,251699602733.90005,0.95829124828470391,0,6.4844222733354295e-15,4.9711720917757972e-14,387888.97509560577,0.38788897509560577,16,8192,0.67848766811104433,0
76,100075,Earth_Relay1_Mars,1,2,81141419274.31636,0.95829124828470391,0,6.2395195437108085e-14,4.7834215777915493e-13,3732392.3996301894,3.7323923996301893,16,8192,0.023935503992812635,2.8313937369144023e-22
76,100075,Earth_Relay2_Mars,1,1,206959501651.79153,0.95829124828470391,0,9.5910379439921104e-15,7.3528061789553278e-14,573722.33352171176,0.57372233352171176,16,8192,0.56342427743928125,0
76,100075,Earth_Relay2_Mars,1,2,1000000000.0000106,0.95829124828470391,0,4.1080559421807064e-10,3.1493712454845958e-09,24573810000.011696,24573.810000011694,16,8192,0,1
76,100075,Direct_Earth_to_Mars,1,1,206207348604.77106,0.95829124828470391,0.01,9.6611332637749813e-15,7.4065435641502422e-14,577915.336476097,0.57791533647609694,16,8192,0.6010452753651887,0
76,100075,Earth_Relay0_Mars,1,1,157981774389.50378,0.95829124828470391,0.01,1.6459717396427723e-14,1.2618562504188944e-13,984597.02994937869,0.98459702994937859,16,8192,0.42125078252754844,0
76,100075,Earth_Relay0_Mars,1,2,77061174301.533737,0.95829124828470391,0.01,6.9177538311141688e-14,5.3033783633157518e-13,4138102.5639688028,4.1381025639688023,16,8192,0.025021967295731362,2.8934318266820107e-23
76,100075,Earth_Relay1_Mars,1,1,251699602733.90005,0.95829124828470391,0.01,6.4844222733354295e-15,4.9711720917757972e-14,387888.97509560577,0.38788897509560577,16,8192,0.70900571864617357,0
76,100075,Earth_Relay1_Mars,1,2,81141419274.31636,0.95829124828470391,0.01,6.2395195437108085e-14,4.7834215777915493e-13,3732392.3996301894,3.7323923996301893,16,8192,0.036174525456762918,1.6932646895050353e-33
76,100075,Earth_Relay2_Mars,1,1,206959501651.79153,0.95829124828470391,0.01,9.5910379439921104e-15,7.3528061789553278e-14,573722.33352171176,0.57372233352171176,16,8192,0.60324393477474469,0
76,100075,Earth_Relay2_Mars,1,2,1000000000.0000106,0.95829124828470391,0.01,4.1080559421807064e-10,3.1493712454845958e-09,24573810000.011696,24573.810000011694,16,8192,0,1
76,100075,Direct_Earth_to_Mars,1,1,206207348604.77106,0.95829124828470391,0.10000000000000001,9.6611332637749813e-15,7.4065435641502422e-14,577915.336476097,0.57791533647609694,16,8192,0.78302761348821437,0
76,100075,Earth_Relay0_Mars,1,1,157981774389.50378,0.95829124828470391,0.10000000000000001,1.6459717396427723e-14,1.2618562504188944e-13,984597.02994937869,0.98459702994937859,16,8192,0.63653955441120713,0
76,100075,Earth_Relay0_Mars,1,2,77061174301.533737,0.95829124828470391,0.10000000000000001,6.9177538311141688e-14,5.3033783633157518e-13,4138102.5639688028,4.1381025639688023,16,8192,0.071203375746119679,2.0019199374065123e-66
76,100075,Earth_Relay1_Mars,1,1,251699602733.90005,0.95829124828470391,0.10000000000000001,6.4844222733354295e-15,4.9711720917757972e-14,387888.97509560577,0.38788897509560577,16,8192,0.85160429772621093,0
76,100075,Earth_Relay1_Mars,1,2,81141419274.31636,0.95829124828470391,0.10000000000000001,6.2395195437108085e-14,4.7834215777915493e-13,3732392.3996301894,3.7323923996301893,16,8192,0.097424895931704669,6.7592890610690435e-92
76,100075,Earth_Relay2_Mars,1,1,206959501651.79153,0.95829124828470391,0.10000000000000001,9.5910379439921104e-15,7.3528061789553278e-14,573722.33352171176,0.57372233352171176,16,8192,0.78455781573489025,0
76,100075,Earth_Relay2_Mars,1,2,1000000000.0000106,0.95829124828470391,0.10000000000000001,4.1080559421807064e-10,3.1493712454845958e-09,24573810000.011696,24573.810000011694,16,8192,0,1
76,100075,Direct_Earth_to_Mars,1,1,206207348604.77106,0.95829124828470391,1,9.6611332637749813e-15,7.4065435641502422e-14,577915.336476097,0.57791533647609694,16,8192,0.89738604255122811,0
76,100075,Earth_Relay0_Mars,1,1,157981774389.50378,0.95829124828470391,1,1.6459717396427723e-14,1.2618562504188944e-13,984597.02994937869,0.98459702994937859,16,8192,0.83036483987717757,0
76,100075,Earth_Relay0_Mars,1,2,77061174301.533737,0.95829124828470391,1,6.9177538311141688e-14,5.3033783633157518e-13,4138102.5639688028,4.1381025639688023,16,8192,0.26104112564112891,8.5962896719620023e-270
76,100075,Earth_Relay1_Mars,1,1,251699602733.90005,0.95829124828470391,1,6.4844222733354295e-15,4.9711720917757972e-14,387888.97509560577,0.38788897509560577,16,8192,0.92377648429192871,0
76,100075,Earth_Relay1_Mars,1,2,81141419274.31636,0.95829124828470391,1,6.2395195437108085e-14,4.7834215777915493e-13,3732392.3996301894,3.7323923996301893,16,8192,0.31596726332301284,0
76,100075,Earth_Relay2_Mars,1,1,206959501651.79153,0.95829124828470391,1,9.5910379439921104e-15,7.3528061789553278e-14,573722.33352171176,0.57372233352171176,16,8192,0.89800589002076425,0
76,100075,Earth_Relay2_Mars,1,2,1000000000.0000106,0.95829124828470391,1,4.1080559421807064e-10,3.1493712454845958e-09,24573810000.011696,24573.810000011694,16,8192,0,1
76,100075,Direct_Earth_to_Mars,1,1,206207348604.77106,0.95829124828470391,4,9.6611332637749813e-15,7.4065435641502422e-14,577915.336476097,0.57791533647609694,16,8192,0.92367158291485063,0
76,100075,Earth_Relay0_Mars,1,1,157981774389.50378,0.95829124828470391,4,1.6459717396427723e-14,1.2618562504188944e-13,984597.02994937869,0.98459702994937859,16,8192,0.89392704193344308,0
76,100075,Earth_Relay0_Mars,1,2,77061174301.533737,0.95829124828470391,4,6.9177538311141688e-14,5.3033783633157518e-13,4138102.5639688028,4.1381025639688023,16,8192,0.53376241329246787,0
76,100075,Earth_Relay1_Mars,1,1,251699602733.90005,0.95829124828470391,4,6.4844222733354295e-15,4.9711720917757972e-14,387888.97509560577,0.38788897509560577,16,8192,0.93564251590905556,0
76,100075,Earth_Relay1_Mars,1,2,81141419274.31636,0.95829124828470391,4,6.2395195437108085e-14,4.7834215777915493e-13,3732392.3996301894,3.7323923996301893,16,8192,0.58538632906845023,0
76,100075,Earth_Relay2_Mars,1,1,206959501651.79153,0.95829124828470391,4,9.5910379439921104e-15,7.3528061789553278e-14,573722.33352171176,0.57372233352171176,16,8192,0.92394903640695869,0
76,100075,Earth_Relay2_Mars,1,2,1000000000.0000106,0.95829124828470391,4,4.1080559421807064e-10,3.1493712454845958e-09,24573810000.011696,24573.810000011694,16,8192,0,1
77,100076,Direct_Earth_to_Mars,1,1,90919225203.216949,0.85237424598236067,0,4.9696396249076808e-14,3.3887942624677973e-13,2644197.201406776,2.6441972014067758,16,8192,0.071062379624818095,2.7318528087203181e-66
77,100076,Earth_Relay0_Mars,1,1,66798603480.872154,0.85237424598236067,0,9.2066489328156456e-14,6.2780083537064342e-13,4898583.6358180698,4.8985836358180697,16,8192,0.0074571376172399839,2.2004229955061052e-07
77,100076,Earth_Relay0_Mars,1,2,85148502698.934891,0.85237424598236067,0,5.6660749902743137e-14,3.8636931180116643e-13,3014749.7128672758,3.0147497128672756,16,8192,0.049058112564886347,1.81696472650033e-45
77,100076,Earth_Relay1_Mars,1,1,148355977252.84979,0.85237424598236067,0,1.8664925106294661e-14,1.2727601171036117e-13,993105.06305471284,0.9931050630547128,16,8192,0.37042471137703803,0
77,100076,Earth_Relay1_Mars,1,2,82237944320.786545,0.85237424598236067,0,6.0742387408260517e-14,4.1420197333027603e-13,3231921.4855478047,3.2319214855478045,16,8192,0.039481562604673059,1.484858992194211e-36
77,100076,Earth_Relay2_Mars,1,1,91694205048.625046,0.85237424598236067,0,4.8859899533633131e-14,3.3317536019003548e-13,2599689.7030586796,2.5996897030586794,16,8192,0.074296628654530461,2.1594312527645141e-69
77,100076,Earth_Relay2_Mars,1,2,1000000000.0000072,0.85237424598236067,0,4.1080559421807353e-10,2.8012808689357288e-09,21857741899.62228,21857.74189962228,16,8192,0,1
77,100076,Direct_Earth_to_Mars,1,1,90919225203.216949,0.85237424598236067,0.01,4.9696396249076808e-14,3.3887942624677973e-13,2644197.201406776,2.6441972014067758,16,8192,0.096551358391747666,4.9012290492711188e-91
77,100076,Earth_Relay0_Mars,1,1,66798603480.872154,0.85237424598236067,0.01,9.2066489328156456e-14,6.2780083537064342e-13,4898583.6358180698,4.8985836358180697,16,8192,0.01249745182119899,6.5205575022380373e-12
77,100076,Earth_Relay0_Mars,1,2,85148502698.934891,0.85237424598236067,0.01,5.6660749902743137e-14,3.8636931180116643e-13,3014749.7128672758,3.0147497128672756,16,8192,0.069199681091486553,1.6525703139167633e-64
77,100076,Earth_Relay1_Mars,1,1,148355977252.84979,0.85237424598236067,0.01,1.8664925106294661e-14,1.2727601171036117e-13,993105.06305471284,0.9931050630547128,16,8192,0.41811891797312706,0
77,100076,Earth_Relay1_Mars,1,2,82237944320.786545,0.85237424598236067,0.01,6.0742387408260517e-14,4.1420197333027603e-13,3231921.4855478047,3.2319214855478045,16,8192,0.056893688688026134,7.9471904676845475e-53
77,100076,Earth_Relay2_Mars,1,1,91694205048.625046,0.85237424598236067,0.01,4.8859899533633131e-14,3.3317536019003548e-13,2599689.7030586796,2.5996897030586794,16,8192,0.10048321534531623,6.4712488499811713e-95
77,100076,Earth_Relay2_Mars,1,2,1000000000.0000072,0.85237424598236067,0.01,4.1080559421807353e-10,2.8012808689357288e-09,21857741899.62228,21857.74189962228,16,8192,0,1
77,100076,Direct_Earth_to_Mars,1,1,90919225203.216949,0.85237424598236067,0.10000000000000001,4.9696396249076808e-14,3.3887942624677973e-13,2644197.201406776,2.6441972014067758,16,8192,0.21834834375675038,7.7828922758928789e-220
77,100076,Earth_Relay0_Mars,1,1,66798603480.872154,0.85237424598236067,0.10000000000000001,9.2066489328156456e-14,6.2780083537064342e-13,4898583.6358180698,4.8985836358180697,16,8192,0.039011729276029916,4.0424259457891962e-36
77,100076,Earth_Relay0_Mars,1,2,85148502698.934891,0.85237424598236067,0.10000000000000001,5.6660749902743137e-14,3.8636931180116643e-13,3014749.7128672758,3.0147497128672756,16,8192,0.16695697079081018,3.3643881836005003e-163
77,100076,Earth_Relay1_Mars,1,1,148355977252.84979,0.85237424598236067,0.10000000000000001,1.8664925106294661e-14,1.2727601171036117e-13,993105.06305471284,0.9931050630547128,16,8192,0.63357708515463429,0
77,100076,Earth_Relay1_Mars,1,2,82237944320.786545,0.85237424598236067,0.10000000000000001,6.0742387408260517e-14,4.1420197333027603e-13,3231921.4855478047,3.2319214855478045,16,8192,0.14218754539039336,3.8683668336746585e-137
77,100076,Earth_Relay2_Mars,1,1,91694205048.625046,0.85237424598236067,0.10000000000000001,4.8859899533633131e-14,3.3317536019003548e-13,2599689.7030586796,2.5996897030586794,16,8192,0.22538202356083747,7.101435864613274e-228
77,100076,Earth_Relay2_Mars,1,2,1000000000.0000072,0.85237424598236067,0.10000000000000001,4.1080559421807353e-10,2.8012808689357288e-09,21857741899.62228,21857.74189962228,16,8192,0,1
77,100076,Direct_Earth_to_Mars,1,1,90919225203.216949,0.85237424598236067,1,4.9696396249076808e-14,3.3887942624677973e-13,2644197.201406776,2.6441972014067758,16,8192,0.50036236888239638,0
77,100076,Earth_Relay0_Mars,1,1,66798603480.872154,0.85237424598236067,1,9.2066489328156456e-14,6.2780083537064342e-13,4898583.6358180698,4.8985836358180697,16,8192,0.17820067311743815,2.756258258376024e-175
77,100076,Earth_Relay0_Mars,1,2,85148502698.934891,0.85237424598236067,1,5.6660749902743137e-14,3.8636931180116643e-13,3014749.7128672758,3.0147497128672756,16,8192,0.43191179517110811,0
77,100076,Earth_Relay1_Mars,1,1,148355977252.84979,0.85237424598236067,1,1.8664925106294661e-14,1.2727601171036117e-13,993105.06305471284,0.9931050630547128,16,8192,0.82883511817095978,0
77,100076,Earth_Relay1_Mars,1,2,82237944320.786545,0.85237424598236067,1,6.0742387408260517e-14,4.1420197333027603e-13,3231921.4855478047,3.2319214855478045,16,8192,0.39436936294627445,0
77,100076,Earth_Relay2_Mars,1,1,91694205048.625046,0.85237424598236067,1,4.8859899533633131e-14,3.3317536019003548e-13,2599689.7030586796,2.5996897030586794,16,8192,0.50891524621664208,0
77,100076,Earth_Relay2_Mars,1,2,1000000000.0000072,0.85237424598236067,1,4.1080559421807353e-10,2.8012808689357288e-09,21857741899.62228,21857.74189962228,16,8192,0,1
77,100076,Direct_Earth_to_Mars,1,1,90919225203.216949,0.85237424598236067,4,4.9696396249076808e-14,3.3887942624677973e-13,2644197.201406776,2.6441972014067758,16,8192,0.72251196745064528,0
77,100076,Earth_Relay0_Mars,1,1,66798603480.872154,0.85237424598236067,4,9.2066489328156456e-14,6.2780083537064342e-13,4898583.6358180698,4.8985836358180697,16,8192,0.44040697346297442,0
77,100076,Earth_Relay0_Mars,1,2,85148502698.934891,0.85237424598236067,4,5.6660749902743137e-14,3.8636931180116643e-13,3014749.7128672758,3.0147497128672756,16,8192,0.67673560576326508,0
77,100076,Earth_Relay1_Mars,1,1,148355977252.84979,0.85237424598236067,4,1.8664925106294661e-14,1.2727601171036117e-13,993105.06305471284,0.9931050630547128,16,8192,0.89324557534431004,0
77,100076,Earth_Relay1_Mars,1,2,82237944320.786545,0.85237424598236067,4,6.0742387408260517e-14,4.1420197333027603e-13,3231921.4855478047,3.2319214855478045,16,8192,0.6493115811083825,0
77,100076,Earth_Relay2_Mars,1,1,91694205048.625046,0.85237424598236067,4,4.8859899533633131e-14,3.3317536019003548e-13,2599689.7030586796,2.5996897030586794,16,8192,0.72789502057341982,0
77,100076,Earth_Relay2_Mars,1,2,1000000000.0000072,0.85237424598236067,4,4.1080559421807353e-10,2.8012808689357288e-09,21857741899.62228,21857.74189962228,16,8192,0,1
78,100077,Direct_Earth_to_Mars,1,1,346206408970.90509,0.91855206764127706,0,3.427410654937882e-15,2.5186041149991486e-14,196520.81054583125,0.19652081054583123,16,8192,0.82158423350100152,0
78,100077,Earth_Relay0_Mars,1,1,367043793757.67767,0.91855206764127706,0,3.0493029845779799e-15,2.2407548490790568e-14,174840.87973693589,0.17484087973693588,16,8192,0.83959060601896129,0
78,100077,Earth_Relay0_Mars,1,2,76370116115.118301,0.91855206764127706,0,7.0435150550700646e-14,5.1758682538376576e-13,4038609.3966298332,4.0386093966298331,16,8192,0.017621960542761217,1.5369719665988061e-16
78,100077,Earth_Relay1_Mars,1,1,317668092239.59265,0.91855206764127706,0,4.0708880492767721e-15,2.9914581078394754e-14,233416.5058198164,0.23341650581981641,16,8192,0.79182370565146587,0
78,100077,Earth_Relay1_Mars,1,2,77874527439.83226,0.91855206764127706,0,6.7740048069362963e-14,4.9778208972986287e-13,3884077.658983076,3.8840776589830757,16,8192,0.020566789609545832,3.2843045061030322e-19
78,100077,Earth_Relay2_Mars,1,1,347133097144.1828,0.91855206764127706,0,3.4091358115650756e-15,2.5051749988664187e-14,195472.96790490113,0.19547296790490112,16,8192,0.8224455756907062,0
78,100077,Earth_Relay2_Mars,1,2,999999999.99999547,0.91855206764127706,0,4.1080559421808315e-10,3.0187706237409903e-09,23554763779.528111,23554.763779528108,16,8192,0,1
78,100077,Direct_Earth_to_Mars,1,1,346206408970.90509,0.91855206764127706,0.01,3.427410654937882e-15,2.5186041149991486e-14,196520.81054583125,0.19652081054583123,16,8192,0.83682135916898304,0
78,100077,Earth_Relay0_Mars,1,1,367043793757.67767,0.91855206764127706,0.01,3.0493029845779799e-15,2.2407548490790568e-14,174840.87973693589,0.17484087973693588,16,8192,0.85264884869055135,0
78,100077,Earth_Relay0_Mars,1,2,76370116115.118301,0.91855206764127706,0.01,7.0435150550700646e-14,5.1758682538376576e-13,4038609.3966298332,4.0386093966298331,16,8192,0.02739241807795445,1.978375735803374e-25
78,100077,Earth_Relay1_Mars,1,1,317668092239.59265,0.91855206764127706,0.01,4.0708880492767721e-15,2.9914581078394754e-14,233416.5058198164,0.23341650581981641,16,8192,0.81054264908144646,0
78,100077,Earth_Relay1_Mars,1,2,77874527439.83226,0.91855206764127706,0.01,6.7740048069362963e-14,4.9778208972986287e-13,3884077.658983076,3.8840776589830757,16,8192,0.031522336735722356,3.2472717355203865e-29
78,100077,Earth_Relay2_Mars,1,1,347133097144.1828,0.91855206764127706,0.01,3.4091358115650756e-15,2.5051749988664187e-14,195472.96790490113,0.19547296790490112,16,8192,0.837579698353344,0
78,100077,Earth_Relay2_Mars,1,2,999999999.99999547,0.91855206764127706,0.01,4.1080559421808315e-10,3.0187706237409903e-09,23554763779.528111,23554.763779528108,16,8192,0,1
78,100077,Direct_Earth_to_Mars,1,1,346206408970.90509,0.91855206764127706,0.10000000000000001,3.427410654937882e-15,2.5186041149991486e-14,196520.81054583125,0.19652081054583123,16,8192,0.91687594233976921,0
78,100077,Earth_Relay0_Mars,1,1,367043793757.67767,0.91855206764127706,0.10000000000000001,3.0493029845779799e-15,2.2407548490790568e-14,174840.87973693589,0.17484087973693588,16,8192,0.9238544871229909,0
78,100077,Earth_Relay0_Mars,1,2,76370116115.118301,0.91855206764127706,0.10000000000000001,7.0435150550700646e-14,5.1758682538376576e-13,4038609.3966298332,4.0386093966298331,16,8192,0.076934834571923627,6.2499590420583873e-72
78,100077,Earth_Relay1_Mars,1,1,317668092239.59265,0.91855206764127706,0.10000000000000001,4.0708880492767721e-15,2.9914581078394754e-14,233416.5058198164,0.23341650581981641,16,8192,0.9047686106603936,0
78,100077,Earth_Relay1_Mars,1,2,77874527439.83226,0.91855206764127706,0.10000000000000001,6.7740048069362963e-14,4.9778208972986287e-13,3884077.658983076,3.8840776589830757,16,8192,0.086707168335972362,2.1349131441954272e-81
78,100077,Earth_Relay2_Mars,1,1,347133097144.1828,0.91855206764127706,0.10000000000000001,3.4091358115650756e-15,2.5051749988664187e-14,195472.96790490113,0.19547296790490112,16,8192,0.91721563915560811,0
78,100077,Earth_Relay2_Mars,1,2,999999999.99999547,0.91855206764127706,0.10000000000000001,4.1080559421808315e-10,3.0187706237409903e-09,23554763779.528111,23554.763779528108,16,8192,0,1
78,100077,Direct_Earth_to_Mars,1,1,346206408970.90509,0.91855206764127706,1,3.427410654937882e-15,2.5186041149991486e-14,196520.81054583125,0.19652081054583123,16,8192,0.94657186604477006,0
78,100077,Earth_Relay0_Mars,1,1,367043793757.67767,0.91855206764127706,1,3.0493029845779799e-15,2.2407548490790568e-14,174840.87973693589,0.17484087973693588,16,8192,0.94889960000364715,0
78,100077,Earth_Relay0_Mars,1,2,76370116115.118301,0.91855206764127706,1,7.0435150550700646e-14,5.1758682538376576e-13,4038609.3966298332,4.0386093966298331,16,8192,0.27379567765560997,2.8085541252424185e-285
78,100077,Earth_Relay1_Mars,1,1,317668092239.59265,0.91855206764127706,1,4.0708880492767721e-15,2.9914581078394754e-14,233416.5058198164,0.23341650581981641,16,8192,0.94248893594793315,0
78,100077,Earth_Relay1_Mars,1,2,77874527439.83226,0.91855206764127706,1,6.7740048069362963e-14,4.9778208972986287e-13,3884077.658983076,3.8840776589830757,16,8192,0.29452468404169707,4.9065128400738529e-311
78,100077,Earth_Relay2_Mars,1,1,347133097144.1828,0.91855206764127706,1,3.4091358115650756e-15,2.5051749988664187e-14,195472.96790490113,0.19547296790490112,16,8192,0.94668559143118192,0
78,100077,Earth_Relay2_Mars,1,2,999999999.99999547,0.91855206764127706,1,4.1080559421808315e-10,3.0187706237409903e-09,23554763779.528111,23554.763779528108,16,8192,0,1
78,100077,Direct_Earth_to_Mars,1,1,346206408970.90509,0.91855206764127706,4,3.427410654937882e-15,2.5186041149991486e-14,196520.81054583125,0.19652081054583123,16,8192,0.94645612952295821,0
78,100077,Earth_Relay0_Mars,1,1,367043793757.67767,0.91855206764127706,4,3.0493029845779799e-15,2.2407548490790568e-14,174840.87973693589,0.17484087973693588,16,8192,0.94760330055739006,0
78,100077,Earth_Relay0_Mars,1,2,76370116115.118301,0.91855206764127706,4,7.0435150550700646e-14,5.1758682538376576e-13,4038609.3966298332,4.0386093966298331,16,8192,0.54635337080025337,0
78,100077,Earth_Relay1_Mars,1,1,317668092239.59265,0.91855206764127706,4,4.0708880492767721e-15,2.9914581078394754e-14,233416.5058198164,0.23341650581981641,16,8192,0.9444675659009597,0
78,100077,Earth_Relay1_Mars,1,2,77874527439.83226,0.91855206764127706,4,6.7740048069362963e-14,4.9778208972986287e-13,3884077.658983076,3.8840776589830757,16,8192,0.56601037175291347,0
78,100077,Earth_Relay2_Mars,1,1,347133097144.1828,0.91855206764127706,4,3.4091358115650756e-15,2.5051749988664187e-14,195472.96790490113,0.19547296790490112,16,8192,0.94651193729290917,0
78,100077,Earth_Relay2_Mars,1,2,999999999.99999547,0.91855206764127706,4,4.1080559421808315e-10,3.0187706237409903e-09,23554763779.528111,23554.763779528108,16,8192,0,1
79,100078,Direct_Earth_to_Mars,1,1,67566894269.15686,0.93322495222366375,0,8.9984650709653282e-14,6.71807370875034e-13,5241956.3784866668,5.241956378486667,16,8192,0.0052898976639574879,1.916420232539778e-05
79,100078,Earth_Relay0_Mars,1,1,87852274142.652756,0.93322495222366375,0,5.3226797019216046e-14,3.973806008422123e-13,3100668.2355367863,3.1006682355367863,16,8192,0.045019108971481092,1.0693201925730096e-41
79,100078,Earth_Relay0_Mars,1,2,79461298450.446136,0.93322495222366375,0,6.5061644177532045e-14,4.8573719823336285e-13,3790094.1771912351,3.7900941771912349,16,8192,0.022593473961006083,4.7215015057584282e-21
79,100078,Earth_Relay1_Mars,1,1,99612017294.92337,0.93322495222366375,0,4.1401195161058088e-14,3.0909302700944812e-13,2411780.8686253889,2.4117808686253888,16,8192,0.089655487671847389,2.8407598120321995e-84
79,100078,Earth_Relay1_Mars,1,2,74734957042.032852,0.93322495222366375,0,7.3551031979330522e-14,5.4911726643929512e-13,4284634.0813430268,4.284634081343027,16,8192,0.013778662468615477,4.5662534231557409e-13
79,100078,Earth_Relay2_Mars,1,1,68563810298.016281,0.93322495222366375,0,8.7386925451853303e-14,6.5241327463822926e-13,5090628.7645292822,5.0906287645292823,16,8192,0.0061541491597091325,3.2312553277969095e-06
79,100078,Earth_Relay2_Mars,1,2,1000000000.000012,0.93322495222366375,0,4.1080559421806971e-10,3.0669922482989753e-09,23931025879.93269,23931.025879932688,16,8192,0,1
79,100078,Direct_Earth_to_Mars,1,1,67566894269.15686,0.93322495222366375,0.01,8.9984650709653282e-14,6.71807370875034e-13,5241956.3784866668,5.241956378486667,16,8192,0.0091227196914651643,7.0582182350925273e-09
79,100078,Earth_Relay0_Mars,1,1,87852274142.652756,0.93322495222366375,0.01,5.3226797019216046e-14,3.973806008422123e-13,3100668.2355367863,3.1006682355367863,16,8192,0.064044613231542313,1.3506518868640659e-59
79,100078,Earth_Relay0_Mars,1,2,79461298450.446136,0.93322495222366375,0.01,6.5061644177532045e-14,4.8573719823336285e-13,3790094.1771912351,3.7900941771912349,16,8192,0.034329704592104937,8.5021896208973274e-32
79,100078,Earth_Relay1_Mars,1,1,99612017294.92337,0.93322495222366375,0.01,4.1401195161058088e-14,3.0909302700944812e-13,2411780.8686253889,2.4117808686253888,16,8192,0.11890076383710513,2.575378592269492e-113
79,100078,Earth_Relay1_Mars,1,2,74734957042.032852,0.93322495222366375,0.01,7.3551031979330522e-14,5.4911726643929512e-13,4284634.0813430268,4.284634081343027,16,8192,0.021896198096732933,2.0340962233013914e-20
79,100078,Earth_Relay2_Mars,1,1,68563810298.016281,0.93322495222366375,0.01,8.7386925451853303e-14,6.5241327463822926e-13,5090628.7645292822,5.0906287645292823,16,8192,0.010481152789815873,4.2510528764216468e-10
79,100078,Earth_Relay2_Mars,1,2,1000000000.000012,0.93322495222366375,0.01,4.1080559421806971e-10,3.0669922482989753e-09,23931025879.93269,23931.025879932688,16,8192,0,1
79,100078,Direct_Earth_to_Mars,1,1,67566894269.15686,0.93322495222366375,0.10000000000000001,8.9984650709653282e-14,6.71807370875034e-13,5241956.3784866668,5.241956378486667,16,8192,0.029581133406318072,1.9611275187928283e-27
79,100078,Earth_Relay0_Mars,1,1,87852274142.652756,0.93322495222366375,0.10000000000000001,5.3226797019216046e-14,3.973806008422123e-13,3100668.2355367863,3.1006682355367863,16,8192,0.1567224441509818,2.4415697382001806e-152
79,100078,Earth_Relay0_Mars,1,2,79461298450.446136,0.93322495222366375,0.10000000000000001,6.5061644177532045e-14,4.8573719823336285e-13,3790094.1771912351,3.7900941771912349,16,8192,0.093209282898651491,9.4291007838948623e-88
79,100078,Earth_Relay1_Mars,1,1,99612017294.92337,0.93322495222366375,0.10000000000000001,4.1401195161058088e-14,3.0909302700944812e-13,2411780.8686253889,2.4117808686253888,16,8192,0.25731041607993843,2.5907058679275109e-265
79,100078,Earth_Relay1_Mars,1,2,74734957042.032852,0.93322495222366375,0.10000000000000001,7.3551031979330522e-14,5.4911726643929512e-13,4284634.0813430268,4.284634081343027,16,8192,0.063493319388522429,4.5110931145739672e-59
79,100078,Earth_Relay2_Mars,1,1,68563810298.016281,0.93322495222366375,0.10000000000000001,8.7386925451853303e-14,6.5241327463822926e-13,5090628.7645292822,5.0906287645292823,16,8192,0.033429637547870317,5.7300129202772654e-31
79,100078,Earth_Relay2_Mars,1,2,1000000000.000012,0.93322495222366375,0.10000000000000001,4.1080559421806971e-10,3.0669922482989753e-09,23931025879.93269,23931.025879932688,16,8192,0,1
79,100078,Direct_Earth_to_Mars,1,1,67566894269.15686,0.93322495222366375,1,8.9984650709653282e-14,6.71807370875034e-13,5241956.3784866668,5.241956378486667,16,8192,0.14863110361034571,7.6069921594581263e-144
79,100078,Earth_Relay0_Mars,1,1,87852274142.652756,0.93322495222366375,1,5.3226797019216046e-14,3.973806008422123e-13,3100668.2355367863,3.1006682355367863,16,8192,0.41681655944981322,0
79,100078,Earth_Relay0_Mars,1,2,79461298450.446136,0.93322495222366375,1,6.5061644177532045e-14,4.8573719823336285e-13,3790094.1771912351,3.7900941771912349,16,8192,0.30768220308916716,0
79,100078,Earth_Relay1_Mars,1,1,99612017294.92337,0.93322495222366375,1,4.1401195161058088e-14,3.0909302700944812e-13,2411780.8686253889,2.4117808686253888,16,8192,0.54568568495082403,0
79,100078,Earth_Relay1_Mars,1,2,74734957042.032852,0.93322495222366375,1,7.3551031979330522e-14,5.4911726643929512e-13,4284634.0813430268,4.284634081343027,16,8192,0.24308962991362582,1.9188655992124789e-248
79,100078,Earth_Relay2_Mars,1,1,68563810298.016281,0.93322495222366375,1,8.7386925451853303e-14,6.5241327463822926e-13,5090628.7645292822,5.0906287645292823,16,8192,0.16110847317742905,5.6168713853142084e-157
79,100078,Earth_Relay2_Mars,1,2,1000000000.000012,0.93322495222366375,1,4.1080559421806971e-10,3.0669922482989753e-09,23931025879.93269,23931.025879932688,16,8192,0,1
79,100078,Direct_Earth_to_Mars,1,1,67566894269.15686,0.93322495222366375,4,8.9984650709653282e-14,6.71807370875034e-13,5241956.3784866668,5.241956378486667,16,8192,0.40062980028062056,0
79,100078,Earth_Relay0_Mars,1,1,87852274142.652756,0.93322495222366375,4,5.3226797019216046e-14,3.973806008422123e-13,3100668.2355367863,3.1006682355367863,16,8192,0.6659258892635791,0
79,100078,Earth_Relay0_Mars,1,2,79461298450.446136,0.93322495222366375,4,6.5061644177532045e-14,4.8573719823336285e-13,3790094.1771912351,3.7900941771912349,16,8192,0.57800898294744341,0
79,100078,Earth_Relay1_Mars,1,1,99612017294.92337,0.93322495222366375,4,4.1401195161058088e-14,3.0909302700944812e-13,2411780.8686253889,2.4117808686253888,16,8192,0.75028446258356984,0
79,100078,Earth_Relay1_Mars,1,2,74734957042.032852,0.93322495222366375,4,7.3551031979330522e-14,5.4911726643929512e-13,4284634.0813430268,4.284634081343027,16,8192,0.51533925165370409,0
79,100078,Earth_Relay2_Mars,1,1,68563810298.016281,0.93322495222366375,4,8.7386925451853303e-14,6.5241327463822926e-13,5090628.7645292822,5.0906287645292823,16,8192,0.41794124989288828,0
79,100078,Earth_Relay2_Mars,1,2,1000000000.000012,0.93322495222366375,4,4.1080559421806971e-10,3.0669922482989753e-09,23931025879.93269,23931.025879932688,16,8192,0,1
80,100079,Direct_Earth_to_Mars,1,1,304855374427.51239,0.98242249917968849,0,4.4202683677039153e-15,3.4740568774756827e-14,271072.56332108052,0.27107256332108054,16,8192,0.76256116042708089,0
80,100079,Earth_Relay0_Mars,1,1,272014348921.93979,0.98242249917968849,0,5.5520417235149108e-15,4.3635605644523398e-14,340478.46340165637,0.34047846340165633,16,8192,0.71142984817159349,0
80,100079,Earth_Relay0_Mars,1,2,76268284444.211517,0.98242249917968849,0,7.062336292290557e-14,5.5505584562556043e-13,4330971.4309973558,4.3309714309973559,16,8192,0.013154762337241221,1.66745316481137e-12
80,100079,Earth_Relay1_Mars,1,1,329829632437.78741,0.98242249917968849,0,3.7762175601453966e-15,2.9678728743074132e-14,231576.20500277629,0.23157620500277629,16,8192,0.79328224112430323,0
80,100079,Earth_Relay1_Mars,1,2,80297678980.7258,0.98242249917968849,0,6.3713338893345979e-14,5.0074734101346726e-13,3907214.8238219493,3.9072148238219491,16,8192,0.020096395189201699,8.780347624580676e-19
80,100079,Earth_Relay2_Mars,1,1,305754214755.3717,0.98242249917968849,0,4.3943176183872595e-15,3.4536611974762789e-14,269481.13593428076,0.26948113593428075,16,8192,0.76377568730122902,0
80,100079,Earth_Relay2_Mars,1,2,1000000000.0000124,0.98242249917968849,0,4.1080559421806929e-10,3.2286772683897015e-09,25192616417.807247,25192.616417807247,16,8192,0,1
80,100079,Direct_Earth_to_Mars,1,1,304855374427.51239,0.98242249917968849,0.01,4.4202683677039153e-15,3.4740568774756827e-14,271072.56332108052,0.27107256332108054,16,8192,0.78455386223325208,0
80,100079,Earth_Relay0_Mars,1,1,272014348921.93979,0.98242249917968849,0.01,5.5520417235149108e-15,4.3635605644523398e-14,340478.46340165637,0.34047846340165633,16,8192,0.73876884245463703,0
80,100079,Earth_Relay0_Mars,1,2,76268284444.211517,0.98242249917968849,0.01,7.062336292290557e-14,5.5505584562556043e-13,4330971.4309973558,4.3309714309973559,16,8192,0.020990750843366546,1.3531805923777604e-19
80,100079,Earth_Relay1_Mars,1,1,329829632437.78741,0.98242249917968849,0.01,3.7762175601453966e-15,2.9678728743074132e-14,231576.20500277629,0.23157620500277629,16,8192,0.81183407762534476,0
80,100079,Earth_Relay1_Mars,1,2,80297678980.7258,0.98242249917968849,0.01,6.3713338893345979e-14,5.0074734101346726e-13,3907214.8238219493,3.9072148238219491,16,8192,0.030866842392256011,1.2981085090245576e-28
80,100079,Earth_Relay2_Mars,1,1,305754214755.3717,0.98242249917968849,0.01,4.3943176183872595e-15,3.4536611974762789e-14,269481.13593428076,0.26948113593428075,16,8192,0.78563554153900006,0
80,100079,Earth_Relay2_Mars,1,2,1000000000.0000124,0.98242249917968849,0.01,4.1080559421806929e-10,3.2286772683897015e-09,25192616417.807247,25192.616417807247,16,8192,0,1
80,100079,Direct_Earth_to_Mars,1,1,304855374427.51239,0.98242249917968849,0.10000000000000001,4.4202683677039153e-15,3.4740568774756827e-14,271072.56332108052,0.27107256332108054,16,8192,0.8921425240858164,0
80,100079,Earth_Relay0_Mars,1,1,272014348921.93979,0.98242249917968849,0.10000000000000001,5.5520417235149108e-15,4.3635605644523398e-14,340478.46340165637,0.34047846340165633,16,8192,0.8682720327041078,0
80,100079,Earth_Relay0_Mars,1,2,76268284444.211517,0.98242249917968849,0.10000000000000001,7.062336292290557e-14,5.5505584562556043e-13,4330971.4309973558,4.3309714309973559,16,8192,0.061224840183765616,6.3993433637062814e-57
80,100079,Earth_Relay1_Mars,1,1,329829632437.78741,0.98242249917968849,0.10000000000000001,3.7762175601453966e-15,2.9678728743074132e-14,231576.20500277629,0.23157620500277629,16,8192,0.90537897687661872,0
80,100079,Earth_Relay1_Mars,1,2,80297678980.7258,0.98242249917968849,0.10000000000000001,6.3713338893345979e-14,5.0074734101346726e-13,3907214.8238219493,3.9072148238219491,16,8192,0.085173130615237458,6.6388268361467491e-80
80,100079,Earth_Relay2_Mars,1,1,305754214755.3717,0.98242249917968849,0.10000000000000001,4.3943176183872595e-15,3.4536611974762789e-14,269481.13593428076,0.26948113593428075,16,8192,0.89268117534108526,0
80,100079,Earth_Relay2_Mars,1,2,1000000000.0000124,0.98242249917968849,0.10000000000000001,4.1080559421806929e-10,3.2286772683897015e-09,25192616417.807247,25192.616417807247,16,8192,0,1
80,100079,Direct_Earth_to_Mars,1,1,304855374427.51239,0.98242249917968849,1,4.4202683677039153e-15,3.4740568774756827e-14,271072.56332108052,0.27107256332108054,16,8192,0.93816576342201652,0
80,100079,Earth_Relay0_Mars,1,1,272014348921.93979,0.98242249917968849,1,5.5520417235149108e-15,4.3635605644523398e-14,340478.46340165637,0.34047846340165633,16,8192,0.9297919753735886,0
80,100079,Earth_Relay0_Mars,1,2,76268284444.211517,0.98242249917968849,1,7.062336292290557e-14,5.5505584562556043e-13,4330971.4309973558,4.3309714309973559,16,8192,0.23761693533325079,4.906778569158282e-242
80,100079,Earth_Relay1_Mars,1,1,329829632437.78741,0.98242249917968849,1,3.7762175601453966e-15,2.9678728743074132e-14,231576.20500277629,0.23157620500277629,16,8192,0.94269619047237707,0
80,100079,Earth_Relay1_Mars,1,2,80297678980.7258,0.98242249917968849,1,6.3713338893345979e-14,5.0074734101346726e-13,3907214.8238219493,3.9072148238219491,16,8192,0.29134951374328233,4.8408231542760171e-307
80,100079,Earth_Relay2_Mars,1,1,305754214755.3717,0.98242249917968849,1,4.3943176183872595e-15,3.4536611974762789e-14,269481.13593428076,0.26948113593428075,16,8192,0.93835163280579181,0
80,100079,Earth_Relay2_Mars,1,2,1000000000.0000124,0.98242249917968849,1,4.1080559421806929e-10,3.2286772683897015e-09,25192616417.807247,25192.616417807247,16,8192,0,1
80,100079,Direct_Earth_to_Mars,1,1,304855374427.51239,0.98242249917968849,4,4.4202683677039153e-15,3.4740568774756827e-14,271072.56332108052,0.27107256332108054,16,8192,0.94239075083724633,0
80,100079,Earth_Relay0_Mars,1,1,272014348921.93979,0.98242249917968849,4,5.5520417235149108e-15,4.3635605644523398e-14,340478.46340165637,0.34047846340165633,16,8192,0.93843718802762122,0
80,100079,Earth_Relay0_Mars,1,2,76268284444.211517,0.98242249917968849,4,7.062336292290557e-14,5.5505584562556043e-13,4330971.4309973558,4.3309714309973559,16,8192,0.50954805044600393,0
80,100079,Earth_Relay1_Mars,1,1,329829632437.78741,0.98242249917968849,4,3.7762175601453966e-15,2.9678728743074132e-14,231576.20500277629,0.23157620500277629,16,8192,0.94456783723155158,0
80,100079,Earth_Relay1_Mars,1,2,80297678980.7258,0.98242249917968849,4,6.3713338893345979e-14,5.0074734101346726e-13,3907214.8238219493,3.9072148238219491,16,8192,0.56306083437005117,0
80,100079,Earth_Relay2_Mars,1,1,305754214755.3717,0.98242249917968849,4,4.3943176183872595e-15,3.4536611974762789e-14,269481.13593428076,0.26948113593428075,16,8192,0.94247949031227995,0
80,100079,Earth_Relay2_Mars,1,2,1000000000.0000124,0.98242249917968849,4,4.1080559421806929e-10,3.2286772683897015e-09,25192616417.807247,25192.616417807247,16,8192,0,1
81,100080,Direct_Earth_to_Mars,1,1,232462432547.51886,0.91015506091454523,0,7.6020512466037001e-15,5.5352363323424681e-14,431901.59347255877,0.43190159347255874,16,8192,0.64927326626901372,0
81,100080,Earth_Relay0_Mars,1,1,189087730531.25717,0.91015506091454523,0,1.1489725424631706e-14,8.3659453949976554e-14,652775.22585468309,0.65277522585468306,16,8192,0.52059899033215351,0
81,100080,Earth_Relay0_Mars,1,2,74650039060.387894,0.91015506091454523,0,7.3718462772749222e-14,5.3676185580366557e-13,4188227.6910619834,4.1882276910619831,16,8192,0.015173152571003268,2.5178684829727816e-14
81,100080,Earth_Relay1_Mars,1,1,272438167211.22049,0.91015506091454523,0,5.5347810982248028e-15,4.0300072220827754e-14,314452.0733023294,0.31445207330232938,16,8192,0.73018885464688854,0
81,100080,Earth_Relay1_Mars,1,2,78295188203.827988,0.91015506091454523,0,6.7014102295219206e-14,4.8794579485311043e-13,3807327.341994578,3.8073273419945779,16,8192,0.02220745263868884,1.0599570678525358e-20
81,100080,Earth_Relay2_Mars,1,1,233249401285.60693,0.91015506091454523,0,7.550840103289252e-15,5.4979482673321764e-14,428992.09264395764,0.4289920926439576,16,8192,0.65116507815479052,0
81,100080,Earth_Relay2_Mars,1,2,999999999.99999464,0.91015506091454523,0,4.1080559421808382e-10,2.9911743250367684e-09,23339436290.895763,23339.436290895763,16,8192,0,1
81,100080,Direct_Earth_to_Mars,1,1,232462432547.51886,0.91015506091454523,0.01,7.6020512466037001e-15,5.5352363323424681e-14,431901.59347255877,0.43190159347255874,16,8192,0.68242695364844475,0
81,100080,Earth_Relay0_Mars,1,1,189087730531.25717,0.91015506091454523,0.01,1.1489725424631706e-14,8.3659453949976554e-14,652775.22585468309,0.65277522585468306,16,8192,0.56308643324325747,0
81,100080,Earth_Relay0_Mars,1,2,74650039060.387894,0.91015506091454523,0.01,7.3718462772749222e-14,5.3676185580366557e-13,4188227.6910619834,4.1882276910619831,16,8192,0.023905895424174983,3.0128711207700284e-22
81,100080,Earth_Relay1_Mars,1,1,272438167211.22049,0.91015506091454523,0.01,5.5347810982248028e-15,4.0300072220827754e-14,314452.0733023294,0.31445207330232938,16,8192,0.75562320170160946,0
81,100080,Earth_Relay1_Mars,1,2,78295188203.827988,0.91015506091454523,0.01,6.7014102295219206e-14,4.8794579485311043e-13,3807327.341994578,3.8073273419945779,16,8192,0.033797022529526211,2.6304181800877504e-31
81,100080,Earth_Relay2_Mars,1,1,233249401285.60693,0.91015506091454523,0.01,7.550840103289252e-15,5.4979482673321764e-14,428992.09264395764,0.4289920926439576,16,8192,0.68415347892905687,0
81,100080,Earth_Relay2_Mars,1,2,999999999.99999464,0.91015506091454523,0.01,4.1080559421808382e-10,2.9911743250367684e-09,23339436290.895763,23339.436290895763,16,8192,0,1
81,100080,Direct_Earth_to_Mars,1,1,232462432547.51886,0.91015506091454523,0.10000000000000001,7.6020512466037001e-15,5.5352363323424681e-14,431901.59347255877,0.43190159347255874,16,8192,0.83592664520515736,0
81,100080,Earth_Relay0_Mars,1,1,189087730531.25717,0.91015506091454523,0.10000000000000001,1.1489725424631706e-14,8.3659453949976554e-14,652775.22585468309,0.65277522585468306,16,8192,0.75568017352087513,0
81,100080,Earth_Relay0_Mars,1,2,74650039060.387894,0.91015506091454523,0.10000000000000001,7.3718462772749222e-14,5.3676185580366557e-13,4188227.6910619834,4.1882276910619831,16,8192,0.068471207862852324,8.2032739981142103e-64
81,100080,Earth_Relay1_Mars,1,1,272438167211.22049,0.91015506091454523,0.10000000000000001,5.5347810982248028e-15,4.0300072220827754e-14,314452.0733023294,0.31445207330232938,16,8192,0.87730486594335011,0
81,100080,Earth_Relay1_Mars,1,2,78295188203.827988,0.91015506091454523,0.10000000000000001,6.7014102295219206e-14,4.8794579485311043e-13,3807327.341994578,3.8073273419945779,16,8192,0.091983782089446131,1.4986628770604484e-86
81,100080,Earth_Relay2_Mars,1,1,233249401285.60693,0.91015506091454523,0.10000000000000001,7.550840103289252e-15,5.4979482673321764e-14,428992.09264395764,0.4289920926439576,16,8192,0.83696821643537711,0
81,100080,Earth_Relay2_Mars,1,2,999999999.99999464,0.91015506091454523,0.10000000000000001,4.1080559421808382e-10,2.9911743250367684e-09,23339436290.895763,23339.436290895763,16,8192,0,1
81,100080,Direct_Earth_to_Mars,1,1,232462432547.51886,0.91015506091454523,1,7.6020512466037001e-15,5.5352363323424681e-14,431901.59347255877,0.43190159347255874,16,8192,0.91798311079341499,0
81,100080,Earth_Relay0_Mars,1,1,189087730531.25717,0.91015506091454523,1,1.1489725424631706e-14,8.3659453949976554e-14,652775.22585468309,0.65277522585468306,16,8192,0.88605162869309839,0
81,100080,Earth_Relay0_Mars,1,2,74650039060.387894,0.91015506091454523,1,7.3718462772749222e-14,5.3676185580366557e-13,4188227.6910619834,4.1882276910619831,16,8192,0.25478928282643143,2.6765815579111488e-262
81,100080,Earth_Relay1_Mars,1,1,272438167211.22049,0.91015506091454523,1,5.5347810982248028e-15,4.0300072220827754e-14,314452.0733023294,0.31445207330232938,16,8192,0.93299295877953037,0
81,100080,Earth_Relay1_Mars,1,2,78295188203.827988,0.91015506091454523,1,6.7014102295219206e-14,4.8794579485311043e-13,3807327.341994578,3.8073273419945779,16,8192,0.30523833102466447,0
81,100080,Earth_Relay2_Mars,1,1,233249401285.60693,0.91015506091454523,1,7.550840103289252e-15,5.4979482673321764e-14,428992.09264395764,0.4289920926439576,16,8192,0.91837220188028723,0
81,100080,Earth_Relay2_Mars,1,2,999999999.99999464,0.91015506091454523,1,4.1080559421808382e-10,2.9911743250367684e-09,23339436290.895763,23339.436290895763,16,8192,0,1
81,100080,Direct_Earth_to_Mars,1,1,232462432547.51886,0.91015506091454523,4,7.6020512466037001e-15,5.5352363323424681e-14,431901.59347255877,0.43190159347255874,16,8192,0.93297960851880424,0
81,100080,Earth_Relay0_Mars,1,1,189087730531.25717,0.91015506091454523,4,1.1489725424631706e-14,8.3659453949976554e-14,652775.22585468309,0.65277522585468306,16,8192,0.91861703779772352,0
81,100080,Earth_Relay0_Mars,1,2,74650039060.387894,0.91015506091454523,4,7.3718462772749222e-14,5.3676185580366557e-13,4188227.6910619834,4.1882276910619831,16,8192,0.52744274974750616,0
81,100080,Earth_Relay1_Mars,1,1,272438167211.22049,0.91015506091454523,4,5.5347810982248028e-15,4.0300072220827754e-14,314452.0733023294,0.31445207330232938,16,8192,0.93993886393737935,0
81,100080,Earth_Relay1_Mars,1,2,78295188203.827988,0.91015506091454523,4,6.7014102295219206e-14,4.8794579485311043e-13,3807327.341994578,3.8073273419945779,16,8192,0.57580704137398742,0
81,100080,Earth_Relay2_Mars,1,1,233249401285.60693,0.91015506091454523,4,7.550840103289252e-15,5.4979482673321764e-14,428992.09264395764,0.4289920926439576,16,8192,0.93315768220142548,0
81,100080,Earth_Relay2_Mars,1,2,999999999.99999464,0.91015506091454523,4,4.1080559421808382e-10,2.9911743250367684e-09,23339436290.895763,23339.436290895763,16,8192,0,1
82,100081,Direct_Earth_to_Mars,1,1,390652354060.95319,0.97027396123647836,0,2.6918785239642285e-15,2.0894877108913414e-14,163037.85740859027,0.16303785740859025,16,8192,0.84955902570263797,0
82,100081,Earth_Relay0_Mars,1,1,390713208744.20325,0.97027396123647836,0,2.691040053935282e-15,2.0888368743822501e-14,162987.07415228663,0.16298707415228661,16,8192,0.84960217017188444,0
82,100081,Earth_Relay0_Mars,1,2,76136884594.312668,0.97027396123647836,0,7.0867342096299031e-14,5.5008589390461369e-13,4292192.0557570178,4.2921920557570177,16,8192,0.013674916239747814,5.6639553890493036e-13
82,100081,Earth_Relay1_Mars,1,1,380121741794.52045,0.97027396123647836,0,2.8430920948675887e-15,2.2068625832378347e-14,172196.34520501562,0.17219634520501562,16,8192,0.84181387082381764,0
82,100081,Earth_Relay1_Mars,1,2,74122968696.88765,0.97027396123647836,0,7.477057822959831e-14,5.803835609821948e-13,4528597.6923664063,4.5285976923664064,16,8192,0.01079580450197215,2.2162814135936566e-10
82,100081,Earth_Relay2_Mars,1,1,391652301473.30621,0.97027396123647836,0,2.67815052722317e-15,2.0788317766691108e-14,162206.39969040238,0.16220639969040238,16,8192,0.85026569185241574,0
82,100081,Earth_Relay2_Mars,1,2,999999999.99999261,0.97027396123647836,0,4.1080559421808563e-10,3.1887517696006984e-09,24881087053.714863,24881.087053714862,16,8192,0,1
82,100081,Direct_Earth_to_Mars,1,1,390652354060.95319,0.97027396123647836,0.01,2.6918785239642285e-15,2.0894877108913414e-14,163037.85740859027,0.16303785740859025,16,8192,0.8613881507312664,0
82,100081,Earth_Relay0_Mars,1,1,390713208744.20325,0.97027396123647836,0.01,2.691040053935282e-15,2.0888368743822501e-14,162987.07415228663,0.16298707415228661,16,8192,0.8614259403973753,0
82,100081,Earth_Relay0_Mars,1,2,76136884594.312668,0.97027396123647836,0.01,7.0867342096299031e-14,5.5008589390461369e-13,4292192.0557570178,4.2921920557570177,16,8192,0.021745914170109959,2.7862567415830826e-20
82,100081,Earth_Relay1_Mars,1,1,380121741794.52045,0.97027396123647836,0.01,2.8430920948675887e-15,2.2068625832378347e-14,172196.34520501562,0.17219634520501562,16,8192,0.85459938359111531,0
82,100081,Earth_Relay1_Mars,1,2,74122968696.88765,0.97027396123647836,0.01,7.477057822959831e-14,5.803835609821948e-13,4528597.6923664063,4.5285976923664064,16,8192,0.017527879886771403,1.869999705658137e-16
82,100081,Earth_Relay2_Mars,1,1,391652301473.30621,0.97027396123647836,0.01,2.67815052722317e-15,2.0788317766691108e-14,162206.39969040238,0.16220639969040238,16,8192,0.86200707232506812,0
82,100081,Earth_Relay2_Mars,1,2,999999999.99999261,0.97027396123647836,0.01,4.1080559421808563e-10,3.1887517696006984e-09,24881087053.714863,24881.087053714862,16,8192,0,1
82,100081,Direct_Earth_to_Mars,1,1,390652354060.95319,0.97027396123647836,0.10000000000000001,2.6918785239642285e-15,2.0894877108913414e-14,163037.85740859027,0.16303785740859025,16,8192,0.92760820391130883,0
82,100081,Earth_Relay0_Mars,1,1,390713208744.20325,0.97027396123647836,0.10000000000000001,2.691040053935282e-15,2.0888368743822501e-14,162987.07415228663,0.16298707415228661,16,8192,0.92762428265445607,0
82,100081,Earth_Relay0_Mars,1,2,76136884594.312668,0.97027396123647836,0.10000000000000001,7.0867342096299031e-14,5.5008589390461369e-13,4292192.0557570178,4.2921920557570177,16,8192,0.063117942552680106,1.0249900578782206e-58
82,100081,Earth_Relay1_Mars,1,1,380121741794.52045,0.97027396123647836,0.10000000000000001,2.8430920948675887e-15,2.2068625832378347e-14,172196.34520501562,0.17219634520501562,16,8192,0.9246983925195662,0
82,100081,Earth_Relay1_Mars,1,2,74122968696.88765,0.97027396123647836,0.10000000000000001,7.477057822959831e-14,5.803835609821948e-13,4528597.6923664063,4.5285976923664064,16,8192,0.052387237271379394,1.3806571782892395e-48
82,100081,Earth_Relay2_Mars,1,1,391652301473.30621,0.97027396123647836,0.10000000000000001,2.67815052722317e-15,2.0788317766691108e-14,162206.39969040238,0.16220639969040238,16,8192,0.92787137742934622,0
82,100081,Earth_Relay2_Mars,1,2,999999999.99999261,0.97027396123647836,0.10000000000000001,4.1080559421808563e-10,3.1887517696006984e-09,24881087053.714863,24881.087053714862,16,8192,0,1
82,100081,Direct_Earth_to_Mars,1,1,390652354060.95319,0.97027396123647836,1,2.6918785239642285e-15,2.0894877108913414e-14,163037.85740859027,0.16303785740859025,16,8192,0.95014448504911497,0
82,100081,Earth_Relay0_Mars,1,1,390713208744.20325,0.97027396123647836,1,2.691040053935282e-15,2.0888368743822501e-14,162987.07415228663,0.16298707415228661,16,8192,0.95014980703913821,0
82,100081,Earth_Relay0_Mars,1,2,76136884594.312668,0.97027396123647836,1,7.0867342096299031e-14,5.5008589390461369e-13,4292192.0557570178,4.2921920557570177,16,8192,0.24219034691294095,2.1834967300770542e-247
82,100081,Earth_Relay1_Mars,1,1,380121741794.52045,0.97027396123647836,1,2.8430920948675887e-15,2.2068625832378347e-14,172196.34520501562,0.17219634520501562,16,8192,0.9491798986916844,0
82,100081,Earth_Relay1_Mars,1,2,74122968696.88765,0.97027396123647836,1,7.477057822959831e-14,5.803835609821948e-13,4528597.6923664063,4.5285976923664064,16,8192,0.21535554339476781,1.9503899909837207e-216
82,100081,Earth_Relay2_Mars,1,1,391652301473.30621,0.97027396123647836,1,2.67815052722317e-15,2.0788317766691108e-14,162206.39969040238,0.16220639969040238,16,8192,0.95023158332945745,0
82,100081,Earth_Relay2_Mars,1,2,999999999.99999261,0.97027396123647836,1,4.1080559421808563e-10,3.1887517696006984e-09,24881087053.714863,24881.087053714862,16,8192,0,1
82,100081,Direct_Earth_to_Mars,1,1,390652354060.95319,0.97027396123647836,4,2.6918785239642285e-15,2.0894877108913414e-14,163037.85740859027,0.16303785740859025,16,8192,0.94822123158063587,0
82,100081,Earth_Relay0_Mars,1,1,390713208744.20325,0.97027396123647836,4,2.691040053935282e-15,2.0888368743822501e-14,162987.07415228663,0.16298707415228661,16,8192,0.94822388020805592,0
82,100081,Earth_Relay0_Mars,1,2,76136884594.312668,0.97027396123647836,4,7.0867342096299031e-14,5.5008589390461369e-13,4292192.0557570178,4.2921920557570177,16,8192,0.51439344281917787,0
82,100081,Earth_Relay1_Mars,1,1,380121741794.52045,0.97027396123647836,4,2.8430920948675887e-15,2.2068625832378347e-14,172196.34520501562,0.17219634520501562,16,8192,0.94774215644987525,0
82,100081,Earth_Relay1_Mars,1,2,74122968696.88765,0.97027396123647836,4,7.477057822959831e-14,5.803835609821948e-13,4528597.6923664063,4.5285976923664064,16,8192,0.48506919724035225,0
82,100081,Earth_Relay2_Mars,1,1,391652301473.30621,0.97027396123647836,4,2.67815052722317e-15,2.0788317766691108e-14,162206.39969040238,0.16220639969040238,16,8192,0.94826458585288043,0
82,100081,Earth_Relay2_Mars,1,2,999999999.99999261,0.97027396123647836,4,4.1080559421808563e-10,3.1887517696006984e-09,24881087053.714863,24881.087053714862,16,8192,0,1
83,100082,Direct_Earth_to_Mars,1,1,137005325783.17282,0.89498484604157547,0,2.1885750785666779e-14,1.5669932237931417e-13,1222688.300339561,1.222688300339561,16,8192,0.29443756541881327,6.3183232124590638e-311
83,100082,Earth_Relay0_Mars,1,1,87366600214.521301,0.89498484604157547,0,5.3820221061274773e-14,3.8534625808358848e-13,3006767.0630886536,3.0067670630886534,16,8192,0.049451293521352246,7.7896937233844624e-46
83,100082,Earth_Relay0_Mars,1,2,84518388891.074097,0.89498484604157547,0,5.7508750187913708e-14,4.1175567946378701e-13,3212833.6245134841,3.2128336245134839,16,8192,0.040242419650713623,2.9299238525326278e-37
83,100082,Earth_Relay1_Mars,1,1,194785811059.47345,0.89498484604157547,0,1.0827338461362217e-14,7.7522430767058341e-14,604889.46393349872,0.60488946393349874,16,8192,0.54613479089499917,0
83,100082,Earth_Relay1_Mars,1,2,85722358346.524521,0.89498484604157547,0,5.5904675099882966e-14,4.0027069629818442e-13,3123218.9769645496,3.1232189769645493,16,8192,0.044015256040609074,9.1953758179523366e-41
83,100082,Earth_Relay2_Mars,1,1,137698347014.22128,0.89498484604157547,0,2.1666007809863614e-14,1.5512598931237087e-13,1210411.9490172984,1.2104119490172984,16,8192,0.29807446265252724,1.5997655495879043e-315
83,100082,Earth_Relay2_Mars,1,2,999999999.99999297,0.89498484604157547,0,4.1080559421808522e-10,2.9413182519543277e-09,22950420969.494339,22950.420969494338,16,8192,0,1
83,100082,Direct_Earth_to_Mars,1,1,137005325783.17282,0.89498484604157547,0.01,2.1885750785666779e-14,1.5669932237931417e-13,1222688.300339561,1.222688300339561,16,8192,0.34172599852477992,0
83,100082,Earth_Relay0_Mars,1,1,87366600214.521301,0.89498484604157547,0.01,5.3820221061274773e-14,3.8534625808358848e-13,3006767.0630886536,3.0067670630886534,16,8192,0.069698966158880493,5.5072570477402042e-65
83,100082,Earth_Relay0_Mars,1,2,84518388891.074097,0.89498484604157547,0.01,5.7508750187913708e-14,4.1175567946378701e-13,3212833.6245134841,3.2128336245134839,16,8192,0.057882326226633585,9.2757576876401563e-54
83,100082,Earth_Relay1_Mars,1,1,194785811059.47345,0.89498484604157547,0.01,1.0827338461362217e-14,7.7522430767058341e-14,604889.46393349872,0.60488946393349874,16,8192,0.58708741530508624,0
83,100082,Earth_Relay1_Mars,1,2,85722358346.524521,0.89498484604157547,0.01,5.5904675099882966e-14,4.0027069629818442e-13,3123218.9769645496,3.1232189769645493,16,8192,0.062755701599838232,2.2622937783476026e-58
83,100082,Earth_Relay2_Mars,1,1,137698347014.22128,0.89498484604157547,0.01,2.1666007809863614e-14,1.5512598931237087e-13,1210411.9490172984,1.2104119490172984,16,8192,0.34543905198598779,0
83,100082,Earth_Relay2_Mars,1,2,999999999.99999297,0.89498484604157547,0.01,4.1080559421808522e-10,2.9413182519543277e-09,22950420969.494339,22950.420969494338,16,8192,0,1
83,100082,Direct_Earth_to_Mars,1,1,137005325783.17282,0.89498484604157547,0.10000000000000001,2.1885750785666779e-14,1.5669932237931417e-13,1222688.300339561,1.222688300339561,16,8192,0.55624898017805458,0
83,100082,Earth_Relay0_Mars,1,1,87366600214.521301,0.89498484604157547,0.10000000000000001,5.3820221061274773e-14,3.8534625808358848e-13,3006767.0630886536,3.0067670630886534,16,8192,0.16793798767643753,3.0120554775573152e-164
83,100082,Earth_Relay0_Mars,1,2,84518388891.074097,0.89498484604157547,0.10000000000000001,5.7508750187913708e-14,4.1175567946378701e-13,3212833.6245134841,3.2128336245134839,16,8192,0.14422170964389591,2.9913736588717033e-139
83,100082,Earth_Relay1_Mars,1,1,194785811059.47345,0.89498484604157547,0.10000000000000001,1.0827338461362217e-14,7.7522430767058341e-14,604889.46393349872,0.60488946393349874,16,8192,0.77317730778902782,0
83,100082,Earth_Relay1_Mars,1,2,85722358346.524521,0.89498484604157547,0.10000000000000001,5.5904675099882966e-14,4.0027069629818442e-13,3123218.9769645496,3.1232189769645493,16,8192,0.15413249588578559,1.3037494602820177e-149
83,100082,Earth_Relay2_Mars,1,1,137698347014.22128,0.89498484604157547,0.10000000000000001,2.1666007809863614e-14,1.5512598931237087e-13,1210411.9490172984,1.2104119490172984,16,8192,0.56024468795945304,0
83,100082,Earth_Relay2_Mars,1,2,999999999.99999297,0.89498484604157547,0.10000000000000001,4.1080559421808522e-10,2.9413182519543277e-09,22950420969.494339,22950.420969494338,16,8192,0,1
83,100082,Direct_Earth_to_Mars,1,1,137005325783.17282,0.89498484604157547,1,2.1885750785666779e-14,1.5669932237931417e-13,1222688.300339561,1.222688300339561,16,8192,0.78603193966408813,0
83,100082,Earth_Relay0_Mars,1,1,87366600214.521301,0.89498484604157547,1,5.3820221061274773e-14,3.8534625808358848e-13,3006767.0630886536,3.0067670630886534,16,8192,0.43332998740842343,0
83,100082,Earth_Relay0_Mars,1,2,84518388891.074097,0.89498484604157547,1,5.7508750187913708e-14,4.1175567946378701e-13,3212833.6245134841,3.2128336245134839,16,8192,0.39758680873746666,0
83,100082,Earth_Relay1_Mars,1,1,194785811059.47345,0.89498484604157547,1,1.0827338461362217e-14,7.7522430767058341e-14,604889.46393349872,0.60488946393349874,16,8192,0.89335995989338224,0
83,100082,Earth_Relay1_Mars,1,2,85722358346.524521,0.89498484604157547,1,5.5904675099882966e-14,4.0027069629818442e-13,3123218.9769645496,3.1232189769645493,16,8192,0.41290654332771404,0
83,100082,Earth_Relay2_Mars,1,1,137698347014.22128,0.89498484604157547,1,2.1666007809863614e-14,1.5512598931237087e-13,1210411.9490172984,1.2104119490172984,16,8192,0.78838741264902179,0
83,100082,Earth_Relay2_Mars,1,2,999999999.99999297,0.89498484604157547,1,4.1080559421808522e-10,2.9413182519543277e-09,22950420969.494339,22950.420969494338,16,8192,0,1
83,100082,Direct_Earth_to_Mars,1,1,137005325783.17282,0.89498484604157547,4,2.1885750785666779e-14,1.5669932237931417e-13,1222688.300339561,1.222688300339561,16,8192,0.87396828150873618,0
83,100082,Earth_Relay0_Mars,1,1,87366600214.521301,0.89498484604157547,4,5.3820221061274773e-14,3.8534625808358848e-13,3006767.0630886536,3.0067670630886534,16,8192,0.6777368644169901,0
83,100082,Earth_Relay0_Mars,1,2,84518388891.074097,0.89498484604157547,4,5.7508750187913708e-14,4.1175567946378701e-13,3212833.6245134841,3.2128336245134839,16,8192,0.65173430203703586,0
83,100082,Earth_Relay1_Mars,1,1,194785811059.47345,0.89498484604157547,4,1.0827338461362217e-14,7.7522430767058341e-14,604889.46393349872,0.60488946393349874,16,8192,0.92187233158196302,0
83,100082,Earth_Relay1_Mars,1,2,85722358346.524521,0.89498484604157547,4,5.5904675099882966e-14,4.0027069629818442e-13,3123218.9769645496,3.1232189769645493,16,8192,0.66307939280658201,0
83,100082,Earth_Relay2_Mars,1,1,137698347014.22128,0.89498484604157547,4,2.1666007809863614e-14,1.5512598931237087e-13,1210411.9490172984,1.2104119490172984,16,8192,0.87504180523920072,0
83,100082,Earth_Relay2_Mars,1,2,999999999.99999297,0.89498484604157547,4,4.1080559421808522e-10,2.9413182519543277e-09,22950420969.494339,22950.420969494338,16,8192,0,1
84,100083,Direct_Earth_to_Mars,1,1,388044784795.41315,0.85125042756945191,0,2.7281776516162893e-15,1.8578899139390319e-14,144966.82095365616,0.14496682095365615,16,8192,0.86505099420162768,0
84,100083,Earth_Relay0_Mars,1,1,396210285204.82416,0.85125042756945191,0,2.6168863308404229e-15,1.7821004864228514e-14,139053.148519952,0.13905314851995199,16,8192,0.87018177835559141,0
84,100083,Earth_Relay0_Mars,1,2,78022512466.436707,0.85125042756945191,0,6.7483327136649219e-14,4.5956168863105486e-13,3585852.7748659835,3.5858527748659834,16,8192,0.027713024579691603,1.0070953451330106e-25
84,100083,Earth_Relay1_Mars,1,1,368781492662.90723,0.85125042756945191,0,3.0206340483308425e-15,2.0570528201379794e-14,160507.03845897605,0.16050703845897604,16,8192,0.85171182881208762,0
84,100083,Earth_Relay1_Mars,1,2,76877421707.564529,0.85125042756945191,0,6.950863015624398e-14,4.7335400912215667e-13,3693471.0379378726,3.6934710379378726,16,8192,0.024885473534544733,3.8540963451173037e-23
84,100083,Earth_Relay2_Mars,1,1,389031731834.15625,0.85125042756945191,0,2.7143528080114808e-15,1.8484751907152927e-14,144232.21203756038,0.14423221203756037,16,8192,0.86568670184450869,0
84,100083,Earth_Relay2_Mars,1,2,1000000000.0000124,0.85125042756945191,0,4.1080559421806929e-10,2.797587501808434e-09,21828923416.511864,21828.923416511861,16,8192,0,1
84,100083,Direct_Earth_to_Mars,1,1,388044784795.41315,0.85125042756945191,0.01,2.7281776516162893e-15,1.8578899139390319e-14,144966.82095365616,0.14496682095365615,16,8192,0.87493813799965892,0
84,100083,Earth_Relay0_Mars,1,1,396210285204.82416,0.85125042756945191,0.01,2.6168863308404229e-15,1.7821004864228514e-14,139053.148519952,0.13905314851995199,16,8192,0.87941732741100065,0
84,100083,Earth_Relay0_Mars,1,2,78022512466.436707,0.85125042756945191,0.01,6.7483327136649219e-14,4.5956168863105486e-13,3585852.7748659835,3.5858527748659834,16,8192,0.041312519851336771,2.9827048001680816e-38
84,100083,Earth_Relay1_Mars,1,1,368781492662.90723,0.85125042756945191,0.01,3.0206340483308425e-15,2.0570528201379794e-14,160507.03845897605,0.16050703845897604,16,8192,0.86327339563913053,0
84,100083,Earth_Relay1_Mars,1,2,76877421707.564529,0.85125042756945191,0.01,6.950863015624398e-14,4.7335400912215667e-13,3693471.0379378726,3.6934710379378726,16,8192,0.037473998169752165,1.0684137271718337e-34
84,100083,Earth_Relay2_Mars,1,1,389031731834.15625,0.85125042756945191,0.01,2.7143528080114808e-15,1.8484751907152927e-14,144232.21203756038,0.14423221203756037,16,8192,0.87549333885150449,0
84,100083,Earth_Relay2_Mars,1,2,1000000000.0000124,0.85125042756945191,0.01,4.1080559421806929e-10,2.797587501808434e-09,21828923416.511864,21828.923416511861,16,8192,0,1
84,100083,Direct_Earth_to_Mars,1,1,388044784795.41315,0.85125042756945191,0.10000000000000001,2.7281776516162893e-15,1.8578899139390319e-14,144966.82095365616,0.14496682095365615,16,8192,0.93328967341540714,0
84,100083,Earth_Relay0_Mars,1,1,396210285204.82416,0.85125042756945191,0.10000000000000001,2.6168863308404229e-15,1.7821004864228514e-14,139053.148519952,0.13905314851995199,16,8192,0.93513101718127967,0
84,100083,Earth_Relay0_Mars,1,2,78022512466.436707,0.85125042756945191,0.10000000000000001,6.7483327136649219e-14,4.5956168863105486e-13,3585852.7748659835,3.5858527748659834,16,8192,0.10894547102207464,2.5349500623958753e-103
84,100083,Earth_Relay1_Mars,1,1,368781492662.90723,0.85125042756945191,0.10000000000000001,3.0206340483308425e-15,2.0570528201379794e-14,160507.03845897605,0.16050703845897604,16,8192,0.92840873880445529,0
84,100083,Earth_Relay1_Mars,1,2,76877421707.564529,0.85125042756945191,0.10000000000000001,6.950863015624398e-14,4.7335400912215667e-13,3693471.0379378726,3.6934710379378726,16,8192,0.10036847469836785,8.4030222157922293e-95
84,100083,Earth_Relay2_Mars,1,1,389031731834.15625,0.85125042756945191,0.10000000000000001,2.7143528080114808e-15,1.8484751907152927e-14,144232.21203756038,0.14423221203756037,16,8192,0.93351889816658884,0
84,100083,Earth_Relay2_Mars,1,2,1000000000.0000124,0.85125042756945191,0.10000000000000001,4.1080559421806929e-10,2.797587501808434e-09,21828923416.511864,21828.923416511861,16,8192,0,1
84,100083,Direct_Earth_to_Mars,1,1,388044784795.41315,0.85125042756945191,1,2.7281776516162893e-15,1.8578899139390319e-14,144966.82095365616,0.14496682095365615,16,8192,0.95201973943641671,0
84,100083,Earth_Relay0_Mars,1,1,396210285204.82416,0.85125042756945191,1,2.6168863308404229e-15,1.7821004864228514e-14,139053.148519952,0.13905314851995199,16,8192,0.95262530897326125,0
84,100083,Earth_Relay0_Mars,1,2,78022512466.436707,0.85125042756945191,1,6.7483327136649219e-14,4.5956168863105486e-13,3585852.7748659835,3.5858527748659834,16,8192,0.3377149760190894,0
84,100083,Earth_Relay1_Mars,1,1,368781492662.90723,0.85125042756945191,1,3.0206340483308425e-15,2.0570528201379794e-14,160507.03845897605,0.16050703845897604,16,8192,0.95040935298091811,0
84,100083,Earth_Relay1_Mars,1,2,76877421707.564529,0.85125042756945191,1,6.950863015624398e-14,4.7335400912215667e-13,3693471.0379378726,3.6934710379378726,16,8192,0.321644664772195,0
84,100083,Earth_Relay2_Mars,1,1,389031731834.15625,0.85125042756945191,1,2.7143528080114808e-15,1.8484751907152927e-14,144232.21203756038,0.14423221203756037,16,8192,0.95209518218981593,0
84,100083,Earth_Relay2_Mars,1,2,1000000000.0000124,0.85125042756945191,1,4.1080559421806929e-10,2.797587501808434e-09,21828923416.511864,21828.923416511861,16,8192,0,1
84,100083,Direct_Earth_to_Mars,1,1,388044784795.41315,0.85125042756945191,4,2.7281776516162893e-15,1.8578899139390319e-14,144966.82095365616,0.14496682095365615,16,8192,0.94915830069498242,0
84,100083,Earth_Relay0_Mars,1,1,396210285204.82416,0.85125042756945191,4,2.6168863308404229e-15,1.7821004864228514e-14,139053.148519952,0.13905314851995199,16,8192,0.94946258778249115,0
84,100083,Earth_Relay0_Mars,1,2,78022512466.436707,0.85125042756945191,4,6.7483327136649219e-14,4.5956168863105486e-13,3585852.7748659835,3.5858527748659834,16,8192,0.60413919448745756,0
84,100083,Earth_Relay1_Mars,1,1,368781492662.90723,0.85125042756945191,4,3.0206340483308425e-15,2.0570528201379794e-14,160507.03845897605,0.16050703845897604,16,8192,0.9483531229426545,0
84,100083,Earth_Relay1_Mars,1,2,76877421707.564529,0.85125042756945191,4,6.950863015624398e-14,4.7335400912215667e-13,3693471.0379378726,3.6934710379378726,16,8192,0.59036560839344676,0
84,100083,Earth_Relay2_Mars,1,1,389031731834.15625,0.85125042756945191,4,2.7143528080114808e-15,1.8484751907152927e-14,144232.21203756038,0.14423221203756037,16,8192,0.949196163264728,0
84,100083,Earth_Relay2_Mars,1,2,1000000000.0000124,0.85125042756945191,4,4.1080559421806929e-10,2.797587501808434e-09,21828923416.511864,21828.923416511861,16,8192,0,1
85,100084,Direct_Earth_to_Mars,1,1,209377003190.04642,0.89693632131123868,0,9.3708371395095758e-15,6.7240353532147611e-14,524660.81107512058,0.52466081107512053,16,8192,0.59175604742767318,0
85,100084,Earth_Relay0_Mars,1,1,161685946110.39035,0.89693632131123868,0,1.571418293013747e-14,1.1275697143815492e-13,879816.37486234459,0.87981637486234454,16,8192,0.41485908324412879,0
85,100084,Earth_Relay0_Mars,1,2,76732766017.170319,0.89693632131123868,0,6.97709508575035e-14,5.0064079997213126e-13,3906383.5089013129,3.9063835089013126,16,8192,0.020113108568451721,8.4789338283183426e-19
85,100084,Earth_Relay1_Mars,1,1,254208466248.29422,0.89693632131123868,0,6.3570602616458762e-15,4.5615025963476104e-14,355923.4189297944,0.3559234189297944,16,8192,0.70052626523222927,0
85,100084,Earth_Relay1_Mars,1,2,80800758064.757065,0.89693632131123868,0,6.2922428864045058e-14,4.5149929498627746e-13,3522943.7958575161,3.522943795857516,16,8192,0.029512428600878438,2.2671216820017071e-27
85,100084,Earth_Relay2_Mars,1,1,210133244100.40356,0.89693632131123868,0,9.3035097771315278e-15,6.6757246678267959e-14,520891.24086203019,0.5208912408620302,16,8192,0.59399092301128653,0
85,100084,Earth_Relay2_Mars,1,2,999999999.99999738,0.89693632131123868,0,4.1080559421808165e-10,2.9477316676163495e-09,23000463357.528328,23000.463357528326,16,8192,0,1
85,100084,Direct_Earth_to_Mars,1,1,209377003190.04642,0.89693632131123868,0.01,9.3708371395095758e-15,6.7240353532147611e-14,524660.81107512058,0.52466081107512053,16,8192,0.62956230231446741,0
85,100084,Earth_Relay0_Mars,1,1,161685946110.39035,0.89693632131123868,0.01,1.571418293013747e-14,1.1275697143815492e-13,879816.37486234459,0.87981637486234454,16,8192,0.46176018281550757,0
85,100084,Earth_Relay0_Mars,1,2,76732766017.170319,0.89693632131123868,0.01,6.97709508575035e-14,5.0064079997213126e-13,3906383.5089013129,3.9063835089013126,16,8192,0.030890158688214986,1.235696715868152e-28
85,100084,Earth_Relay1_Mars,1,1,254208466248.29422,0.89693632131123868,0.01,6.3570602616458762e-15,4.5615025963476104e-14,355923.4189297944,0.3559234189297944,16,8192,0.72894120125347472,0
85,100084,Earth_Relay1_Mars,1,2,80800758064.757065,0.89693632131123868,0.01,6.2922428864045058e-14,4.5149929498627746e-13,3522943.7958575161,3.522943795857516,16,8192,0.04373399329826877,1.6796314398588598e-40
85,100084,Earth_Relay2_Mars,1,1,210133244100.40356,0.89693632131123868,0.01,9.3035097771315278e-15,6.6757246678267959e-14,520891.24086203019,0.5208912408620302,16,8192,0.6316302956719696,0
85,100084,Earth_Relay2_Mars,1,2,999999999.99999738,0.89693632131123868,0.01,4.1080559421808165e-10,2.9477316676163495e-09,23000463357.528328,23000.463357528326,16,8192,0,1
85,100084,Direct_Earth_to_Mars,1,1,209377003190.04642,0.89693632131123868,0.10000000000000001,9.3708371395095758e-15,6.7240353532147611e-14,524660.81107512058,0.52466081107512053,16,8192,0.80242979658833402,0
85,100084,Earth_Relay0_Mars,1,1,161685946110.39035,0.89693632131123868,0.10000000000000001,1.571418293013747e-14,1.1275697143815492e-13,879816.37486234459,0.87981637486234454,16,8192,0.6734929646706509,0
85,100084,Earth_Relay0_Mars,1,2,76732766017.170319,0.89693632131123868,0.10000000000000001,6.97709508575035e-14,5.0064079997213126e-13,3906383.5089013129,3.9063835089013126,16,8192,0.085227803490098952,5.8740057604966072e-80
85,100084,Earth_Relay1_Mars,1,1,254208466248.29422,0.89693632131123868,0.10000000000000001,6.3570602616458762e-15,4.5615025963476104e-14,355923.4189297944,0.3559234189297944,16,8192,0.86287053320341767,0
85,100084,Earth_Relay1_Mars,1,2,80800758064.757065,0.89693632131123868,0.10000000000000001,6.2922428864045058e-14,4.5149929498627746e-13,3522943.7958575161,3.522943795857516,16,8192,0.11427038664960609,1.1824588506309861e-108
85,100084,Earth_Relay2_Mars,1,1,210133244100.40356,0.89693632131123868,0.10000000000000001,9.3035097771315278e-15,6.6757246678267959e-14,520891.24086203019,0.5208912408620302,16,8192,0.80379974612537186,0
85,100084,Earth_Relay2_Mars,1,2,999999999.99999738,0.89693632131123868,0.10000000000000001,4.1080559421808165e-10,2.9477316676163495e-09,23000463357.528328,23000.463357528326,16,8192,0,1
85,100084,Direct_Earth_to_Mars,1,1,209377003190.04642,0.89693632131123868,1,9.3708371395095758e-15,6.7240353532147611e-14,524660.81107512058,0.52466081107512053,16,8192,0.90513654803567689,0
85,100084,Earth_Relay0_Mars,1,1,161685946110.39035,0.89693632131123868,1,1.571418293013747e-14,1.1275697143815492e-13,879816.37486234459,0.87981637486234454,16,8192,0.84882064370788346,0
85,100084,Earth_Relay0_Mars,1,2,76732766017.170319,0.89693632131123868,1,6.97709508575035e-14,5.0064079997213126e-13,3906383.5089013129,3.9063835089013126,16,8192,0.29146315981933946,3.4855340187226773e-307
85,100084,Earth_Relay1_Mars,1,1,254208466248.29422,0.89693632131123868,1,6.3570602616458762e-15,4.5615025963476104e-14,355923.4189297944,0.3559234189297944,16,8192,0.92785828763344935,0
85,100084,Earth_Relay1_Mars,1,2,80800758064.757065,0.89693632131123868,1,6.2922428864045058e-14,4.5149929498627746e-13,3522943.7958575161,3.522943795857516,16,8192,0.34736126411178936,0
85,100084,Earth_Relay2_Mars,1,1,210133244100.40356,0.89693632131123868,1,9.3035097771315278e-15,6.6757246678267959e-14,520891.24086203019,0.5208912408620302,16,8192,0.90567499382565886,0
85,100084,Earth_Relay2_Mars,1,2,999999999.99999738,0.89693632131123868,1,4.1080559421808165e-10,2.9477316676163495e-09,23000463357.528328,23000.463357528326,16,8192,0,1
85,100084,Direct_Earth_to_Mars,1,1,209377003190.04642,0.89693632131123868,4,9.3708371395095758e-15,6.7240353532147611e-14,524660.81107512058,0.52466081107512053,16,8192,0.92715082856310316,0
85,100084,Earth_Relay0_Mars,1,1,161685946110.39035,0.89693632131123868,4,1.571418293013747e-14,1.1275697143815492e-13,879816.37486234459,0.87981637486234454,16,8192,0.90212298699859395,0
85,100084,Earth_Relay0_Mars,1,2,76732766017.170319,0.89693632131123868,4,6.97709508575035e-14,5.0064079997213126e-13,3906383.5089013129,3.9063835089013126,16,8192,0.5631667767516666,0
85,100084,Earth_Relay1_Mars,1,1,254208466248.29422,0.89693632131123868,4,6.3570602616458762e-15,4.5615025963476104e-14,355923.4189297944,0.3559234189297944,16,8192,0.93753516326658515,0
85,100084,Earth_Relay1_Mars,1,2,80800758064.757065,0.89693632131123868,4,6.2922428864045058e-14,4.5149929498627746e-13,3522943.7958575161,3.522943795857516,16,8192,0.61218955761218585,0
85,100084,Earth_Relay2_Mars,1,1,210133244100.40356,0.89693632131123868,4,9.3035097771315278e-15,6.6757246678267959e-14,520891.24086203019,0.5208912408620302,16,8192,0.92739343063492974,0
85,100084,Earth_Relay2_Mars,1,2,999999999.99999738,0.89693632131123868,4,4.1080559421808165e-10,2.9477316676163495e-09,23000463357.528328,23000.463357528326,16,8192,0,1
86,100085,Direct_Earth_to_Mars,1,1,379151023996.12714,0.88391164283334434,0,2.8576687297768103e-15,2.0207413292883975e-14,157673.73743663981,0.15767373743663982,16,8192,0.85412840663699896,0
86,100085,Earth_Relay0_Mars,1,1,372653021216.4613,0.88391164283334434,0,2.9581967524747632e-15,2.0918276410433861e-14,163220.4367061313,0.16322043670613129,16,8192,0.84940392797175379,0
86,100085,Earth_Relay0_Mars,1,2,73905694992.185913,0.88391164283334434,0,7.5210857174091813e-14,5.3183801858924418e-13,4149808.1365710171,4.1498081365710169,16,8192,0.015767441390032388,7.3138472751181509e-15
86,100085,Earth_Relay1_Mars,1,1,376676472856.11017,0.88391164283334434,0,2.8953385903973789e-15,2.0473787919975416e-14,159752.19658443134,0.15975219658443132,16,8192,0.85235497927343185,0
86,100085,Earth_Relay1_Mars,1,2,72605845895.848801,0.88391164283334434,0,7.7927935335156392e-14,5.5105127475766969e-13,4299724.6976120109,4.2997246976120103,16,8192,0.013572294983135835,7.0089900009602353e-13
86,100085,Earth_Relay2_Mars,1,1,380143856254.42419,0.88391164283334434,0,2.8427613168407831e-15,2.0101998606014548e-14,156851.21119745667,0.15685121119745665,16,8192,0.85483123867235999,0
86,100085,Earth_Relay2_Mars,1,2,999999999.99999487,0.88391164283334434,0,4.1080559421808372e-10,2.9049267813634769e-09,22666466803.97551,22666.466803975509,16,8192,0,1
86,100085,Direct_Earth_to_Mars,1,1,379151023996.12714,0.88391164283334434,0.01,2.8576687297768103e-15,2.0207413292883975e-14,157673.73743663981,0.15767373743663982,16,8192,0.86538874247844122,0
86,100085,Earth_Relay0_Mars,1,1,372653021216.4613,0.88391164283334434,0.01,2.9581967524747632e-15,2.0918276410433861e-14,163220.4367061313,0.16322043670613129,16,8192,0.86125230020944832,0
86,100085,Earth_Relay0_Mars,1,2,73905694992.185913,0.88391164283334434,0.01,7.5210857174091813e-14,5.3183801858924418e-13,4149808.1365710171,4.1498081365710169,16,8192,0.024756800565735371,5.0498887636029426e-23
86,100085,Earth_Relay1_Mars,1,1,376676472856.11017,0.88391164283334434,0.01,2.8953385903973789e-15,2.0473787919975416e-14,159752.19658443134,0.15975219658443132,16,8192,0.86383646800094938,0
86,100085,Earth_Relay1_Mars,1,2,72605845895.848801,0.88391164283334434,0.01,7.7927935335156392e-14,5.5105127475766969e-13,4299724.6976120109,4.2997246976120103,16,8192,0.021597151170155815,3.8042334044658348e-20
86,100085,Earth_Relay2_Mars,1,1,380143856254.42419,0.88391164283334434,0.01,2.8427613168407831e-15,2.0101998606014548e-14,156851.21119745667,0.15685121119745665,16,8192,0.86600378885172913,0
86,100085,Earth_Relay2_Mars,1,2,999999999.99999487,0.88391164283334434,0.01,4.1080559421808372e-10,2.9049267813634769e-09,22666466803.97551,22666.466803975509,16,8192,0,1
86,100085,Direct_Earth_to_Mars,1,1,379151023996.12714,0.88391164283334434,0.10000000000000001,2.8576687297768103e-15,2.0207413292883975e-14,157673.73743663981,0.15767373743663982,16,8192,0.92930310164054408,0
86,100085,Earth_Relay0_Mars,1,1,372653021216.4613,0.88391164283334434,0.10000000000000001,2.9581967524747632e-15,2.0918276410433861e-14,163220.4367061313,0.16322043670613129,16,8192,0.92755039141031181,0
86,100085,Earth_Relay0_Mars,1,2,73905694992.185913,0.88391164283334434,0.10000000000000001,7.5210857174091813e-14,5.3183801858924418e-13,4149808.1365710171,4.1498081365710169,16,8192,0.070556254380193306,8.3354278463467486e-66
86,100085,Earth_Relay1_Mars,1,1,376676472856.11017,0.88391164283334434,0.10000000000000001,2.8953385903973789e-15,2.0473787919975416e-14,159752.19658443134,0.15975219658443132,16,8192,0.92864720478057183,0
86,100085,Earth_Relay1_Mars,1,2,72605845895.848801,0.88391164283334434,0.10000000000000001,7.7927935335156392e-14,5.5105127475766969e-13,4299724.6976120109,4.2997246976120103,16,8192,0.062745921662801907,2.3111599941262537e-58
86,100085,Earth_Relay2_Mars,1,1,380143856254.42419,0.88391164283334434,0.10000000000000001,2.8427613168407831e-15,2.0101998606014548e-14,156851.21119745667,0.15685121119745665,16,8192,0.92956237248412688,0
86,100085,Earth_Relay2_Mars,1,2,999999999.99999487,0.88391164283334434,0.10000000000000001,4.1080559421808372e-10,2.9049267813634769e-09,22666466803.97551,22666.466803975509,16,8192,0,1
86,100085,Direct_Earth_to_Mars,1,1,379151023996.12714,0.88391164283334434,1,2.8576687297768103e-15,2.0207413292883975e-14,157673.73743663981,0.15767373743663982,16,8192,0.95070501254408146,0
86,100085,Earth_Relay0_Mars,1,1,372653021216.4613,0.88391164283334434,1,2.9581967524747632e-15,2.0918276410433861e-14,163220.4367061313,0.16322043670613129,16,8192,0.95012534865730935,0
86,100085,Earth_Relay0_Mars,1,2,73905694992.185913,0.88391164283334434,1,7.5210857174091813e-14,5.3183801858924418e-13,4149808.1365710171,4.1498081365710169,16,8192,0.25957076065954399,5.0388575244294306e-268
86,100085,Earth_Relay1_Mars,1,1,376676472856.11017,0.88391164283334434,1,2.8953385903973789e-15,2.0473787919975416e-14,159752.19658443134,0.15975219658443132,16,8192,0.9504882113020684,0
86,100085,Earth_Relay1_Mars,1,2,72605845895.848801,0.88391164283334434,1,7.7927935335156392e-14,5.5105127475766969e-13,4299724.6976120109,4.2997246976120103,16,8192,0.24129665919307963,2.4403304071126009e-246
86,100085,Earth_Relay2_Mars,1,1,380143856254.42419,0.88391164283334434,1,2.8427613168407831e-15,2.0101998606014548e-14,156851.21119745667,0.15685121119745665,16,8192,0.95079067320487243,0
86,100085,Earth_Relay2_Mars,1,2,999999999.99999487,0.88391164283334434,1,4.1080559421808372e-10,2.9049267813634769e-09,22666466803.97551,22666.466803975509,16,8192,0,1
86,100085,Direct_Earth_to_Mars,1,1,379151023996.12714,0.88391164283334434,4,2.8576687297768103e-15,2.0207413292883975e-14,157673.73743663981,0.15767373743663982,16,8192,0.94850052410477526,0
86,100085,Earth_Relay0_Mars,1,1,372653021216.4613,0.88391164283334434,4,2.9581967524747632e-15,2.0918276410433861e-14,163220.4367061313,0.16322043670613129,16,8192,0.94821170834971824,0
86,100085,Earth_Relay0_Mars,1,2,73905694992.185913,0.88391164283334434,4,7.5210857174091813e-14,5.3183801858924418e-13,4149808.1365710171,4.1498081365710169,16,8192,0.53228508341991376,0
86,100085,Earth_Relay1_Mars,1,1,376676472856.11017,0.88391164283334434,4,2.8953385903973789e-15,2.0473787919975416e-14,159752.19658443134,0.15975219658443132,16,8192,0.94839241943283992,0
86,100085,Earth_Relay1_Mars,1,2,72605845895.848801,0.88391164283334434,4,7.7927935335156392e-14,5.5105127475766969e-13,4299724.6976120109,4.2997246976120103,16,8192,0.51345127092901033,0
86,100085,Earth_Relay2_Mars,1,1,380143856254.42419,0.88391164283334434,4,2.8427613168407831e-15,2.0101998606014548e-14,156851.21119745667,0.15685121119745665,16,8192,0.94854326544964229,0
86,100085,Earth_Relay2_Mars,1,2,999999999.99999487,0.88391164283334434,4,4.1080559421808372e-10,2.9049267813634769e-09,22666466803.97551,22666.466803975509,16,8192,0,1
87,100086,Direct_Earth_to_Mars,1,1,387126880825.43451,0.95568112374766412,0,2.741130376116091e-15,2.0957172465483865e-14,163523.93356059684,0.16352393356059683,16,8192,0.84914617566692907,0
87,100086,Earth_Relay0_Mars,1,1,384508228419.69397,0.95568112374766412,0,2.7785938676867709e-15,2.1243597679274092e-14,165758.84276445309,0.16575884276445307,16,8192,0.84725053015035168,0
87,100086,Earth_Relay0_Mars,1,2,75193436167.952545,0.95568112374766412,0,7.2656836722932447e-14,5.5549413893858104e-13,4334391.3315930339,4.334391331593034,16,8192,0.013109851197277478,1.8303356821250341e-12
87,100086,Earth_Relay1_Mars,0,1,379866963285.54401,0.95568112374766412,0,2.8469071235498067e-15,2.1765883192314476e-14,169834.11492603598,0.16983411492603598,16,8192,0.84380477960545175,0
87,100086,Earth_Relay1_Mars,0,2,73307640884.155945,0.95568112374766412,0,7.6443024484906032e-14,5.8444124433924158e-13,4560258.8501290046,4.5602588501290047,16,8192,0.010459351188586208,4.447262806050944e-10
87,100086,Earth_Relay2_Mars,0,1,388125657387.38513,0.95568112374766412,0,2.727040845495189e-15,2.0849451677828978e-14,162683.41335432453,0.16268341335432451,16,8192,0.84986020021965147,0
87,100086,Earth_Relay2_Mars,0,2,1000000000.0000144,0.95568112374766412,0,4.1080559421806748e-10,3.1407932153931972e-09,24506877629.957626,24506.877629957624,16,8192,0,1
87,100086,Direct_Earth_to_Mars,1,1,387126880825.43451,0.95568112374766412,0.01,2.741130376116091e-15,2.0957172465483865e-14,163523.93356059684,0.16352393356059683,16,8192,0.86102652566821991,0
87,100086,Earth_Relay0_Mars,1,1,384508228419.69397,0.95568112374766412,0.01,2.7785938676867709e-15,2.1243597679274092e-14,165758.84276445309,0.16575884276445307,16,8192,0.85936573115809289,0
87,100086,Earth_Relay0_Mars,1,2,75193436167.952545,0.95568112374766412,0.01,7.2656836722932447e-14,5.5549413893858104e-13,4334391.3315930339,4.334391331593034,16,8192,0.020925414711637558,1.5513579023444023e-19
87,100086,Earth_Relay1_Mars,0,1,379866963285.54401,0.95568112374766412,0.01,2.8469071235498067e-15,2.1765883192314476e-14,169834.11492603598,0.16983411492603598,16,8192,0.85634538150668038,0
87,100086,Earth_Relay1_Mars,0,2,73307640884.155945,0.95568112374766412,0.01,7.6443024484906032e-14,5.8444124433924158e-13,4560258.8501290046,4.5602588501290047,16,8192,0.017028409011310863,5.2954051409832925e-16
87,100086,Earth_Relay2_Mars,0,1,388125657387.38513,0.95568112374766412,0.01,2.727040845495189e-15,2.0849451677828978e-14,162683.41335432453,0.16268341335432451,16,8192,0.86165193920172245,0
87,100086,Earth_Relay2_Mars,0,2,1000000000.0000144,0.95568112374766412,0.01,4.1080559421806748e-10,3.1407932153931972e-09,24506877629.957626,24506.877629957624,16,8192,0,1
87,100086,Direct_Earth_to_Mars,1,1,387126880825.43451,0.95568112374766412,0.10000000000000001,2.741130376116091e-15,2.0957172465483865e-14,163523.93356059684,0.16352393356059683,16,8192,0.92745427336777153,0
87,100086,Earth_Relay0_Mars,1,1,384508228419.69397,0.95568112374766412,0.10000000000000001,2.7785938676867709e-15,2.1243597679274092e-14,165758.84276445309,0.16575884276445307,16,8192,0.92674579015552927,0
87,100086,Earth_Relay0_Mars,1,2,75193436167.952545,0.95568112374766412,0.10000000000000001,7.2656836722932447e-14,5.5549413893858104e-13,4334391.3315930339,4.334391331593034,16,8192,0.061060504620952138,9.1584128306467044e-57
87,100086,Earth_Relay1_Mars,0,1,379866963285.54401,0.95568112374766412,0.10000000000000001,2.8469071235498067e-15,2.1765883192314476e-14,169834.11492603598,0.16983411492603598,16,8192,0.9254508224588146,0
87,100086,Earth_Relay1_Mars,0,2,73307640884.155945,0.95568112374766412,0.10000000000000001,7.6443024484906032e-14,5.8444124433924158e-13,4560258.8501290046,4.5602588501290047,16,8192,0.051089681538396214,2.2758649595610536e-47
87,100086,Earth_Relay2_Mars,0,1,388125657387.38513,0.95568112374766412,0.10000000000000001,2.727040845495189e-15,2.0849451677828978e-14,162683.41335432453,0.16268341335432451,16,8192,0.92772041322127607,0
87,100086,Earth_Relay2_Mars,0,2,1000000000.0000144,0.95568112374766412,0.10000000000000001,4.1080559421806748e-10,3.1407932153931972e-09,24506877629.957626,24506.877629957624,16,8192,0,1
87,100086,Direct_Earth_to_Mars,1,1,387126880825.43451,0.95568112374766412,1,2.741130376116091e-15,2.0957172465483865e-14,163523.93356059684,0.16352393356059683,16,8192,0.95009353033525723,0
87,100086,Earth_Relay0_Mars,1,1,384508228419.69397,0.95568112374766412,1,2.7785938676867709e-15,2.1243597679274092e-14,165758.84276445309,0.16575884276445307,16,8192,0.94985890194480149,0
87,100086,Earth_Relay0_Mars,1,2,75193436167.952545,0.95568112374766412,1,7.2656836722932447e-14,5.5549413893858104e-13,4334391.3315930339,4.334391331593034,16,8192,0.23721687610400521,1.436824137171458e-241
87,100086,Earth_Relay1_Mars,0,1,379866963285.54401,0.95568112374766412,1,2.8469071235498067e-15,2.1765883192314476e-14,169834.11492603598,0.16983411492603598,16,8192,0.94942960442905344,0
87,100086,Earth_Relay1_Mars,0,2,73307640884.155945,0.95568112374766412,1,7.6443024484906032e-14,5.8444124433924158e-13,4560258.8501290046,4.5602588501290047,16,8192,0.21194903258535069,1.3906560846470195e-212
87,100086,Earth_Relay2_Mars,0,1,388125657387.38513,0.95568112374766412,1,2.727040845495189e-15,2.0849451677828978e-14,162683.41335432453,0.16268341335432451,16,8192,0.95018162399810624,0
87,100086,Earth_Relay2_Mars,0,2,1000000000.0000144,0.95568112374766412,1,4.1080559421806748e-10,3.1407932153931972e-09,24506877629.957626,24506.877629957624,16,8192,0,1
87,100086,Direct_Earth_to_Mars,1,1,387126880825.43451,0.95568112374766412,4,2.741130376116091e-15,2.0957172465483865e-14,163523.93356059684,0.16352393356059683,16,8192,0.94819587566447383,0
87,100086,Earth_Relay0_Mars,1,1,384508228419.69397,0.95568112374766412,4,2.7785938676867709e-15,2.1243597679274092e-14,165758.84276445309,0.16575884276445307,16,8192,0.94807919116622696,0
87,100086,Earth_Relay0_Mars,1,2,75193436167.952545,0.95568112374766412,4,7.2656836722932447e-14,5.5549413893858104e-13,4334391.3315930339,4.334391331593034,16,8192,0.50912135514654733,0
87,100086,Earth_Relay1_Mars,0,1,379866963285.54401,0.95568112374766412,4,2.8469071235498067e-15,2.1765883192314476e-14,169834.11492603598,0.16983411492603598,16,8192,0.94786599167914931,0
87,100086,Earth_Relay1_Mars,0,2,73307640884.155945,0.95568112374766412,4,7.6443024484906032e-14,5.8444124433924158e-13,4560258.8501290046,4.5602588501290047,16,8192,0.48118401848201098,0
87,100086,Earth_Relay2_Mars,0,1,388125657387.38513,0.95568112374766412,4,2.727040845495189e-15,2.0849451677828978e-14,162683.41335432453,0.16268341335432451,16,8192,0.94823971599874124,0
87,100086,Earth_Relay2_Mars,0,2,1000000000.0000144,0.95568112374766412,4,4.1080559421806748e-10,3.1407932153931972e-09,24506877629.957626,24506.877629957624,16,8192,0,1
88,100087,Direct_Earth_to_Mars,1,1,378027718425.67657,0.88234398435795058,0,2.8746770301720259e-15,2.0291631876354125e-14,158330.87541985878,0.15833087541985877,16,8192,0.85356731079733728,0
88,100087,Earth_Relay0_Mars,1,1,371064666682.37286,0.88234398435795058,0,2.9835762727739471e-15,2.1060324609241662e-14,164328.80570307045,0.16432880570307046,16,8192,0.84846299653805279,0
88,100087,Earth_Relay0_Mars,1,2,73771136597.525665,0.88234398435795058,0,7.5485476282016545e-14,5.3283324723065648e-13,4157573.6737637823,4.1575736737637818,16,8192,0.015645472925733483,9.4267066771976729e-15
88,100087,Earth_Relay1_Mars,1,1,376119871823.6424,0.88234398435795058,0,2.9039142653066112e-15,2.0498010264676209e-14,159941.197896133,0.15994119789613301,16,8192,0.85219389828705205,0
88,100087,Earth_Relay1_Mars,1,2,72568100643.608673,0.88234398435795058,0,7.8009022603958926e-14,5.5064633456197239e-13,4296565.0436192648,4.2965650436192648,16,8192,0.013615246559496197,6.4110081080750035e-13
88,100087,Earth_Relay2_Mars,1,1,379019557870.70746,0.88234398435795058,0,2.8596514865125544e-15,2.0185570291876985e-14,157503.30158937493,0.15750330158937492,16,8192,0.85427399314188446,0
88,100087,Earth_Relay2_Mars,1,2,999999999.99998963,0.88234398435795058,0,4.1080559421808811e-10,2.8997747583913867e-09,22626266769.186546,22626.266769186546,16,8192,0,1
88,100087,Direct_Earth_to_Mars,1,1,378027718425.67657,0.88234398435795058,0.01,2.8746770301720259e-15,2.0291631876354125e-14,158330.87541985878,0.15833087541985877,16,8192,0.86489767206486923,0
88,100087,Earth_Relay0_Mars,1,1,371064666682.37286,0.88234398435795058,0.01,2.9835762727739471e-15,2.1060324609241662e-14,164328.80570307045,0.16432880570307046,16,8192,0.86042805244908838,0
88,100087,Earth_Relay0_Mars,1,2,73771136597.525665,0.88234398435795058,0.01,7.5485476282016545e-14,5.3283324723065648e-13,4157573.6737637823,4.1575736737637818,16,8192,0.024582425806347175,7.2828229938871384e-23
88,100087,Earth_Relay1_Mars,1,1,376119871823.6424,0.88234398435795058,0.01,2.9039142653066112e-15,2.0498010264676209e-14,159941.197896133,0.15994119789613301,16,8192,0.8636954493227349,0
88,100087,Earth_Relay1_Mars,1,2,72568100643.608673,0.88234398435795058,0.01,7.8009022603958926e-14,5.5064633456197239e-13,4296565.0436192648,4.2965650436192648,16,8192,0.021659428330427,3.3392670741926993e-20
88,100087,Earth_Relay2_Mars,1,1,379019557870.70746,0.88234398435795058,0.01,2.8596514865125544e-15,2.0185570291876985e-14,157503.30158937493,0.15750330158937492,16,8192,0.8655161513448435,0
88,100087,Earth_Relay2_Mars,1,2,999999999.99998963,0.88234398435795058,0.01,4.1080559421808811e-10,2.8997747583913867e-09,22626266769.186546,22626.266769186546,16,8192,0,1
88,100087,Direct_Earth_to_Mars,1,1,378027718425.67657,0.88234398435795058,0.10000000000000001,2.8746770301720259e-15,2.0291631876354125e-14,158330.87541985878,0.15833087541985877,16,8192,0.92909584382233679,0
88,100087,Earth_Relay0_Mars,1,1,371064666682.37286,0.88234398435795058,0.10000000000000001,2.9835762727739471e-15,2.1060324609241662e-14,164328.80570307045,0.16432880570307046,16,8192,0.92719926121754481,0
88,100087,Earth_Relay0_Mars,1,2,73771136597.525665,0.88234398435795058,0.10000000000000001,7.5485476282016545e-14,5.3283324723065648e-13,4157573.6737637823,4.1575736737637818,16,8192,0.070130026694595005,2.1316444936688199e-65
88,100087,Earth_Relay1_Mars,1,1,376119871823.6424,0.88234398435795058,0.10000000000000001,2.9039142653066112e-15,2.0498010264676209e-14,159941.197896133,0.15994119789613301,16,8192,0.92858750944713908,0
88,100087,Earth_Relay1_Mars,1,2,72568100643.608673,0.88234398435795058,0.10000000000000001,7.8009022603958926e-14,5.5064633456197239e-13,4296565.0436192648,4.2965650436192648,16,8192,0.062901715843702632,1.644266491355595e-58
88,100087,Earth_Relay2_Mars,1,1,379019557870.70746,0.88234398435795058,0.10000000000000001,2.8596514865125544e-15,2.0185570291876985e-14,157503.30158937493,0.15750330158937492,16,8192,0.92935683887853826,0
88,100087,Earth_Relay2_Mars,1,2,999999999.99998963,0.88234398435795058,0.10000000000000001,4.1080559421808811e-10,2.8997747583913867e-09,22626266769.186546,22626.266769186546,16,8192,0,1
88,100087,Direct_Earth_to_Mars,1,1,378027718425.67657,0.88234398435795058,1,2.8746770301720259e-15,2.0291631876354125e-14,158330.87541985878,0.15833087541985877,16,8192,0.95063652057634918,0
88,100087,Earth_Relay0_Mars,1,1,371064666682.37286,0.88234398435795058,1,2.9835762727739471e-15,2.1060324609241662e-14,164328.80570307045,0.16432880570307046,16,8192,0.95000909756346141,0
88,100087,Earth_Relay0_Mars,1,2,73771136597.525665,0.88234398435795058,1,7.5485476282016545e-14,5.3283324723065648e-13,4157573.6737637823,4.1575736737637818,16,8192,0.25859881050779043,7.3979996250915823e-267
88,100087,Earth_Relay1_Mars,1,1,376119871823.6424,0.88234398435795058,1,2.9039142653066112e-15,2.0498010264676209e-14,159941.197896133,0.15994119789613301,16,8192,0.95046847242637833,0
88,100087,Earth_Relay1_Mars,1,2,72568100643.608673,0.88234398435795058,1,7.8009022603958926e-14,5.5064633456197239e-13,4296565.0436192648,4.2965650436192648,16,8192,0.24167121331675356,8.8766045072669574e-247
88,100087,Earth_Relay2_Mars,1,1,379019557870.70746,0.88234398435795058,1,2.8596514865125544e-15,2.0185570291876985e-14,157503.30158937493,0.15750330158937492,16,8192,0.95072276864147054,0
88,100087,Earth_Relay2_Mars,1,2,999999999.99998963,0.88234398435795058,1,4.1080559421808811e-10,2.8997747583913867e-09,22626266769.186546,22626.266769186546,16,8192,0,1
88,100087,Direct_Earth_to_Mars,1,1,378027718425.67657,0.88234398435795058,4,2.8746770301720259e-15,2.0291631876354125e-14,158330.87541985878,0.15833087541985877,16,8192,0.94846636068248036,0
88,100087,Earth_Relay0_Mars,1,1,371064666682.37286,0.88234398435795058,4,2.9835762727739471e-15,2.1060324609241662e-14,164328.80570307045,0.16432880570307046,16,8192,0.94815387255965766,0
88,100087,Earth_Relay0_Mars,1,2,73771136597.525665,0.88234398435795058,4,7.5485476282016545e-14,5.3283324723065648e-13,4157573.6737637823,4.1575736737637818,16,8192,0.5313055166763363,0
88,100087,Earth_Relay1_Mars,1,1,376119871823.6424,0.88234398435795058,4,2.9039142653066112e-15,2.0498010264676209e-14,159941.197896133,0.15994119789613301,16,8192,0.94838258195493219,0
88,100087,Earth_Relay1_Mars,1,2,72568100643.608673,0.88234398435795058,4,7.8009022603958926e-14,5.5064633456197239e-13,4296565.0436192648,4.2965650436192648,16,8192,0.5138464188208659,0
88,100087,Earth_Relay2_Mars,1,1,379019557870.70746,0.88234398435795058,4,2.8596514865125544e-15,2.0185570291876985e-14,157503.30158937493,0.15750330158937492,16,8192,0.9485093824035743,0
88,100087,Earth_Relay2_Mars,1,2,999999999.99998963,0.88234398435795058,4,4.1080559421808811e-10,2.8997747583913867e-09,22626266769.186546,22626.266769186546,16,8192,0,1
89,100088,Direct_Earth_to_Mars,1,1,77645764266.184875,0.97002548862930338,0,6.8139793158777865e-14,5.2877868923154534e-13,4125936.9024409228,4.1259369024409223,16,8192,0.01614835806246373,3.3101753601266009e-15
89,100088,Earth_Relay0_Mars,1,1,69398273551.034653,0.97002548862930338,0,8.5298032959891277e-14,6.6193012880829578e-13,5164886.5601157304,5.1648865601157299,16,8192,0.0057137109649507689,8.0066512709884235e-06
89,100088,Earth_Relay0_Mars,1,2,83695128880.148239,0.97002548862930338,0,5.8645674302271144e-14,4.5510239096844446e-13,3551057.9142563944,3.5510579142563943,16,8192,0.028694267516830796,1.2734721241338159e-26
89,100088,Earth_Relay1_Mars,1,1,130383431379.8774,0.97002548862930338,0,2.4165263559684841e-14,1.8752737273871351e-13,1463232.3941134613,1.4632323941134613,16,8192,0.23148680750167749,6.5150525952150695e-235
89,100088,Earth_Relay1_Mars,1,2,79704650276.582245,0.97002548862930338,0,6.4664962186016786e-14,5.0181329233349101e-13,3915532.193596974,3.9155321935969738,16,8192,0.019929939236720484,1.2433316006874892e-18
89,100088,Earth_Relay2_Mars,1,1,78504383724.88588,0.97002548862930338,0,6.6657424854657155e-14,5.1727520892327906e-13,4036177.9259977648,4.036177925997765,16,8192,0.017664859955496048,1.4054791446317504e-16
89,100088,Earth_Relay2_Mars,1,2,1000000000.0000091,0.97002548862930338,0,4.1080559421807219e-10,3.1879351781042949e-09,24874715380.54073,24874.715380540729,16,8192,0,1
89,100088,Direct_Earth_to_Mars,1,1,77645764266.184875,0.97002548862930338,0.01,6.8139793158777865e-14,5.2877868923154534e-13,4125936.9024409228,4.1259369024409223,16,8192,0.025300538732411892,1.6115615427913158e-23
89,100088,Earth_Relay0_Mars,1,1,69398273551.034653,0.97002548862930338,0.01,8.5298032959891277e-14,6.6193012880829578e-13,5164886.5601157304,5.1648865601157299,16,8192,0.0097911739480028848,1.7720342233374063e-09
89,100088,Earth_Relay0_Mars,1,2,83695128880.148239,0.97002548862930338,0.01,5.8645674302271144e-14,4.5510239096844446e-13,3551057.9142563944,3.5510579142563943,16,8192,0.04263494665412404,1.7654856234839673e-39
89,100088,Earth_Relay1_Mars,1,1,130383431379.8774,0.97002548862930338,0.01,2.4165263559684841e-14,1.8752737273871351e-13,1463232.3941134613,1.4632323941134613,16,8192,0.27639964018239183,1.7926250019597103e-288
89,100088,Earth_Relay1_Mars,1,2,79704650276.582245,0.97002548862930338,0.01,6.4664962186016786e-14,5.0181329233349101e-13,3915532.193596974,3.9155321935969738,16,8192,0.030634518546872713,2.1208199692992413e-28
89,100088,Earth_Relay2_Mars,1,1,78504383724.88588,0.97002548862930338,0.01,6.6657424854657155e-14,5.1727520892327906e-13,4036177.9259977648,4.036177925997765,16,8192,0.027453050643310162,1.7412433611328934e-25
89,100088,Earth_Relay2_Mars,1,2,1000000000.0000091,0.97002548862930338,0.01,4.1080559421807219e-10,3.1879351781042949e-09,24874715380.54073,24874.715380540729,16,8192,0,1
89,100088,Direct_Earth_to_Mars,1,1,77645764266.184875,0.97002548862930338,0.10000000000000001,6.8139793158777865e-14,5.2877868923154534e-13,4125936.9024409228,4.1259369024409223,16,8192,0.071881882166687561,4.4818498412772464e-67
89,100088,Earth_Relay0_Mars,1,1,69398273551.034653,0.97002548862930338,0.10000000000000001,8.5298032959891277e-14,6.6193012880829578e-13,5164886.5601157304,5.1648865601157299,16,8192,0.031484438301346507,3.5182224450022205e-29
89,100088,Earth_Relay0_Mars,1,2,83695128880.148239,0.97002548862930338,0.10000000000000001,5.8645674302271144e-14,4.5510239096844446e-13,3551057.9142563944,3.5510579142563943,16,8192,0.11186145983512008,3.0796910515219394e-106
89,100088,Earth_Relay1_Mars,1,1,130383431379.8774,0.97002548862930338,0.10000000000000001,2.4165263559684841e-14,1.8752737273871351e-13,1463232.3941134613,1.4632323941134613,16,8192,0.48152658692500827,0
89,100088,Earth_Relay1_Mars,1,2,79704650276.582245,0.97002548862930338,0.10000000000000001,6.4664962186016786e-14,5.0181329233349101e-13,3915532.193596974,3.9155321935969738,16,8192,0.084627937434417988,2.2490253715865637e-79
89,100088,Earth_Relay2_Mars,1,1,78504383724.88588,0.97002548862930338,0.10000000000000001,6.6657424854657155e-14,5.1727520892327906e-13,4036177.9259977648,4.036177925997765,16,8192,0.077080213797631525,4.5267188294039107e-72
89,100088,Earth_Relay2_Mars,1,2,1000000000.0000091,0.97002548862930338,0.10000000000000001,4.1080559421807219e-10,3.1879351781042949e-09,24874715380.54073,24874.715380540729,16,8192,0,1
89,100088,Direct_Earth_to_Mars,1,1,77645764266.184875,0.97002548862930338,1,6.8139793158777865e-14,5.2877868923154534e-13,4125936.9024409228,4.1259369024409223,16,8192,0.26257600887502475,1.2160572335161529e-271
89,100088,Earth_Relay0_Mars,1,1,69398273551.034653,0.97002548862930338,1,8.5298032959891277e-14,6.6193012880829578e-13,5164886.5601157304,5.1648865601157299,16,8192,0.15487936984171291,2.1355240770269508e-150
89,100088,Earth_Relay0_Mars,1,2,83695128880.148239,0.97002548862930338,1,5.8645674302271144e-14,4.5510239096844446e-13,3551057.9142563944,3.5510579142563943,16,8192,0.34302739441968322,0
89,100088,Earth_Relay1_Mars,1,1,130383431379.8774,0.97002548862930338,1,2.4165263559684841e-14,1.8752737273871351e-13,1463232.3941134613,1.4632323941134613,16,8192,0.7387184744771631,0
89,100088,Earth_Relay1_Mars,1,2,79704650276.582245,0.97002548862930338,1,6.4664962186016786e-14,5.0181329233349101e-13,3915532.193596974,3.9155321935969738,16,8192,0.29021426978061582,1.2842111877810186e-305
89,100088,Earth_Relay2_Mars,1,1,78504383724.88588,0.97002548862930338,1,6.6657424854657155e-14,5.1727520892327906e-13,4036177.9259977648,4.036177925997765,16,8192,0.27411315809961345,1.1469816047032546e-285
89,100088,Earth_Relay2_Mars,1,2,1000000000.0000091,0.97002548862930338,1,4.1080559421807219e-10,3.1879351781042949e-09,24874715380.54073,24874.715380540729,16,8192,0,1
89,100088,Direct_Earth_to_Mars,1,1,77645764266.184875,0.97002548862930338,4,6.8139793158777865e-14,5.2877868923154534e-13,4125936.9024409228,4.1259369024409223,16,8192,0.53529875563140583,0
89,100088,Earth_Relay0_Mars,1,1,69398273551.034653,0.97002548862930338,4,8.5298032959891277e-14,6.6193012880829578e-13,5164886.5601157304,5.1648865601157299,16,8192,0.40940160392465186,0
89,100088,Earth_Relay0_Mars,1,2,83695128880.148239,0.97002548862930338,4,5.8645674302271144e-14,4.5510239096844446e-13,3551057.9142563944,3.5510579142563943,16,8192,0.60859225111594983,0
89,100088,Earth_Relay1_Mars,1,1,130383431379.8774,0.97002548862930338,4,2.4165263559684841e-14,1.8752737273871351e-13,1463232.3941134613,1.4632323941134613,16,8192,0.85199532345202034,0
89,100088,Earth_Relay1_Mars,1,2,79704650276.582245,0.97002548862930338,4,6.4664962186016786e-14,5.0181329233349101e-13,3915532.193596974,3.9155321935969738,16,8192,0.56200101740122244,0
89,100088,Earth_Relay2_Mars,1,1,78504383724.88588,0.97002548862930338,4,6.6657424854657155e-14,5.1727520892327906e-13,4036177.9259977648,4.036177925997765,16,8192,0.54666178713699631,0
89,100088,Earth_Relay2_Mars,1,2,1000000000.0000091,0.97002548862930338,4,4.1080559421807219e-10,3.1879351781042949e-09,24874715380.54073,24874.715380540729,16,8192,0,1
90,100089,Direct_Earth_to_Mars,1,1,307491856903.79547,0.92018493051144112,0,4.3447932069266275e-15,3.198410588161888e-14,249564.52564366415,0.24956452564366413,16,8192,0.77914000469692557,0
90,100089,Earth_Relay0_Mars,1,1,275572902857.56958,0.92018493051144112,0,5.4095772489766876e-15,3.9822491719567093e-14,310725.62393104099,0.31072562393104097,16,8192,0.73291494260495416,0
90,100089,Earth_Relay0_Mars,1,2,75923339043.20256,0.92018493051144112,0,7.1266552359665742e-14,5.2462726024695206e-13,4093544.2693900554,4.0935442693900557,16,8192,0.016680010219196517,1.0941820734184571e-15
90,100089,Earth_Relay1_Mars,1,1,331586817079.30371,0.92018493051144112,0,3.7363008366236156e-15,2.7504701805746731e-14,214612.77937634764,0.21461277937634762,16,8192,0.80685381013093493,0
90,100089,Earth_Relay1_Mars,1,2,79905860825.838623,0.92018493051144112,0,6.4339707176820991e-14,4.7363543182103601e-13,3695666.9136835048,3.6956669136835045,16,8192,0.024830888080163094,4.3222553597746472e-23
90,100089,Earth_Relay2_Mars,1,1,308394728599.90283,0.92018493051144112,0,4.3193903827517126e-15,3.1797103513633373e-14,248105.38973930967,0.24810538973930965,16,8192,0.78027770568062005,0
90,100089,Earth_Relay2_Mars,1,2,999999999.9999913,0.92018493051144112,0,4.1080559421808672e-10,3.0241369373542511e-09,23596635874.258705,23596.635874258704,16,8192,0,1
90,100089,Direct_Earth_to_Mars,1,1,307491856903.79547,0.92018493051144112,0.01,4.3447932069266275e-15,3.198410588161888e-14,249564.52564366415,0.24956452564366413,16,8192,0.7992965101069639,0
90,100089,Earth_Relay0_Mars,1,1,275572902857.56958,0.92018493051144112,0.01,5.4095772489766876e-15,3.9822491719567093e-14,310725.62393104099,0.31072562393104097,16,8192,0.7580669513835151,0
90,100089,Earth_Relay0_Mars,1,2,75923339043.20256,0.92018493051144112,0.01,7.1266552359665742e-14,5.2462726024695206e-13,4093544.2693900554,4.0935442693900557,16,8192,0.026057343466357685,3.283805077411944e-24
90,100089,Earth_Relay1_Mars,1,1,331586817079.30371,0.92018493051144112,0.01,3.7363008366236156e-15,2.7504701805746731e-14,214612.77937634764,0.21461277937634762,16,8192,0.82383315970906335,0
90,100089,Earth_Relay1_Mars,1,2,79905860825.838623,0.92018493051144112,0.01,6.4339707176820991e-14,4.7363543182103601e-13,3695666.9136835048,3.6956669136835045,16,8192,0.037399469471447788,1.2520049308493843e-34
90,100089,Earth_Relay2_Mars,1,1,308394728599.90283,0.92018493051144112,0.01,4.3193903827517126e-15,3.1797103513633373e-14,248105.38973930967,0.24810538973930965,16,8192,0.800306415918008,0
90,100089,Earth_Relay2_Mars,1,2,999999999.9999913,0.92018493051144112,0.01,4.1080559421808672e-10,3.0241369373542511e-09,23596635874.258705,23596.635874258704,16,8192,0,1
90,100089,Direct_Earth_to_Mars,1,1,307491856903.79547,0.92018493051144112,0.10000000000000001,4.3447932069266275e-15,3.198410588161888e-14,249564.52564366415,0.24956452564366413,16,8192,0.89938544755165861,0
90,100089,Earth_Relay0_Mars,1,1,275572902857.56958,0.92018493051144112,0.10000000000000001,5.4095772489766876e-15,3.9822491719567093e-14,310725.62393104099,0.31072562393104097,16,8192,0.87859059400977246,0
90,100089,Earth_Relay0_Mars,1,2,75923339043.20256,0.92018493051144112,0.10000000000000001,7.1266552359665742e-14,5.2462726024695206e-13,4093544.2693900554,4.0935442693900557,16,8192,0.073718438565968936,7.7571654302413879e-69
90,100089,Earth_Relay1_Mars,1,1,331586817079.30371,0.92018493051144112,0.10000000000000001,3.7363008366236156e-15,2.7504701805746731e-14,214612.77937634764,0.21461277937634762,16,8192,0.91097384011287452,0
90,100089,Earth_Relay1_Mars,1,2,79905860825.838623,0.92018493051144112,0.10000000000000001,6.4339707176820991e-14,4.7363543182103601e-13,3695666.9136835048,3.6956669136835045,16,8192,0.10020021482702712,1.2324598226598829e-94
90,100089,Earth_Relay2_Mars,1,1,308394728599.90283,0.92018493051144112,0.10000000000000001,4.3193903827517126e-15,3.1797103513633373e-14,248105.38973930967,0.24810538973930965,16,8192,0.89987385359173444,0
90,100089,Earth_Relay2_Mars,1,2,999999999.9999913,0.92018493051144112,0.10000000000000001,4.1080559421808672e-10,3.0241369373542511e-09,23596635874.258705,23596.635874258704,16,8192,0,1
90,100089,Direct_Earth_to_Mars,1,1,307491856903.79547,0.92018493051144112,1,4.3447932069266275e-15,3.198410588161888e-14,249564.52564366415,0.24956452564366413,16,8192,0.94065422038788549,0
90,100089,Earth_Relay0_Mars,1,1,275572902857.56958,0.92018493051144112,1,5.4095772489766876e-15,3.9822491719567093e-14,310725.62393104099,0.31072562393104097,16,8192,0.93344532778684075,0
90,100089,Earth_Relay0_Mars,1,2,75923339043.20256,0.92018493051144112,1,7.1266552359665742e-14,5.2462726024695206e-13,4093544.2693900554,4.0935442693900557,16,8192,0.26669632444043434,1.2628420189214335e-276
90,100089,Earth_Relay1_Mars,1,1,331586817079.30371,0.92018493051144112,1,3.7363008366236156e-15,2.7504701805746731e-14,214612.77937634764,0.21461277937634762,16,8192,0.94458882644256803,0
90,100089,Earth_Relay1_Mars,1,2,79905860825.838623,0.92018493051144112,1,6.4339707176820991e-14,4.7363543182103601e-13,3695666.9136835048,3.6956669136835045,16,8192,0.32132244994316983,0
90,100089,Earth_Relay2_Mars,1,1,308394728599.90283,0.92018493051144112,1,4.3193903827517126e-15,3.1797103513633373e-14,248105.38973930967,0.24810538973930965,16,8192,0.94082119290463784,0
90,100089,Earth_Relay2_Mars,1,2,999999999.9999913,0.92018493051144112,1,4.1080559421808672e-10,3.0241369373542511e-09,23596635874.258705,23596.635874258704,16,8192,0,1
90,100089,Direct_Earth_to_Mars,1,1,307491856903.79547,0.92018493051144112,4,4.3447932069266275e-15,3.198410588161888e-14,249564.52564366415,0.24956452564366413,16,8192,0.94358282525759762,0
90,100089,Earth_Relay0_Mars,1,1,275572902857.56958,0.92018493051144112,4,5.4095772489766876e-15,3.9822491719567093e-14,310725.62393104099,0.31072562393104097,16,8192,0.94015199222509993,0
90,100089,Earth_Relay0_Mars,1,2,75923339043.20256,0.92018493051144112,4,7.1266552359665742e-14,5.2462726024695206e-13,4093544.2693900554,4.0935442693900557,16,8192,0.53939401031219003,0
90,100089,Earth_Relay1_Mars,1,1,331586817079.30371,0.92018493051144112,4,3.7363008366236156e-15,2.7504701805746731e-14,214612.77937634764,0.21461277937634762,16,8192,0.94548674565862356,0
90,100089,Earth_Relay1_Mars,1,2,79905860825.838623,0.92018493051144112,4,6.4339707176820991e-14,4.7363543182103601e-13,3695666.9136835048,3.6956669136835045,16,8192,0.59008463692456636,0
90,100089,Earth_Relay2_Mars,1,1,308394728599.90283,0.92018493051144112,4,4.3193903827517126e-15,3.1797103513633373e-14,248105.38973930967,0.24810538973930965,16,8192,0.94366313173629701,0
90,100089,Earth_Relay2_Mars,1,2,999999999.9999913,0.92018493051144112,4,4.1080559421808672e-10,3.0241369373542511e-09,23596635874.258705,23596.635874258704,16,8192,0,1
91,100090,Direct_Earth_to_Mars,1,1,86699773805.72757,0.8822997693478033,0,5.4651290327906678e-14,3.8575056680697513e-13,3009921.7898500971,3.0099217898500972,16,8192,0.049295534020805221,1.0895663970936853e-45
91,100090,Earth_Relay0_Mars,1,1,66972401285.482353,0.8822997693478033,0,9.1589272096854723e-14,6.4647354916630504e-13,5044282.4706750503,5.04428247067505,16,8192,0.0064460839591412578,1.7703860391328496e-06
91,100090,Earth_Relay0_Mars,1,2,84808002602.641846,0.8822997693478033,0,5.7116643696366793e-14,4.0315201247380068e-13,3145701.215713338,3.1457012157133377,16,8192,0.043036735428567785,7.4731901252704481e-40
91,100090,Earth_Relay1_Mars,1,1,143116346859.49399,0.8822997693478033,0,2.00566254809095e-14,1.4156764828561383e-13,1104619.373186619,1.104619373186619,16,8192,0.33133697398007167,0
91,100090,Earth_Relay1_Mars,1,2,81539480874.606461,0.8822997693478033,0,6.178747741395933e-14,4.3612061656735139e-13,3402947.5515088066,3.4029475515088063,16,8192,0.033275045360250166,7.9505923379150861e-31
91,100090,Earth_Relay2_Mars,1,1,87496263037.039505,0.8822997693478033,0,5.3660824288450763e-14,3.7875946314170494e-13,2955371.8369326536,2.9553718369326534,16,8192,0.052059299406382209,2.8043814151005179e-48
91,100090,Earth_Relay2_Mars,1,2,1000000000.0000086,0.8822997693478033,0,4.1080559421807245e-10,2.8996294482031409e-09,22625132947.646091,22625.132947646089,16,8192,0,1
91,100090,Direct_Earth_to_Mars,1,1,86699773805.72757,0.8822997693478033,0.01,5.4651290327906678e-14,3.8575056680697513e-13,3009921.7898500971,3.0099217898500972,16,8192,0.069501225598067817,8.5107834685480344e-65
91,100090,Earth_Relay0_Mars,1,1,66972401285.482353,0.8822997693478033,0.01,9.1589272096854723e-14,6.4647354916630504e-13,5044282.4706750503,5.04428247067505,16,8192,0.010936020252988121,1.6578379957076736e-10
91,100090,Earth_Relay0_Mars,1,2,84808002602.641846,0.8822997693478033,0.01,5.7116643696366793e-14,4.0315201247380068e-13,3145701.215713338,3.1457012157133377,16,8192,0.061496242519502808,3.5396493423013648e-57
91,100090,Earth_Relay1_Mars,1,1,143116346859.49399,0.8822997693478033,0.01,2.00566254809095e-14,1.4156764828561383e-13,1104619.373186619,1.104619373186619,16,8192,0.37912278432342039,0
91,100090,Earth_Relay1_Mars,1,2,81539480874.606461,0.8822997693478033,0.01,6.178747741395933e-14,4.3612061656735139e-13,3402947.5515088066,3.4029475515088063,16,8192,0.048748828010258927,3.5365478335782742e-45
91,100090,Earth_Relay2_Mars,1,1,87496263037.039505,0.8822997693478033,0.01,5.3660824288450763e-14,3.7875946314170494e-13,2955371.8369326536,2.9553718369326534,16,8192,0.072999899890402009,3.7965714782244806e-68
91,100090,Earth_Relay2_Mars,1,2,1000000000.0000086,0.8822997693478033,0.01,4.1080559421807245e-10,2.8996294482031409e-09,22625132947.646091,22625.132947646089,16,8192,0,1
91,100090,Direct_Earth_to_Mars,1,1,86699773805.72757,0.8822997693478033,0.10000000000000001,5.4651290327906678e-14,3.8575056680697513e-13,3009921.7898500971,3.0099217898500972,16,8192,0.16754966953980799,7.83177015179198e-164
91,100090,Earth_Relay0_Mars,1,1,66972401285.482353,0.8822997693478033,0.10000000000000001,9.1589272096854723e-14,6.4647354916630504e-13,5044282.4706750503,5.04428247067505,16,8192,0.034701815093719612,3.8612741179833478e-32
91,100090,Earth_Relay0_Mars,1,2,84808002602.641846,0.8822997693478033,0.10000000000000001,5.7116643696366793e-14,4.0315201247380068e-13,3145701.215713338,3.1457012157133377,16,8192,0.15158931497627492,6.1003271214674889e-147
91,100090,Earth_Relay1_Mars,1,1,143116346859.49399,0.8822997693478033,0.10000000000000001,2.00566254809095e-14,1.4156764828561383e-13,1104619.373186619,1.104619373186619,16,8192,0.59535478795523655,0
91,100090,Earth_Relay1_Mars,1,2,81539480874.606461,0.8822997693478033,0.10000000000000001,6.178747741395933e-14,4.3612061656735139e-13,3402947.5515088066,3.4029475515088063,16,8192,0.12510307805182386,1.3418620197901984e-119
91,100090,Earth_Relay2_Mars,1,1,87496263037.039505,0.8822997693478033,0.10000000000000001,5.3660824288450763e-14,3.7875946314170494e-13,2955371.8369326536,2.9553718369326534,16,8192,0.17438003627710674,3.6797682060583812e-171
91,100090,Earth_Relay2_Mars,1,2,1000000000.0000086,0.8822997693478033,0.10000000000000001,4.1080559421807245e-10,2.8996294482031409e-09,22625132947.646091,22625.132947646089,16,8192,0,1
91,100090,Direct_Earth_to_Mars,1,1,86699773805.72757,0.8822997693478033,1,5.4651290327906678e-14,3.8575056680697513e-13,3009921.7898500971,3.0099217898500972,16,8192,0.43276920551425901,0
91,100090,Earth_Relay0_Mars,1,1,66972401285.482353,0.8822997693478033,1,9.1589272096854723e-14,6.4647354916630504e-13,5044282.4706750503,5.04428247067505,16,8192,0.16510213172585952,3.1996705669873347e-161
91,100090,Earth_Relay0_Mars,1,2,84808002602.641846,0.8822997693478033,1,5.7116643696366793e-14,4.0315201247380068e-13,3145701.215713338,3.1457012157133377,16,8192,0.40903024372915631,0
91,100090,Earth_Relay1_Mars,1,1,143116346859.49399,0.8822997693478033,1,2.00566254809095e-14,1.4156764828561383e-13,1104619.373186619,1.104619373186619,16,8192,0.80839149292720447,0
91,100090,Earth_Relay1_Mars,1,2,81539480874.606461,0.8822997693478033,1,6.178747741395933e-14,4.3612061656735139e-13,3402947.5515088066,3.4029475515088063,16,8192,0.36627305080311223,0
91,100090,Earth_Relay2_Mars,1,1,87496263037.039505,0.8822997693478033,1,5.3660824288450763e-14,3.7875946314170494e-13,2955371.8369326536,2.9553718369326534,16,8192,0.44252350780907346,0
91,100090,Earth_Relay2_Mars,1,2,1000000000.0000086,0.8822997693478033,1,4.1080559421807245e-10,2.8996294482031409e-09,22625132947.646091,22625.132947646089,16,8192,0,1
91,100090,Direct_Earth_to_Mars,1,1,86699773805.72757,0.8822997693478033,4,5.4651290327906678e-14,3.8575056680697513e-13,3009921.7898500971,3.0099217898500972,16,8192,0.67734123478926844,0
91,100090,Earth_Relay0_Mars,1,1,66972401285.482353,0.8822997693478033,4,9.1589272096854723e-14,6.4647354916630504e-13,5044282.4706750503,5.04428247067505,16,8192,0.42331360104051019,0
91,100090,Earth_Relay0_Mars,1,2,84808002602.641846,0.8822997693478033,4,5.7116643696366793e-14,4.0315201247380068e-13,3145701.215713338,3.1457012157133377,16,8192,0.66023801641184487,0
91,100090,Earth_Relay1_Mars,1,1,143116346859.49399,0.8822997693478033,4,2.00566254809095e-14,1.4156764828561383e-13,1104619.373186619,1.104619373186619,16,8192,0.8840945025514384,0
91,100090,Earth_Relay1_Mars,1,2,81539480874.606461,0.8822997693478033,4,6.178747741395933e-14,4.3612061656735139e-13,3402947.5515088066,3.4029475515088063,16,8192,0.62752855624823445,0
91,100090,Earth_Relay2_Mars,1,1,87496263037.039505,0.8822997693478033,4,5.3660824288450763e-14,3.7875946314170494e-13,2955371.8369326536,2.9553718369326534,16,8192,0.68416975241936495,0
91,100090,Earth_Relay2_Mars,1,2,1000000000.0000086,0.8822997693478033,4,4.1080559421807245e-10,2.8996294482031409e-09,22625132947.646091,22625.132947646089,16,8192,0,1
92,100091,Direct_Earth_to_Mars,1,1,91875340086.874969,0.95646508282925824,0,4.8667431881190515e-14,3.7238959412264134e-13,2905669.2332069557,2.9056692332069556,16,8192,0.054712163150299475,9.0201748163588823e-51
92,100091,Earth_Relay0_Mars,1,1,66825713419.94519,0.95646508282925824,0,9.1991805182928619e-14,7.0389559651122243e-13,5492333.326314508,5.4923333263145073,16,8192,0.0041182237949286549,0.00021357191114442946
92,100091,Earth_Relay0_Mars,1,2,85213181577.398605,0.95646508282925824,0,5.6574768770008334e-14,4.3289432718121722e-13,3377773.5671798438,3.3777735671798435,16,8192,0.034123343554594343,1.3169833074282858e-31
92,100091,Earth_Relay1_Mars,1,1,149502222581.5282,0.95646508282925824,0,1.8379811402070254e-14,1.4063718268053817e-13,1097359.166876087,1.0973591668760869,16,8192,0.33375130242573459,0
92,100091,Earth_Relay1_Mars,1,2,82385333382.649612,0.95646508282925824,0,6.0525243050428243e-14,4.6312225285991066e-13,3613635.0279040108,3.6136350279040106,16,8192,0.026953691155590986,4.9822730936014758e-25
92,100091,Earth_Relay2_Mars,1,1,92645967226.144943,0.95646508282925824,0,4.7861169841930047e-14,3.6622030221733452e-13,2857531.6859638416,2.8575316859638416,16,8192,0.05741029215097615,2.5874743041872877e-53
92,100091,Earth_Relay2_Mars,1,2,999999999.99999213,0.95646508282925824,0,4.1080559421808589e-10,3.1433696536041934e-09,24526980976.987473,24526.98097698747,16,8192,0,1
92,100091,Direct_Earth_to_Mars,1,1,91875340086.874969,0.95646508282925824,0.01,4.8667431881190515e-14,3.7238959412264134e-13,2905669.2332069557,2.9056692332069556,16,8192,0.076338927198825401,2.3436273950603402e-71
92,100091,Earth_Relay0_Mars,1,1,66825713419.94519,0.95646508282925824,0.01,9.1991805182928619e-14,7.0389559651122243e-13,5492333.326314508,5.4923333263145073,16,8192,0.0072484246443647038,3.3846820277299303e-07
92,100091,Earth_Relay0_Mars,1,2,85213181577.398605,0.95646508282925824,0.01,5.6574768770008334e-14,4.3289432718121722e-13,3377773.5671798438,3.3777735671798435,16,8192,0.049870977327914678,3.1530625043308406e-46
92,100091,Earth_Relay1_Mars,1,1,149502222581.5282,0.95646508282925824,0.01,1.8379811402070254e-14,1.4063718268053817e-13,1097359.166876087,1.0973591668760869,16,8192,0.38154916082761126,0
92,100091,Earth_Relay1_Mars,1,2,82385333382.649612,0.95646508282925824,0.01,6.0525243050428243e-14,4.6312225285991066e-13,3613635.0279040108,3.6136350279040106,16,8192,0.040285835871746167,2.6706707872891086e-37
92,100091,Earth_Relay2_Mars,1,1,92645967226.144943,0.95646508282925824,0.01,4.7861169841930047e-14,3.6622030221733452e-13,2857531.6859638416,2.8575316859638416,16,8192,0.079716542931174472,1.2926116035199829e-74
92,100091,Earth_Relay2_Mars,1,2,999999999.99999213,0.95646508282925824,0.01,4.1080559421808589e-10,3.1433696536041934e-09,24526980976.987473,24526.98097698747,16,8192,0,1
92,100091,Direct_Earth_to_Mars,1,1,91875340086.874969,0.95646508282925824,0.10000000000000001,4.8667431881190515e-14,3.7238959412264134e-13,2905669.2332069557,2.9056692332069556,16,8192,0.18082125773007629,3.9767104560775585e-178
92,100091,Earth_Relay0_Mars,1,1,66825713419.94519,0.95646508282925824,0.10000000000000001,9.1991805182928619e-14,7.0389559651122243e-13,5492333.326314508,5.4923333263145073,16,8192,0.024134254396910415,1.8658265451294823e-22
92,100091,Earth_Relay0_Mars,1,2,85213181577.398605,0.95646508282925824,0.10000000000000001,5.6574768770008334e-14,4.3289432718121722e-13,3377773.5671798438,3.3777735671798435,16,8192,0.12749296922182973,4.9519857744156898e-122
92,100091,Earth_Relay1_Mars,1,1,149502222581.5282,0.95646508282925824,0.10000000000000001,1.8379811402070254e-14,1.4063718268053817e-13,1097359.166876087,1.0973591668760869,16,8192,0.59780704381723671,0
92,100091,Earth_Relay1_Mars,1,2,82385333382.649612,0.95646508282925824,0.10000000000000001,6.0525243050428243e-14,4.6312225285991066e-13,3613635.0279040108,3.6136350279040106,16,8192,0.10666813719988677,4.7235050893557838e-101
92,100091,Earth_Relay2_Mars,1,1,92645967226.144943,0.95646508282925824,0.10000000000000001,4.7861169841930047e-14,3.6622030221733452e-13,2857531.6859638416,2.8575316859638416,16,8192,0.18726293685989548,3.7821059352474237e-185
92,100091,Earth_Relay2_Mars,1,2,999999999.99999213,0.95646508282925824,0.10000000000000001,4.1080559421808589e-10,3.1433696536041934e-09,24526980976.987473,24526.98097698747,16,8192,0,1
92,100091,Direct_Earth_to_Mars,1,1,91875340086.874969,0.95646508282925824,1,4.8667431881190515e-14,3.7238959412264134e-13,2905669.2332069557,2.9056692332069556,16,8192,0.45151579080031856,0
92,100091,Earth_Relay0_Mars,1,1,66825713419.94519,0.95646508282925824,1,9.1991805182928619e-14,7.0389559651122243e-13,5492333.326314508,5.4923333263145073,16,8192,0.12979411794723983,2.2176129752348601e-124
92,100091,Earth_Relay0_Mars,1,2,85213181577.398605,0.95646508282925824,1,5.6574768770008334e-14,4.3289432718121722e-13,3377773.5671798438,3.3777735671798435,16,8192,0.37032507507706403,0
92,100091,Earth_Relay1_Mars,1,1,149502222581.5282,0.95646508282925824,1,1.8379811402070254e-14,1.4063718268053817e-13,1097359.166876087,1.0973591668760869,16,8192,0.80974364990410852,0
92,100091,Earth_Relay1_Mars,1,2,82385333382.649612,0.95646508282925824,1,6.0525243050428243e-14,4.6312225285991066e-13,3613635.0279040108,3.6136350279040106,16,8192,0.33351407589893323,0
92,100091,Earth_Relay2_Mars,1,1,92645967226.144943,0.95646508282925824,1,4.7861169841930047e-14,3.6622030221733452e-13,2857531.6859638416,2.8575316859638416,16,8192,0.46031781824065499,0
92,100091,Earth_Relay2_Mars,1,2,999999999.99999213,0.95646508282925824,1,4.1080559421808589e-10,3.1433696536041934e-09,24526980976.987473,24526.98097698747,16,8192,0,1
92,100091,Direct_Earth_to_Mars,1,1,91875340086.874969,0.95646508282925824,4,4.8667431881190515e-14,3.7238959412264134e-13,2905669.2332069557,2.9056692332069556,16,8192,0.69036706079670973,0
92,100091,Earth_Relay0_Mars,1,1,66825713419.94519,0.95646508282925824,4,9.1991805182928619e-14,7.0389559651122243e-13,5492333.326314508,5.4923333263145073,16,8192,0.37280663751745868,0
92,100091,Earth_Relay0_Mars,1,2,85213181577.398605,0.95646508282925824,4,5.6574768770008334e-14,4.3289432718121722e-13,3377773.5671798438,3.3777735671798435,16,8192,0.63074197273769994,0
92,100091,Earth_Relay1_Mars,1,1,149502222581.5282,0.95646508282925824,4,1.8379811402070254e-14,1.4063718268053817e-13,1097359.166876087,1.0973591668760869,16,8192,0.88470259898237991,0
92,100091,Earth_Relay1_Mars,1,2,82385333382.649612,0.95646508282925824,4,6.0525243050428243e-14,4.6312225285991066e-13,3613635.0279040108,3.6136350279040106,16,8192,0.60058323721657003,0
92,100091,Earth_Relay2_Mars,1,1,92645967226.144943,0.95646508282925824,4,4.7861169841930047e-14,3.6622030221733452e-13,2857531.6859638416,2.8575316859638416,16,8192,0.69634524529470343,0
92,100091,Earth_Relay2_Mars,1,2,999999999.99999213,0.95646508282925824,4,4.1080559421808589e-10,3.1433696536041934e-09,24526980976.987473,24526.98097698747,16,8192,0,1
93,100092,Direct_Earth_to_Mars,1,1,163610722842.86478,0.94518843777025219,0,1.5346622920763555e-14,1.1604360434820518e-13,905461.20564790466,0.90546120564790467,16,8192,0.40435535111936516,0
93,100092,Earth_Relay0_Mars,1,1,111207776530.71941,0.94518843777025219,0,3.3217430406765635e-14,2.5117384922330303e-13,1959851.0199883718,1.9598510199883716,16,8192,0.14087940757348838,8.7670983998651955e-136
93,100092,Earth_Relay0_Mars,1,2,81912859774.044998,0.94518843777025219,0,6.1225476265390355e-14,4.6295689810419171e-13,3612344.8032741067,3.6123448032741066,16,8192,0.026988489916068614,4.6303984276796066e-25
93,100092,Earth_Relay1_Mars,1,1,217458289744.88788,0.94518843777025219,0,8.6872918692360265e-15,6.5689022642699313e-14,512556.13761716953,0.51255613761716956,16,8192,0.59896258957474036,0
93,100092,Earth_Relay1_Mars,1,2,84922355227.615616,0.94518843777025219,0,5.6962925852615875e-14,4.3072559117965368e-13,3360851.4254923505,3.3608514254923505,16,8192,0.034705697046452211,3.8296030285640086e-32
93,100092,Earth_Relay2_Mars,1,1,164315864413.21646,0.94518843777025219,0,1.5215189207305154e-14,1.1504976733785249e-13,897706.52702803654,0.89770652702803655,16,8192,0.40750318636627969,0
93,100092,Earth_Relay2_Mars,1,2,1000000000.0000087,0.94518843777025219,0,4.1080559421807229e-10,3.1063095826100791e-09,24237809878.311176,24237.809878311175,16,8192,0,1
93,100092,Direct_Earth_to_Mars,1,1,163610722842.86478,0.94518843777025219,0.01,1.5346622920763555e-14,1.1604360434820518e-13,905461.20564790466,0.90546120564790467,16,8192,0.45150591726301814,0
93,100092,Earth_Relay0_Mars,1,1,111207776530.71941,0.94518843777025219,0.01,3.3217430406765635e-14,2.5117384922330303e-13,1959851.0199883718,1.9598510199883716,16,8192,0.17795011947722961,5.1458046761632873e-175
93,100092,Earth_Relay0_Mars,1,2,81912859774.044998,0.94518843777025219,0.01,6.1225476265390355e-14,4.6295689810419171e-13,3612344.8032741067,3.6123448032741066,16,8192,0.040332951554580387,2.4152041335577525e-37
93,100092,Earth_Relay1_Mars,1,1,217458289744.88788,0.94518843777025219,0.01,8.6872918692360265e-15,6.5689022642699313e-14,512556.13761716953,0.51255613761716956,16,8192,0.63622657654803216,0
93,100092,Earth_Relay1_Mars,1,2,84922355227.615616,0.94518843777025219,0.01,5.6962925852615875e-14,4.3072559117965368e-13,3360851.4254923505,3.3608514254923505,16,8192,0.050639618883864035,6.0103585764281187e-47
93,100092,Earth_Relay2_Mars,1,1,164315864413.21646,0.94518843777025219,0.01,1.5215189207305154e-14,1.1504976733785249e-13,897706.52702803654,0.89770652702803655,16,8192,0.45458289323342072,0
93,100092,Earth_Relay2_Mars,1,2,1000000000.0000087,0.94518843777025219,0.01,4.1080559421807229e-10,3.1063095826100791e-09,24237809878.311176,24237.809878311175,16,8192,0,1
93,100092,Direct_Earth_to_Mars,1,1,163610722842.86478,0.94518843777025219,0.10000000000000001,1.5346622920763555e-14,1.1604360434820518e-13,905461.20564790466,0.90546120564790467,16,8192,0.66437365160900186,0
93,100092,Earth_Relay0_Mars,1,1,111207776530.71941,0.94518843777025219,0.10000000000000001,3.3217430406765635e-14,2.5117384922330303e-13,1959851.0199883718,1.9598510199883716,16,8192,0.35026614033801284,0
93,100092,Earth_Relay0_Mars,1,2,81912859774.044998,0.94518843777025219,0.10000000000000001,6.1225476265390355e-14,4.6295689810419171e-13,3612344.8032741067,3.6123448032741066,16,8192,0.1067729086088669,3.7148722190433789e-101
93,100092,Earth_Relay1_Mars,1,1,217458289744.88788,0.94518843777025219,0.10000000000000001,8.6872918692360265e-15,6.5689022642699313e-14,512556.13761716953,0.51255613761716956,16,8192,0.80682687681171872,0
93,100092,Earth_Relay1_Mars,1,2,84922355227.615616,0.94518843777025219,0.10000000000000001,5.6962925852615875e-14,4.3072559117965368e-13,3360851.4254923505,3.3608514254923505,16,8192,0.12912308307113463,1.0751879677516702e-123
93,100092,Earth_Relay2_Mars,1,1,164315864413.21646,0.94518843777025219,0.10000000000000001,1.5215189207305154e-14,1.1504976733785249e-13,897706.52702803654,0.89770652702803655,16,8192,0.66712645728284847,0
93,100092,Earth_Relay2_Mars,1,2,1000000000.0000087,0.94518843777025219,0.10000000000000001,4.1080559421807229e-10,3.1063095826100791e-09,24237809878.311176,24237.809878311175,16,8192,0,1
93,100092,Direct_Earth_to_Mars,1,1,163610722842.86478,0.94518843777025219,1,1.5346622920763555e-14,1.1604360434820518e-13,905461.20564790466,0.90546120564790467,16,8192,0.84437147181615735,0
93,100092,Earth_Relay0_Mars,1,1,111207776530.71941,0.94518843777025219,1,3.3217430406765635e-14,2.5117384922330303e-13,1959851.0199883718,1.9598510199883716,16,8192,0.63726568185875809,0
93,100092,Earth_Relay0_Mars,1,2,81912859774.044998,0.94518843777025219,1,6.1225476265390355e-14,4.6295689810419171e-13,3612344.8032741067,3.6123448032741066,16,8192,0.33370836406822335,0
93,100092,Earth_Relay1_Mars,1,1,217458289744.88788,0.94518843777025219,1,8.6872918692360265e-15,6.5689022642699313e-14,512556.13761716953,0.51255613761716956,16,8192,0.90686073786480792,0
93,100092,Earth_Relay1_Mars,1,2,84922355227.615616,0.94518843777025219,1,5.6962925852615875e-14,4.3072559117965368e-13,3360851.4254923505,3.3608514254923505,16,8192,0.37306522131704534,0
93,100092,Earth_Relay2_Mars,1,1,164315864413.21646,0.94518843777025219,1,1.5215189207305154e-14,1.1504976733785249e-13,897706.52702803654,0.89770652702803655,16,8192,0.84572163847282922,0
93,100092,Earth_Relay2_Mars,1,2,1000000000.0000087,0.94518843777025219,1,4.1080559421807229e-10,3.1063095826100791e-09,24237809878.311176,24237.809878311175,16,8192,0,1
93,100092,Direct_Earth_to_Mars,1,1,163610722842.86478,0.94518843777025219,4,1.5346622920763555e-14,1.1604360434820518e-13,905461.20564790466,0.90546120564790467,16,8192,0.90015080709041384,0
93,100092,Earth_Relay0_Mars,1,1,111207776530.71941,0.94518843777025219,4,3.3217430406765635e-14,2.5117384922330303e-13,1959851.0199883718,1.9598510199883716,16,8192,0.80142024427825342,0
93,100092,Earth_Relay0_Mars,1,2,81912859774.044998,0.94518843777025219,4,6.1225476265390355e-14,4.6295689810419171e-13,3612344.8032741067,3.6123448032741066,16,8192,0.60074838069112602,0
93,100092,Earth_Relay1_Mars,1,1,217458289744.88788,0.94518843777025219,4,8.6872918692360265e-15,6.5689022642699313e-14,512556.13761716953,0.51255613761716956,16,8192,0.92792813728280166,0
93,100092,Earth_Relay1_Mars,1,2,84922355227.615616,0.94518843777025219,4,5.6962925852615875e-14,4.3072559117965368e-13,3360851.4254923505,3.3608514254923505,16,8192,0.63290089820143947,0
93,100092,Earth_Relay2_Mars,1,1,164315864413.21646,0.94518843777025219,4,1.5215189207305154e-14,1.1504976733785249e-13,897706.52702803654,0.89770652702803655,16,8192,0.90074948649188713,0
93,100092,Earth_Relay2_Mars,1,2,1000000000.0000087,0.94518843777025219,4,4.1080559421807229e-10,3.1063095826100791e-09,24237809878.311176,24237.809878311175,16,8192,0,1
94,100093,Direct_Earth_to_Mars,1,1,123494171769.23863,0.94361385136534059,0,2.6936640204755723e-14,2.033422944516162e-13,1586632.5432369194,1.5866325432369193,16,8192,0.20461347994782508,2.4221873674390963e-204
94,100093,Earth_Relay0_Mars,1,1,77985733243.814621,0.94361385136534059,0,6.7546994412162025e-14,5.0990623636330676e-13,3978679.5501414132,3.9786795501414129,16,8192,0.018710329084753008,1.5875297124187504e-17
94,100093,Earth_Relay0_Mars,1,2,85363294995.962585,0.94361385136534059,0,5.6375967524212709e-14,4.2557715071975776e-13,3320679.3442112855,3.3206793442112854,16,8192,0.036128279877604363,1.86809974815723e-33
94,100093,Earth_Relay1_Mars,1,1,182462428385.89624,0.94361385136534059,0,1.2339269449073871e-14,9.3148044543002254e-14,726812.48733511986,0.72681248733511983,16,8192,0.48344753185745659,0
94,100093,Earth_Relay1_Mars,1,2,85408901754.627182,0.94361385136534059,0,5.6315776171177014e-14,4.2512277156410252e-13,3317133.9295336585,3.3171339295336586,16,8192,0.036256596945556274,1.422278397983592e-33
94,100093,Earth_Relay2_Mars,1,1,124192152787.32391,0.94361385136534059,0,2.66347140365732e-14,2.0106308073652268e-13,1568848.3696929361,1.5688483696929361,16,8192,0.20828491150744399,1.8584540893487634e-208
94,100093,Earth_Relay2_Mars,1,2,999999999.99999261,0.94361385136534059,0,4.1080559421808563e-10,3.1011347913804404e-09,24197432188.11375,24197.432188113751,16,8192,0,1
94,100093,Direct_Earth_to_Mars,1,1,123494171769.23863,0.94361385136534059,0.01,2.6936640204755723e-14,2.033422944516162e-13,1586632.5432369194,1.5866325432369193,16,8192,0.24782306291618006,5.0511111097243385e-254
94,100093,Earth_Relay0_Mars,1,1,77985733243.814621,0.94361385136534059,0.01,6.7546994412162025e-14,5.0990623636330676e-13,3978679.5501414132,3.9786795501414129,16,8192,0.028926250233817896,7.80791368492019e-27
94,100093,Earth_Relay0_Mars,1,2,85363294995.962585,0.94361385136534059,0.01,5.6375967524212709e-14,4.2557715071975776e-13,3320679.3442112855,3.3206793442112854,16,8192,0.052511575892244977,1.0552933773436691e-48
94,100093,Earth_Relay1_Mars,1,1,182462428385.89624,0.94361385136534059,0.01,1.2339269449073871e-14,9.3148044543002254e-14,726812.48733511986,0.72681248733511983,16,8192,0.52785752695934463,0
94,100093,Earth_Relay1_Mars,1,2,85408901754.627182,0.94361385136534059,0.01,5.6315776171177014e-14,4.2512277156410252e-13,3317133.9295336585,3.3171339295336586,16,8192,0.052680037265673052,7.3319506579626511e-49
94,100093,Earth_Relay2_Mars,1,1,124192152787.32391,0.94361385136534059,0.01,2.66347140365732e-14,2.0106308073652268e-13,1568848.3696929361,1.5688483696929361,16,8192,0.25175463882136706,1.1019952561607508e-258
94,100093,Earth_Relay2_Mars,1,2,999999999.99999261,0.94361385136534059,0.01,4.1080559421808563e-10,3.1011347913804404e-09,24197432188.11375,24197.432188113751,16,8192,0,1
94,100093,Direct_Earth_to_Mars,1,1,123494171769.23863,0.94361385136534059,0.10000000000000001,2.6936640204755723e-14,2.033422944516162e-13,1586632.5432369194,1.5866325432369193,16,8192,0.44596762170139437,0
94,100093,Earth_Relay0_Mars,1,1,77985733243.814621,0.94361385136534059,0.10000000000000001,6.7546994412162025e-14,5.0990623636330676e-13,3978679.5501414132,3.9786795501414129,16,8192,0.080594564790526402,1.8300916990100553e-75
94,100093,Earth_Relay0_Mars,1,2,85363294995.962585,0.94361385136534059,0.10000000000000001,5.6375967524212709e-14,4.2557715071975776e-13,3320679.3442112855,3.3206793442112854,16,8192,0.13307013170972415,9.7985595035978185e-128
94,100093,Earth_Relay1_Mars,1,1,182462428385.89624,0.94361385136534059,0.10000000000000001,1.2339269449073871e-14,9.3148044543002254e-14,726812.48733511986,0.72681248733511983,16,8192,0.72867425434215949,0
94,100093,Earth_Relay1_Mars,1,2,85408901754.627182,0.94361385136534059,0.10000000000000001,5.6315776171177014e-14,4.2512277156410252e-13,3317133.9295336585,3.3171339295336586,16,8192,0.13342376479435614,4.2488845035286092e-128
94,100093,Earth_Relay2_Mars,1,1,124192152787.32391,0.94361385136534059,0.10000000000000001,2.66347140365732e-14,2.0106308073652268e-13,1568848.3696929361,1.5688483696929361,16,8192,0.45097284449691766,0
94,100093,Earth_Relay2_Mars,1,2,999999999.99999261,0.94361385136534059,0.10000000000000001,4.1080559421808563e-10,3.1011347913804404e-09,24197432188.11375,24197.432188113751,16,8192,0,1
94,100093,Direct_Earth_to_Mars,1,1,123494171769.23863,0.94361385136534059,1,2.6936640204755723e-14,2.033422944516162e-13,1586632.5432369194,1.5866325432369193,16,8192,0.71379477031212968,0
94,100093,Earth_Relay0_Mars,1,1,77985733243.814621,0.94361385136534059,1,6.7546994412162025e-14,5.0990623636330676e-13,3978679.5501414132,3.9786795501414129,16,8192,0.28170149435517189,5.1589826572148223e-295
94,100093,Earth_Relay0_Mars,1,2,85363294995.962585,0.94361385136534059,1,5.6375967524212709e-14,4.2557715071975776e-13,3320679.3442112855,3.3206793442112854,16,8192,0.37962253012252878,0
94,100093,Earth_Relay1_Mars,1,1,182462428385.89624,0.94361385136534059,1,1.2339269449073871e-14,9.3148044543002254e-14,726812.48733511986,0.72681248733511983,16,8192,0.87436222267912567,0
94,100093,Earth_Relay1_Mars,1,2,85408901754.627182,0.94361385136534059,1,5.6315776171177014e-14,4.2512277156410252e-13,3317133.9295336585,3.3171339295336586,16,8192,0.38020477625937599,0
94,100093,Earth_Relay2_Mars,1,1,124192152787.32391,0.94361385136534059,1,2.66347140365732e-14,2.0106308073652268e-13,1568848.3696929361,1.5688483696929361,16,8192,0.71740632733361331,0
94,100093,Earth_Relay2_Mars,1,2,999999999.99999261,0.94361385136534059,1,4.1080559421808563e-10,3.1011347913804404e-09,24197432188.11375,24197.432188113751,16,8192,0,1
94,100093,Direct_Earth_to_Mars,1,1,123494171769.23863,0.94361385136534059,4,2.6936640204755723e-14,2.033422944516162e-13,1586632.5432369194,1.5866325432369193,16,8192,0.84005508560612208,0
94,100093,Earth_Relay0_Mars,1,1,77985733243.814621,0.94361385136534059,4,6.7546994412162025e-14,5.0990623636330676e-13,3978679.5501414132,3.9786795501414129,16,8192,0.55396389749137587,0
94,100093,Earth_Relay0_Mars,1,2,85363294995.962585,0.94361385136534059,4,5.6375967524212709e-14,4.2557715071975776e-13,3320679.3442112855,3.3206793442112854,16,8192,0.6380218764667821,0
94,100093,Earth_Relay1_Mars,1,1,182462428385.89624,0.94361385136534059,4,1.2339269449073871e-14,9.3148044543002254e-14,726812.48733511986,0.72681248733511983,16,8192,0.91343020093690619,0
94,100093,Earth_Relay1_Mars,1,2,85408901754.627182,0.94361385136534059,4,5.6315776171177014e-14,4.2512277156410252e-13,3317133.9295336585,3.3171339295336586,16,8192,0.6384735276277913,0
94,100093,Earth_Relay2_Mars,1,1,124192152787.32391,0.94361385136534059,4,2.66347140365732e-14,2.0106308073652268e-13,1568848.3696929361,1.5688483696929361,16,8192,0.84180278844535072,0
94,100093,Earth_Relay2_Mars,1,2,999999999.99999261,0.94361385136534059,4,4.1080559421808563e-10,3.1011347913804404e-09,24197432188.11375,24197.432188113751,16,8192,0,1
95,100094,Direct_Earth_to_Mars,1,1,137367426992.95473,0.97546567770836168,0,2.1770520966938656e-14,1.6989116791263133e-13,1325621.197231289,1.325621197231289,16,8192,0.26563789430087492,2.4221962064304046e-275
95,100094,Earth_Relay0_Mars,1,1,87647295200.223572,0.97546567770836168,0,5.3476048989168568e-14,4.1731240294707901e-13,3256191.4430929222,3.2561914430929222,16,8192,0.038534881183647784,1.1165433610876871e-35
95,100094,Earth_Relay0_Mars,1,2,84490179336.940903,0.97546567770836168,0,5.7547158605085028e-14,4.4908222455119879e-13,3504083.9584491989,3.5040839584491987,16,8192,0.030074310047480624,6.9242232117331018e-28
95,100094,Earth_Relay1_Mars,1,1,195106831075.58188,0.97546567770836168,0,1.0791738140329745e-14,8.4215761269663448e-14,657115.96224617772,0.65711596224617774,16,8192,0.51834410482178361,0
95,100094,Earth_Relay1_Mars,1,2,85723452571.372696,0.97546567770836168,0,5.5903247908318254e-14,4.3625359685588977e-13,3403985.1657148083,3.4039851657148081,16,8192,0.033240536606961024,8.5535951464139572e-31
95,100094,Earth_Relay2_Mars,1,1,138060445612.52573,0.97546567770836168,0,2.1552507625678003e-14,1.6818985165917303e-13,1312346.2229257484,1.3123462229257483,16,8192,0.26918774044970462,1.1866641689596473e-279
95,100094,Earth_Relay2_Mars,1,2,999999999.9999938,0.97546567770836168,0,4.1080559421808454e-10,3.2058140589626411e-09,25014220121.957214,25014.220121957213,16,8192,0,1
95,100094,Direct_Earth_to_Mars,1,1,137367426992.95473,0.97546567770836168,0.01,2.1770520966938656e-14,1.6989116791263133e-13,1325621.197231289,1.325621197231289,16,8192,0.3120976218606446,0
95,100094,Earth_Relay0_Mars,1,1,87647295200.223572,0.97546567770836168,0.01,5.3476048989168568e-14,4.1731240294707901e-13,3256191.4430929222,3.2561914430929222,16,8192,0.055660734039048254,1.1540979574834684e-51
95,100094,Earth_Relay0_Mars,1,2,84490179336.940903,0.97546567770836168,0.01,5.7547158605085028e-14,4.4908222455119879e-13,3504083.9584491989,3.5040839584491987,16,8192,0.044486934251896315,3.3467112658511364e-41
95,100094,Earth_Relay1_Mars,1,1,195106831075.58188,0.97546567770836168,0.01,1.0791738140329745e-14,8.4215761269663448e-14,657115.96224617772,0.65711596224617774,16,8192,0.56095891295524436,0
95,100094,Earth_Relay1_Mars,1,2,85723452571.372696,0.97546567770836168,0.01,5.5903247908318254e-14,4.3625359685588977e-13,3403985.1657148083,3.4039851657148081,16,8192,0.048703115570030819,3.9022974862807174e-45
95,100094,Earth_Relay2_Mars,1,1,138060445612.52573,0.97546567770836168,0.01,2.1552507625678003e-14,1.6818985165917303e-13,1312346.2229257484,1.3123462229257483,16,8192,0.3157720202891795,0
95,100094,Earth_Relay2_Mars,1,2,999999999.9999938,0.97546567770836168,0.01,4.1080559421808454e-10,3.2058140589626411e-09,25014220121.957214,25014.220121957213,16,8192,0,1
95,100094,Direct_Earth_to_Mars,1,1,137367426992.95473,0.97546567770836168,0.10000000000000001,2.1770520966938656e-14,1.6989116791263133e-13,1325621.197231289,1.325621197231289,16,8192,0.52342555438832239,0
95,100094,Earth_Relay0_Mars,1,1,87647295200.223572,0.97546567770836168,0.10000000000000001,5.3476048989168568e-14,4.1731240294707901e-13,3256191.4430929222,3.2561914430929222,16,8192,0.1396391250763247,1.6825826275949663e-134
95,100094,Earth_Relay0_Mars,1,2,84490179336.940903,0.97546567770836168,0.10000000000000001,5.7547158605085028e-14,4.4908222455119879e-13,3504083.9584491989,3.5040839584491987,16,8192,0.11591327308460619,2.6393355368618977e-110
95,100094,Earth_Relay1_Mars,1,1,195106831075.58188,0.97546567770836168,0.10000000000000001,1.0791738140329745e-14,8.4215761269663448e-14,657115.96224617772,0.65711596224617774,16,8192,0.75409444739559017,0
95,100094,Earth_Relay1_Mars,1,2,85723452571.372696,0.97546567770836168,0.10000000000000001,5.5903247908318254e-14,4.3625359685588977e-13,3403985.1657148083,3.4039851657148081,16,8192,0.12500546598923201,1.6863060932705626e-119
95,100094,Earth_Relay2_Mars,1,1,138060445612.52573,0.97546567770836168,0.10000000000000001,2.1552507625678003e-14,1.6818985165917303e-13,1312346.2229257484,1.3123462229257483,16,8192,0.52758910365197342,0
95,100094,Earth_Relay2_Mars,1,2,999999999.9999938,0.97546567770836168,0.10000000000000001,4.1080559421808454e-10,3.2058140589626411e-09,25014220121.957214,25014.220121957213,16,8192,0,1
95,100094,Direct_Earth_to_Mars,1,1,137367426992.95473,0.97546567770836168,1,2.1770520966938656e-14,1.6989116791263133e-13,1325621.197231289,1.325621197231289,16,8192,0.76603571186845321,0
95,100094,Earth_Relay0_Mars,1,1,87647295200.223572,0.97546567770836168,1,5.3476048989168568e-14,4.1731240294707901e-13,3256191.4430929222,3.2561914430929222,16,8192,0.39030184934734424,0
95,100094,Earth_Relay0_Mars,1,2,84490179336.940903,0.97546567770836168,1,5.7547158605085028e-14,4.4908222455119879e-13,3504083.9584491989,3.5040839584491987,16,8192,0.35028927537749643,0
95,100094,Earth_Relay1_Mars,1,1,195106831075.58188,0.97546567770836168,1,1.0791738140329745e-14,8.4215761269663448e-14,657115.96224617772,0.65711596224617774,16,8192,0.88537916819014184,0
95,100094,Earth_Relay1_Mars,1,2,85723452571.372696,0.97546567770836168,1,5.5903247908318254e-14,4.3625359685588977e-13,3403985.1657148083,3.4039851657148081,16,8192,0.36610666111290024,0
95,100094,Earth_Relay2_Mars,1,1,138060445612.52573,0.97546567770836168,1,2.1552507625678003e-14,1.6818985165917303e-13,1312346.2229257484,1.3123462229257483,16,8192,0.76863778541141903,0
95,100094,Earth_Relay2_Mars,1,2,999999999.9999938,0.97546567770836168,1,4.1080559421808454e-10,3.2058140589626411e-09,25014220121.957214,25014.220121957213,16,8192,0,1
95,100094,Direct_Earth_to_Mars,1,1,137367426992.95473,0.97546567770836168,4,2.1770520966938656e-14,1.6989116791263133e-13,1325621.197231289,1.325621197231289,16,8192,0.86478196184933886,0
95,100094,Earth_Relay0_Mars,1,1,87647295200.223572,0.97546567770836168,4,5.3476048989168568e-14,4.1731240294707901e-13,3256191.4430929222,3.2561914430929222,16,8192,0.64622830689237465,0
95,100094,Earth_Relay0_Mars,1,2,84490179336.940903,0.97546567770836168,4,5.7547158605085028e-14,4.4908222455119879e-13,3504083.9584491989,3.5040839584491987,16,8192,0.61460220478854044,0
95,100094,Earth_Relay1_Mars,1,1,195106831075.58188,0.97546567770836168,4,1.0791738140329745e-14,8.4215761269663448e-14,657115.96224617772,0.65711596224617774,16,8192,0.91831808726312292,0
95,100094,Earth_Relay1_Mars,1,2,85723452571.372696,0.97546567770836168,4,5.5903247908318254e-14,4.3625359685588977e-13,3403985.1657148083,3.4039851657148081,16,8192,0.62739606513212687,0
95,100094,Earth_Relay2_Mars,1,1,138060445612.52573,0.97546567770836168,4,2.1552507625678003e-14,1.6818985165917303e-13,1312346.2229257484,1.3123462229257483,16,8192,0.86598512374391623,0
95,100094,Earth_Relay2_Mars,1,2,999999999.9999938,0.97546567770836168,4,4.1080559421808454e-10,3.2058140589626411e-09,25014220121.957214,25014.220121957213,16,8192,0,1
96,100095,Direct_Earth_to_Mars,1,1,309972414336.90479,0.96923568885988631,0,4.2755329435958344e-15,3.3151992942633963e-14,258677.27625380718,0.25867727625380715,16,8192,0.77207214885834397,0
96,100095,Earth_Relay0_Mars,1,1,278923620660.01996,0.96923568885988631,0,5.2803870939193603e-15,4.0943516979374271e-14,319472.72282553051,0.31947272282553052,16,8192,0.72653201984636684,0
96,100095,Earth_Relay0_Mars,1,2,75608843847.259048,0.96923568885988631,0,7.1860652220194775e-14,5.5719927005248955e-13,4347696.0723657748,4.3476960723657747,16,8192,0.012936583224189446,2.6222546379859358e-12
96,100095,Earth_Relay1_Mars,1,1,333238971385.61298,0.96923568885988631,0,3.6993445156288451e-15,2.8684293839484527e-14,223816.86116129445,0.22381686116129443,16,8192,0.79946153342010018,0
96,100095,Earth_Relay1_Mars,1,2,79533965362.246826,0.96923568885988631,0,6.4942810194434988e-14,5.035591150024003e-13,3929154.4410919305,3.9291544410919301,16,8192,0.019660289459676683,2.1840692627706294e-18
96,100095,Earth_Relay2_Mars,1,1,310879040151.38239,0.96923568885988631,0,4.2506315784967687e-15,3.2958910608591212e-14,257170.69979098841,0.25717069979098839,16,8192,0.77323621123972464,0
96,100095,Earth_Relay2_Mars,1,2,999999999.99999738,0.96923568885988631,0,4.1080559421808165e-10,3.1853395447956583e-09,24854462258.636604,24854.462258636602,16,8192,0,1
96,100095,Direct_Earth_to_Mars,1,1,309972414336.90479,0.96923568885988631,0.01,4.2755329435958344e-15,3.3151992942633963e-14,258677.27625380718,0.25867727625380715,16,8192,0.79301744393640172,0
96,100095,Earth_Relay0_Mars,1,1,278923620660.01996,0.96923568885988631,0.01,5.2803870939193603e-15,4.0943516979374271e-14,319472.72282553051,0.31947272282553052,16,8192,0.75234290458853614,0
96,100095,Earth_Relay0_Mars,1,2,75608843847.259048,0.96923568885988631,0.01,7.1860652220194775e-14,5.5719927005248955e-13,4347696.0723657748,4.3476960723657747,16,8192,0.020673143683936357,2.6294005877657841e-19
96,100095,Earth_Relay1_Mars,1,1,333238971385.61298,0.96923568885988631,0.01,3.6993445156288451e-15,2.8684293839484527e-14,223816.86116129445,0.22381686116129443,16,8192,0.8173013201284498,0
96,100095,Earth_Relay1_Mars,1,2,79533965362.246826,0.96923568885988631,0.01,6.4942810194434988e-14,5.035591150024003e-13,3929154.4410919305,3.9291544410919301,16,8192,0.030257752318815223,4.7004136923858813e-28
96,100095,Earth_Relay2_Mars,1,1,310879040151.38239,0.96923568885988631,0.01,4.2506315784967687e-15,3.2958910608591212e-14,257170.69979098841,0.25717069979098839,16,8192,0.79405220335260129,0
96,100095,Earth_Relay2_Mars,1,2,999999999.99999738,0.96923568885988631,0.01,4.1080559421808165e-10,3.1853395447956583e-09,24854462258.636604,24854.462258636602,16,8192,0,1
96,100095,Direct_Earth_to_Mars,1,1,309972414336.90479,0.96923568885988631,0.10000000000000001,4.2755329435958344e-15,3.3151992942633963e-14,258677.27625380718,0.25867727625380715,16,8192,0.89632655302656361,0
96,100095,Earth_Relay0_Mars,1,1,278923620660.01996,0.96923568885988631,0.10000000000000001,5.2803870939193603e-15,4.0943516979374271e-14,319472.72282553051,0.31947272282553052,16,8192,0.87556950802520128,0
96,100095,Earth_Relay0_Mars,1,2,75608843847.259048,0.96923568885988631,0.10000000000000001,7.1860652220194775e-14,5.5719927005248955e-13,4347696.0723657748,4.3476960723657747,16,8192,0.060425155866099312,3.6598853246462012e-56
96,100095,Earth_Relay1_Mars,1,1,333238971385.61298,0.96923568885988631,0.10000000000000001,3.6993445156288451e-15,2.8684293839484527e-14,223816.86116129445,0.22381686116129443,16,8192,0.90794525101163259,0
96,100095,Earth_Relay1_Mars,1,2,79533965362.246826,0.96923568885988631,0.10000000000000001,6.4942810194434988e-14,5.035591150024003e-13,3929154.4410919305,3.9291544410919301,16,8192,0.083742102418005837,1.6304711716976289e-78
96,100095,Earth_Relay2_Mars,1,1,310879040151.38239,0.96923568885988631,0.10000000000000001,4.2506315784967687e-15,3.2958910608591212e-14,257170.69979098841,0.25717069979098839,16,8192,0.89683328605811619,0
96,100095,Earth_Relay2_Mars,1,2,999999999.99999738,0.96923568885988631,0.10000000000000001,4.1080559421808165e-10,3.1853395447956583e-09,24854462258.636604,24854.462258636602,16,8192,0,1
96,100095,Direct_Earth_to_Mars,1,1,309972414336.90479,0.96923568885988631,1,4.2755329435958344e-15,3.3151992942633963e-14,258677.27625380718,0.25867727625380715,16,8192,0.93960610501875497,0
96,100095,Earth_Relay0_Mars,1,1,278923620660.01996,0.96923568885988631,1,5.2803870939193603e-15,4.0943516979374271e-14,319472.72282553051,0.31947272282553052,16,8192,0.93238111850666705,0
96,100095,Earth_Relay0_Mars,1,2,75608843847.259048,0.96923568885988631,1,7.1860652220194775e-14,5.5719927005248955e-13,4347696.0723657748,4.3476960723657747,16,8192,0.23566550835758449,9.215572382938902e-240
96,100095,Earth_Relay1_Mars,1,1,333238971385.61298,0.96923568885988631,1,3.6993445156288451e-15,2.8684293839484527e-14,223816.86116129445,0.22381686116129443,16,8192,0.94356589880866693,0
96,100095,Earth_Relay1_Mars,1,2,79533965362.246826,0.96923568885988631,1,6.4942810194434988e-14,5.035591150024003e-13,3929154.4410919305,3.9291544410919301,16,8192,0.2883620019772255,2.6711403661570012e-303
96,100095,Earth_Relay2_Mars,1,1,310879040151.38239,0.96923568885988631,1,4.2506315784967687e-15,3.2958910608591212e-14,257170.69979098841,0.25717069979098839,16,8192,0.93978001812472101,0
96,100095,Earth_Relay2_Mars,1,2,999999999.99999738,0.96923568885988631,1,4.1080559421808165e-10,3.1853395447956583e-09,24854462258.636604,24854.462258636602,16,8192,0,1
96,100095,Direct_Earth_to_Mars,1,1,309972414336.90479,0.96923568885988631,4,4.2755329435958344e-15,3.3151992942633963e-14,258677.27625380718,0.25867727625380715,16,8192,0.94307966152628775,0
96,100095,Earth_Relay0_Mars,1,1,278923620660.01996,0.96923568885988631,4,5.2803870939193603e-15,4.0943516979374271e-14,319472.72282553051,0.31947272282553052,16,8192,0.93965097120628316,0
96,100095,Earth_Relay0_Mars,1,2,75608843847.259048,0.96923568885988631,4,7.1860652220194775e-14,5.5719927005248955e-13,4347696.0723657748,4.3476960723657747,16,8192,0.50746231202635916,0
96,100095,Earth_Relay1_Mars,1,1,333238971385.61298,0.96923568885988631,4,3.6993445156288451e-15,2.8684293839484527e-14,223816.86116129445,0.22381686116129443,16,8192,0.94498936203906136,0
96,100095,Earth_Relay1_Mars,1,2,79533965362.246826,0.96923568885988631,4,6.4942810194434988e-14,5.035591150024003e-13,3929154.4410919305,3.9291544410919301,16,8192,0.56026582400185365,0
96,100095,Earth_Relay2_Mars,1,1,310879040151.38239,0.96923568885988631,4,4.2506315784967687e-15,3.2958910608591212e-14,257170.69979098841,0.25717069979098839,16,8192,0.94316304104168769,0
96,100095,Earth_Relay2_Mars,1,2,999999999.99999738,0.96923568885988631,4,4.1080559421808165e-10,3.1853395447956583e-09,24854462258.636604,24854.462258636602,16,8192,0,1
97,100096,Direct_Earth_to_Mars,1,1,366313338966.60858,0.92828816178357787,0,3.0614761626318444e-15,2.2735456634830055e-14,177399.47057967502,0.17739947057967501,16,8192,0.83744518298301562,0
97,100096,Earth_Relay0_Mars,1,1,382526469399.76752,0.92828816178357787,0,2.8074586271356957e-15,2.0849044866137937e-14,162680.23909748968,0.16268023909748969,16,8192,0.84986289789848224,0
97,100096,Earth_Relay0_Mars,1,2,77568352842.272522,0.92828816178357787,0,6.8275864901533984e-14,5.0703741698903108e-13,3956294.8210216314,3.9562948210216313,16,8192,0.019133877556272272,6.5574831308184908e-18
97,100096,Earth_Relay1_Mars,1,1,340653733261.50592,0.92828816178357787,0,3.5400552771171136e-15,2.6289531246458401e-14,205131.08664660895,0.20513108664660895,16,8192,0.81454053402556248,0
97,100096,Earth_Relay1_Mars,1,2,78122786838.952972,0.92828816178357787,0,6.7310202091597411e-14,4.9986611015112083e-13,3900338.7847368475,3.9003387847368471,16,8192,0.020235054956664555,6.5711993971584744e-19
97,100096,Earth_Relay2_Mars,1,1,367266624592.98071,0.92828816178357787,0,3.0456039138954e-15,2.2617584470006649e-14,176479.74154270825,0.17647974154270823,16,8192,0.83821575994135555,0
97,100096,Earth_Relay2_Mars,1,2,999999999.99998975,0.92828816178357787,0,4.1080559421808796e-10,3.0507677592569546e-09,23804429972.372562,23804.42997237256,16,8192,0,1
97,100096,Direct_Earth_to_Mars,1,1,366313338966.60858,0.92828816178357787,0.01,3.0614761626318444e-15,2.2735456634830055e-14,177399.47057967502,0.17739947057967501,16,8192,0.85076584026888025,0
97,100096,Earth_Relay0_Mars,1,1,382526469399.76752,0.92828816178357787,0.01,2.8074586271356957e-15,2.0849044866137937e-14,162680.23909748968,0.16268023909748969,16,8192,0.86165430194022641,0
97,100096,Earth_Relay0_Mars,1,2,77568352842.272522,0.92828816178357787,0.01,6.8275864901533984e-14,5.0703741698903108e-13,3956294.8210216314,3.9562948210216313,16,8192,0.029520727449443118,2.2277633069892875e-27
97,100096,Earth_Relay1_Mars,1,1,340653733261.50592,0.92828816178357787,0.01,3.5400552771171136e-15,2.6289531246458401e-14,205131.08664660895,0.20513108664660895,16,8192,0.83061531052872983,0
97,100096,Earth_Relay1_Mars,1,2,78122786838.952972,0.92828816178357787,0.01,6.7310202091597411e-14,4.9986611015112083e-13,3900338.7847368475,3.9003387847368471,16,8192,0.031060223384940966,8.6261152970244606e-29
97,100096,Earth_Relay2_Mars,1,1,367266624592.98071,0.92828816178357787,0.01,3.0456039138954e-15,2.2617584470006649e-14,176479.74154270825,0.17647974154270823,16,8192,0.85144225186357947,0
97,100096,Earth_Relay2_Mars,1,2,999999999.99998975,0.92828816178357787,0.01,4.1080559421808796e-10,3.0507677592569546e-09,23804429972.372562,23804.42997237256,16,8192,0,1
97,100096,Direct_Earth_to_Mars,1,1,366313338966.60858,0.92828816178357787,0.10000000000000001,3.0614761626318444e-15,2.2735456634830055e-14,177399.47057967502,0.17739947057967501,16,8192,0.92303645694262582,0
97,100096,Earth_Relay0_Mars,1,1,382526469399.76752,0.92828816178357787,0.10000000000000001,2.8074586271356957e-15,2.0849044866137937e-14,162680.23909748968,0.16268023909748969,16,8192,0.92772141798495888,0
97,100096,Earth_Relay0_Mars,1,2,77568352842.272522,0.92828816178357787,0.10000000000000001,6.8275864901533984e-14,5.0703741698903108e-13,3956294.8210216314,3.9562948210216313,16,8192,0.082003155497594848,7.9205216457765211e-77
97,100096,Earth_Relay1_Mars,1,1,340653733261.50592,0.92828816178357787,0.10000000000000001,3.5400552771171136e-15,2.6289531246458401e-14,205131.08664660895,0.20513108664660895,16,8192,0.91407564439850697,0
97,100096,Earth_Relay1_Mars,1,2,78122786838.952972,0.92828816178357787,0.10000000000000001,6.7310202091597411e-14,4.9986611015112083e-13,3900338.7847368475,3.9003387847368471,16,8192,0.085626338962793036,2.406317792280781e-80
97,100096,Earth_Relay2_Mars,1,1,367266624592.98071,0.92828816178357787,0.10000000000000001,3.0456039138954e-15,2.2617584470006649e-14,176479.74154270825,0.17647974154270823,16,8192,0.92333068658418416,0
97,100096,Earth_Relay2_Mars,1,2,999999999.99998975,0.92828816178357787,0.10000000000000001,4.1080559421808796e-10,3.0507677592569546e-09,23804429972.372562,23804.42997237256,16,8192,0,1
97,100096,Direct_Earth_to_Mars,1,1,366313338966.60858,0.92828816178357787,1,3.0614761626318444e-15,2.2735456634830055e-14,177399.47057967502,0.17739947057967501,16,8192,0.94862765585970865,0
97,100096,Earth_Relay0_Mars,1,1,382526469399.76752,0.92828816178357787,1,2.8074586271356957e-15,2.0849044866137937e-14,162680.23909748968,0.16268023909748969,16,8192,0.95018195653485038,0
97,100096,Earth_Relay0_Mars,1,2,77568352842.272522,0.92828816178357787,1,6.8275864901533984e-14,5.0703741698903108e-13,3956294.8210216314,3.9562948210216313,16,8192,0.28469767232951038,9.8805066069924412e-299
97,100096,Earth_Relay1_Mars,1,1,340653733261.50592,0.92828816178357787,1,3.5400552771171136e-15,2.6289531246458401e-14,205131.08664660895,0.20513108664660895,16,8192,0.94563268829784419,0
97,100096,Earth_Relay1_Mars,1,2,78122786838.952972,0.92828816178357787,1,6.7310202091597411e-14,4.9986611015112083e-13,3900338.7847368475,3.9003387847368471,16,8192,0.29229049236446158,3.1849431538050411e-308
97,100096,Earth_Relay2_Mars,1,1,367266624592.98071,0.92828816178357787,1,3.0456039138954e-15,2.2617584470006649e-14,176479.74154270825,0.17647974154270823,16,8192,0.94872549623404245,0
97,100096,Earth_Relay2_Mars,1,2,999999999.99998975,0.92828816178357787,1,4.1080559421808796e-10,3.0507677592569546e-09,23804429972.372562,23804.42997237256,16,8192,0,1
97,100096,Direct_Earth_to_Mars,1,1,366313338966.60858,0.92828816178357787,4,3.0614761626318444e-15,2.2735456634830055e-14,177399.47057967502,0.17739947057967501,16,8192,0.94746873458955894,0
97,100096,Earth_Relay0_Mars,1,1,382526469399.76752,0.92828816178357787,4,2.8074586271356957e-15,2.0849044866137937e-14,162680.23909748968,0.16268023909748969,16,8192,0.94823988151871308,0
97,100096,Earth_Relay0_Mars,1,2,77568352842.272522,0.92828816178357787,4,6.8275864901533984e-14,5.0703741698903108e-13,3956294.8210216314,3.9562948210216313,16,8192,0.55681096633266136,0
97,100096,Earth_Relay1_Mars,1,1,340653733261.50592,0.92828816178357787,4,3.5400552771171136e-15,2.6289531246458401e-14,205131.08664660895,0.20513108664660895,16,8192,0.94599615382592361,0
97,100096,Earth_Relay1_Mars,1,2,78122786838.952972,0.92828816178357787,4,6.7310202091597411e-14,4.9986611015112083e-13,3900338.7847368475,3.9003387847368471,16,8192,0.56393719129437414,0
97,100096,Earth_Relay2_Mars,1,1,367266624592.98071,0.92828816178357787,4,3.0456039138954e-15,2.2617584470006649e-14,176479.74154270825,0.17647974154270823,16,8192,0.94751713183673747,0
97,100096,Earth_Relay2_Mars,1,2,999999999.99998975,0.92828816178357787,4,4.1080559421808796e-10,3.0507677592569546e-09,23804429972.372562,23804.42997237256,16,8192,0,1
98,100097,Direct_Earth_to_Mars,1,1,381178050854.99554,0.86853935042976793,0,2.827356546786079e-15,1.9645363348631462e-14,153288.19268373685,0.15328819268373683,16,8192,0.85788245073643932,0
98,100097,Earth_Relay0_Mars,1,1,375552971472.44025,0.86853935042976793,0,2.9126878479487246e-15,2.0238272091696513e-14,157914.52145342893,0.15791452145342891,16,8192,0.85392277092628499,0
98,100097,Earth_Relay0_Mars,1,2,74172535940.318451,0.86853935042976793,0,7.467067782724777e-14,5.1883537612982602e-13,4048351.5471791048,4.0483515471791049,16,8192,0.017451118286879175,2.1944785554471907e-16
98,100097,Earth_Relay1_Mars,1,1,377633508668.04645,0.86853935042976793,0,2.8806818851103855e-15,2.0015884586308589e-14,156179.28356694136,0.15617928356694136,16,8192,0.85540581641676494,0
98,100097,Earth_Relay1_Mars,1,2,72704530649.073563,0.86853935042976793,0,7.7716529530738179e-14,5.3999891261026564e-13,4213485.691063947,4.2134856910639469,16,8192,0.014794708571936876,5.530377232715029e-14
98,100097,Earth_Relay2_Mars,0,1,382172600300.29443,0.86853935042976793,0,2.8126601136043865e-15,1.954324790439737e-14,152491.40966608748,0.15249140966608749,16,8192,0.8585662692956556,0
98,100097,Earth_Relay2_Mars,0,2,999999999.99999142,0.86853935042976793,0,4.1080559421808646e-10,2.8544065916407332e-09,22272269535.174252,22272.269535174251,16,8192,0,1
98,100097,Direct_Earth_to_Mars,1,1,381178050854.99554,0.86853935042976793,0.01,2.827356546786079e-15,1.9645363348631462e-14,153288.19268373685,0.15328819268373683,16,8192,0.86867297712474356,0
98,100097,Earth_Relay0_Mars,1,1,375552971472.44025,0.86853935042976793,0.01,2.9126878479487246e-15,2.0238272091696513e-14,157914.52145342893,0.15791452145342891,16,8192,0.86520877622465886,0
98,100097,Earth_Relay0_Mars,1,2,74172535940.318451,0.86853935042976793,0.01,7.467067782724777e-14,5.1883537612982602e-13,4048351.5471791048,4.0483515471791049,16,8192,0.027150809887319882,3.2902463658911066e-25
98,100097,Earth_Relay1_Mars,1,1,377633508668.04645,0.86853935042976793,0.01,2.8806818851103855e-15,2.0015884586308589e-14,156179.28356694136,0.15617928356694136,16,8192,0.86650654130597393,0
98,100097,Earth_Relay1_Mars,1,2,72704530649.073563,0.86853935042976793,0.01,7.7716529530738179e-14,5.3999891261026564e-13,4213485.691063947,4.2134856910639469,16,8192,0.023362343895971249,9.4218667978774644e-22
98,100097,Earth_Relay2_Mars,0,1,382172600300.29443,0.86853935042976793,0.01,2.8126601136043865e-15,1.954324790439737e-14,152491.40966608748,0.15249140966608749,16,8192,0.86927097434486678,0
98,100097,Earth_Relay2_Mars,0,2,999999999.99999142,0.86853935042976793,0.01,4.1080559421808646e-10,2.8544065916407332e-09,22272269535.174252,22272.269535174251,16,8192,0,1
98,100097,Direct_Earth_to_Mars,1,1,381178050854.99554,0.86853935042976793,0.10000000000000001,2.827356546786079e-15,1.9645363348631462e-14,153288.19268373685,0.15328819268373683,16,8192,0.93068355172706319,0
98,100097,Earth_Relay0_Mars,1,1,375552971472.44025,0.86853935042976793,0.10000000000000001,2.9126878479487246e-15,2.0238272091696513e-14,157914.52145342893,0.15791452145342891,16,8192,0.92922717194990312,0
98,100097,Earth_Relay0_Mars,1,2,74172535940.318451,0.86853935042976793,0.10000000000000001,7.467067782724777e-14,5.1883537612982602e-13,4048351.5471791048,4.0483515471791049,16,8192,0.076354937142069756,2.2618913123710857e-71
98,100097,Earth_Relay1_Mars,1,1,377633508668.04645,0.86853935042976793,0.10000000000000001,2.8806818851103855e-15,2.0015884586308589e-14,156179.28356694136,0.15617928356694136,16,8192,0.92977404904919547,0
98,100097,Earth_Relay1_Mars,1,2,72704530649.073563,0.86853935042976793,0.10000000000000001,7.7716529530738179e-14,5.3999891261026564e-13,4213485.691063947,4.2134856910639469,16,8192,0.06713239504703028,1.5537615106731966e-62
98,100097,Earth_Relay2_Mars,0,1,382172600300.29443,0.86853935042976793,0.10000000000000001,2.8126601136043865e-15,1.954324790439737e-14,152491.40966608748,0.15249140966608749,16,8192,0.93093384504076793,0
98,100097,Earth_Relay2_Mars,0,2,999999999.99999142,0.86853935042976793,0.10000000000000001,4.1080559421808646e-10,2.8544065916407332e-09,22272269535.174252,22272.269535174251,16,8192,0,1
98,100097,Direct_Earth_to_Mars,1,1,381178050854.99554,0.86853935042976793,1,2.827356546786079e-15,1.9645363348631462e-14,153288.19268373685,0.15328819268373683,16,8192,0.95116084731110739,0
98,100097,Earth_Relay0_Mars,1,1,375552971472.44025,0.86853935042976793,1,2.9126878479487246e-15,2.0238272091696513e-14,157914.52145342893,0.15791452145342891,16,8192,0.95067992189571082,0
98,100097,Earth_Relay0_Mars,1,2,74172535940.318451,0.86853935042976793,1,7.467067782724777e-14,5.1883537612982602e-13,4048351.5471791048,4.0483515471791049,16,8192,0.27252640395329486,1.0039160017943051e-283
98,100097,Earth_Relay1_Mars,1,1,377633508668.04645,0.86853935042976793,1,2.8806818851103855e-15,2.0015884586308589e-14,156179.28356694136,0.15617928356694136,16,8192,0.95086059279507507,0
98,100097,Earth_Relay1_Mars,1,2,72704530649.073563,0.86853935042976793,1,7.7716529530738179e-14,5.3999891261026564e-13,4213485.691063947,4.2134856910639469,16,8192,0.25168286778181792,1.3411874136129055e-258
98,100097,Earth_Relay2_Mars,0,1,382172600300.29443,0.86853935042976793,1,2.8126601136043865e-15,1.954324790439737e-14,152491.40966608748,0.15249140966608749,16,8192,0.95124342970540565,0
98,100097,Earth_Relay2_Mars,0,2,999999999.99999142,0.86853935042976793,1,4.1080559421808646e-10,2.8544065916407332e-09,22272269535.174252,22272.269535174251,16,8192,0,1
98,100097,Direct_Earth_to_Mars,1,1,381178050854.99554,0.86853935042976793,4,2.827356546786079e-15,1.9645363348631462e-14,153288.19268373685,0.15328819268373683,16,8192,0.94872815160086621,0
98,100097,Earth_Relay0_Mars,1,1,375552971472.44025,0.86853935042976793,4,2.9126878479487246e-15,2.0238272091696513e-14,157914.52145342893,0.15791452145342891,16,8192,0.94848800785013909,0
98,100097,Earth_Relay0_Mars,1,2,74172535940.318451,0.86853935042976793,4,7.467067782724777e-14,5.1883537612982602e-13,4048351.5471791048,4.0483515471791049,16,8192,0.5451179616260533,0
98,100097,Earth_Relay1_Mars,1,1,377633508668.04645,0.86853935042976793,4,2.8806818851103855e-15,2.0015884586308589e-14,156179.28356694136,0.15617928356694136,16,8192,0.94857816440300735,0
98,100097,Earth_Relay1_Mars,1,2,72704530649.073563,0.86853935042976793,4,7.7716529530738179e-14,5.3999891261026564e-13,4213485.691063947,4.2134856910639469,16,8192,0.52426492939141323,0
98,100097,Earth_Relay2_Mars,0,1,382172600300.29443,0.86853935042976793,4,2.8126601136043865e-15,1.954324790439737e-14,152491.40966608748,0.15249140966608749,16,8192,0.94876943896199806,0
98,100097,Earth_Relay2_Mars,0,2,999999999.99999142,0.86853935042976793,4,4.1080559421808646e-10,2.8544065916407332e-09,22272269535.174252,22272.269535174251,16,8192,0,1
99,100098,Direct_Earth_to_Mars,1,1,370006286814.6485,0.93822601253403359,0,3.0006693517675257e-15,2.2522448326735436e-14,175737.41638423968,0.17573741638423968,16,8192,0.83883821959333105,0
99,100098,Earth_Relay0_Mars,1,1,385200787630.88824,0.93822601253403359,0,2.7686114848046169e-15,2.0780666509153327e-14,162146.69871063883,0.16214669871063883,16,8192,0.85031645506257025,0
99,100098,Earth_Relay0_Mars,1,2,77748448253.251358,0.93822601253403359,0,6.7959924740982118e-14,5.1009415361475734e-13,3980145.8246682705,3.9801458246682704,16,8192,0.018682914709238774,1.6810078501368478e-17
99,100098,Earth_Relay1_Mars,1,1,345047546161.46051,0.93822601253403359,0,3.4504716429937882e-15,2.5898578007742543e-14,202080.56962011769,0.20208056962011769,16,8192,0.81702909756629205,0
99,100098,Earth_Relay1_Mars,1,2,78081779356.045273,0.93822601253403359,0,6.7380921452758794e-14,5.0574826604392654e-13,3946235.8765793862,3.9462358765793861,16,8192,0.019327315426933778,4.378377898341125e-18
99,100098,Earth_Relay2_Mars,1,1,370964760452.65326,0.93822601253403359,0,2.9851835305333673e-15,2.2406214724276717e-14,174830.47266760649,0.17483047266760648,16,8192,0.83959934374207346,0
99,100098,Earth_Relay2_Mars,1,2,999999999.99999964,0.93822601253403359,0,4.1080559421807984e-10,3.0834279567192263e-09,24059269883.085354,24059.269883085351,16,8192,0,1
99,100098,Direct_Earth_to_Mars,1,1,370006286814.6485,0.93822601253403359,0.01,3.0006693517675257e-15,2.2522448326735436e-14,175737.41638423968,0.17573741638423968,16,8192,0.85198857522835758,0
99,100098,Earth_Relay0_Mars,1,1,385200787630.88824,0.93822601253403359,0.01,2.7686114848046169e-15,2.0780666509153327e-14,162146.69871063883,0.16214669871063883,16,8192,0.86205152931891404,0
99,100098,Earth_Relay0_Mars,1,2,77748448253.251358,0.93822601253403359,0.01,6.7959924740982118e-14,5.1009415361475734e-13,3980145.8246682705,3.9801458246682704,16,8192,0.028887726447050843,8.4687512507921184e-27
99,100098,Earth_Relay1_Mars,1,1,345047546161.46051,0.93822601253403359,0.01,3.4504716429937882e-15,2.5898578007742543e-14,202080.56962011769,0.20208056962011769,16,8192,0.83280888095474737,0
99,100098,Earth_Relay1_Mars,1,2,78081779356.045273,0.93822601253403359,0.01,6.7380921452758794e-14,5.0574826604392654e-13,3946235.8765793862,3.9462358765793861,16,8192,0.029791791065176598,1.2572078935319308e-27
99,100098,Earth_Relay2_Mars,1,1,370964760452.65326,0.93822601253403359,0.01,2.9851835305333673e-15,2.2406214724276717e-14,174830.47266760649,0.17483047266760648,16,8192,0.85265651613007876,0
99,100098,Earth_Relay2_Mars,1,2,999999999.99999964,0.93822601253403359,0.01,4.1080559421807984e-10,3.0834279567192263e-09,24059269883.085354,24059.269883085351,16,8192,0,1
99,100098,Direct_Earth_to_Mars,1,1,370006286814.6485,0.93822601253403359,0.10000000000000001,3.0006693517675257e-15,2.2522448326735436e-14,175737.41638423968,0.17573741638423968,16,8192,0.9235680202022496,0
99,100098,Earth_Relay0_Mars,1,1,385200787630.88824,0.93822601253403359,0.10000000000000001,2.7686114848046169e-15,2.0780666509153327e-14,162146.69871063883,0.16214669871063883,16,8192,0.92789026758044812,0
99,100098,Earth_Relay0_Mars,1,2,77748448253.251358,0.93822601253403359,0.10000000000000001,6.7959924740982118e-14,5.1009415361475734e-13,3980145.8246682705,3.9801458246682704,16,8192,0.080503097583018213,2.2436445426451772e-75
99,100098,Earth_Relay1_Mars,1,1,345047546161.46051,0.93822601253403359,0.10000000000000001,3.4504716429937882e-15,2.5898578007742543e-14,202080.56962011769,0.20208056962011769,16,8192,0.91506957030665381,0
99,100098,Earth_Relay1_Mars,1,2,78081779356.045273,0.93822601253403359,0.10000000000000001,6.7380921452758794e-14,5.0574826604392654e-13,3946235.8765793862,3.9462358765793861,16,8192,0.082643651557846698,1.8965703911932535e-77
99,100098,Earth_Relay2_Mars,1,1,370964760452.65326,0.93822601253403359,0.10000000000000001,2.9851835305333673e-15,2.2406214724276717e-14,174830.47266760649,0.17483047266760648,16,8192,0.92385781135579426,0
99,100098,Earth_Relay2_Mars,1,2,999999999.99999964,0.93822601253403359,0.10000000000000001,4.1080559421807984e-10,3.0834279567192263e-09,24059269883.085354,24059.269883085351,16,8192,0,1
99,100098,Direct_Earth_to_Mars,1,1,370006286814.6485,0.93822601253403359,1,3.0006693517675257e-15,2.2522448326735436e-14,175737.41638423968,0.17573741638423968,16,8192,0.94880439454628829,0
99,100098,Earth_Relay0_Mars,1,1,385200787630.88824,0.93822601253403359,1,2.7686114848046169e-15,2.0780666509153327e-14,162146.69871063883,0.16214669871063883,16,8192,0.95023783420142538,0
99,100098,Earth_Relay0_Mars,1,2,77748448253.251358,0.93822601253403359,1,6.7959924740982118e-14,5.1009415361475734e-13,3980145.8246682705,3.9801458246682704,16,8192,0.28150605633084613,9.0060182402672904e-295
99,100098,Earth_Relay1_Mars,1,1,345047546161.46051,0.93822601253403359,1,3.4504716429937882e-15,2.5898578007742543e-14,202080.56962011769,0.20208056962011769,16,8192,0.94596638137381583,0
99,100098,Earth_Relay1_Mars,1,2,78081779356.045273,0.93822601253403359,1,6.7380921452758794e-14,5.0574826604392654e-13,3946235.8765793862,3.9462358765793861,16,8192,0.28605172658903155,2.0393848445453017e-300
99,100098,Earth_Relay2_Mars,1,1,370964760452.65326,0.93822601253403359,1,2.9851835305333673e-15,2.2406214724276717e-14,174830.47266760649,0.17483047266760648,16,8192,0.94890070462115439,0
99,100098,Earth_Relay2_Mars,1,2,999999999.99999964,0.93822601253403359,1,4.1080559421807984e-10,3.0834279567192263e-09,24059269883.085354,24059.269883085351,16,8192,0,1
99,100098,Direct_Earth_to_Mars,1,1,370006286814.6485,0.93822601253403359,4,3.0006693517675257e-15,2.2522448326735436e-14,175737.41638423968,0.17573741638423968,16,8192,0.94755617323515073,0
99,100098,Earth_Relay0_Mars,1,1,385200787630.88824,0.93822601253403359,4,2.7686114848046169e-15,2.0780666509153327e-14,162146.69871063883,0.16214669871063883,16,8192,0.94826769792174037,0
99,100098,Earth_Relay0_Mars,1,2,77748448253.251358,0.93822601253403359,4,6.7959924740982118e-14,5.1009415361475734e-13,3980145.8246682705,3.9801458246682704,16,8192,0.55377748474185073,0
99,100098,Earth_Relay1_Mars,1,1,345047546161.46051,0.93822601253403359,4,3.4504716429937882e-15,2.5898578007742543e-14,202080.56962011769,0.20208056962011769,16,8192,0.94615940226886364,0
99,100098,Earth_Relay1_Mars,1,2,78081779356.045273,0.93822601253403359,4,6.7380921452758794e-14,5.0574826604392654e-13,3946235.8765793862,3.9462358765793861,16,8192,0.55809106533291819,0
99,100098,Earth_Relay2_Mars,1,1,370964760452.65326,0.93822601253403359,4,2.9851835305333673e-15,2.2406214724276717e-14,174830.47266760649,0.17483047266760648,16,8192,0.94760384745722903,0
99,100098,Earth_Relay2_Mars,1,2,999999999.99999964,0.93822601253403359,4,4.1080559421807984e-10,3.0834279567192263e-09,24059269883.085354,24059.269883085351,16,8192,0,1
100,100099,Direct_Earth_to_Mars,1,1,152773826162.15277,0.94053458929485445,0,1.7601044382313489e-14,1.3243512839423778e-13,1033360.4484238538,1.0333604484238539,16,8192,0.35580927060595968,0
100,100099,Earth_Relay0_Mars,1,1,191815682534.77719,0.94053458929485445,0,1.1165241626835639e-14,8.4010367582989366e-14,655513.32316741953,0.6555133231674195,16,8192,0.5191754893671483,0
100,100099,Earth_Relay0_Mars,1,2,69444164953.878876,0.94053458929485445,0,8.5185333700397452e-14,6.4095802276678753e-13,5001246.103341057,5.0012461033410567,16,8192,0.0067295560498984441,9.8688363032857101e-07
100,100099,Earth_Relay1_Mars,1,1,120292899199.21571,0.94053458929485445,0,2.8389409874434809e-14,2.1360977565259863e-13,1666747.306643547,1.666747306643547,16,8192,0.18886037252740961,6.727096467649513e-187
100,100099,Earth_Relay1_Mars,1,2,69121392177.980606,0.94053458929485445,0,8.5982762773090249e-14,6.4695809976980268e-13,5048063.306130005,5.0480633061300049,16,8192,0.0064217583908260378,1.8614188016717386e-06
100,100099,Earth_Relay2_Mars,1,1,153564779912.25281,0.94053458929485445,0,1.7420198753458736e-14,1.3107439584015238e-13,1022742.9693658141,1.0227429693658141,16,8192,0.35960719459595225,0
100,100099,Earth_Relay2_Mars,1,2,999999999.99999046,0.94053458929485445,0,4.1080559421808739e-10,3.0910149667034996e-09,24118469554.159077,24118.469554159077,16,8192,0,1
100,100099,Direct_Earth_to_Mars,1,1,152773826162.15277,0.94053458929485445,0.01,1.7601044382313489e-14,1.3243512839423778e-13,1033360.4484238538,1.0333604484238539,16,8192,0.40360774562026025,0
100,100099,Earth_Relay0_Mars,1,1,191815682534.77719,0.94053458929485445,0.01,1.1165241626835639e-14,8.4010367582989366e-14,655513.32316741953,0.6555133231674195,16,8192,0.56174349431509507,0
100,100099,Earth_Relay0_Mars,1,2,69444164953.878876,0.94053458929485445,0.01,8.5185333700397452e-14,6.4095802276678753e-13,5001246.103341057,5.0012461033410567,16,8192,0.011375917624354415,6.6660380802794545e-11
100,100099,Earth_Relay1_Mars,1,1,120292899199.21571,0.94053458929485445,0.01,2.8389409874434809e-14,2.1360977565259863e-13,1666747.306643547,1.666747306643547,16,8192,0.23084816503507355,3.570596821139051e-234
100,100099,Earth_Relay1_Mars,1,2,69121392177.980606,0.94053458929485445,0.01,8.5982762773090249e-14,6.4695809976980268e-13,5048063.306130005,5.0480633061300049,16,8192,0.010898190614400893,1.7929182158961857e-10
100,100099,Earth_Relay2_Mars,1,1,153564779912.25281,0.94053458929485445,0.01,1.7420198753458736e-14,1.3107439584015238e-13,1022742.9693658141,1.0227429693658141,16,8192,0.40738640310212881,0
100,100099,Earth_Relay2_Mars,1,2,999999999.99999046,0.94053458929485445,0.01,4.1080559421808739e-10,3.0910149667034996e-09,24118469554.159077,24118.469554159077,16,8192,0,1
100,100099,Direct_Earth_to_Mars,1,1,152773826162.15277,0.94053458929485445,0.10000000000000001,1.7601044382313489e-14,1.3243512839423778e-13,1033360.4484238538,1.0333604484238539,16,8192,0.61964597993683523,0
100,100099,Earth_Relay0_Mars,1,1,191815682534.77719,0.94053458929485445,0.10000000000000001,1.1165241626835639e-14,8.4010367582989366e-14,655513.32316741953,0.6555133231674195,16,8192,0.75467989302566385,0
100,100099,Earth_Relay0_Mars,1,2,69444164953.878876,0.94053458929485445,0.10000000000000001,8.5185333700397452e-14,6.4095802276678753e-13,5001246.103341057,5.0012461033410567,16,8192,0.035924766611336367,2.8785703615946734e-33
100,100099,Earth_Relay1_Mars,1,1,120292899199.21571,0.94053458929485445,0.10000000000000001,2.8389409874434809e-14,2.1360977565259863e-13,1666747.306643547,1.666747306643547,16,8192,0.42392242476687503,0
100,100099,Earth_Relay1_Mars,1,2,69121392177.980606,0.94053458929485445,0.10000000000000001,8.5982762773090249e-14,6.4695809976980268e-13,5048063.306130005,5.0480633061300049,16,8192,0.034596311683924852,4.8298893983066456e-32
100,100099,Earth_Relay2_Mars,1,1,153564779912.25281,0.94053458929485445,0.10000000000000001,1.7420198753458736e-14,1.3107439584015238e-13,1022742.9693658141,1.0227429693658141,16,8192,0.62330631850459861,0
100,100099,Earth_Relay2_Mars,1,2,999999999.99999046,0.94053458929485445,0.10000000000000001,4.1080559421808739e-10,3.0910149667034996e-09,24118469554.159077,24118.469554159077,16,8192,0,1
100,100099,Direct_Earth_to_Mars,1,1,152773826162.15277,0.94053458929485445,1,1.7601044382313489e-14,1.3243512839423778e-13,1033360.4484238538,1.0333604484238539,16,8192,0.82153777032428621,0
100,100099,Earth_Relay0_Mars,1,1,191815682534.77719,0.94053458929485445,1,1.1165241626835639e-14,8.4010367582989366e-14,655513.32316741953,0.6555133231674195,16,8192,0.88562763720104654,0
100,100099,Earth_Relay0_Mars,1,2,69444164953.878876,0.94053458929485445,1,8.5185333700397452e-14,6.4095802276678753e-13,5001246.103341057,5.0012461033410567,16,8192,0.16888460756242551,2.9268121913092105e-165
100,100099,Earth_Relay1_Mars,1,1,120292899199.21571,0.94053458929485445,1,2.8389409874434809e-14,2.1360977565259863e-13,1666747.306643547,1.666747306643547,16,8192,0.69746139180466882,0
100,100099,Earth_Relay1_Mars,1,2,69121392177.980606,0.94053458929485445,1,8.5982762773090249e-14,6.4695809976980268e-13,5048063.306130005,5.0480633061300049,16,8192,0.16477325361842721,7.1679897261173649e-161
100,100099,Earth_Relay2_Mars,1,1,153564779912.25281,0.94053458929485445,1,1.7420198753458736e-14,1.3107439584015238e-13,1022742.9693658141,1.0227429693658141,16,8192,0.82347185720715887,0
100,100099,Earth_Relay2_Mars,1,2,999999999.99999046,0.94053458929485445,1,4.1080559421808739e-10,3.0910149667034996e-09,24118469554.159077,24118.469554159077,16,8192,0,1
100,100099,Direct_Earth_to_Mars,1,1,152773826162.15277,0.94053458929485445,4,1.7601044382313489e-14,1.3243512839423778e-13,1033360.4484238538,1.0333604484238539,16,8192,0.88998897728149884,0
100,100099,Earth_Relay0_Mars,1,1,191815682534.77719,0.94053458929485445,4,1.1165241626835639e-14,8.4010367582989366e-14,655513.32316741953,0.6555133231674195,16,8192,0.91842853727322415,0
100,100099,Earth_Relay0_Mars,1,2,69444164953.878876,0.94053458929485445,4,8.5185333700397452e-14,6.4095802276678753e-13,5001246.103341057,5.0012461033410567,16,8192,0.42833082974643466,0
100,100099,Earth_Relay1_Mars,1,1,120292899199.21571,0.94053458929485445,4,2.8389409874434809e-14,2.1360977565259863e-13,1666747.306643547,1.666747306643547,16,8192,0.83207242515256141,0
100,100099,Earth_Relay1_Mars,1,2,69121392177.980606,0.94053458929485445,4,8.5982762773090249e-14,6.4695809976980268e-13,5048063.306130005,5.0480633061300049,16,8192,0.42287413227747273,0
100,100099,Earth_Relay2_Mars,1,1,153564779912.25281,0.94053458929485445,4,1.7420198753458736e-14,1.3107439584015238e-13,1022742.9693658141,1.0227429693658141,16,8192,0.89085307695042848,0
100,100099,Earth_Relay2_Mars,1,2,999999999.99999046,0.94053458929485445,4,4.1080559421808739e-10,3.0910149667034996e-09,24118469554.159077,24118.469554159077,16,8192,0,1
