Trial,Seed,Scenario,Policy,Selected_Route,Generated,Delivered,Expired,Dropped,Contact_Failures,Optical_Failures,Reliability,Delivered_Bits,Mean_Delivered_Latency_s
1,100000,Control,B1_Shortest_Delay,Direct_Earth_to_Mars,200,166,0,34,34,0,0.82999999999999996,169984,814.58603725757007
1,100000,Control,B2_Contact_Aware,Direct_Earth_to_Mars,200,166,0,34,34,0,0.82999999999999996,169984,814.58603725757007
1,100000,Control,B3_Physical_Success,Direct_Earth_to_Mars,200,166,0,34,34,0,0.82999999999999996,169984,814.58603725757007
1,100000,Control,B4_Physical_Multiobjective,Direct_Earth_to_Mars,200,166,0,34,34,0,0.82999999999999996,169984,814.58603725757007
1,100000,Direct_Background_16,B1_Shortest_Delay,Direct_Earth_to_Mars,200,166,0,34,34,0,0.82999999999999996,169984,814.58603725757007
1,100000,Direct_Background_16,B2_Contact_Aware,Direct_Earth_to_Mars,200,166,0,34,34,0,0.82999999999999996,169984,814.58603725757007
1,100000,Direct_Background_16,B3_Physical_Success,Direct_Earth_to_Mars,200,166,0,34,34,0,0.82999999999999996,169984,814.58603725757007
1,100000,Direct_Background_16,B4_Physical_Multiobjective,Direct_Earth_to_Mars,200,166,0,34,34,0,0.82999999999999996,169984,814.58603725757007
1,100000,Direct_Combined_25pctPower_BG16,B1_Shortest_Delay,Direct_Earth_to_Mars,200,0,0,200,34,166,0,0,0
1,100000,Direct_Combined_25pctPower_BG16,B2_Contact_Aware,Direct_Earth_to_Mars,200,0,0,200,34,166,0,0,0
1,100000,Direct_Combined_25pctPower_BG16,B3_Physical_Success,Earth_Relay0_Mars,200,142,0,58,58,0,0.70999999999999996,145408,976.51046386820985
1,100000,Direct_Combined_25pctPower_BG16,B4_Physical_Multiobjective,Earth_Relay2_Mars,200,142,0,58,58,0,0.70999999999999996,145408,880.51849294723161
1,100000,Direct_Pointing_25pct_Power,B1_Shortest_Delay,Direct_Earth_to_Mars,200,164,0,36,34,2,0.81999999999999995,167936,814.58603725757007
1,100000,Direct_Pointing_25pct_Power,B2_Contact_Aware,Direct_Earth_to_Mars,200,164,0,36,34,2,0.81999999999999995,167936,814.58603725757007
1,100000,Direct_Pointing_25pct_Power,B3_Physical_Success,Direct_Earth_to_Mars,200,164,0,36,34,2,0.81999999999999995,167936,814.58603725757007
1,100000,Direct_Pointing_25pct_Power,B4_Physical_Multiobjective,Direct_Earth_to_Mars,200,164,0,36,34,2,0.81999999999999995,167936,814.58603725757007
10,100009,Control,B1_Shortest_Delay,Direct_Earth_to_Mars,200,199,0,1,1,0,0.995,203776,817.3031980565836
10,100009,Control,B2_Contact_Aware,Direct_Earth_to_Mars,200,199,0,1,1,0,0.995,203776,817.3031980565836
10,100009,Control,B3_Physical_Success,Direct_Earth_to_Mars,200,199,0,1,1,0,0.995,203776,817.3031980565836
10,100009,Control,B4_Physical_Multiobjective,Direct_Earth_to_Mars,200,199,0,1,1,0,0.995,203776,817.3031980565836
10,100009,Direct_Background_16,B1_Shortest_Delay,Direct_Earth_to_Mars,200,199,0,1,1,0,0.995,203776,817.3031980565836
10,100009,Direct_Background_16,B2_Contact_Aware,Direct_Earth_to_Mars,200,199,0,1,1,0,0.995,203776,817.3031980565836
10,100009,Direct_Background_16,B3_Physical_Success,Direct_Earth_to_Mars,200,199,0,1,1,0,0.995,203776,817.3031980565836
10,100009,Direct_Background_16,B4_Physical_Multiobjective,Direct_Earth_to_Mars,200,199,0,1,1,0,0.995,203776,817.3031980565836
10,100009,Direct_Combined_25pctPower_BG16,B1_Shortest_Delay,Direct_Earth_to_Mars,200,0,0,200,1,199,0,0,0
10,100009,Direct_Combined_25pctPower_BG16,B2_Contact_Aware,Direct_Earth_to_Mars,200,0,0,200,1,199,0,0,0
10,100009,Direct_Combined_25pctPower_BG16,B3_Physical_Success,Earth_Relay0_Mars,200,196,0,4,4,0,0.97999999999999998,200704,979.52580151156133
10,100009,Direct_Combined_25pctPower_BG16,B4_Physical_Multiobjective,Earth_Relay2_Mars,200,196,0,4,4,0,0.97999999999999998,200704,883.23931053505009
10,100009,Direct_Pointing_25pct_Power,B1_Shortest_Delay,Direct_Earth_to_Mars,200,198,0,2,1,1,0.98999999999999999,202752,817.3031980565836
10,100009,Direct_Pointing_25pct_Power,B2_Contact_Aware,Direct_Earth_to_Mars,200,198,0,2,1,1,0.98999999999999999,202752,817.3031980565836
10,100009,Direct_Pointing_25pct_Power,B3_Physical_Success,Direct_Earth_to_Mars,200,198,0,2,1,1,0.98999999999999999,202752,817.3031980565836
10,100009,Direct_Pointing_25pct_Power,B4_Physical_Multiobjective,Direct_Earth_to_Mars,200,198,0,2,1,1,0.98999999999999999,202752,817.3031980565836
100,100099,Control,B1_Shortest_Delay,Direct_Earth_to_Mars,200,186,0,14,14,0,0.93000000000000005,190464,569.5858213212307
100,100099,Control,B2_Contact_Aware,Direct_Earth_to_Mars,200,186,0,14,14,0,0.93000000000000005,190464,569.5858213212307
100,100099,Control,B3_Physical_Success,Direct_Earth_to_Mars,200,186,0,14,14,0,0.93000000000000005,190464,569.5858213212307
100,100099,Control,B4_Physical_Multiobjective,Direct_Earth_to_Mars,200,186,0,14,14,0,0.93000000000000005,190464,569.5858213212307
100,100099,Direct_Background_16,B1_Shortest_Delay,Direct_Earth_to_Mars,200,186,0,14,14,0,0.93000000000000005,190464,569.5858213212307
100,100099,Direct_Background_16,B2_Contact_Aware,Direct_Earth_to_Mars,200,186,0,14,14,0,0.93000000000000005,190464,569.5858213212307
100,100099,Direct_Background_16,B3_Physical_Success,Direct_Earth_to_Mars,200,186,0,14,14,0,0.93000000000000005,190464,569.5858213212307
100,100099,Direct_Background_16,B4_Physical_Multiobjective,Direct_Earth_to_Mars,200,186,0,14,14,0,0.93000000000000005,190464,569.5858213212307
100,100099,Direct_Combined_25pctPower_BG16,B1_Shortest_Delay,Direct_Earth_to_Mars,200,186,0,14,14,0,0.93000000000000005,190464,569.5858213212307
100,100099,Direct_Combined_25pctPower_BG16,B2_Contact_Aware,Direct_Earth_to_Mars,200,186,0,14,14,0,0.93000000000000005,190464,569.5858213212307
100,100099,Direct_Combined_25pctPower_BG16,B3_Physical_Success,Direct_Earth_to_Mars,200,186,0,14,14,0,0.93000000000000005,190464,569.5858213212307
100,100099,Direct_Combined_25pctPower_BG16,B4_Physical_Multiobjective,Direct_Earth_to_Mars,200,186,0,14,14,0,0.93000000000000005,190464,569.5858213212307
100,100099,Direct_Pointing_25pct_Power,B1_Shortest_Delay,Direct_Earth_to_Mars,200,186,0,14,14,0,0.93000000000000005,190464,569.5858213212307
100,100099,Direct_Pointing_25pct_Power,B2_Contact_Aware,Direct_Earth_to_Mars,200,186,0,14,14,0,0.93000000000000005,190464,569.5858213212307
100,100099,Direct_Pointing_25pct_Power,B3_Physical_Success,Direct_Earth_to_Mars,200,186,0,14,14,0,0.93000000000000005,190464,569.5858213212307
100,100099,Direct_Pointing_25pct_Power,B4_Physical_Multiobjective,Direct_Earth_to_Mars,200,186,0,14,14,0,0.93000000000000005,190464,569.5858213212307
11,100010,Control,B1_Shortest_Delay,Direct_Earth_to_Mars,200,173,0,27,27,0,0.86499999999999999,177152,624.98567499124738
11,100010,Control,B2_Contact_Aware,Direct_Earth_to_Mars,200,173,0,27,27,0,0.86499999999999999,177152,624.98567499124738
11,100010,Control,B3_Physical_Success,Direct_Earth_to_Mars,200,173,0,27,27,0,0.86499999999999999,177152,624.98567499124738
11,100010,Control,B4_Physical_Multiobjective,Direct_Earth_to_Mars,200,173,0,27,27,0,0.86499999999999999,177152,624.98567499124738
11,100010,Direct_Background_16,B1_Shortest_Delay,Direct_Earth_to_Mars,200,173,0,27,27,0,0.86499999999999999,177152,624.98567499124738
11,100010,Direct_Background_16,B2_Contact_Aware,Direct_Earth_to_Mars,200,173,0,27,27,0,0.86499999999999999,177152,624.98567499124738
11,100010,Direct_Background_16,B3_Physical_Success,Direct_Earth_to_Mars,200,173,0,27,27,0,0.86499999999999999,177152,624.98567499124738
11,100010,Direct_Background_16,B4_Physical_Multiobjective,Direct_Earth_to_Mars,200,173,0,27,27,0,0.86499999999999999,177152,624.98567499124738
11,100010,Direct_Combined_25pctPower_BG16,B1_Shortest_Delay,Direct_Earth_to_Mars,200,173,0,27,27,0,0.86499999999999999,177152,624.98567499124738
11,100010,Direct_Combined_25pctPower_BG16,B2_Contact_Aware,Direct_Earth_to_Mars,200,173,0,27,27,0,0.86499999999999999,177152,624.98567499124738
11,100010,Direct_Combined_25pctPower_BG16,B3_Physical_Success,Direct_Earth_to_Mars,200,173,0,27,27,0,0.86499999999999999,177152,624.98567499124738
11,100010,Direct_Combined_25pctPower_BG16,B4_Physical_Multiobjective,Direct_Earth_to_Mars,200,173,0,27,27,0,0.86499999999999999,177152,624.98567499124738
11,100010,Direct_Pointing_25pct_Power,B1_Shortest_Delay,Direct_Earth_to_Mars,200,173,0,27,27,0,0.86499999999999999,177152,624.98567499124738
11,100010,Direct_Pointing_25pct_Power,B2_Contact_Aware,Direct_Earth_to_Mars,200,173,0,27,27,0,0.86499999999999999,177152,624.98567499124738
11,100010,Direct_Pointing_25pct_Power,B3_Physical_Success,Direct_Earth_to_Mars,200,173,0,27,27,0,0.86499999999999999,177152,624.98567499124738
11,100010,Direct_Pointing_25pct_Power,B4_Physical_Multiobjective,Direct_Earth_to_Mars,200,173,0,27,27,0,0.86499999999999999,177152,624.98567499124738
12,100011,Control,B1_Shortest_Delay,Direct_Earth_to_Mars,200,169,0,31,31,0,0.84499999999999997,173056,832.76701199067236
12,100011,Control,B2_Contact_Aware,Direct_Earth_to_Mars,200,169,0,31,31,0,0.84499999999999997,173056,832.76701199067236
12,100011,Control,B3_Physical_Success,Direct_Earth_to_Mars,200,169,0,31,31,0,0.84499999999999997,173056,832.76701199067236
12,100011,Control,B4_Physical_Multiobjective,Direct_Earth_to_Mars,200,169,0,31,31,0,0.84499999999999997,173056,832.76701199067236
12,100011,Direct_Background_16,B1_Shortest_Delay,Direct_Earth_to_Mars,200,169,0,31,31,0,0.84499999999999997,173056,832.76701199067236
12,100011,Direct_Background_16,B2_Contact_Aware,Direct_Earth_to_Mars,200,169,0,31,31,0,0.84499999999999997,173056,832.76701199067236
12,100011,Direct_Background_16,B3_Physical_Success,Direct_Earth_to_Mars,200,169,0,31,31,0,0.84499999999999997,173056,832.76701199067236
12,100011,Direct_Background_16,B4_Physical_Multiobjective,Direct_Earth_to_Mars,200,169,0,31,31,0,0.84499999999999997,173056,832.76701199067236
12,100011,Direct_Combined_25pctPower_BG16,B1_Shortest_Delay,Direct_Earth_to_Mars,200,0,0,200,31,169,0,0,0
12,100011,Direct_Combined_25pctPower_BG16,B2_Contact_Aware,Direct_Earth_to_Mars,200,0,0,200,31,169,0,0,0
12,100011,Direct_Combined_25pctPower_BG16,B3_Physical_Success,Earth_Relay0_Mars,200,145,0,55,55,0,0.72499999999999998,148480,996.77136387472535
12,100011,Direct_Combined_25pctPower_BG16,B4_Physical_Multiobjective,Earth_Relay2_Mars,200,145,0,55,55,0,0.72499999999999998,148480,898.72400428309356
12,100011,Direct_Pointing_25pct_Power,B1_Shortest_Delay,Direct_Earth_to_Mars,200,155,0,45,31,14,0.77500000000000002,158720,832.76701199067168
12,100011,Direct_Pointing_25pct_Power,B2_Contact_Aware,Direct_Earth_to_Mars,200,155,0,45,31,14,0.77500000000000002,158720,832.76701199067168
12,100011,Direct_Pointing_25pct_Power,B3_Physical_Success,Direct_Earth_to_Mars,200,155,0,45,31,14,0.77500000000000002,158720,832.76701199067168
12,100011,Direct_Pointing_25pct_Power,B4_Physical_Multiobjective,Direct_Earth_to_Mars,200,155,0,45,31,14,0.77500000000000002,158720,832.76701199067168
13,100012,Control,B1_Shortest_Delay,Direct_Earth_to_Mars,200,177,0,23,23,0,0.88500000000000001,181248,536.67743902556913
13,100012,Control,B2_Contact_Aware,Direct_Earth_to_Mars,200,177,0,23,23,0,0.88500000000000001,181248,536.67743902556913
13,100012,Control,B3_Physical_Success,Direct_Earth_to_Mars,200,177,0,23,23,0,0.88500000000000001,181248,536.67743902556913
13,100012,Control,B4_Physical_Multiobjective,Direct_Earth_to_Mars,200,177,0,23,23,0,0.88500000000000001,181248,536.67743902556913
13,100012,Direct_Background_16,B1_Shortest_Delay,Direct_Earth_to_Mars,200,177,0,23,23,0,0.88500000000000001,181248,536.67743902556913
13,100012,Direct_Background_16,B2_Contact_Aware,Direct_Earth_to_Mars,200,177,0,23,23,0,0.88500000000000001,181248,536.67743902556913
13,100012,Direct_Background_16,B3_Physical_Success,Direct_Earth_to_Mars,200,177,0,23,23,0,0.88500000000000001,181248,536.67743902556913
13,100012,Direct_Background_16,B4_Physical_Multiobjective,Direct_Earth_to_Mars,200,177,0,23,23,0,0.88500000000000001,181248,536.67743902556913
13,100012,Direct_Combined_25pctPower_BG16,B1_Shortest_Delay,Direct_Earth_to_Mars,200,177,0,23,23,0,0.88500000000000001,181248,536.67743902556913
13,100012,Direct_Combined_25pctPower_BG16,B2_Contact_Aware,Direct_Earth_to_Mars,200,177,0,23,23,0,0.88500000000000001,181248,536.67743902556913
13,100012,Direct_Combined_25pctPower_BG16,B3_Physical_Success,Direct_Earth_to_Mars,200,177,0,23,23,0,0.88500000000000001,181248,536.67743902556913
13,100012,Direct_Combined_25pctPower_BG16,B4_Physical_Multiobjective,Direct_Earth_to_Mars,200,177,0,23,23,0,0.88500000000000001,181248,536.67743902556913
13,100012,Direct_Pointing_25pct_Power,B1_Shortest_Delay,Direct_Earth_to_Mars,200,177,0,23,23,0,0.88500000000000001,181248,536.67743902556913
13,100012,Direct_Pointing_25pct_Power,B2_Contact_Aware,Direct_Earth_to_Mars,200,177,0,23,23,0,0.88500000000000001,181248,536.67743902556913
13,100012,Direct_Pointing_25pct_Power,B3_Physical_Success,Direct_Earth_to_Mars,200,177,0,23,23,0,0.88500000000000001,181248,536.67743902556913
13,100012,Direct_Pointing_25pct_Power,B4_Physical_Multiobjective,Direct_Earth_to_Mars,200,177,0,23,23,0,0.88500000000000001,181248,536.67743902556913
14,100013,Control,B1_Shortest_Delay,Direct_Earth_to_Mars,200,163,0,37,37,0,0.81499999999999995,166912,1323.9423759352064
14,100013,Control,B2_Contact_Aware,Direct_Earth_to_Mars,200,163,0,37,37,0,0.81499999999999995,166912,1323.9423759352064
14,100013,Control,B3_Physical_Success,Direct_Earth_to_Mars,200,163,0,37,37,0,0.81499999999999995,166912,1323.9423759352064
14,100013,Control,B4_Physical_Multiobjective,Direct_Earth_to_Mars,200,163,0,37,37,0,0.81499999999999995,166912,1323.9423759352064
14,100013,Direct_Background_16,B1_Shortest_Delay,Direct_Earth_to_Mars,200,157,0,43,37,6,0.78500000000000003,160768,1323.9423759352064
14,100013,Direct_Background_16,B2_Contact_Aware,Direct_Earth_to_Mars,200,157,0,43,37,6,0.78500000000000003,160768,1323.9423759352064
14,100013,Direct_Background_16,B3_Physical_Success,Direct_Earth_to_Mars,200,157,0,43,37,6,0.78500000000000003,160768,1323.9423759352064
14,100013,Direct_Background_16,B4_Physical_Multiobjective,Direct_Earth_to_Mars,200,157,0,43,37,6,0.78500000000000003,160768,1323.9423759352064
14,100013,Direct_Combined_25pctPower_BG16,B1_Shortest_Delay,Direct_Earth_to_Mars,200,0,0,200,37,163,0,0,0
14,100013,Direct_Combined_25pctPower_BG16,B2_Contact_Aware,Direct_Earth_to_Mars,200,0,0,200,37,163,0,0,0
14,100013,Direct_Combined_25pctPower_BG16,B3_Physical_Success,Earth_Relay1_Mars,200,0,137,63,63,0,0,0,0
14,100013,Direct_Combined_25pctPower_BG16,B4_Physical_Multiobjective,Earth_Relay2_Mars,200,137,0,63,63,0,0.68500000000000005,140288,1390.518901352646
14,100013,Direct_Pointing_25pct_Power,B1_Shortest_Delay,Direct_Earth_to_Mars,200,0,0,200,37,163,0,0,0
14,100013,Direct_Pointing_25pct_Power,B2_Contact_Aware,Direct_Earth_to_Mars,200,0,0,200,37,163,0,0,0
14,100013,Direct_Pointing_25pct_Power,B3_Physical_Success,Earth_Relay1_Mars,200,0,137,63,63,0,0,0,0
14,100013,Direct_Pointing_25pct_Power,B4_Physical_Multiobjective,Earth_Relay2_Mars,200,137,0,63,63,0,0.68500000000000005,140288,1390.518901352646
15,100014,Control,B1_Shortest_Delay,Direct_Earth_to_Mars,200,170,0,30,30,0,0.84999999999999998,174080,801.48616326220383
15,100014,Control,B2_Contact_Aware,Direct_Earth_to_Mars,200,170,0,30,30,0,0.84999999999999998,174080,801.48616326220383
15,100014,Control,B3_Physical_Success,Direct_Earth_to_Mars,200,170,0,30,30,0,0.84999999999999998,174080,801.48616326220383
15,100014,Control,B4_Physical_Multiobjective,Direct_Earth_to_Mars,200,170,0,30,30,0,0.84999999999999998,174080,801.48616326220383
15,100014,Direct_Background_16,B1_Shortest_Delay,Direct_Earth_to_Mars,200,170,0,30,30,0,0.84999999999999998,174080,801.48616326220383
15,100014,Direct_Background_16,B2_Contact_Aware,Direct_Earth_to_Mars,200,170,0,30,30,0,0.84999999999999998,174080,801.48616326220383
15,100014,Direct_Background_16,B3_Physical_Success,Direct_Earth_to_Mars,200,170,0,30,30,0,0.84999999999999998,174080,801.48616326220383
15,100014,Direct_Background_16,B4_Physical_Multiobjective,Direct_Earth_to_Mars,200,170,0,30,30,0,0.84999999999999998,174080,801.48616326220383
15,100014,Direct_Combined_25pctPower_BG16,B1_Shortest_Delay,Direct_Earth_to_Mars,200,0,0,200,30,170,0,0,0
15,100014,Direct_Combined_25pctPower_BG16,B2_Contact_Aware,Direct_Earth_to_Mars,200,0,0,200,30,170,0,0,0
15,100014,Direct_Combined_25pctPower_BG16,B3_Physical_Success,Earth_Relay0_Mars,200,148,0,52,52,0,0.73999999999999999,151552,1213.5617503126084
15,100014,Direct_Combined_25pctPower_BG16,B4_Physical_Multiobjective,Earth_Relay2_Mars,200,148,0,52,52,0,0.73999999999999999,151552,867.50398785221898
15,100014,Direct_Pointing_25pct_Power,B1_Shortest_Delay,Direct_Earth_to_Mars,200,169,0,31,30,1,0.84499999999999997,173056,801.48616326220395
15,100014,Direct_Pointing_25pct_Power,B2_Contact_Aware,Direct_Earth_to_Mars,200,169,0,31,30,1,0.84499999999999997,173056,801.48616326220395
15,100014,Direct_Pointing_25pct_Power,B3_Physical_Success,Direct_Earth_to_Mars,200,169,0,31,30,1,0.84499999999999997,173056,801.48616326220395
15,100014,Direct_Pointing_25pct_Power,B4_Physical_Multiobjective,Direct_Earth_to_Mars,200,169,0,31,30,1,0.84499999999999997,173056,801.48616326220395
16,100015,Control,B1_Shortest_Delay,Direct_Earth_to_Mars,200,188,0,12,12,0,0.93999999999999995,192512,1333.5123992938877
16,100015,Control,B2_Contact_Aware,Direct_Earth_to_Mars,200,188,0,12,12,0,0.93999999999999995,192512,1333.5123992938877
16,100015,Control,B3_Physical_Success,Direct_Earth_to_Mars,200,188,0,12,12,0,0.93999999999999995,192512,1333.5123992938877
16,100015,Control,B4_Physical_Multiobjective,Direct_Earth_to_Mars,200,188,0,12,12,0,0.93999999999999995,192512,1333.5123992938877
16,100015,Direct_Background_16,B1_Shortest_Delay,Direct_Earth_to_Mars,200,183,0,17,12,5,0.91500000000000004,187392,1333.5123992938877
16,100015,Direct_Background_16,B2_Contact_Aware,Direct_Earth_to_Mars,200,183,0,17,12,5,0.91500000000000004,187392,1333.5123992938877
16,100015,Direct_Background_16,B3_Physical_Success,Direct_Earth_to_Mars,200,183,0,17,12,5,0.91500000000000004,187392,1333.5123992938877
16,100015,Direct_Background_16,B4_Physical_Multiobjective,Direct_Earth_to_Mars,200,183,0,17,12,5,0.91500000000000004,187392,1333.5123992938877
16,100015,Direct_Combined_25pctPower_BG16,B1_Shortest_Delay,Direct_Earth_to_Mars,200,0,0,200,12,188,0,0,0
16,100015,Direct_Combined_25pctPower_BG16,B2_Contact_Aware,Direct_Earth_to_Mars,200,0,0,200,12,188,0,0,0
16,100015,Direct_Combined_25pctPower_BG16,B3_Physical_Success,Earth_Relay0_Mars,200,0,173,27,27,0,0,0,0
16,100015,Direct_Combined_25pctPower_BG16,B4_Physical_Multiobjective,Earth_Relay2_Mars,200,173,0,27,27,0,0.86499999999999999,177152,1400.1670253463153
16,100015,Direct_Pointing_25pct_Power,B1_Shortest_Delay,Direct_Earth_to_Mars,200,0,0,200,12,188,0,0,0
16,100015,Direct_Pointing_25pct_Power,B2_Contact_Aware,Direct_Earth_to_Mars,200,0,0,200,12,188,0,0,0
16,100015,Direct_Pointing_25pct_Power,B3_Physical_Success,Earth_Relay0_Mars,200,0,173,27,27,0,0,0,0
16,100015,Direct_Pointing_25pct_Power,B4_Physical_Multiobjective,Earth_Relay2_Mars,200,173,0,27,27,0,0.86499999999999999,177152,1400.1670253463153
17,100016,Control,B1_Shortest_Delay,Direct_Earth_to_Mars,200,180,0,20,20,0,0.90000000000000002,184320,428.05510796402666
17,100016,Control,B2_Contact_Aware,Direct_Earth_to_Mars,200,180,0,20,20,0,0.90000000000000002,184320,428.05510796402666
17,100016,Control,B3_Physical_Success,Direct_Earth_to_Mars,200,180,0,20,20,0,0.90000000000000002,184320,428.05510796402666
17,100016,Control,B4_Physical_Multiobjective,Direct_Earth_to_Mars,200,180,0,20,20,0,0.90000000000000002,184320,428.05510796402666
17,100016,Direct_Background_16,B1_Shortest_Delay,Direct_Earth_to_Mars,200,180,0,20,20,0,0.90000000000000002,184320,428.05510796402666
17,100016,Direct_Background_16,B2_Contact_Aware,Direct_Earth_to_Mars,200,180,0,20,20,0,0.90000000000000002,184320,428.05510796402666
17,100016,Direct_Background_16,B3_Physical_Success,Direct_Earth_to_Mars,200,180,0,20,20,0,0.90000000000000002,184320,428.05510796402666
17,100016,Direct_Background_16,B4_Physical_Multiobjective,Direct_Earth_to_Mars,200,180,0,20,20,0,0.90000000000000002,184320,428.05510796402666
17,100016,Direct_Combined_25pctPower_BG16,B1_Shortest_Delay,Direct_Earth_to_Mars,200,180,0,20,20,0,0.90000000000000002,184320,428.05510796402666
17,100016,Direct_Combined_25pctPower_BG16,B2_Contact_Aware,Direct_Earth_to_Mars,200,180,0,20,20,0,0.90000000000000002,184320,428.05510796402666
17,100016,Direct_Combined_25pctPower_BG16,B3_Physical_Success,Direct_Earth_to_Mars,200,180,0,20,20,0,0.90000000000000002,184320,428.05510796402666
17,100016,Direct_Combined_25pctPower_BG16,B4_Physical_Multiobjective,Direct_Earth_to_Mars,200,180,0,20,20,0,0.90000000000000002,184320,428.05510796402666
17,100016,Direct_Pointing_25pct_Power,B1_Shortest_Delay,Direct_Earth_to_Mars,200,180,0,20,20,0,0.90000000000000002,184320,428.05510796402666
17,100016,Direct_Pointing_25pct_Power,B2_Contact_Aware,Direct_Earth_to_Mars,200,180,0,20,20,0,0.90000000000000002,184320,428.05510796402666
17,100016,Direct_Pointing_25pct_Power,B3_Physical_Success,Direct_Earth_to_Mars,200,180,0,20,20,0,0.90000000000000002,184320,428.05510796402666
17,100016,Direct_Pointing_25pct_Power,B4_Physical_Multiobjective,Direct_Earth_to_Mars,200,180,0,20,20,0,0.90000000000000002,184320,428.05510796402666
18,100017,Control,B1_Shortest_Delay,Direct_Earth_to_Mars,200,197,0,3,3,0,0.98499999999999999,201728,295.2826575098278
18,100017,Control,B2_Contact_Aware,Direct_Earth_to_Mars,200,197,0,3,3,0,0.98499999999999999,201728,295.2826575098278
18,100017,Control,B3_Physical_Success,Direct_Earth_to_Mars,200,197,0,3,3,0,0.98499999999999999,201728,295.2826575098278
18,100017,Control,B4_Physical_Multiobjective,Direct_Earth_to_Mars,200,197,0,3,3,0,0.98499999999999999,201728,295.2826575098278
18,100017,Direct_Background_16,B1_Shortest_Delay,Direct_Earth_to_Mars,200,197,0,3,3,0,0.98499999999999999,201728,295.2826575098278
18,100017,Direct_Background_16,B2_Contact_Aware,Direct_Earth_to_Mars,200,197,0,3,3,0,0.98499999999999999,201728,295.2826575098278
18,100017,Direct_Background_16,B3_Physical_Success,Direct_Earth_to_Mars,200,197,0,3,3,0,0.98499999999999999,201728,295.2826575098278
18,100017,Direct_Background_16,B4_Physical_Multiobjective,Direct_Earth_to_Mars,200,197,0,3,3,0,0.98499999999999999,201728,295.2826575098278
18,100017,Direct_Combined_25pctPower_BG16,B1_Shortest_Delay,Direct_Earth_to_Mars,200,197,0,3,3,0,0.98499999999999999,201728,295.2826575098278
18,100017,Direct_Combined_25pctPower_BG16,B2_Contact_Aware,Direct_Earth_to_Mars,200,197,0,3,3,0,0.98499999999999999,201728,295.2826575098278
18,100017,Direct_Combined_25pctPower_BG16,B3_Physical_Success,Direct_Earth_to_Mars,200,197,0,3,3,0,0.98499999999999999,201728,295.2826575098278
18,100017,Direct_Combined_25pctPower_BG16,B4_Physical_Multiobjective,Direct_Earth_to_Mars,200,197,0,3,3,0,0.98499999999999999,201728,295.2826575098278
18,100017,Direct_Pointing_25pct_Power,B1_Shortest_Delay,Direct_Earth_to_Mars,200,197,0,3,3,0,0.98499999999999999,201728,295.2826575098278
18,100017,Direct_Pointing_25pct_Power,B2_Contact_Aware,Direct_Earth_to_Mars,200,197,0,3,3,0,0.98499999999999999,201728,295.2826575098278
18,100017,Direct_Pointing_25pct_Power,B3_Physical_Success,Direct_Earth_to_Mars,200,197,0,3,3,0,0.98499999999999999,201728,295.2826575098278
18,100017,Direct_Pointing_25pct_Power,B4_Physical_Multiobjective,Direct_Earth_to_Mars,200,197,0,3,3,0,0.98499999999999999,201728,295.2826575098278
19,100018,Control,B1_Shortest_Delay,Direct_Earth_to_Mars,200,178,0,22,22,0,0.89000000000000001,182272,1077.3091831679437
19,100018,Control,B2_Contact_Aware,Direct_Earth_to_Mars,200,178,0,22,22,0,0.89000000000000001,182272,1077.3091831679437
19,100018,Control,B3_Physical_Success,Direct_Earth_to_Mars,200,178,0,22,22,0,0.89000000000000001,182272,1077.3091831679437
19,100018,Control,B4_Physical_Multiobjective,Direct_Earth_to_Mars,200,178,0,22,22,0,0.89000000000000001,182272,1077.3091831679437
19,100018,Direct_Background_16,B1_Shortest_Delay,Direct_Earth_to_Mars,200,178,0,22,22,0,0.89000000000000001,182272,1077.3091831679437
19,100018,Direct_Background_16,B2_Contact_Aware,Direct_Earth_to_Mars,200,178,0,22,22,0,0.89000000000000001,182272,1077.3091831679437
19,100018,Direct_Background_16,B3_Physical_Success,Direct_Earth_to_Mars,200,178,0,22,22,0,0.89000000000000001,182272,1077.3091831679437
19,100018,Direct_Background_16,B4_Physical_Multiobjective,Direct_Earth_to_Mars,200,178,0,22,22,0,0.89000000000000001,182272,1077.3091831679437
19,100018,Direct_Combined_25pctPower_BG16,B1_Shortest_Delay,Direct_Earth_to_Mars,200,0,0,200,22,178,0,0,0
19,100018,Direct_Combined_25pctPower_BG16,B2_Contact_Aware,Direct_Earth_to_Mars,200,0,0,200,22,178,0,0,0
19,100018,Direct_Combined_25pctPower_BG16,B3_Physical_Success,Earth_Relay0_Mars,200,161,0,39,39,0,0.80500000000000005,164864,1282.2599630529494
19,100018,Direct_Combined_25pctPower_BG16,B4_Physical_Multiobjective,Earth_Relay2_Mars,200,161,0,39,39,0,0.80500000000000005,164864,1143.6435700116833
19,100018,Direct_Pointing_25pct_Power,B1_Shortest_Delay,Direct_Earth_to_Mars,200,0,0,200,22,178,0,0,0
19,100018,Direct_Pointing_25pct_Power,B2_Contact_Aware,Direct_Earth_to_Mars,200,0,0,200,22,178,0,0,0
19,100018,Direct_Pointing_25pct_Power,B3_Physical_Success,Earth_Relay0_Mars,200,161,0,39,39,0,0.80500000000000005,164864,1282.2599630529494
19,100018,Direct_Pointing_25pct_Power,B4_Physical_Multiobjective,Earth_Relay2_Mars,200,161,0,39,39,0,0.80500000000000005,164864,1143.6435700116833
2,100001,Control,B1_Shortest_Delay,Direct_Earth_to_Mars,200,162,0,38,38,0,0.81000000000000005,165888,1367.8487442494657
2,100001,Control,B2_Contact_Aware,Direct_Earth_to_Mars,200,162,0,38,38,0,0.81000000000000005,165888,1367.8487442494657
2,100001,Control,B3_Physical_Success,Direct_Earth_to_Mars,200,162,0,38,38,0,0.81000000000000005,165888,1367.8487442494657
2,100001,Control,B4_Physical_Multiobjective,Direct_Earth_to_Mars,200,162,0,38,38,0,0.81000000000000005,165888,1367.8487442494657
2,100001,Direct_Background_16,B1_Shortest_Delay,Direct_Earth_to_Mars,200,143,0,57,38,19,0.71499999999999997,146432,1367.8487442494654
2,100001,Direct_Background_16,B2_Contact_Aware,Direct_Earth_to_Mars,200,143,0,57,38,19,0.71499999999999997,146432,1367.8487442494654
2,100001,Direct_Background_16,B3_Physical_Success,Direct_Earth_to_Mars,200,143,0,57,38,19,0.71499999999999997,146432,1367.8487442494654
2,100001,Direct_Background_16,B4_Physical_Multiobjective,Direct_Earth_to_Mars,200,143,0,57,38,19,0.71499999999999997,146432,1367.8487442494654
2,100001,Direct_Combined_25pctPower_BG16,B1_Shortest_Delay,Direct_Earth_to_Mars,200,0,0,200,38,162,0,0,0
2,100001,Direct_Combined_25pctPower_BG16,B2_Contact_Aware,Direct_Earth_to_Mars,200,0,0,200,38,162,0,0,0
2,100001,Direct_Combined_25pctPower_BG16,B3_Physical_Success,Earth_Relay2_Mars,200,135,0,65,65,0,0.67500000000000004,138240,1434.5143517816346
2,100001,Direct_Combined_25pctPower_BG16,B4_Physical_Multiobjective,Earth_Relay2_Mars,200,135,0,65,65,0,0.67500000000000004,138240,1434.5143517816346
2,100001,Direct_Pointing_25pct_Power,B1_Shortest_Delay,Direct_Earth_to_Mars,200,0,0,200,38,162,0,0,0
2,100001,Direct_Pointing_25pct_Power,B2_Contact_Aware,Direct_Earth_to_Mars,200,0,0,200,38,162,0,0,0
2,100001,Direct_Pointing_25pct_Power,B3_Physical_Success,Earth_Relay2_Mars,200,135,0,65,65,0,0.67500000000000004,138240,1434.5143517816346
2,100001,Direct_Pointing_25pct_Power,B4_Physical_Multiobjective,Earth_Relay2_Mars,200,135,0,65,65,0,0.67500000000000004,138240,1434.5143517816346
20,100019,Control,B1_Shortest_Delay,Direct_Earth_to_Mars,200,153,0,47,47,0,0.76500000000000001,156672,1360.5079218814783
20,100019,Control,B2_Contact_Aware,Direct_Earth_to_Mars,200,153,0,47,47,0,0.76500000000000001,156672,1360.5079218814783
20,100019,Control,B3_Physical_Success,Direct_Earth_to_Mars,200,153,0,47,47,0,0.76500000000000001,156672,1360.5079218814783
20,100019,Control,B4_Physical_Multiobjective,Direct_Earth_to_Mars,200,153,0,47,47,0,0.76500000000000001,156672,1360.5079218814783
20,100019,Direct_Background_16,B1_Shortest_Delay,Direct_Earth_to_Mars,200,126,0,74,47,27,0.63,129024,1360.5079218814783
20,100019,Direct_Background_16,B2_Contact_Aware,Direct_Earth_to_Mars,200,126,0,74,47,27,0.63,129024,1360.5079218814783
20,100019,Direct_Background_16,B3_Physical_Success,Direct_Earth_to_Mars,200,126,0,74,47,27,0.63,129024,1360.5079218814783
20,100019,Direct_Background_16,B4_Physical_Multiobjective,Direct_Earth_to_Mars,200,126,0,74,47,27,0.63,129024,1360.5079218814783
20,100019,Direct_Combined_25pctPower_BG16,B1_Shortest_Delay,Direct_Earth_to_Mars,200,0,0,200,47,153,0,0,0
20,100019,Direct_Combined_25pctPower_BG16,B2_Contact_Aware,Direct_Earth_to_Mars,200,0,0,200,47,153,0,0,0
20,100019,Direct_Combined_25pctPower_BG16,B3_Physical_Success,Earth_Relay1_Mars,200,0,122,78,78,0,0,0,0
20,100019,Direct_Combined_25pctPower_BG16,B4_Physical_Multiobjective,Earth_Relay2_Mars,200,122,0,78,78,0,0.60999999999999999,124928,1427.1480749287496
20,100019,Direct_Pointing_25pct_Power,B1_Shortest_Delay,Direct_Earth_to_Mars,200,0,0,200,47,153,0,0,0
20,100019,Direct_Pointing_25pct_Power,B2_Contact_Aware,Direct_Earth_to_Mars,200,0,0,200,47,153,0,0,0
20,100019,Direct_Pointing_25pct_Power,B3_Physical_Success,Earth_Relay1_Mars,200,0,122,78,78,0,0,0,0
20,100019,Direct_Pointing_25pct_Power,B4_Physical_Multiobjective,Earth_Relay2_Mars,200,122,0,78,78,0,0.60999999999999999,124928,1427.1480749287496
21,100020,Control,B1_Shortest_Delay,Direct_Earth_to_Mars,200,174,0,26,26,0,0.87,178176,1238.7906704173949
21,100020,Control,B2_Contact_Aware,Direct_Earth_to_Mars,200,174,0,26,26,0,0.87,178176,1238.7906704173949
21,100020,Control,B3_Physical_Success,Direct_Earth_to_Mars,200,174,0,26,26,0,0.87,178176,1238.7906704173949
21,100020,Control,B4_Physical_Multiobjective,Direct_Earth_to_Mars,200,174,0,26,26,0,0.87,178176,1238.7906704173949
21,100020,Direct_Background_16,B1_Shortest_Delay,Direct_Earth_to_Mars,200,174,0,26,26,0,0.87,178176,1238.7906704173949
21,100020,Direct_Background_16,B2_Contact_Aware,Direct_Earth_to_Mars,200,174,0,26,26,0,0.87,178176,1238.7906704173949
21,100020,Direct_Background_16,B3_Physical_Success,Direct_Earth_to_Mars,200,174,0,26,26,0,0.87,178176,1238.7906704173949
21,100020,Direct_Background_16,B4_Physical_Multiobjective,Direct_Earth_to_Mars,200,174,0,26,26,0,0.87,178176,1238.7906704173949
21,100020,Direct_Combined_25pctPower_BG16,B1_Shortest_Delay,Direct_Earth_to_Mars,200,0,0,200,26,174,0,0,0
21,100020,Direct_Combined_25pctPower_BG16,B2_Contact_Aware,Direct_Earth_to_Mars,200,0,0,200,26,174,0,0,0
21,100020,Direct_Combined_25pctPower_BG16,B3_Physical_Success,Earth_Relay1_Mars,200,160,0,40,40,0,0.80000000000000004,163840,1466.8650657568717
21,100020,Direct_Combined_25pctPower_BG16,B4_Physical_Multiobjective,Earth_Relay2_Mars,200,160,0,40,40,0,0.80000000000000004,163840,1305.2481116540057
21,100020,Direct_Pointing_25pct_Power,B1_Shortest_Delay,Direct_Earth_to_Mars,200,0,0,200,26,174,0,0,0
21,100020,Direct_Pointing_25pct_Power,B2_Contact_Aware,Direct_Earth_to_Mars,200,0,0,200,26,174,0,0,0
21,100020,Direct_Pointing_25pct_Power,B3_Physical_Success,Earth_Relay1_Mars,200,160,0,40,40,0,0.80000000000000004,163840,1466.8650657568717
21,100020,Direct_Pointing_25pct_Power,B4_Physical_Multiobjective,Earth_Relay2_Mars,200,160,0,40,40,0,0.80000000000000004,163840,1305.2481116540057
22,100021,Control,B1_Shortest_Delay,Direct_Earth_to_Mars,200,168,0,32,32,0,0.83999999999999997,172032,1152.8818483193829
22,100021,Control,B2_Contact_Aware,Direct_Earth_to_Mars,200,168,0,32,32,0,0.83999999999999997,172032,1152.8818483193829
22,100021,Control,B3_Physical_Success,Direct_Earth_to_Mars,200,168,0,32,32,0,0.83999999999999997,172032,1152.8818483193829
22,100021,Control,B4_Physical_Multiobjective,Direct_Earth_to_Mars,200,168,0,32,32,0,0.83999999999999997,172032,1152.8818483193829
22,100021,Direct_Background_16,B1_Shortest_Delay,Direct_Earth_to_Mars,200,168,0,32,32,0,0.83999999999999997,172032,1152.8818483193829
22,100021,Direct_Background_16,B2_Contact_Aware,Direct_Earth_to_Mars,200,168,0,32,32,0,0.83999999999999997,172032,1152.8818483193829
22,100021,Direct_Background_16,B3_Physical_Success,Direct_Earth_to_Mars,200,168,0,32,32,0,0.83999999999999997,172032,1152.8818483193829
22,100021,Direct_Background_16,B4_Physical_Multiobjective,Direct_Earth_to_Mars,200,168,0,32,32,0,0.83999999999999997,172032,1152.8818483193829
22,100021,Direct_Combined_25pctPower_BG16,B1_Shortest_Delay,Direct_Earth_to_Mars,200,0,0,200,32,168,0,0,0
22,100021,Direct_Combined_25pctPower_BG16,B2_Contact_Aware,Direct_Earth_to_Mars,200,0,0,200,32,168,0,0,0
22,100021,Direct_Combined_25pctPower_BG16,B3_Physical_Success,Earth_Relay0_Mars,200,137,0,63,63,0,0.68500000000000005,140288,1375.966156620533
22,100021,Direct_Combined_25pctPower_BG16,B4_Physical_Multiobjective,Earth_Relay2_Mars,200,137,0,63,63,0,0.68500000000000005,140288,1219.3269092553846
22,100021,Direct_Pointing_25pct_Power,B1_Shortest_Delay,Direct_Earth_to_Mars,200,0,0,200,32,168,0,0,0
22,100021,Direct_Pointing_25pct_Power,B2_Contact_Aware,Direct_Earth_to_Mars,200,0,0,200,32,168,0,0,0
22,100021,Direct_Pointing_25pct_Power,B3_Physical_Success,Earth_Relay0_Mars,200,137,0,63,63,0,0.68500000000000005,140288,1375.966156620533
22,100021,Direct_Pointing_25pct_Power,B4_Physical_Multiobjective,Earth_Relay2_Mars,200,137,0,63,63,0,0.68500000000000005,140288,1219.3269092553846
23,100022,Control,B1_Shortest_Delay,Direct_Earth_to_Mars,200,175,0,25,25,0,0.875,179200,813.62942800230132
23,100022,Control,B2_Contact_Aware,Direct_Earth_to_Mars,200,175,0,25,25,0,0.875,179200,813.62942800230132
23,100022,Control,B3_Physical_Success,Direct_Earth_to_Mars,200,175,0,25,25,0,0.875,179200,813.62942800230132
23,100022,Control,B4_Physical_Multiobjective,Direct_Earth_to_Mars,200,175,0,25,25,0,0.875,179200,813.62942800230132
23,100022,Direct_Background_16,B1_Shortest_Delay,Direct_Earth_to_Mars,200,175,0,25,25,0,0.875,179200,813.62942800230132
23,100022,Direct_Background_16,B2_Contact_Aware,Direct_Earth_to_Mars,200,175,0,25,25,0,0.875,179200,813.62942800230132
23,100022,Direct_Background_16,B3_Physical_Success,Direct_Earth_to_Mars,200,175,0,25,25,0,0.875,179200,813.62942800230132
23,100022,Direct_Background_16,B4_Physical_Multiobjective,Direct_Earth_to_Mars,200,175,0,25,25,0,0.875,179200,813.62942800230132
23,100022,Direct_Combined_25pctPower_BG16,B1_Shortest_Delay,Direct_Earth_to_Mars,200,0,0,200,25,175,0,0,0
23,100022,Direct_Combined_25pctPower_BG16,B2_Contact_Aware,Direct_Earth_to_Mars,200,0,0,200,25,175,0,0,0
23,100022,Direct_Combined_25pctPower_BG16,B3_Physical_Success,Earth_Relay1_Mars,200,155,0,45,45,0,0.77500000000000002,158720,1275.0650257052623
23,100022,Direct_Combined_25pctPower_BG16,B4_Physical_Multiobjective,Earth_Relay2_Mars,200,155,0,45,45,0,0.77500000000000002,158720,879.56059723219016
23,100022,Direct_Pointing_25pct_Power,B1_Shortest_Delay,Direct_Earth_to_Mars,200,174,0,26,25,1,0.87,178176,813.62942800230121
23,100022,Direct_Pointing_25pct_Power,B2_Contact_Aware,Direct_Earth_to_Mars,200,174,0,26,25,1,0.87,178176,813.62942800230121
23,100022,Direct_Pointing_25pct_Power,B3_Physical_Success,Direct_Earth_to_Mars,200,174,0,26,25,1,0.87,178176,813.62942800230121
23,100022,Direct_Pointing_25pct_Power,B4_Physical_Multiobjective,Direct_Earth_to_Mars,200,174,0,26,25,1,0.87,178176,813.62942800230121
24,100023,Control,B1_Shortest_Delay,Direct_Earth_to_Mars,200,188,0,12,12,0,0.93999999999999995,192512,823.00884099745372
24,100023,Control,B2_Contact_Aware,Direct_Earth_to_Mars,200,188,0,12,12,0,0.93999999999999995,192512,823.00884099745372
24,100023,Control,B3_Physical_Success,Direct_Earth_to_Mars,200,188,0,12,12,0,0.93999999999999995,192512,823.00884099745372
24,100023,Control,B4_Physical_Multiobjective,Direct_Earth_to_Mars,200,188,0,12,12,0,0.93999999999999995,192512,823.00884099745372
24,100023,Direct_Background_16,B1_Shortest_Delay,Direct_Earth_to_Mars,200,188,0,12,12,0,0.93999999999999995,192512,823.00884099745372
24,100023,Direct_Background_16,B2_Contact_Aware,Direct_Earth_to_Mars,200,188,0,12,12,0,0.93999999999999995,192512,823.00884099745372
24,100023,Direct_Background_16,B3_Physical_Success,Direct_Earth_to_Mars,200,188,0,12,12,0,0.93999999999999995,192512,823.00884099745372
24,100023,Direct_Background_16,B4_Physical_Multiobjective,Direct_Earth_to_Mars,200,188,0,12,12,0,0.93999999999999995,192512,823.00884099745372
24,100023,Direct_Combined_25pctPower_BG16,B1_Shortest_Delay,Direct_Earth_to_Mars,200,0,0,200,12,188,0,0,0
24,100023,Direct_Combined_25pctPower_BG16,B2_Contact_Aware,Direct_Earth_to_Mars,200,0,0,200,12,188,0,0,0
24,100023,Direct_Combined_25pctPower_BG16,B3_Physical_Success,Earth_Relay1_Mars,200,176,0,24,24,0,0.88,180224,1281.4510073424108
24,100023,Direct_Combined_25pctPower_BG16,B4_Physical_Multiobjective,Earth_Relay1_Mars,200,176,0,24,24,0,0.88,180224,1281.4510073424108
24,100023,Direct_Pointing_25pct_Power,B1_Shortest_Delay,Direct_Earth_to_Mars,200,188,0,12,12,0,0.93999999999999995,192512,823.00884099745372
24,100023,Direct_Pointing_25pct_Power,B2_Contact_Aware,Direct_Earth_to_Mars,200,188,0,12,12,0,0.93999999999999995,192512,823.00884099745372
24,100023,Direct_Pointing_25pct_Power,B3_Physical_Success,Direct_Earth_to_Mars,200,188,0,12,12,0,0.93999999999999995,192512,823.00884099745372
24,100023,Direct_Pointing_25pct_Power,B4_Physical_Multiobjective,Direct_Earth_to_Mars,200,188,0,12,12,0,0.93999999999999995,192512,823.00884099745372
25,100024,Control,B1_Shortest_Delay,Direct_Earth_to_Mars,200,168,0,32,32,0,0.83999999999999997,172032,855.08627441203407
25,100024,Control,B2_Contact_Aware,Direct_Earth_to_Mars,200,168,0,32,32,0,0.83999999999999997,172032,855.08627441203407
25,100024,Control,B3_Physical_Success,Direct_Earth_to_Mars,200,168,0,32,32,0,0.83999999999999997,172032,855.08627441203407
25,100024,Control,B4_Physical_Multiobjective,Direct_Earth_to_Mars,200,168,0,32,32,0,0.83999999999999997,172032,855.08627441203407
25,100024,Direct_Background_16,B1_Shortest_Delay,Direct_Earth_to_Mars,200,168,0,32,32,0,0.83999999999999997,172032,855.08627441203407
25,100024,Direct_Background_16,B2_Contact_Aware,Direct_Earth_to_Mars,200,168,0,32,32,0,0.83999999999999997,172032,855.08627441203407
25,100024,Direct_Background_16,B3_Physical_Success,Direct_Earth_to_Mars,200,168,0,32,32,0,0.83999999999999997,172032,855.08627441203407
25,100024,Direct_Background_16,B4_Physical_Multiobjective,Direct_Earth_to_Mars,200,168,0,32,32,0,0.83999999999999997,172032,855.08627441203407
25,100024,Direct_Combined_25pctPower_BG16,B1_Shortest_Delay,Direct_Earth_to_Mars,200,0,0,200,32,168,0,0,0
25,100024,Direct_Combined_25pctPower_BG16,B2_Contact_Aware,Direct_Earth_to_Mars,200,0,0,200,32,168,0,0,0
25,100024,Direct_Combined_25pctPower_BG16,B3_Physical_Success,Earth_Relay0_Mars,200,139,0,61,61,0,0.69499999999999995,142336,1021.902908235248
25,100024,Direct_Combined_25pctPower_BG16,B4_Physical_Multiobjective,Earth_Relay2_Mars,200,139,0,61,61,0,0.69499999999999995,142336,921.07356095992168
25,100024,Direct_Pointing_25pct_Power,B1_Shortest_Delay,Direct_Earth_to_Mars,200,132,0,68,32,36,0.66000000000000003,135168,855.08627441203453
25,100024,Direct_Pointing_25pct_Power,B2_Contact_Aware,Direct_Earth_to_Mars,200,132,0,68,32,36,0.66000000000000003,135168,855.08627441203453
25,100024,Direct_Pointing_25pct_Power,B3_Physical_Success,Earth_Relay0_Mars,200,139,0,61,61,0,0.69499999999999995,142336,1021.902908235248
25,100024,Direct_Pointing_25pct_Power,B4_Physical_Multiobjective,Direct_Earth_to_Mars,200,132,0,68,32,36,0.66000000000000003,135168,855.08627441203453
26,100025,Control,B1_Shortest_Delay,Direct_Earth_to_Mars,200,176,0,24,24,0,0.88,180224,1260.0324486885818
26,100025,Control,B2_Contact_Aware,Direct_Earth_to_Mars,200,176,0,24,24,0,0.88,180224,1260.0324486885818
26,100025,Control,B3_Physical_Success,Direct_Earth_to_Mars,200,176,0,24,24,0,0.88,180224,1260.0324486885818
26,100025,Control,B4_Physical_Multiobjective,Direct_Earth_to_Mars,200,176,0,24,24,0,0.88,180224,1260.0324486885818
26,100025,Direct_Background_16,B1_Shortest_Delay,Direct_Earth_to_Mars,200,171,0,29,24,5,0.85499999999999998,175104,1260.0324486885818
26,100025,Direct_Background_16,B2_Contact_Aware,Direct_Earth_to_Mars,200,171,0,29,24,5,0.85499999999999998,175104,1260.0324486885818
26,100025,Direct_Background_16,B3_Physical_Success,Direct_Earth_to_Mars,200,171,0,29,24,5,0.85499999999999998,175104,1260.0324486885818
26,100025,Direct_Background_16,B4_Physical_Multiobjective,Direct_Earth_to_Mars,200,171,0,29,24,5,0.85499999999999998,175104,1260.0324486885818
26,100025,Direct_Combined_25pctPower_BG16,B1_Shortest_Delay,Direct_Earth_to_Mars,200,0,0,200,24,176,0,0,0
26,100025,Direct_Combined_25pctPower_BG16,B2_Contact_Aware,Direct_Earth_to_Mars,200,0,0,200,24,176,0,0,0
26,100025,Direct_Combined_25pctPower_BG16,B3_Physical_Success,Earth_Relay0_Mars,200,0,158,42,42,0,0,0,0
26,100025,Direct_Combined_25pctPower_BG16,B4_Physical_Multiobjective,Earth_Relay2_Mars,200,158,0,42,42,0,0.79000000000000004,161792,1326.6135459101265
26,100025,Direct_Pointing_25pct_Power,B1_Shortest_Delay,Direct_Earth_to_Mars,200,0,0,200,24,176,0,0,0
26,100025,Direct_Pointing_25pct_Power,B2_Contact_Aware,Direct_Earth_to_Mars,200,0,0,200,24,176,0,0,0
26,100025,Direct_Pointing_25pct_Power,B3_Physical_Success,Earth_Relay0_Mars,200,0,158,42,42,0,0,0,0
26,100025,Direct_Pointing_25pct_Power,B4_Physical_Multiobjective,Earth_Relay2_Mars,200,158,0,42,42,0,0.79000000000000004,161792,1326.6135459101265
27,100026,Control,B1_Shortest_Delay,Direct_Earth_to_Mars,200,192,0,8,8,0,0.95999999999999996,196608,487.78298658954844
27,100026,Control,B2_Contact_Aware,Direct_Earth_to_Mars,200,192,0,8,8,0,0.95999999999999996,196608,487.78298658954844
27,100026,Control,B3_Physical_Success,Direct_Earth_to_Mars,200,192,0,8,8,0,0.95999999999999996,196608,487.78298658954844
27,100026,Control,B4_Physical_Multiobjective,Direct_Earth_to_Mars,200,192,0,8,8,0,0.95999999999999996,196608,487.78298658954844
27,100026,Direct_Background_16,B1_Shortest_Delay,Direct_Earth_to_Mars,200,192,0,8,8,0,0.95999999999999996,196608,487.78298658954844
27,100026,Direct_Background_16,B2_Contact_Aware,Direct_Earth_to_Mars,200,192,0,8,8,0,0.95999999999999996,196608,487.78298658954844
27,100026,Direct_Background_16,B3_Physical_Success,Direct_Earth_to_Mars,200,192,0,8,8,0,0.95999999999999996,196608,487.78298658954844
27,100026,Direct_Background_16,B4_Physical_Multiobjective,Direct_Earth_to_Mars,200,192,0,8,8,0,0.95999999999999996,196608,487.78298658954844
27,100026,Direct_Combined_25pctPower_BG16,B1_Shortest_Delay,Direct_Earth_to_Mars,200,192,0,8,8,0,0.95999999999999996,196608,487.78298658954844
27,100026,Direct_Combined_25pctPower_BG16,B2_Contact_Aware,Direct_Earth_to_Mars,200,192,0,8,8,0,0.95999999999999996,196608,487.78298658954844
27,100026,Direct_Combined_25pctPower_BG16,B3_Physical_Success,Direct_Earth_to_Mars,200,192,0,8,8,0,0.95999999999999996,196608,487.78298658954844
27,100026,Direct_Combined_25pctPower_BG16,B4_Physical_Multiobjective,Direct_Earth_to_Mars,200,192,0,8,8,0,0.95999999999999996,196608,487.78298658954844
27,100026,Direct_Pointing_25pct_Power,B1_Shortest_Delay,Direct_Earth_to_Mars,200,192,0,8,8,0,0.95999999999999996,196608,487.78298658954844
27,100026,Direct_Pointing_25pct_Power,B2_Contact_Aware,Direct_Earth_to_Mars,200,192,0,8,8,0,0.95999999999999996,196608,487.78298658954844
27,100026,Direct_Pointing_25pct_Power,B3_Physical_Success,Direct_Earth_to_Mars,200,192,0,8,8,0,0.95999999999999996,196608,487.78298658954844
27,100026,Direct_Pointing_25pct_Power,B4_Physical_Multiobjective,Direct_Earth_to_Mars,200,192,0,8,8,0,0.95999999999999996,196608,487.78298658954844
28,100027,Control,B1_Shortest_Delay,Direct_Earth_to_Mars,200,167,0,33,33,0,0.83499999999999996,171008,1366.8644982619801
28,100027,Control,B2_Contact_Aware,Direct_Earth_to_Mars,200,167,0,33,33,0,0.83499999999999996,171008,1366.8644982619801
28,100027,Control,B3_Physical_Success,Direct_Earth_to_Mars,200,167,0,33,33,0,0.83499999999999996,171008,1366.8644982619801
28,100027,Control,B4_Physical_Multiobjective,Direct_Earth_to_Mars,200,167,0,33,33,0,0.83499999999999996,171008,1366.8644982619801
28,100027,Direct_Background_16,B1_Shortest_Delay,Direct_Earth_to_Mars,200,157,0,43,33,10,0.78500000000000003,160768,1366.8644982619805
28,100027,Direct_Background_16,B2_Contact_Aware,Direct_Earth_to_Mars,200,157,0,43,33,10,0.78500000000000003,160768,1366.8644982619805
28,100027,Direct_Background_16,B3_Physical_Success,Direct_Earth_to_Mars,200,157,0,43,33,10,0.78500000000000003,160768,1366.8644982619805
28,100027,Direct_Background_16,B4_Physical_Multiobjective,Direct_Earth_to_Mars,200,157,0,43,33,10,0.78500000000000003,160768,1366.8644982619805
28,100027,Direct_Combined_25pctPower_BG16,B1_Shortest_Delay,Direct_Earth_to_Mars,200,0,0,200,33,167,0,0,0
28,100027,Direct_Combined_25pctPower_BG16,B2_Contact_Aware,Direct_Earth_to_Mars,200,0,0,200,33,167,0,0,0
28,100027,Direct_Combined_25pctPower_BG16,B3_Physical_Success,Earth_Relay2_Mars,200,138,0,62,62,0,0.68999999999999995,141312,1433.5217231688343
28,100027,Direct_Combined_25pctPower_BG16,B4_Physical_Multiobjective,Earth_Relay2_Mars,200,138,0,62,62,0,0.68999999999999995,141312,1433.5217231688343
28,100027,Direct_Pointing_25pct_Power,B1_Shortest_Delay,Direct_Earth_to_Mars,200,0,0,200,33,167,0,0,0
28,100027,Direct_Pointing_25pct_Power,B2_Contact_Aware,Direct_Earth_to_Mars,200,0,0,200,33,167,0,0,0
28,100027,Direct_Pointing_25pct_Power,B3_Physical_Success,Earth_Relay2_Mars,200,138,0,62,62,0,0.68999999999999995,141312,1433.5217231688343
28,100027,Direct_Pointing_25pct_Power,B4_Physical_Multiobjective,Earth_Relay2_Mars,200,138,0,62,62,0,0.68999999999999995,141312,1433.5217231688343
29,100028,Control,B1_Shortest_Delay,Direct_Earth_to_Mars,200,198,0,2,2,0,0.98999999999999999,202752,1312.4418773815266
29,100028,Control,B2_Contact_Aware,Direct_Earth_to_Mars,200,198,0,2,2,0,0.98999999999999999,202752,1312.4418773815266
29,100028,Control,B3_Physical_Success,Direct_Earth_to_Mars,200,198,0,2,2,0,0.98999999999999999,202752,1312.4418773815266
29,100028,Control,B4_Physical_Multiobjective,Direct_Earth_to_Mars,200,198,0,2,2,0,0.98999999999999999,202752,1312.4418773815266
29,100028,Direct_Background_16,B1_Shortest_Delay,Direct_Earth_to_Mars,200,196,0,4,2,2,0.97999999999999998,200704,1312.4418773815266
29,100028,Direct_Background_16,B2_Contact_Aware,Direct_Earth_to_Mars,200,196,0,4,2,2,0.97999999999999998,200704,1312.4418773815266
29,100028,Direct_Background_16,B3_Physical_Success,Earth_Relay0_Mars,200,0,195,5,5,0,0,0,0
29,100028,Direct_Background_16,B4_Physical_Multiobjective,Direct_Earth_to_Mars,200,196,0,4,2,2,0.97999999999999998,200704,1312.4418773815266
29,100028,Direct_Combined_25pctPower_BG16,B1_Shortest_Delay,Direct_Earth_to_Mars,200,0,0,200,2,198,0,0,0
29,100028,Direct_Combined_25pctPower_BG16,B2_Contact_Aware,Direct_Earth_to_Mars,200,0,0,200,2,198,0,0,0
29,100028,Direct_Combined_25pctPower_BG16,B3_Physical_Success,Earth_Relay0_Mars,200,0,195,5,5,0,0,0,0
29,100028,Direct_Combined_25pctPower_BG16,B4_Physical_Multiobjective,Earth_Relay0_Mars,200,0,195,5,5,0,0,0,0
29,100028,Direct_Pointing_25pct_Power,B1_Shortest_Delay,Direct_Earth_to_Mars,200,0,0,200,2,198,0,0,0
29,100028,Direct_Pointing_25pct_Power,B2_Contact_Aware,Direct_Earth_to_Mars,200,0,0,200,2,198,0,0,0
29,100028,Direct_Pointing_25pct_Power,B3_Physical_Success,Earth_Relay0_Mars,200,0,195,5,5,0,0,0,0
29,100028,Direct_Pointing_25pct_Power,B4_Physical_Multiobjective,Earth_Relay0_Mars,200,0,195,5,5,0,0,0,0
3,100002,Control,B1_Shortest_Delay,Direct_Earth_to_Mars,200,177,0,23,23,0,0.88500000000000001,181248,1201.6387451818939
3,100002,Control,B2_Contact_Aware,Direct_Earth_to_Mars,200,177,0,23,23,0,0.88500000000000001,181248,1201.6387451818939
3,100002,Control,B3_Physical_Success,Direct_Earth_to_Mars,200,177,0,23,23,0,0.88500000000000001,181248,1201.6387451818939
3,100002,Control,B4_Physical_Multiobjective,Direct_Earth_to_Mars,200,177,0,23,23,0,0.88500000000000001,181248,1201.6387451818939
3,100002,Direct_Background_16,B1_Shortest_Delay,Direct_Earth_to_Mars,200,177,0,23,23,0,0.88500000000000001,181248,1201.6387451818939
3,100002,Direct_Background_16,B2_Contact_Aware,Direct_Earth_to_Mars,200,177,0,23,23,0,0.88500000000000001,181248,1201.6387451818939
3,100002,Direct_Background_16,B3_Physical_Success,Direct_Earth_to_Mars,200,177,0,23,23,0,0.88500000000000001,181248,1201.6387451818939
3,100002,Direct_Background_16,B4_Physical_Multiobjective,Direct_Earth_to_Mars,200,177,0,23,23,0,0.88500000000000001,181248,1201.6387451818939
3,100002,Direct_Combined_25pctPower_BG16,B1_Shortest_Delay,Direct_Earth_to_Mars,200,0,0,200,23,177,0,0,0
3,100002,Direct_Combined_25pctPower_BG16,B2_Contact_Aware,Direct_Earth_to_Mars,200,0,0,200,23,177,0,0,0
3,100002,Direct_Combined_25pctPower_BG16,B3_Physical_Success,Earth_Relay0_Mars,200,165,0,35,35,0,0.82499999999999996,168960,1438.5467759356231
3,100002,Direct_Combined_25pctPower_BG16,B4_Physical_Multiobjective,Earth_Relay2_Mars,200,165,0,35,35,0,0.82499999999999996,168960,1268.1490104930704
3,100002,Direct_Pointing_25pct_Power,B1_Shortest_Delay,Direct_Earth_to_Mars,200,0,0,200,23,177,0,0,0
3,100002,Direct_Pointing_25pct_Power,B2_Contact_Aware,Direct_Earth_to_Mars,200,0,0,200,23,177,0,0,0
3,100002,Direct_Pointing_25pct_Power,B3_Physical_Success,Earth_Relay0_Mars,200,165,0,35,35,0,0.82499999999999996,168960,1438.5467759356231
3,100002,Direct_Pointing_25pct_Power,B4_Physical_Multiobjective,Earth_Relay2_Mars,200,165,0,35,35,0,0.82499999999999996,168960,1268.1490104930704
30,100029,Control,B1_Shortest_Delay,Direct_Earth_to_Mars,200,172,0,28,28,0,0.85999999999999999,176128,999.42141572548724
30,100029,Control,B2_Contact_Aware,Direct_Earth_to_Mars,200,172,0,28,28,0,0.85999999999999999,176128,999.42141572548724
30,100029,Control,B3_Physical_Success,Direct_Earth_to_Mars,200,172,0,28,28,0,0.85999999999999999,176128,999.42141572548724
30,100029,Control,B4_Physical_Multiobjective,Direct_Earth_to_Mars,200,172,0,28,28,0,0.85999999999999999,176128,999.42141572548724
30,100029,Direct_Background_16,B1_Shortest_Delay,Direct_Earth_to_Mars,200,172,0,28,28,0,0.85999999999999999,176128,999.42141572548724
30,100029,Direct_Background_16,B2_Contact_Aware,Direct_Earth_to_Mars,200,172,0,28,28,0,0.85999999999999999,176128,999.42141572548724
30,100029,Direct_Background_16,B3_Physical_Success,Direct_Earth_to_Mars,200,172,0,28,28,0,0.85999999999999999,176128,999.42141572548724
30,100029,Direct_Background_16,B4_Physical_Multiobjective,Direct_Earth_to_Mars,200,172,0,28,28,0,0.85999999999999999,176128,999.42141572548724
30,100029,Direct_Combined_25pctPower_BG16,B1_Shortest_Delay,Direct_Earth_to_Mars,200,0,0,200,28,172,0,0,0
30,100029,Direct_Combined_25pctPower_BG16,B2_Contact_Aware,Direct_Earth_to_Mars,200,0,0,200,28,172,0,0,0
30,100029,Direct_Combined_25pctPower_BG16,B3_Physical_Success,Earth_Relay1_Mars,200,157,0,43,43,0,0.78500000000000003,160768,1197.6878736392928
30,100029,Direct_Combined_25pctPower_BG16,B4_Physical_Multiobjective,Earth_Relay2_Mars,200,157,0,43,43,0,0.78500000000000003,160768,1065.6039003683168
30,100029,Direct_Pointing_25pct_Power,B1_Shortest_Delay,Direct_Earth_to_Mars,200,0,0,200,28,172,0,0,0
30,100029,Direct_Pointing_25pct_Power,B2_Contact_Aware,Direct_Earth_to_Mars,200,0,0,200,28,172,0,0,0
30,100029,Direct_Pointing_25pct_Power,B3_Physical_Success,Earth_Relay1_Mars,200,157,0,43,43,0,0.78500000000000003,160768,1197.6878736392928
30,100029,Direct_Pointing_25pct_Power,B4_Physical_Multiobjective,Earth_Relay2_Mars,200,157,0,43,43,0,0.78500000000000003,160768,1065.6039003683168
31,100030,Control,B1_Shortest_Delay,Direct_Earth_to_Mars,200,198,0,2,2,0,0.98999999999999999,202752,1285.0609092185055
31,100030,Control,B2_Contact_Aware,Direct_Earth_to_Mars,200,198,0,2,2,0,0.98999999999999999,202752,1285.0609092185055
31,100030,Control,B3_Physical_Success,Direct_Earth_to_Mars,200,198,0,2,2,0,0.98999999999999999,202752,1285.0609092185055
31,100030,Control,B4_Physical_Multiobjective,Direct_Earth_to_Mars,200,198,0,2,2,0,0.98999999999999999,202752,1285.0609092185055
31,100030,Direct_Background_16,B1_Shortest_Delay,Direct_Earth_to_Mars,200,195,0,5,2,3,0.97499999999999998,199680,1285.0609092185057
31,100030,Direct_Background_16,B2_Contact_Aware,Direct_Earth_to_Mars,200,195,0,5,2,3,0.97499999999999998,199680,1285.0609092185057
31,100030,Direct_Background_16,B3_Physical_Success,Earth_Relay0_Mars,200,0,197,3,3,0,0,0,0
31,100030,Direct_Background_16,B4_Physical_Multiobjective,Direct_Earth_to_Mars,200,195,0,5,2,3,0.97499999999999998,199680,1285.0609092185057
31,100030,Direct_Combined_25pctPower_BG16,B1_Shortest_Delay,Direct_Earth_to_Mars,200,0,0,200,2,198,0,0,0
31,100030,Direct_Combined_25pctPower_BG16,B2_Contact_Aware,Direct_Earth_to_Mars,200,0,0,200,2,198,0,0,0
31,100030,Direct_Combined_25pctPower_BG16,B3_Physical_Success,Earth_Relay0_Mars,200,0,197,3,3,0,0,0,0
31,100030,Direct_Combined_25pctPower_BG16,B4_Physical_Multiobjective,Earth_Relay2_Mars,200,197,0,3,3,0,0.98499999999999999,201728,1351.6695026810403
31,100030,Direct_Pointing_25pct_Power,B1_Shortest_Delay,Direct_Earth_to_Mars,200,0,0,200,2,198,0,0,0
31,100030,Direct_Pointing_25pct_Power,B2_Contact_Aware,Direct_Earth_to_Mars,200,0,0,200,2,198,0,0,0
31,100030,Direct_Pointing_25pct_Power,B3_Physical_Success,Earth_Relay0_Mars,200,0,197,3,3,0,0,0,0
31,100030,Direct_Pointing_25pct_Power,B4_Physical_Multiobjective,Earth_Relay2_Mars,200,197,0,3,3,0,0.98499999999999999,201728,1351.6695026810403
32,100031,Control,B1_Shortest_Delay,Direct_Earth_to_Mars,200,199,0,1,1,0,0.995,203776,294.79601975412504
32,100031,Control,B2_Contact_Aware,Direct_Earth_to_Mars,200,199,0,1,1,0,0.995,203776,294.79601975412504
32,100031,Control,B3_Physical_Success,Direct_Earth_to_Mars,200,199,0,1,1,0,0.995,203776,294.79601975412504
32,100031,Control,B4_Physical_Multiobjective,Direct_Earth_to_Mars,200,199,0,1,1,0,0.995,203776,294.79601975412504
32,100031,Direct_Background_16,B1_Shortest_Delay,Direct_Earth_to_Mars,200,199,0,1,1,0,0.995,203776,294.79601975412504
32,100031,Direct_Background_16,B2_Contact_Aware,Direct_Earth_to_Mars,200,199,0,1,1,0,0.995,203776,294.79601975412504
32,100031,Direct_Background_16,B3_Physical_Success,Direct_Earth_to_Mars,200,199,0,1,1,0,0.995,203776,294.79601975412504
32,100031,Direct_Background_16,B4_Physical_Multiobjective,Direct_Earth_to_Mars,200,199,0,1,1,0,0.995,203776,294.79601975412504
32,100031,Direct_Combined_25pctPower_BG16,B1_Shortest_Delay,Direct_Earth_to_Mars,200,199,0,1,1,0,0.995,203776,294.79601975412504
32,100031,Direct_Combined_25pctPower_BG16,B2_Contact_Aware,Direct_Earth_to_Mars,200,199,0,1,1,0,0.995,203776,294.79601975412504
32,100031,Direct_Combined_25pctPower_BG16,B3_Physical_Success,Direct_Earth_to_Mars,200,199,0,1,1,0,0.995,203776,294.79601975412504
32,100031,Direct_Combined_25pctPower_BG16,B4_Physical_Multiobjective,Direct_Earth_to_Mars,200,199,0,1,1,0,0.995,203776,294.79601975412504
32,100031,Direct_Pointing_25pct_Power,B1_Shortest_Delay,Direct_Earth_to_Mars,200,199,0,1,1,0,0.995,203776,294.79601975412504
32,100031,Direct_Pointing_25pct_Power,B2_Contact_Aware,Direct_Earth_to_Mars,200,199,0,1,1,0,0.995,203776,294.79601975412504
32,100031,Direct_Pointing_25pct_Power,B3_Physical_Success,Direct_Earth_to_Mars,200,199,0,1,1,0,0.995,203776,294.79601975412504
32,100031,Direct_Pointing_25pct_Power,B4_Physical_Multiobjective,Direct_Earth_to_Mars,200,199,0,1,1,0,0.995,203776,294.79601975412504
33,100032,Control,B1_Shortest_Delay,Direct_Earth_to_Mars,200,199,0,1,1,0,0.995,203776,1316.6181290904128
33,100032,Control,B2_Contact_Aware,Direct_Earth_to_Mars,200,199,0,1,1,0,0.995,203776,1316.6181290904128
33,100032,Control,B3_Physical_Success,Direct_Earth_to_Mars,200,199,0,1,1,0,0.995,203776,1316.6181290904128
33,100032,Control,B4_Physical_Multiobjective,Direct_Earth_to_Mars,200,199,0,1,1,0,0.995,203776,1316.6181290904128
33,100032,Direct_Background_16,B1_Shortest_Delay,Direct_Earth_to_Mars,200,197,0,3,1,2,0.98499999999999999,201728,1316.618129090413
33,100032,Direct_Background_16,B2_Contact_Aware,Direct_Earth_to_Mars,200,197,0,3,1,2,0.98499999999999999,201728,1316.618129090413
33,100032,Direct_Background_16,B3_Physical_Success,Direct_Earth_to_Mars,200,197,0,3,1,2,0.98499999999999999,201728,1316.618129090413
33,100032,Direct_Background_16,B4_Physical_Multiobjective,Direct_Earth_to_Mars,200,197,0,3,1,2,0.98499999999999999,201728,1316.618129090413
33,100032,Direct_Combined_25pctPower_BG16,B1_Shortest_Delay,Direct_Earth_to_Mars,200,0,0,200,1,199,0,0,0
33,100032,Direct_Combined_25pctPower_BG16,B2_Contact_Aware,Direct_Earth_to_Mars,200,0,0,200,1,199,0,0,0
33,100032,Direct_Combined_25pctPower_BG16,B3_Physical_Success,Earth_Relay0_Mars,200,0,195,5,5,0,0,0,0
33,100032,Direct_Combined_25pctPower_BG16,B4_Physical_Multiobjective,Earth_Relay2_Mars,200,195,0,5,5,0,0.97499999999999998,199680,1383.2581130367751
33,100032,Direct_Pointing_25pct_Power,B1_Shortest_Delay,Direct_Earth_to_Mars,200,0,0,200,1,199,0,0,0
33,100032,Direct_Pointing_25pct_Power,B2_Contact_Aware,Direct_Earth_to_Mars,200,0,0,200,1,199,0,0,0
33,100032,Direct_Pointing_25pct_Power,B3_Physical_Success,Earth_Relay0_Mars,200,0,195,5,5,0,0,0,0
33,100032,Direct_Pointing_25pct_Power,B4_Physical_Multiobjective,Earth_Relay2_Mars,200,195,0,5,5,0,0.97499999999999998,199680,1383.2581130367751
34,100033,Control,B1_Shortest_Delay,Direct_Earth_to_Mars,200,172,0,28,28,0,0.85999999999999999,176128,286.90145520157239
34,100033,Control,B2_Contact_Aware,Direct_Earth_to_Mars,200,172,0,28,28,0,0.85999999999999999,176128,286.90145520157239
34,100033,Control,B3_Physical_Success,Direct_Earth_to_Mars,200,172,0,28,28,0,0.85999999999999999,176128,286.90145520157239
34,100033,Control,B4_Physical_Multiobjective,Direct_Earth_to_Mars,200,172,0,28,28,0,0.85999999999999999,176128,286.90145520157239
34,100033,Direct_Background_16,B1_Shortest_Delay,Direct_Earth_to_Mars,200,172,0,28,28,0,0.85999999999999999,176128,286.90145520157239
34,100033,Direct_Background_16,B2_Contact_Aware,Direct_Earth_to_Mars,200,172,0,28,28,0,0.85999999999999999,176128,286.90145520157239
34,100033,Direct_Background_16,B3_Physical_Success,Direct_Earth_to_Mars,200,172,0,28,28,0,0.85999999999999999,176128,286.90145520157239
34,100033,Direct_Background_16,B4_Physical_Multiobjective,Direct_Earth_to_Mars,200,172,0,28,28,0,0.85999999999999999,176128,286.90145520157239
34,100033,Direct_Combined_25pctPower_BG16,B1_Shortest_Delay,Direct_Earth_to_Mars,200,172,0,28,28,0,0.85999999999999999,176128,286.90145520157239
34,100033,Direct_Combined_25pctPower_BG16,B2_Contact_Aware,Direct_Earth_to_Mars,200,172,0,28,28,0,0.85999999999999999,176128,286.90145520157239
34,100033,Direct_Combined_25pctPower_BG16,B3_Physical_Success,Direct_Earth_to_Mars,200,172,0,28,28,0,0.85999999999999999,176128,286.90145520157239
34,100033,Direct_Combined_25pctPower_BG16,B4_Physical_Multiobjective,Direct_Earth_to_Mars,200,172,0,28,28,0,0.85999999999999999,176128,286.90145520157239
34,100033,Direct_Pointing_25pct_Power,B1_Shortest_Delay,Direct_Earth_to_Mars,200,172,0,28,28,0,0.85999999999999999,176128,286.90145520157239
34,100033,Direct_Pointing_25pct_Power,B2_Contact_Aware,Direct_Earth_to_Mars,200,172,0,28,28,0,0.85999999999999999,176128,286.90145520157239
34,100033,Direct_Pointing_25pct_Power,B3_Physical_Success,Direct_Earth_to_Mars,200,172,0,28,28,0,0.85999999999999999,176128,286.90145520157239
34,100033,Direct_Pointing_25pct_Power,B4_Physical_Multiobjective,Direct_Earth_to_Mars,200,172,0,28,28,0,0.85999999999999999,176128,286.90145520157239
35,100034,Control,B1_Shortest_Delay,Direct_Earth_to_Mars,200,179,0,21,21,0,0.89500000000000002,183296,623.61679339510647
35,100034,Control,B2_Contact_Aware,Direct_Earth_to_Mars,200,179,0,21,21,0,0.89500000000000002,183296,623.61679339510647
35,100034,Control,B3_Physical_Success,Direct_Earth_to_Mars,200,179,0,21,21,0,0.89500000000000002,183296,623.61679339510647
35,100034,Control,B4_Physical_Multiobjective,Direct_Earth_to_Mars,200,179,0,21,21,0,0.89500000000000002,183296,623.61679339510647
35,100034,Direct_Background_16,B1_Shortest_Delay,Direct_Earth_to_Mars,200,179,0,21,21,0,0.89500000000000002,183296,623.61679339510647
35,100034,Direct_Background_16,B2_Contact_Aware,Direct_Earth_to_Mars,200,179,0,21,21,0,0.89500000000000002,183296,623.61679339510647
35,100034,Direct_Background_16,B3_Physical_Success,Direct_Earth_to_Mars,200,179,0,21,21,0,0.89500000000000002,183296,623.61679339510647
35,100034,Direct_Background_16,B4_Physical_Multiobjective,Direct_Earth_to_Mars,200,179,0,21,21,0,0.89500000000000002,183296,623.61679339510647
35,100034,Direct_Combined_25pctPower_BG16,B1_Shortest_Delay,Direct_Earth_to_Mars,200,179,0,21,21,0,0.89500000000000002,183296,623.61679339510647
35,100034,Direct_Combined_25pctPower_BG16,B2_Contact_Aware,Direct_Earth_to_Mars,200,179,0,21,21,0,0.89500000000000002,183296,623.61679339510647
35,100034,Direct_Combined_25pctPower_BG16,B3_Physical_Success,Direct_Earth_to_Mars,200,179,0,21,21,0,0.89500000000000002,183296,623.61679339510647
35,100034,Direct_Combined_25pctPower_BG16,B4_Physical_Multiobjective,Direct_Earth_to_Mars,200,179,0,21,21,0,0.89500000000000002,183296,623.61679339510647
35,100034,Direct_Pointing_25pct_Power,B1_Shortest_Delay,Direct_Earth_to_Mars,200,179,0,21,21,0,0.89500000000000002,183296,623.61679339510647
35,100034,Direct_Pointing_25pct_Power,B2_Contact_Aware,Direct_Earth_to_Mars,200,179,0,21,21,0,0.89500000000000002,183296,623.61679339510647
35,100034,Direct_Pointing_25pct_Power,B3_Physical_Success,Direct_Earth_to_Mars,200,179,0,21,21,0,0.89500000000000002,183296,623.61679339510647
35,100034,Direct_Pointing_25pct_Power,B4_Physical_Multiobjective,Direct_Earth_to_Mars,200,179,0,21,21,0,0.89500000000000002,183296,623.61679339510647
36,100035,Control,B1_Shortest_Delay,Direct_Earth_to_Mars,200,194,0,6,6,0,0.96999999999999997,198656,1361.6590511252234
36,100035,Control,B2_Contact_Aware,Direct_Earth_to_Mars,200,194,0,6,6,0,0.96999999999999997,198656,1361.6590511252234
36,100035,Control,B3_Physical_Success,Direct_Earth_to_Mars,200,194,0,6,6,0,0.96999999999999997,198656,1361.6590511252234
36,100035,Control,B4_Physical_Multiobjective,Direct_Earth_to_Mars,200,194,0,6,6,0,0.96999999999999997,198656,1361.6590511252234
36,100035,Direct_Background_16,B1_Shortest_Delay,Direct_Earth_to_Mars,200,129,0,71,6,65,0.64500000000000002,132096,1361.6590511252207
36,100035,Direct_Background_16,B2_Contact_Aware,Direct_Earth_to_Mars,200,129,0,71,6,65,0.64500000000000002,132096,1361.6590511252207
36,100035,Direct_Background_16,B3_Physical_Success,Earth_Relay1_Mars,200,0,191,9,9,0,0,0,0
36,100035,Direct_Background_16,B4_Physical_Multiobjective,Direct_Earth_to_Mars,200,129,0,71,6,65,0.64500000000000002,132096,1361.6590511252207
36,100035,Direct_Combined_25pctPower_BG16,B1_Shortest_Delay,Direct_Earth_to_Mars,200,0,0,200,6,194,0,0,0
36,100035,Direct_Combined_25pctPower_BG16,B2_Contact_Aware,Direct_Earth_to_Mars,200,0,0,200,6,194,0,0,0
36,100035,Direct_Combined_25pctPower_BG16,B3_Physical_Success,Earth_Relay1_Mars,200,0,191,9,9,0,0,0,0
36,100035,Direct_Combined_25pctPower_BG16,B4_Physical_Multiobjective,Earth_Relay2_Mars,200,191,0,9,9,0,0.95499999999999996,195584,1428.3017917369743
36,100035,Direct_Pointing_25pct_Power,B1_Shortest_Delay,Direct_Earth_to_Mars,200,0,0,200,6,194,0,0,0
36,100035,Direct_Pointing_25pct_Power,B2_Contact_Aware,Direct_Earth_to_Mars,200,0,0,200,6,194,0,0,0
36,100035,Direct_Pointing_25pct_Power,B3_Physical_Success,Earth_Relay1_Mars,200,0,191,9,9,0,0,0,0
36,100035,Direct_Pointing_25pct_Power,B4_Physical_Multiobjective,Earth_Relay2_Mars,200,191,0,9,9,0,0.95499999999999996,195584,1428.3017917369743
37,100036,Control,B1_Shortest_Delay,Direct_Earth_to_Mars,200,170,0,30,30,0,0.84999999999999998,174080,869.09044914640185
37,100036,Control,B2_Contact_Aware,Direct_Earth_to_Mars,200,170,0,30,30,0,0.84999999999999998,174080,869.09044914640185
37,100036,Control,B3_Physical_Success,Direct_Earth_to_Mars,200,170,0,30,30,0,0.84999999999999998,174080,869.09044914640185
37,100036,Control,B4_Physical_Multiobjective,Direct_Earth_to_Mars,200,170,0,30,30,0,0.84999999999999998,174080,869.09044914640185
37,100036,Direct_Background_16,B1_Shortest_Delay,Direct_Earth_to_Mars,200,170,0,30,30,0,0.84999999999999998,174080,869.09044914640185
37,100036,Direct_Background_16,B2_Contact_Aware,Direct_Earth_to_Mars,200,170,0,30,30,0,0.84999999999999998,174080,869.09044914640185
37,100036,Direct_Background_16,B3_Physical_Success,Direct_Earth_to_Mars,200,170,0,30,30,0,0.84999999999999998,174080,869.09044914640185
37,100036,Direct_Background_16,B4_Physical_Multiobjective,Direct_Earth_to_Mars,200,170,0,30,30,0,0.84999999999999998,174080,869.09044914640185
37,100036,Direct_Combined_25pctPower_BG16,B1_Shortest_Delay,Direct_Earth_to_Mars,200,0,0,200,30,170,0,0,0
37,100036,Direct_Combined_25pctPower_BG16,B2_Contact_Aware,Direct_Earth_to_Mars,200,0,0,200,30,170,0,0,0
37,100036,Direct_Combined_25pctPower_BG16,B3_Physical_Success,Earth_Relay0_Mars,200,151,0,49,49,0,0.755,154624,1278.3907264366596
37,100036,Direct_Combined_25pctPower_BG16,B4_Physical_Multiobjective,Earth_Relay1_Mars,200,151,0,49,49,0,0.755,154624,1055.0664038586569
37,100036,Direct_Pointing_25pct_Power,B1_Shortest_Delay,Direct_Earth_to_Mars,200,164,0,36,30,6,0.81999999999999995,167936,869.09044914640185
37,100036,Direct_Pointing_25pct_Power,B2_Contact_Aware,Direct_Earth_to_Mars,200,164,0,36,30,6,0.81999999999999995,167936,869.09044914640185
37,100036,Direct_Pointing_25pct_Power,B3_Physical_Success,Direct_Earth_to_Mars,200,164,0,36,30,6,0.81999999999999995,167936,869.09044914640185
37,100036,Direct_Pointing_25pct_Power,B4_Physical_Multiobjective,Direct_Earth_to_Mars,200,164,0,36,30,6,0.81999999999999995,167936,869.09044914640185
38,100037,Control,B1_Shortest_Delay,Direct_Earth_to_Mars,200,150,0,50,50,0,0.75,153600,1349.3887833563419
38,100037,Control,B2_Contact_Aware,Direct_Earth_to_Mars,200,150,0,50,50,0,0.75,153600,1349.3887833563419
38,100037,Control,B3_Physical_Success,Direct_Earth_to_Mars,200,150,0,50,50,0,0.75,153600,1349.3887833563419
38,100037,Control,B4_Physical_Multiobjective,Direct_Earth_to_Mars,200,150,0,50,50,0,0.75,153600,1349.3887833563419
38,100037,Direct_Background_16,B1_Shortest_Delay,Direct_Earth_to_Mars,200,130,0,70,50,20,0.65000000000000002,133120,1349.3887833563408
38,100037,Direct_Background_16,B2_Contact_Aware,Direct_Earth_to_Mars,200,130,0,70,50,20,0.65000000000000002,133120,1349.3887833563408
38,100037,Direct_Background_16,B3_Physical_Success,Direct_Earth_to_Mars,200,130,0,70,50,20,0.65000000000000002,133120,1349.3887833563408
38,100037,Direct_Background_16,B4_Physical_Multiobjective,Direct_Earth_to_Mars,200,130,0,70,50,20,0.65000000000000002,133120,1349.3887833563408
38,100037,Direct_Combined_25pctPower_BG16,B1_Shortest_Delay,Direct_Earth_to_Mars,200,0,0,200,50,150,0,0,0
38,100037,Direct_Combined_25pctPower_BG16,B2_Contact_Aware,Direct_Earth_to_Mars,200,0,0,200,50,150,0,0,0
38,100037,Direct_Combined_25pctPower_BG16,B3_Physical_Success,Earth_Relay1_Mars,200,0,124,76,76,0,0,0,0
38,100037,Direct_Combined_25pctPower_BG16,B4_Physical_Multiobjective,Earth_Relay2_Mars,200,124,0,76,76,0,0.62,126976,1416.007176490627
38,100037,Direct_Pointing_25pct_Power,B1_Shortest_Delay,Direct_Earth_to_Mars,200,0,0,200,50,150,0,0,0
38,100037,Direct_Pointing_25pct_Power,B2_Contact_Aware,Direct_Earth_to_Mars,200,0,0,200,50,150,0,0,0
38,100037,Direct_Pointing_25pct_Power,B3_Physical_Success,Earth_Relay1_Mars,200,0,124,76,76,0,0,0,0
38,100037,Direct_Pointing_25pct_Power,B4_Physical_Multiobjective,Earth_Relay2_Mars,200,124,0,76,76,0,0.62,126976,1416.007176490627
39,100038,Control,B1_Shortest_Delay,Direct_Earth_to_Mars,200,181,0,19,19,0,0.90500000000000003,185344,323.14090447048318
39,100038,Control,B2_Contact_Aware,Direct_Earth_to_Mars,200,181,0,19,19,0,0.90500000000000003,185344,323.14090447048318
39,100038,Control,B3_Physical_Success,Direct_Earth_to_Mars,200,181,0,19,19,0,0.90500000000000003,185344,323.14090447048318
39,100038,Control,B4_Physical_Multiobjective,Direct_Earth_to_Mars,200,181,0,19,19,0,0.90500000000000003,185344,323.14090447048318
39,100038,Direct_Background_16,B1_Shortest_Delay,Direct_Earth_to_Mars,200,181,0,19,19,0,0.90500000000000003,185344,323.14090447048318
39,100038,Direct_Background_16,B2_Contact_Aware,Direct_Earth_to_Mars,200,181,0,19,19,0,0.90500000000000003,185344,323.14090447048318
39,100038,Direct_Background_16,B3_Physical_Success,Direct_Earth_to_Mars,200,181,0,19,19,0,0.90500000000000003,185344,323.14090447048318
39,100038,Direct_Background_16,B4_Physical_Multiobjective,Direct_Earth_to_Mars,200,181,0,19,19,0,0.90500000000000003,185344,323.14090447048318
39,100038,Direct_Combined_25pctPower_BG16,B1_Shortest_Delay,Direct_Earth_to_Mars,200,181,0,19,19,0,0.90500000000000003,185344,323.14090447048318
39,100038,Direct_Combined_25pctPower_BG16,B2_Contact_Aware,Direct_Earth_to_Mars,200,181,0,19,19,0,0.90500000000000003,185344,323.14090447048318
39,100038,Direct_Combined_25pctPower_BG16,B3_Physical_Success,Direct_Earth_to_Mars,200,181,0,19,19,0,0.90500000000000003,185344,323.14090447048318
39,100038,Direct_Combined_25pctPower_BG16,B4_Physical_Multiobjective,Direct_Earth_to_Mars,200,181,0,19,19,0,0.90500000000000003,185344,323.14090447048318
39,100038,Direct_Pointing_25pct_Power,B1_Shortest_Delay,Direct_Earth_to_Mars,200,181,0,19,19,0,0.90500000000000003,185344,323.14090447048318
39,100038,Direct_Pointing_25pct_Power,B2_Contact_Aware,Direct_Earth_to_Mars,200,181,0,19,19,0,0.90500000000000003,185344,323.14090447048318
39,100038,Direct_Pointing_25pct_Power,B3_Physical_Success,Direct_Earth_to_Mars,200,181,0,19,19,0,0.90500000000000003,185344,323.14090447048318
39,100038,Direct_Pointing_25pct_Power,B4_Physical_Multiobjective,Direct_Earth_to_Mars,200,181,0,19,19,0,0.90500000000000003,185344,323.14090447048318
4,100003,Control,B1_Shortest_Delay,Direct_Earth_to_Mars,200,194,0,6,6,0,0.96999999999999997,198656,1057.4243111254382
4,100003,Control,B2_Contact_Aware,Direct_Earth_to_Mars,200,194,0,6,6,0,0.96999999999999997,198656,1057.4243111254382
4,100003,Control,B3_Physical_Success,Direct_Earth_to_Mars,200,194,0,6,6,0,0.96999999999999997,198656,1057.4243111254382
4,100003,Control,B4_Physical_Multiobjective,Direct_Earth_to_Mars,200,194,0,6,6,0,0.96999999999999997,198656,1057.4243111254382
4,100003,Direct_Background_16,B1_Shortest_Delay,Direct_Earth_to_Mars,200,194,0,6,6,0,0.96999999999999997,198656,1057.4243111254382
4,100003,Direct_Background_16,B2_Contact_Aware,Direct_Earth_to_Mars,200,194,0,6,6,0,0.96999999999999997,198656,1057.4243111254382
4,100003,Direct_Background_16,B3_Physical_Success,Direct_Earth_to_Mars,200,194,0,6,6,0,0.96999999999999997,198656,1057.4243111254382
4,100003,Direct_Background_16,B4_Physical_Multiobjective,Direct_Earth_to_Mars,200,194,0,6,6,0,0.96999999999999997,198656,1057.4243111254382
4,100003,Direct_Combined_25pctPower_BG16,B1_Shortest_Delay,Direct_Earth_to_Mars,200,0,0,200,6,194,0,0,0
4,100003,Direct_Combined_25pctPower_BG16,B2_Contact_Aware,Direct_Earth_to_Mars,200,0,0,200,6,194,0,0,0
4,100003,Direct_Combined_25pctPower_BG16,B3_Physical_Success,Earth_Relay0_Mars,200,188,0,12,12,0,0.93999999999999995,192512,1258.185617499176
4,100003,Direct_Combined_25pctPower_BG16,B4_Physical_Multiobjective,Earth_Relay2_Mars,200,188,0,12,12,0,0.93999999999999995,192512,1123.7278015053528
4,100003,Direct_Pointing_25pct_Power,B1_Shortest_Delay,Direct_Earth_to_Mars,200,0,0,200,6,194,0,0,0
4,100003,Direct_Pointing_25pct_Power,B2_Contact_Aware,Direct_Earth_to_Mars,200,0,0,200,6,194,0,0,0
4,100003,Direct_Pointing_25pct_Power,B3_Physical_Success,Earth_Relay0_Mars,200,188,0,12,12,0,0.93999999999999995,192512,1258.185617499176
4,100003,Direct_Pointing_25pct_Power,B4_Physical_Multiobjective,Earth_Relay2_Mars,200,188,0,12,12,0,0.93999999999999995,192512,1123.7278015053528
40,100039,Control,B1_Shortest_Delay,Direct_Earth_to_Mars,200,167,0,33,33,0,0.83499999999999996,171008,1079.3274664660958
40,100039,Control,B2_Contact_Aware,Direct_Earth_to_Mars,200,167,0,33,33,0,0.83499999999999996,171008,1079.3274664660958
40,100039,Control,B3_Physical_Success,Direct_Earth_to_Mars,200,167,0,33,33,0,0.83499999999999996,171008,1079.3274664660958
40,100039,Control,B4_Physical_Multiobjective,Direct_Earth_to_Mars,200,167,0,33,33,0,0.83499999999999996,171008,1079.3274664660958
40,100039,Direct_Background_16,B1_Shortest_Delay,Direct_Earth_to_Mars,200,167,0,33,33,0,0.83499999999999996,171008,1079.3274664660958
40,100039,Direct_Background_16,B2_Contact_Aware,Direct_Earth_to_Mars,200,167,0,33,33,0,0.83499999999999996,171008,1079.3274664660958
40,100039,Direct_Background_16,B3_Physical_Success,Direct_Earth_to_Mars,200,167,0,33,33,0,0.83499999999999996,171008,1079.3274664660958
40,100039,Direct_Background_16,B4_Physical_Multiobjective,Direct_Earth_to_Mars,200,167,0,33,33,0,0.83499999999999996,171008,1079.3274664660958
40,100039,Direct_Combined_25pctPower_BG16,B1_Shortest_Delay,Direct_Earth_to_Mars,200,0,0,200,33,167,0,0,0
40,100039,Direct_Combined_25pctPower_BG16,B2_Contact_Aware,Direct_Earth_to_Mars,200,0,0,200,33,167,0,0,0
40,100039,Direct_Combined_25pctPower_BG16,B3_Physical_Success,Earth_Relay0_Mars,200,152,0,48,48,0,0.76000000000000001,155648,1284.7165156620347
40,100039,Direct_Combined_25pctPower_BG16,B4_Physical_Multiobjective,Earth_Relay2_Mars,200,152,0,48,48,0,0.76000000000000001,155648,1145.6649501747163
40,100039,Direct_Pointing_25pct_Power,B1_Shortest_Delay,Direct_Earth_to_Mars,200,0,0,200,33,167,0,0,0
40,100039,Direct_Pointing_25pct_Power,B2_Contact_Aware,Direct_Earth_to_Mars,200,0,0,200,33,167,0,0,0
40,100039,Direct_Pointing_25pct_Power,B3_Physical_Success,Earth_Relay0_Mars,200,152,0,48,48,0,0.76000000000000001,155648,1284.7165156620347
40,100039,Direct_Pointing_25pct_Power,B4_Physical_Multiobjective,Earth_Relay2_Mars,200,152,0,48,48,0,0.76000000000000001,155648,1145.6649501747163
41,100040,Control,B1_Shortest_Delay,Direct_Earth_to_Mars,200,174,0,26,26,0,0.87,178176,1353.3347947143754
41,100040,Control,B2_Contact_Aware,Direct_Earth_to_Mars,200,174,0,26,26,0,0.87,178176,1353.3347947143754
41,100040,Control,B3_Physical_Success,Direct_Earth_to_Mars,200,174,0,26,26,0,0.87,178176,1353.3347947143754
41,100040,Control,B4_Physical_Multiobjective,Direct_Earth_to_Mars,200,174,0,26,26,0,0.87,178176,1353.3347947143754
41,100040,Direct_Background_16,B1_Shortest_Delay,Direct_Earth_to_Mars,200,135,0,65,26,39,0.67500000000000004,138240,1353.334794714375
41,100040,Direct_Background_16,B2_Contact_Aware,Direct_Earth_to_Mars,200,135,0,65,26,39,0.67500000000000004,138240,1353.334794714375
41,100040,Direct_Background_16,B3_Physical_Success,Earth_Relay1_Mars,200,0,153,47,47,0,0,0,0
41,100040,Direct_Background_16,B4_Physical_Multiobjective,Direct_Earth_to_Mars,200,135,0,65,26,39,0.67500000000000004,138240,1353.334794714375
41,100040,Direct_Combined_25pctPower_BG16,B1_Shortest_Delay,Direct_Earth_to_Mars,200,0,0,200,26,174,0,0,0
41,100040,Direct_Combined_25pctPower_BG16,B2_Contact_Aware,Direct_Earth_to_Mars,200,0,0,200,26,174,0,0,0
41,100040,Direct_Combined_25pctPower_BG16,B3_Physical_Success,Earth_Relay1_Mars,200,0,153,47,47,0,0,0,0
41,100040,Direct_Combined_25pctPower_BG16,B4_Physical_Multiobjective,Earth_Relay2_Mars,200,153,0,47,47,0,0.76500000000000001,156672,1419.9604562525567
41,100040,Direct_Pointing_25pct_Power,B1_Shortest_Delay,Direct_Earth_to_Mars,200,0,0,200,26,174,0,0,0
41,100040,Direct_Pointing_25pct_Power,B2_Contact_Aware,Direct_Earth_to_Mars,200,0,0,200,26,174,0,0,0
41,100040,Direct_Pointing_25pct_Power,B3_Physical_Success,Earth_Relay1_Mars,200,0,153,47,47,0,0,0,0
41,100040,Direct_Pointing_25pct_Power,B4_Physical_Multiobjective,Earth_Relay2_Mars,200,153,0,47,47,0,0.76500000000000001,156672,1419.9604562525567
42,100041,Control,B1_Shortest_Delay,Direct_Earth_to_Mars,200,181,0,19,19,0,0.90500000000000003,185344,1298.0227062004267
42,100041,Control,B2_Contact_Aware,Direct_Earth_to_Mars,200,181,0,19,19,0,0.90500000000000003,185344,1298.0227062004267
42,100041,Control,B3_Physical_Success,Direct_Earth_to_Mars,200,181,0,19,19,0,0.90500000000000003,185344,1298.0227062004267
42,100041,Control,B4_Physical_Multiobjective,Direct_Earth_to_Mars,200,181,0,19,19,0,0.90500000000000003,185344,1298.0227062004267
42,100041,Direct_Background_16,B1_Shortest_Delay,Direct_Earth_to_Mars,200,178,0,22,19,3,0.89000000000000001,182272,1298.0227062004267
42,100041,Direct_Background_16,B2_Contact_Aware,Direct_Earth_to_Mars,200,178,0,22,19,3,0.89000000000000001,182272,1298.0227062004267
42,100041,Direct_Background_16,B3_Physical_Success,Direct_Earth_to_Mars,200,178,0,22,19,3,0.89000000000000001,182272,1298.0227062004267
42,100041,Direct_Background_16,B4_Physical_Multiobjective,Direct_Earth_to_Mars,200,178,0,22,19,3,0.89000000000000001,182272,1298.0227062004267
42,100041,Direct_Combined_25pctPower_BG16,B1_Shortest_Delay,Direct_Earth_to_Mars,200,0,0,200,19,181,0,0,0
42,100041,Direct_Combined_25pctPower_BG16,B2_Contact_Aware,Direct_Earth_to_Mars,200,0,0,200,19,181,0,0,0
42,100041,Direct_Combined_25pctPower_BG16,B3_Physical_Success,Earth_Relay0_Mars,200,0,154,46,46,0,0,0,0
42,100041,Direct_Combined_25pctPower_BG16,B4_Physical_Multiobjective,Earth_Relay2_Mars,200,154,0,46,46,0,0.77000000000000002,157696,1364.6447027486793
42,100041,Direct_Pointing_25pct_Power,B1_Shortest_Delay,Direct_Earth_to_Mars,200,0,0,200,19,181,0,0,0
42,100041,Direct_Pointing_25pct_Power,B2_Contact_Aware,Direct_Earth_to_Mars,200,0,0,200,19,181,0,0,0
42,100041,Direct_Pointing_25pct_Power,B3_Physical_Success,Earth_Relay0_Mars,200,0,154,46,46,0,0,0,0
42,100041,Direct_Pointing_25pct_Power,B4_Physical_Multiobjective,Earth_Relay2_Mars,200,154,0,46,46,0,0.77000000000000002,157696,1364.6447027486793
43,100042,Control,B1_Shortest_Delay,Direct_Earth_to_Mars,200,183,0,17,17,0,0.91500000000000004,187392,1364.8308421635591
43,100042,Control,B2_Contact_Aware,Direct_Earth_to_Mars,200,183,0,17,17,0,0.91500000000000004,187392,1364.8308421635591
43,100042,Control,B3_Physical_Success,Direct_Earth_to_Mars,200,183,0,17,17,0,0.91500000000000004,187392,1364.8308421635591
43,100042,Control,B4_Physical_Multiobjective,Direct_Earth_to_Mars,200,183,0,17,17,0,0.91500000000000004,187392,1364.8308421635591
43,100042,Direct_Background_16,B1_Shortest_Delay,Direct_Earth_to_Mars,200,125,0,75,17,58,0.625,128000,1364.8308421635591
43,100042,Direct_Background_16,B2_Contact_Aware,Direct_Earth_to_Mars,200,125,0,75,17,58,0.625,128000,1364.8308421635591
43,100042,Direct_Background_16,B3_Physical_Success,Earth_Relay0_Mars,200,0,173,27,27,0,0,0,0
43,100042,Direct_Background_16,B4_Physical_Multiobjective,Direct_Earth_to_Mars,200,125,0,75,17,58,0.625,128000,1364.8308421635591
43,100042,Direct_Combined_25pctPower_BG16,B1_Shortest_Delay,Direct_Earth_to_Mars,200,0,0,200,17,183,0,0,0
43,100042,Direct_Combined_25pctPower_BG16,B2_Contact_Aware,Direct_Earth_to_Mars,200,0,0,200,17,183,0,0,0
43,100042,Direct_Combined_25pctPower_BG16,B3_Physical_Success,Earth_Relay0_Mars,200,0,173,27,27,0,0,0,0
43,100042,Direct_Combined_25pctPower_BG16,B4_Physical_Multiobjective,Earth_Relay2_Mars,200,173,0,27,27,0,0.86499999999999999,177152,1431.5013982663806
43,100042,Direct_Pointing_25pct_Power,B1_Shortest_Delay,Direct_Earth_to_Mars,200,0,0,200,17,183,0,0,0
43,100042,Direct_Pointing_25pct_Power,B2_Contact_Aware,Direct_Earth_to_Mars,200,0,0,200,17,183,0,0,0
43,100042,Direct_Pointing_25pct_Power,B3_Physical_Success,Earth_Relay0_Mars,200,0,173,27,27,0,0,0,0
43,100042,Direct_Pointing_25pct_Power,B4_Physical_Multiobjective,Earth_Relay2_Mars,200,173,0,27,27,0,0.86499999999999999,177152,1431.5013982663806
44,100043,Control,B1_Shortest_Delay,Direct_Earth_to_Mars,200,193,0,7,7,0,0.96499999999999997,197632,1343.0166333846632
44,100043,Control,B2_Contact_Aware,Direct_Earth_to_Mars,200,193,0,7,7,0,0.96499999999999997,197632,1343.0166333846632
44,100043,Control,B3_Physical_Success,Direct_Earth_to_Mars,200,193,0,7,7,0,0.96499999999999997,197632,1343.0166333846632
44,100043,Control,B4_Physical_Multiobjective,Direct_Earth_to_Mars,200,193,0,7,7,0,0.96499999999999997,197632,1343.0166333846632
44,100043,Direct_Background_16,B1_Shortest_Delay,Direct_Earth_to_Mars,200,187,0,13,7,6,0.93500000000000005,191488,1343.0166333846635
44,100043,Direct_Background_16,B2_Contact_Aware,Direct_Earth_to_Mars,200,187,0,13,7,6,0.93500000000000005,191488,1343.0166333846635
44,100043,Direct_Background_16,B3_Physical_Success,Direct_Earth_to_Mars,200,187,0,13,7,6,0.93500000000000005,191488,1343.0166333846635
44,100043,Direct_Background_16,B4_Physical_Multiobjective,Direct_Earth_to_Mars,200,187,0,13,7,6,0.93500000000000005,191488,1343.0166333846635
44,100043,Direct_Combined_25pctPower_BG16,B1_Shortest_Delay,Direct_Earth_to_Mars,200,0,0,200,7,193,0,0,0
44,100043,Direct_Combined_25pctPower_BG16,B2_Contact_Aware,Direct_Earth_to_Mars,200,0,0,200,7,193,0,0,0
44,100043,Direct_Combined_25pctPower_BG16,B3_Physical_Success,Earth_Relay1_Mars,200,0,187,13,13,0,0,0,0
44,100043,Direct_Combined_25pctPower_BG16,B4_Physical_Multiobjective,Earth_Relay2_Mars,200,187,0,13,13,0,0.93500000000000005,191488,1409.6238937691598
44,100043,Direct_Pointing_25pct_Power,B1_Shortest_Delay,Direct_Earth_to_Mars,200,0,0,200,7,193,0,0,0
44,100043,Direct_Pointing_25pct_Power,B2_Contact_Aware,Direct_Earth_to_Mars,200,0,0,200,7,193,0,0,0
44,100043,Direct_Pointing_25pct_Power,B3_Physical_Success,Earth_Relay1_Mars,200,0,187,13,13,0,0,0,0
44,100043,Direct_Pointing_25pct_Power,B4_Physical_Multiobjective,Earth_Relay2_Mars,200,187,0,13,13,0,0.93500000000000005,191488,1409.6238937691598
45,100044,Control,B1_Shortest_Delay,Direct_Earth_to_Mars,200,175,0,25,25,0,0.875,179200,905.61288227991929
45,100044,Control,B2_Contact_Aware,Direct_Earth_to_Mars,200,175,0,25,25,0,0.875,179200,905.61288227991929
45,100044,Control,B3_Physical_Success,Direct_Earth_to_Mars,200,175,0,25,25,0,0.875,179200,905.61288227991929
45,100044,Control,B4_Physical_Multiobjective,Direct_Earth_to_Mars,200,175,0,25,25,0,0.875,179200,905.61288227991929
45,100044,Direct_Background_16,B1_Shortest_Delay,Direct_Earth_to_Mars,200,175,0,25,25,0,0.875,179200,905.61288227991929
45,100044,Direct_Background_16,B2_Contact_Aware,Direct_Earth_to_Mars,200,175,0,25,25,0,0.875,179200,905.61288227991929
45,100044,Direct_Background_16,B3_Physical_Success,Direct_Earth_to_Mars,200,175,0,25,25,0,0.875,179200,905.61288227991929
45,100044,Direct_Background_16,B4_Physical_Multiobjective,Direct_Earth_to_Mars,200,175,0,25,25,0,0.875,179200,905.61288227991929
45,100044,Direct_Combined_25pctPower_BG16,B1_Shortest_Delay,Direct_Earth_to_Mars,200,0,0,200,25,175,0,0,0
45,100044,Direct_Combined_25pctPower_BG16,B2_Contact_Aware,Direct_Earth_to_Mars,200,0,0,200,25,175,0,0,0
45,100044,Direct_Combined_25pctPower_BG16,B3_Physical_Success,Earth_Relay1_Mars,200,159,0,41,41,0,0.79500000000000004,162816,1094.6995172915138
45,100044,Direct_Combined_25pctPower_BG16,B4_Physical_Multiobjective,Earth_Relay2_Mars,200,159,0,41,41,0,0.79500000000000004,162816,971.70832627333345
45,100044,Direct_Pointing_25pct_Power,B1_Shortest_Delay,Direct_Earth_to_Mars,200,117,0,83,25,58,0.58499999999999996,119808,905.61288227992179
45,100044,Direct_Pointing_25pct_Power,B2_Contact_Aware,Direct_Earth_to_Mars,200,117,0,83,25,58,0.58499999999999996,119808,905.61288227992179
45,100044,Direct_Pointing_25pct_Power,B3_Physical_Success,Earth_Relay1_Mars,200,159,0,41,41,0,0.79500000000000004,162816,1094.6995172915138
45,100044,Direct_Pointing_25pct_Power,B4_Physical_Multiobjective,Direct_Earth_to_Mars,200,117,0,83,25,58,0.58499999999999996,119808,905.61288227992179
46,100045,Control,B1_Shortest_Delay,Direct_Earth_to_Mars,200,192,0,8,8,0,0.95999999999999996,196608,1364.3629795303511
46,100045,Control,B2_Contact_Aware,Direct_Earth_to_Mars,200,192,0,8,8,0,0.95999999999999996,196608,1364.3629795303511
46,100045,Control,B3_Physical_Success,Direct_Earth_to_Mars,200,192,0,8,8,0,0.95999999999999996,196608,1364.3629795303511
46,100045,Control,B4_Physical_Multiobjective,Direct_Earth_to_Mars,200,192,0,8,8,0,0.95999999999999996,196608,1364.3629795303511
46,100045,Direct_Background_16,B1_Shortest_Delay,Direct_Earth_to_Mars,200,178,0,22,8,14,0.89000000000000001,182272,1364.3629795303507
46,100045,Direct_Background_16,B2_Contact_Aware,Direct_Earth_to_Mars,200,178,0,22,8,14,0.89000000000000001,182272,1364.3629795303507
46,100045,Direct_Background_16,B3_Physical_Success,Earth_Relay1_Mars,200,0,187,13,13,0,0,0,0
46,100045,Direct_Background_16,B4_Physical_Multiobjective,Direct_Earth_to_Mars,200,178,0,22,8,14,0.89000000000000001,182272,1364.3629795303507
46,100045,Direct_Combined_25pctPower_BG16,B1_Shortest_Delay,Direct_Earth_to_Mars,200,0,0,200,8,192,0,0,0
46,100045,Direct_Combined_25pctPower_BG16,B2_Contact_Aware,Direct_Earth_to_Mars,200,0,0,200,8,192,0,0,0
46,100045,Direct_Combined_25pctPower_BG16,B3_Physical_Success,Earth_Relay1_Mars,200,0,187,13,13,0,0,0,0
46,100045,Direct_Combined_25pctPower_BG16,B4_Physical_Multiobjective,Earth_Relay2_Mars,200,187,0,13,13,0,0.93500000000000005,191488,1431.0336993281364
46,100045,Direct_Pointing_25pct_Power,B1_Shortest_Delay,Direct_Earth_to_Mars,200,0,0,200,8,192,0,0,0
46,100045,Direct_Pointing_25pct_Power,B2_Contact_Aware,Direct_Earth_to_Mars,200,0,0,200,8,192,0,0,0
46,100045,Direct_Pointing_25pct_Power,B3_Physical_Success,Earth_Relay1_Mars,200,0,187,13,13,0,0,0,0
46,100045,Direct_Pointing_25pct_Power,B4_Physical_Multiobjective,Earth_Relay2_Mars,200,187,0,13,13,0,0.93500000000000005,191488,1431.0336993281364
47,100046,Control,B1_Shortest_Delay,Direct_Earth_to_Mars,200,175,0,25,25,0,0.875,179200,1054.717068437749
47,100046,Control,B2_Contact_Aware,Direct_Earth_to_Mars,200,175,0,25,25,0,0.875,179200,1054.717068437749
47,100046,Control,B3_Physical_Success,Direct_Earth_to_Mars,200,175,0,25,25,0,0.875,179200,1054.717068437749
47,100046,Control,B4_Physical_Multiobjective,Direct_Earth_to_Mars,200,175,0,25,25,0,0.875,179200,1054.717068437749
47,100046,Direct_Background_16,B1_Shortest_Delay,Direct_Earth_to_Mars,200,175,0,25,25,0,0.875,179200,1054.717068437749
47,100046,Direct_Background_16,B2_Contact_Aware,Direct_Earth_to_Mars,200,175,0,25,25,0,0.875,179200,1054.717068437749
47,100046,Direct_Background_16,B3_Physical_Success,Direct_Earth_to_Mars,200,175,0,25,25,0,0.875,179200,1054.717068437749
47,100046,Direct_Background_16,B4_Physical_Multiobjective,Direct_Earth_to_Mars,200,175,0,25,25,0,0.875,179200,1054.717068437749
47,100046,Direct_Combined_25pctPower_BG16,B1_Shortest_Delay,Direct_Earth_to_Mars,200,0,0,200,25,175,0,0,0
47,100046,Direct_Combined_25pctPower_BG16,B2_Contact_Aware,Direct_Earth_to_Mars,200,0,0,200,25,175,0,0,0
47,100046,Direct_Combined_25pctPower_BG16,B3_Physical_Success,Earth_Relay0_Mars,200,155,0,45,45,0,0.77500000000000002,158720,1254.925952220859
47,100046,Direct_Combined_25pctPower_BG16,B4_Physical_Multiobjective,Earth_Relay0_Mars,200,155,0,45,45,0,0.77500000000000002,158720,1254.925952220859
47,100046,Direct_Pointing_25pct_Power,B1_Shortest_Delay,Direct_Earth_to_Mars,200,0,0,200,25,175,0,0,0
47,100046,Direct_Pointing_25pct_Power,B2_Contact_Aware,Direct_Earth_to_Mars,200,0,0,200,25,175,0,0,0
47,100046,Direct_Pointing_25pct_Power,B3_Physical_Success,Earth_Relay0_Mars,200,155,0,45,45,0,0.77500000000000002,158720,1254.925952220859
47,100046,Direct_Pointing_25pct_Power,B4_Physical_Multiobjective,Earth_Relay0_Mars,200,155,0,45,45,0,0.77500000000000002,158720,1254.925952220859
48,100047,Control,B1_Shortest_Delay,Direct_Earth_to_Mars,200,186,0,14,14,0,0.93000000000000005,190464,1367.4702192765239
48,100047,Control,B2_Contact_Aware,Direct_Earth_to_Mars,200,186,0,14,14,0,0.93000000000000005,190464,1367.4702192765239
48,100047,Control,B3_Physical_Success,Direct_Earth_to_Mars,200,186,0,14,14,0,0.93000000000000005,190464,1367.4702192765239
48,100047,Control,B4_Physical_Multiobjective,Direct_Earth_to_Mars,200,186,0,14,14,0,0.93000000000000005,190464,1367.4702192765239
48,100047,Direct_Background_16,B1_Shortest_Delay,Direct_Earth_to_Mars,200,107,0,93,14,79,0.53500000000000003,109568,1367.4702192765228
48,100047,Direct_Background_16,B2_Contact_Aware,Direct_Earth_to_Mars,200,107,0,93,14,79,0.53500000000000003,109568,1367.4702192765228
48,100047,Direct_Background_16,B3_Physical_Success,Earth_Relay1_Mars,200,0,178,22,22,0,0,0,0
48,100047,Direct_Background_16,B4_Physical_Multiobjective,Direct_Earth_to_Mars,200,107,0,93,14,79,0.53500000000000003,109568,1367.4702192765228
48,100047,Direct_Combined_25pctPower_BG16,B1_Shortest_Delay,Direct_Earth_to_Mars,200,0,0,200,14,186,0,0,0
48,100047,Direct_Combined_25pctPower_BG16,B2_Contact_Aware,Direct_Earth_to_Mars,200,0,0,200,14,186,0,0,0
48,100047,Direct_Combined_25pctPower_BG16,B3_Physical_Success,Earth_Relay1_Mars,200,0,178,22,22,0,0,0,0
48,100047,Direct_Combined_25pctPower_BG16,B4_Physical_Multiobjective,Earth_Relay2_Mars,200,178,0,22,22,0,0.89000000000000001,182272,1434.1377454591345
48,100047,Direct_Pointing_25pct_Power,B1_Shortest_Delay,Direct_Earth_to_Mars,200,0,0,200,14,186,0,0,0
48,100047,Direct_Pointing_25pct_Power,B2_Contact_Aware,Direct_Earth_to_Mars,200,0,0,200,14,186,0,0,0
48,100047,Direct_Pointing_25pct_Power,B3_Physical_Success,Earth_Relay1_Mars,200,0,178,22,22,0,0,0,0
48,100047,Direct_Pointing_25pct_Power,B4_Physical_Multiobjective,Earth_Relay2_Mars,200,178,0,22,22,0,0.89000000000000001,182272,1434.1377454591345
49,100048,Control,B1_Shortest_Delay,Direct_Earth_to_Mars,200,172,0,28,28,0,0.85999999999999999,176128,1193.944295080988
49,100048,Control,B2_Contact_Aware,Direct_Earth_to_Mars,200,172,0,28,28,0,0.85999999999999999,176128,1193.944295080988
49,100048,Control,B3_Physical_Success,Direct_Earth_to_Mars,200,172,0,28,28,0,0.85999999999999999,176128,1193.944295080988
49,100048,Control,B4_Physical_Multiobjective,Direct_Earth_to_Mars,200,172,0,28,28,0,0.85999999999999999,176128,1193.944295080988
49,100048,Direct_Background_16,B1_Shortest_Delay,Direct_Earth_to_Mars,200,172,0,28,28,0,0.85999999999999999,176128,1193.944295080988
49,100048,Direct_Background_16,B2_Contact_Aware,Direct_Earth_to_Mars,200,172,0,28,28,0,0.85999999999999999,176128,1193.944295080988
49,100048,Direct_Background_16,B3_Physical_Success,Direct_Earth_to_Mars,200,172,0,28,28,0,0.85999999999999999,176128,1193.944295080988
49,100048,Direct_Background_16,B4_Physical_Multiobjective,Direct_Earth_to_Mars,200,172,0,28,28,0,0.85999999999999999,176128,1193.944295080988
49,100048,Direct_Combined_25pctPower_BG16,B1_Shortest_Delay,Direct_Earth_to_Mars,200,0,0,200,28,172,0,0,0
49,100048,Direct_Combined_25pctPower_BG16,B2_Contact_Aware,Direct_Earth_to_Mars,200,0,0,200,28,172,0,0,0
49,100048,Direct_Combined_25pctPower_BG16,B3_Physical_Success,Earth_Relay0_Mars,200,145,0,55,55,0,0.72499999999999998,148480,1428.5412100733574
49,100048,Direct_Combined_25pctPower_BG16,B4_Physical_Multiobjective,Earth_Relay0_Mars,200,145,0,55,55,0,0.72499999999999998,148480,1428.5412100733574
49,100048,Direct_Pointing_25pct_Power,B1_Shortest_Delay,Direct_Earth_to_Mars,200,0,0,200,28,172,0,0,0
49,100048,Direct_Pointing_25pct_Power,B2_Contact_Aware,Direct_Earth_to_Mars,200,0,0,200,28,172,0,0,0
49,100048,Direct_Pointing_25pct_Power,B3_Physical_Success,Earth_Relay0_Mars,200,145,0,55,55,0,0.72499999999999998,148480,1428.5412100733574
49,100048,Direct_Pointing_25pct_Power,B4_Physical_Multiobjective,Earth_Relay0_Mars,200,145,0,55,55,0,0.72499999999999998,148480,1428.5412100733574
5,100004,Control,B1_Shortest_Delay,Direct_Earth_to_Mars,200,174,0,26,26,0,0.87,178176,444.68053992136305
5,100004,Control,B2_Contact_Aware,Direct_Earth_to_Mars,200,174,0,26,26,0,0.87,178176,444.68053992136305
5,100004,Control,B3_Physical_Success,Direct_Earth_to_Mars,200,174,0,26,26,0,0.87,178176,444.68053992136305
5,100004,Control,B4_Physical_Multiobjective,Direct_Earth_to_Mars,200,174,0,26,26,0,0.87,178176,444.68053992136305
5,100004,Direct_Background_16,B1_Shortest_Delay,Direct_Earth_to_Mars,200,174,0,26,26,0,0.87,178176,444.68053992136305
5,100004,Direct_Background_16,B2_Contact_Aware,Direct_Earth_to_Mars,200,174,0,26,26,0,0.87,178176,444.68053992136305
5,100004,Direct_Background_16,B3_Physical_Success,Direct_Earth_to_Mars,200,174,0,26,26,0,0.87,178176,444.68053992136305
5,100004,Direct_Background_16,B4_Physical_Multiobjective,Direct_Earth_to_Mars,200,174,0,26,26,0,0.87,178176,444.68053992136305
5,100004,Direct_Combined_25pctPower_BG16,B1_Shortest_Delay,Direct_Earth_to_Mars,200,174,0,26,26,0,0.87,178176,444.68053992136305
5,100004,Direct_Combined_25pctPower_BG16,B2_Contact_Aware,Direct_Earth_to_Mars,200,174,0,26,26,0,0.87,178176,444.68053992136305
5,100004,Direct_Combined_25pctPower_BG16,B3_Physical_Success,Direct_Earth_to_Mars,200,174,0,26,26,0,0.87,178176,444.68053992136305
5,100004,Direct_Combined_25pctPower_BG16,B4_Physical_Multiobjective,Direct_Earth_to_Mars,200,174,0,26,26,0,0.87,178176,444.68053992136305
5,100004,Direct_Pointing_25pct_Power,B1_Shortest_Delay,Direct_Earth_to_Mars,200,174,0,26,26,0,0.87,178176,444.68053992136305
5,100004,Direct_Pointing_25pct_Power,B2_Contact_Aware,Direct_Earth_to_Mars,200,174,0,26,26,0,0.87,178176,444.68053992136305
5,100004,Direct_Pointing_25pct_Power,B3_Physical_Success,Direct_Earth_to_Mars,200,174,0,26,26,0,0.87,178176,444.68053992136305
5,100004,Direct_Pointing_25pct_Power,B4_Physical_Multiobjective,Direct_Earth_to_Mars,200,174,0,26,26,0,0.87,178176,444.68053992136305
50,100049,Control,B1_Shortest_Delay,Direct_Earth_to_Mars,200,192,0,8,8,0,0.95999999999999996,196608,1332.7504772336749
50,100049,Control,B2_Contact_Aware,Direct_Earth_to_Mars,200,192,0,8,8,0,0.95999999999999996,196608,1332.7504772336749
50,100049,Control,B3_Physical_Success,Direct_Earth_to_Mars,200,192,0,8,8,0,0.95999999999999996,196608,1332.7504772336749
50,100049,Control,B4_Physical_Multiobjective,Direct_Earth_to_Mars,200,192,0,8,8,0,0.95999999999999996,196608,1332.7504772336749
50,100049,Direct_Background_16,B1_Shortest_Delay,Direct_Earth_to_Mars,200,186,0,14,8,6,0.93000000000000005,190464,1332.7504772336752
50,100049,Direct_Background_16,B2_Contact_Aware,Direct_Earth_to_Mars,200,186,0,14,8,6,0.93000000000000005,190464,1332.7504772336752
50,100049,Direct_Background_16,B3_Physical_Success,Direct_Earth_to_Mars,200,186,0,14,8,6,0.93000000000000005,190464,1332.7504772336752
50,100049,Direct_Background_16,B4_Physical_Multiobjective,Direct_Earth_to_Mars,200,186,0,14,8,6,0.93000000000000005,190464,1332.7504772336752
50,100049,Direct_Combined_25pctPower_BG16,B1_Shortest_Delay,Direct_Earth_to_Mars,200,0,0,200,8,192,0,0,0
50,100049,Direct_Combined_25pctPower_BG16,B2_Contact_Aware,Direct_Earth_to_Mars,200,0,0,200,8,192,0,0,0
50,100049,Direct_Combined_25pctPower_BG16,B3_Physical_Success,Earth_Relay0_Mars,200,0,176,24,24,0,0,0,0
50,100049,Direct_Combined_25pctPower_BG16,B4_Physical_Multiobjective,Earth_Relay2_Mars,200,176,0,24,24,0,0.88,180224,1399.4044887128327
50,100049,Direct_Pointing_25pct_Power,B1_Shortest_Delay,Direct_Earth_to_Mars,200,0,0,200,8,192,0,0,0
50,100049,Direct_Pointing_25pct_Power,B2_Contact_Aware,Direct_Earth_to_Mars,200,0,0,200,8,192,0,0,0
50,100049,Direct_Pointing_25pct_Power,B3_Physical_Success,Earth_Relay0_Mars,200,0,176,24,24,0,0,0,0
50,100049,Direct_Pointing_25pct_Power,B4_Physical_Multiobjective,Earth_Relay2_Mars,200,176,0,24,24,0,0.88,180224,1399.4044887128327
51,100050,Control,B1_Shortest_Delay,Direct_Earth_to_Mars,200,184,0,16,16,0,0.92000000000000004,188416,595.05759850775928
51,100050,Control,B2_Contact_Aware,Direct_Earth_to_Mars,200,184,0,16,16,0,0.92000000000000004,188416,595.05759850775928
51,100050,Control,B3_Physical_Success,Direct_Earth_to_Mars,200,184,0,16,16,0,0.92000000000000004,188416,595.05759850775928
51,100050,Control,B4_Physical_Multiobjective,Direct_Earth_to_Mars,200,184,0,16,16,0,0.92000000000000004,188416,595.05759850775928
51,100050,Direct_Background_16,B1_Shortest_Delay,Direct_Earth_to_Mars,200,184,0,16,16,0,0.92000000000000004,188416,595.05759850775928
51,100050,Direct_Background_16,B2_Contact_Aware,Direct_Earth_to_Mars,200,184,0,16,16,0,0.92000000000000004,188416,595.05759850775928
51,100050,Direct_Background_16,B3_Physical_Success,Direct_Earth_to_Mars,200,184,0,16,16,0,0.92000000000000004,188416,595.05759850775928
51,100050,Direct_Background_16,B4_Physical_Multiobjective,Direct_Earth_to_Mars,200,184,0,16,16,0,0.92000000000000004,188416,595.05759850775928
51,100050,Direct_Combined_25pctPower_BG16,B1_Shortest_Delay,Direct_Earth_to_Mars,200,184,0,16,16,0,0.92000000000000004,188416,595.05759850775928
51,100050,Direct_Combined_25pctPower_BG16,B2_Contact_Aware,Direct_Earth_to_Mars,200,184,0,16,16,0,0.92000000000000004,188416,595.05759850775928
51,100050,Direct_Combined_25pctPower_BG16,B3_Physical_Success,Direct_Earth_to_Mars,200,184,0,16,16,0,0.92000000000000004,188416,595.05759850775928
51,100050,Direct_Combined_25pctPower_BG16,B4_Physical_Multiobjective,Direct_Earth_to_Mars,200,184,0,16,16,0,0.92000000000000004,188416,595.05759850775928
51,100050,Direct_Pointing_25pct_Power,B1_Shortest_Delay,Direct_Earth_to_Mars,200,184,0,16,16,0,0.92000000000000004,188416,595.05759850775928
51,100050,Direct_Pointing_25pct_Power,B2_Contact_Aware,Direct_Earth_to_Mars,200,184,0,16,16,0,0.92000000000000004,188416,595.05759850775928
51,100050,Direct_Pointing_25pct_Power,B3_Physical_Success,Direct_Earth_to_Mars,200,184,0,16,16,0,0.92000000000000004,188416,595.05759850775928
51,100050,Direct_Pointing_25pct_Power,B4_Physical_Multiobjective,Direct_Earth_to_Mars,200,184,0,16,16,0,0.92000000000000004,188416,595.05759850775928
52,100051,Control,B1_Shortest_Delay,Direct_Earth_to_Mars,200,198,0,2,2,0,0.98999999999999999,202752,1156.4045762032551
52,100051,Control,B2_Contact_Aware,Direct_Earth_to_Mars,200,198,0,2,2,0,0.98999999999999999,202752,1156.4045762032551
52,100051,Control,B3_Physical_Success,Direct_Earth_to_Mars,200,198,0,2,2,0,0.98999999999999999,202752,1156.4045762032551
52,100051,Control,B4_Physical_Multiobjective,Direct_Earth_to_Mars,200,198,0,2,2,0,0.98999999999999999,202752,1156.4045762032551
52,100051,Direct_Background_16,B1_Shortest_Delay,Direct_Earth_to_Mars,200,198,0,2,2,0,0.98999999999999999,202752,1156.4045762032551
52,100051,Direct_Background_16,B2_Contact_Aware,Direct_Earth_to_Mars,200,198,0,2,2,0,0.98999999999999999,202752,1156.4045762032551
52,100051,Direct_Background_16,B3_Physical_Success,Direct_Earth_to_Mars,200,198,0,2,2,0,0.98999999999999999,202752,1156.4045762032551
52,100051,Direct_Background_16,B4_Physical_Multiobjective,Direct_Earth_to_Mars,200,198,0,2,2,0,0.98999999999999999,202752,1156.4045762032551
52,100051,Direct_Combined_25pctPower_BG16,B1_Shortest_Delay,Direct_Earth_to_Mars,200,0,0,200,2,198,0,0,0
52,100051,Direct_Combined_25pctPower_BG16,B2_Contact_Aware,Direct_Earth_to_Mars,200,0,0,200,2,198,0,0,0
52,100051,Direct_Combined_25pctPower_BG16,B3_Physical_Success,Earth_Relay2_Mars,200,194,0,6,6,0,0.96999999999999997,198656,1222.759399367663
52,100051,Direct_Combined_25pctPower_BG16,B4_Physical_Multiobjective,Earth_Relay2_Mars,200,194,0,6,6,0,0.96999999999999997,198656,1222.759399367663
52,100051,Direct_Pointing_25pct_Power,B1_Shortest_Delay,Direct_Earth_to_Mars,200,0,0,200,2,198,0,0,0
52,100051,Direct_Pointing_25pct_Power,B2_Contact_Aware,Direct_Earth_to_Mars,200,0,0,200,2,198,0,0,0
52,100051,Direct_Pointing_25pct_Power,B3_Physical_Success,Earth_Relay2_Mars,200,194,0,6,6,0,0.96999999999999997,198656,1222.759399367663
52,100051,Direct_Pointing_25pct_Power,B4_Physical_Multiobjective,Earth_Relay2_Mars,200,194,0,6,6,0,0.96999999999999997,198656,1222.759399367663
53,100052,Control,B1_Shortest_Delay,Direct_Earth_to_Mars,200,184,0,16,16,0,0.92000000000000004,188416,424.614346022907
53,100052,Control,B2_Contact_Aware,Direct_Earth_to_Mars,200,184,0,16,16,0,0.92000000000000004,188416,424.614346022907
53,100052,Control,B3_Physical_Success,Direct_Earth_to_Mars,200,184,0,16,16,0,0.92000000000000004,188416,424.614346022907
53,100052,Control,B4_Physical_Multiobjective,Direct_Earth_to_Mars,200,184,0,16,16,0,0.92000000000000004,188416,424.614346022907
53,100052,Direct_Background_16,B1_Shortest_Delay,Direct_Earth_to_Mars,200,184,0,16,16,0,0.92000000000000004,188416,424.614346022907
53,100052,Direct_Background_16,B2_Contact_Aware,Direct_Earth_to_Mars,200,184,0,16,16,0,0.92000000000000004,188416,424.614346022907
53,100052,Direct_Background_16,B3_Physical_Success,Direct_Earth_to_Mars,200,184,0,16,16,0,0.92000000000000004,188416,424.614346022907
53,100052,Direct_Background_16,B4_Physical_Multiobjective,Direct_Earth_to_Mars,200,184,0,16,16,0,0.92000000000000004,188416,424.614346022907
53,100052,Direct_Combined_25pctPower_BG16,B1_Shortest_Delay,Direct_Earth_to_Mars,200,184,0,16,16,0,0.92000000000000004,188416,424.614346022907
53,100052,Direct_Combined_25pctPower_BG16,B2_Contact_Aware,Direct_Earth_to_Mars,200,184,0,16,16,0,0.92000000000000004,188416,424.614346022907
53,100052,Direct_Combined_25pctPower_BG16,B3_Physical_Success,Direct_Earth_to_Mars,200,184,0,16,16,0,0.92000000000000004,188416,424.614346022907
53,100052,Direct_Combined_25pctPower_BG16,B4_Physical_Multiobjective,Direct_Earth_to_Mars,200,184,0,16,16,0,0.92000000000000004,188416,424.614346022907
53,100052,Direct_Pointing_25pct_Power,B1_Shortest_Delay,Direct_Earth_to_Mars,200,184,0,16,16,0,0.92000000000000004,188416,424.614346022907
53,100052,Direct_Pointing_25pct_Power,B2_Contact_Aware,Direct_Earth_to_Mars,200,184,0,16,16,0,0.92000000000000004,188416,424.614346022907
53,100052,Direct_Pointing_25pct_Power,B3_Physical_Success,Direct_Earth_to_Mars,200,184,0,16,16,0,0.92000000000000004,188416,424.614346022907
53,100052,Direct_Pointing_25pct_Power,B4_Physical_Multiobjective,Direct_Earth_to_Mars,200,184,0,16,16,0,0.92000000000000004,188416,424.614346022907
54,100053,Control,B1_Shortest_Delay,Direct_Earth_to_Mars,200,169,0,31,31,0,0.84499999999999997,173056,1340.9033053439921
54,100053,Control,B2_Contact_Aware,Direct_Earth_to_Mars,200,169,0,31,31,0,0.84499999999999997,173056,1340.9033053439921
54,100053,Control,B3_Physical_Success,Direct_Earth_to_Mars,200,169,0,31,31,0,0.84499999999999997,173056,1340.9033053439921
54,100053,Control,B4_Physical_Multiobjective,Direct_Earth_to_Mars,200,169,0,31,31,0,0.84499999999999997,173056,1340.9033053439921
54,100053,Direct_Background_16,B1_Shortest_Delay,Direct_Earth_to_Mars,200,158,0,42,31,11,0.79000000000000004,161792,1340.9033053439921
54,100053,Direct_Background_16,B2_Contact_Aware,Direct_Earth_to_Mars,200,158,0,42,31,11,0.79000000000000004,161792,1340.9033053439921
54,100053,Direct_Background_16,B3_Physical_Success,Direct_Earth_to_Mars,200,158,0,42,31,11,0.79000000000000004,161792,1340.9033053439921
54,100053,Direct_Background_16,B4_Physical_Multiobjective,Direct_Earth_to_Mars,200,158,0,42,31,11,0.79000000000000004,161792,1340.9033053439921
54,100053,Direct_Combined_25pctPower_BG16,B1_Shortest_Delay,Direct_Earth_to_Mars,200,0,0,200,31,169,0,0,0
54,100053,Direct_Combined_25pctPower_BG16,B2_Contact_Aware,Direct_Earth_to_Mars,200,0,0,200,31,169,0,0,0
54,100053,Direct_Combined_25pctPower_BG16,B3_Physical_Success,Earth_Relay1_Mars,200,0,128,72,72,0,0,0,0
54,100053,Direct_Combined_25pctPower_BG16,B4_Physical_Multiobjective,Earth_Relay1_Mars,200,0,128,72,72,0,0,0,0
54,100053,Direct_Pointing_25pct_Power,B1_Shortest_Delay,Direct_Earth_to_Mars,200,0,0,200,31,169,0,0,0
54,100053,Direct_Pointing_25pct_Power,B2_Contact_Aware,Direct_Earth_to_Mars,200,0,0,200,31,169,0,0,0
54,100053,Direct_Pointing_25pct_Power,B3_Physical_Success,Earth_Relay1_Mars,200,0,128,72,72,0,0,0,0
54,100053,Direct_Pointing_25pct_Power,B4_Physical_Multiobjective,Earth_Relay1_Mars,200,0,128,72,72,0,0,0,0
55,100054,Control,B1_Shortest_Delay,Direct_Earth_to_Mars,200,183,0,17,17,0,0.91500000000000004,187392,779.02871566696638
55,100054,Control,B2_Contact_Aware,Direct_Earth_to_Mars,200,183,0,17,17,0,0.91500000000000004,187392,779.02871566696638
55,100054,Control,B3_Physical_Success,Direct_Earth_to_Mars,200,183,0,17,17,0,0.91500000000000004,187392,779.02871566696638
55,100054,Control,B4_Physical_Multiobjective,Direct_Earth_to_Mars,200,183,0,17,17,0,0.91500000000000004,187392,779.02871566696638
55,100054,Direct_Background_16,B1_Shortest_Delay,Direct_Earth_to_Mars,200,183,0,17,17,0,0.91500000000000004,187392,779.02871566696638
55,100054,Direct_Background_16,B2_Contact_Aware,Direct_Earth_to_Mars,200,183,0,17,17,0,0.91500000000000004,187392,779.02871566696638
55,100054,Direct_Background_16,B3_Physical_Success,Direct_Earth_to_Mars,200,183,0,17,17,0,0.91500000000000004,187392,779.02871566696638
55,100054,Direct_Background_16,B4_Physical_Multiobjective,Direct_Earth_to_Mars,200,183,0,17,17,0,0.91500000000000004,187392,779.02871566696638
55,100054,Direct_Combined_25pctPower_BG16,B1_Shortest_Delay,Direct_Earth_to_Mars,200,0,0,200,17,183,0,0,0
55,100054,Direct_Combined_25pctPower_BG16,B2_Contact_Aware,Direct_Earth_to_Mars,200,0,0,200,17,183,0,0,0
55,100054,Direct_Combined_25pctPower_BG16,B3_Physical_Success,Earth_Relay0_Mars,200,170,0,30,30,0,0.84999999999999998,174080,1192.0027740213918
55,100054,Direct_Combined_25pctPower_BG16,B4_Physical_Multiobjective,Earth_Relay2_Mars,200,170,0,30,30,0,0.84999999999999998,174080,845.03316126750349
55,100054,Direct_Pointing_25pct_Power,B1_Shortest_Delay,Direct_Earth_to_Mars,200,183,0,17,17,0,0.91500000000000004,187392,779.02871566696638
55,100054,Direct_Pointing_25pct_Power,B2_Contact_Aware,Direct_Earth_to_Mars,200,183,0,17,17,0,0.91500000000000004,187392,779.02871566696638
55,100054,Direct_Pointing_25pct_Power,B3_Physical_Success,Direct_Earth_to_Mars,200,183,0,17,17,0,0.91500000000000004,187392,779.02871566696638
55,100054,Direct_Pointing_25pct_Power,B4_Physical_Multiobjective,Direct_Earth_to_Mars,200,183,0,17,17,0,0.91500000000000004,187392,779.02871566696638
56,100055,Control,B1_Shortest_Delay,Direct_Earth_to_Mars,200,160,0,40,40,0,0.80000000000000004,163840,407.93944658771909
56,100055,Control,B2_Contact_Aware,Direct_Earth_to_Mars,200,160,0,40,40,0,0.80000000000000004,163840,407.93944658771909
56,100055,Control,B3_Physical_Success,Direct_Earth_to_Mars,200,160,0,40,40,0,0.80000000000000004,163840,407.93944658771909
56,100055,Control,B4_Physical_Multiobjective,Direct_Earth_to_Mars,200,160,0,40,40,0,0.80000000000000004,163840,407.93944658771909
56,100055,Direct_Background_16,B1_Shortest_Delay,Direct_Earth_to_Mars,200,160,0,40,40,0,0.80000000000000004,163840,407.93944658771909
56,100055,Direct_Background_16,B2_Contact_Aware,Direct_Earth_to_Mars,200,160,0,40,40,0,0.80000000000000004,163840,407.93944658771909
56,100055,Direct_Background_16,B3_Physical_Success,Direct_Earth_to_Mars,200,160,0,40,40,0,0.80000000000000004,163840,407.93944658771909
56,100055,Direct_Background_16,B4_Physical_Multiobjective,Direct_Earth_to_Mars,200,160,0,40,40,0,0.80000000000000004,163840,407.93944658771909
56,100055,Direct_Combined_25pctPower_BG16,B1_Shortest_Delay,Direct_Earth_to_Mars,200,160,0,40,40,0,0.80000000000000004,163840,407.93944658771909
56,100055,Direct_Combined_25pctPower_BG16,B2_Contact_Aware,Direct_Earth_to_Mars,200,160,0,40,40,0,0.80000000000000004,163840,407.93944658771909
56,100055,Direct_Combined_25pctPower_BG16,B3_Physical_Success,Direct_Earth_to_Mars,200,160,0,40,40,0,0.80000000000000004,163840,407.93944658771909
56,100055,Direct_Combined_25pctPower_BG16,B4_Physical_Multiobjective,Direct_Earth_to_Mars,200,160,0,40,40,0,0.80000000000000004,163840,407.93944658771909
56,100055,Direct_Pointing_25pct_Power,B1_Shortest_Delay,Direct_Earth_to_Mars,200,160,0,40,40,0,0.80000000000000004,163840,407.93944658771909
56,100055,Direct_Pointing_25pct_Power,B2_Contact_Aware,Direct_Earth_to_Mars,200,160,0,40,40,0,0.80000000000000004,163840,407.93944658771909
56,100055,Direct_Pointing_25pct_Power,B3_Physical_Success,Direct_Earth_to_Mars,200,160,0,40,40,0,0.80000000000000004,163840,407.93944658771909
56,100055,Direct_Pointing_25pct_Power,B4_Physical_Multiobjective,Direct_Earth_to_Mars,200,160,0,40,40,0,0.80000000000000004,163840,407.93944658771909
57,100056,Control,B1_Shortest_Delay,Direct_Earth_to_Mars,200,182,0,18,18,0,0.91000000000000003,186368,507.87878101663443
57,100056,Control,B2_Contact_Aware,Direct_Earth_to_Mars,200,182,0,18,18,0,0.91000000000000003,186368,507.87878101663443
57,100056,Control,B3_Physical_Success,Direct_Earth_to_Mars,200,182,0,18,18,0,0.91000000000000003,186368,507.87878101663443
57,100056,Control,B4_Physical_Multiobjective,Direct_Earth_to_Mars,200,182,0,18,18,0,0.91000000000000003,186368,507.87878101663443
57,100056,Direct_Background_16,B1_Shortest_Delay,Direct_Earth_to_Mars,200,182,0,18,18,0,0.91000000000000003,186368,507.87878101663443
57,100056,Direct_Background_16,B2_Contact_Aware,Direct_Earth_to_Mars,200,182,0,18,18,0,0.91000000000000003,186368,507.87878101663443
57,100056,Direct_Background_16,B3_Physical_Success,Direct_Earth_to_Mars,200,182,0,18,18,0,0.91000000000000003,186368,507.87878101663443
57,100056,Direct_Background_16,B4_Physical_Multiobjective,Direct_Earth_to_Mars,200,182,0,18,18,0,0.91000000000000003,186368,507.87878101663443
57,100056,Direct_Combined_25pctPower_BG16,B1_Shortest_Delay,Direct_Earth_to_Mars,200,182,0,18,18,0,0.91000000000000003,186368,507.87878101663443
57,100056,Direct_Combined_25pctPower_BG16,B2_Contact_Aware,Direct_Earth_to_Mars,200,182,0,18,18,0,0.91000000000000003,186368,507.87878101663443
57,100056,Direct_Combined_25pctPower_BG16,B3_Physical_Success,Direct_Earth_to_Mars,200,182,0,18,18,0,0.91000000000000003,186368,507.87878101663443
57,100056,Direct_Combined_25pctPower_BG16,B4_Physical_Multiobjective,Direct_Earth_to_Mars,200,182,0,18,18,0,0.91000000000000003,186368,507.87878101663443
57,100056,Direct_Pointing_25pct_Power,B1_Shortest_Delay,Direct_Earth_to_Mars,200,182,0,18,18,0,0.91000000000000003,186368,507.87878101663443
57,100056,Direct_Pointing_25pct_Power,B2_Contact_Aware,Direct_Earth_to_Mars,200,182,0,18,18,0,0.91000000000000003,186368,507.87878101663443
57,100056,Direct_Pointing_25pct_Power,B3_Physical_Success,Direct_Earth_to_Mars,200,182,0,18,18,0,0.91000000000000003,186368,507.87878101663443
57,100056,Direct_Pointing_25pct_Power,B4_Physical_Multiobjective,Direct_Earth_to_Mars,200,182,0,18,18,0,0.91000000000000003,186368,507.87878101663443
58,100057,Control,B1_Shortest_Delay,Direct_Earth_to_Mars,200,175,0,25,25,0,0.875,179200,703.77880700981382
58,100057,Control,B2_Contact_Aware,Direct_Earth_to_Mars,200,175,0,25,25,0,0.875,179200,703.77880700981382
58,100057,Control,B3_Physical_Success,Direct_Earth_to_Mars,200,175,0,25,25,0,0.875,179200,703.77880700981382
58,100057,Control,B4_Physical_Multiobjective,Direct_Earth_to_Mars,200,175,0,25,25,0,0.875,179200,703.77880700981382
58,100057,Direct_Background_16,B1_Shortest_Delay,Direct_Earth_to_Mars,200,175,0,25,25,0,0.875,179200,703.77880700981382
58,100057,Direct_Background_16,B2_Contact_Aware,Direct_Earth_to_Mars,200,175,0,25,25,0,0.875,179200,703.77880700981382
58,100057,Direct_Background_16,B3_Physical_Success,Direct_Earth_to_Mars,200,175,0,25,25,0,0.875,179200,703.77880700981382
58,100057,Direct_Background_16,B4_Physical_Multiobjective,Direct_Earth_to_Mars,200,175,0,25,25,0,0.875,179200,703.77880700981382
58,100057,Direct_Combined_25pctPower_BG16,B1_Shortest_Delay,Direct_Earth_to_Mars,200,157,0,43,25,18,0.78500000000000003,160768,703.77880700981336
58,100057,Direct_Combined_25pctPower_BG16,B2_Contact_Aware,Direct_Earth_to_Mars,200,157,0,43,25,18,0.78500000000000003,160768,703.77880700981336
58,100057,Direct_Combined_25pctPower_BG16,B3_Physical_Success,Direct_Earth_to_Mars,200,157,0,43,25,18,0.78500000000000003,160768,703.77880700981336
58,100057,Direct_Combined_25pctPower_BG16,B4_Physical_Multiobjective,Direct_Earth_to_Mars,200,157,0,43,25,18,0.78500000000000003,160768,703.77880700981336
58,100057,Direct_Pointing_25pct_Power,B1_Shortest_Delay,Direct_Earth_to_Mars,200,175,0,25,25,0,0.875,179200,703.77880700981382
58,100057,Direct_Pointing_25pct_Power,B2_Contact_Aware,Direct_Earth_to_Mars,200,175,0,25,25,0,0.875,179200,703.77880700981382
58,100057,Direct_Pointing_25pct_Power,B3_Physical_Success,Direct_Earth_to_Mars,200,175,0,25,25,0,0.875,179200,703.77880700981382
58,100057,Direct_Pointing_25pct_Power,B4_Physical_Multiobjective,Direct_Earth_to_Mars,200,175,0,25,25,0,0.875,179200,703.77880700981382
59,100058,Control,B1_Shortest_Delay,Direct_Earth_to_Mars,200,190,0,10,10,0,0.94999999999999996,194560,787.38151309409034
59,100058,Control,B2_Contact_Aware,Direct_Earth_to_Mars,200,190,0,10,10,0,0.94999999999999996,194560,787.38151309409034
59,100058,Control,B3_Physical_Success,Direct_Earth_to_Mars,200,190,0,10,10,0,0.94999999999999996,194560,787.38151309409034
59,100058,Control,B4_Physical_Multiobjective,Direct_Earth_to_Mars,200,190,0,10,10,0,0.94999999999999996,194560,787.38151309409034
59,100058,Direct_Background_16,B1_Shortest_Delay,Direct_Earth_to_Mars,200,190,0,10,10,0,0.94999999999999996,194560,787.38151309409034
59,100058,Direct_Background_16,B2_Contact_Aware,Direct_Earth_to_Mars,200,190,0,10,10,0,0.94999999999999996,194560,787.38151309409034
59,100058,Direct_Background_16,B3_Physical_Success,Direct_Earth_to_Mars,200,190,0,10,10,0,0.94999999999999996,194560,787.38151309409034
59,100058,Direct_Background_16,B4_Physical_Multiobjective,Direct_Earth_to_Mars,200,190,0,10,10,0,0.94999999999999996,194560,787.38151309409034
59,100058,Direct_Combined_25pctPower_BG16,B1_Shortest_Delay,Direct_Earth_to_Mars,200,0,0,200,10,190,0,0,0
59,100058,Direct_Combined_25pctPower_BG16,B2_Contact_Aware,Direct_Earth_to_Mars,200,0,0,200,10,190,0,0,0
59,100058,Direct_Combined_25pctPower_BG16,B3_Physical_Success,Earth_Relay0_Mars,200,177,0,23,23,0,0.88500000000000001,181248,946.58239000329388
59,100058,Direct_Combined_25pctPower_BG16,B4_Physical_Multiobjective,Earth_Relay2_Mars,200,177,0,23,23,0,0.88500000000000001,181248,853.27761383434972
59,100058,Direct_Pointing_25pct_Power,B1_Shortest_Delay,Direct_Earth_to_Mars,200,186,0,14,10,4,0.93000000000000005,190464,787.38151309409034
59,100058,Direct_Pointing_25pct_Power,B2_Contact_Aware,Direct_Earth_to_Mars,200,186,0,14,10,4,0.93000000000000005,190464,787.38151309409034
59,100058,Direct_Pointing_25pct_Power,B3_Physical_Success,Direct_Earth_to_Mars,200,186,0,14,10,4,0.93000000000000005,190464,787.38151309409034
59,100058,Direct_Pointing_25pct_Power,B4_Physical_Multiobjective,Direct_Earth_to_Mars,200,186,0,14,10,4,0.93000000000000005,190464,787.38151309409034
6,100005,Control,B1_Shortest_Delay,Direct_Earth_to_Mars,200,174,0,26,26,0,0.87,178176,1051.0231773920505
6,100005,Control,B2_Contact_Aware,Direct_Earth_to_Mars,200,174,0,26,26,0,0.87,178176,1051.0231773920505
6,100005,Control,B3_Physical_Success,Direct_Earth_to_Mars,200,174,0,26,26,0,0.87,178176,1051.0231773920505
6,100005,Control,B4_Physical_Multiobjective,Direct_Earth_to_Mars,200,174,0,26,26,0,0.87,178176,1051.0231773920505
6,100005,Direct_Background_16,B1_Shortest_Delay,Direct_Earth_to_Mars,200,174,0,26,26,0,0.87,178176,1051.0231773920505
6,100005,Direct_Background_16,B2_Contact_Aware,Direct_Earth_to_Mars,200,174,0,26,26,0,0.87,178176,1051.0231773920505
6,100005,Direct_Background_16,B3_Physical_Success,Direct_Earth_to_Mars,200,174,0,26,26,0,0.87,178176,1051.0231773920505
6,100005,Direct_Background_16,B4_Physical_Multiobjective,Direct_Earth_to_Mars,200,174,0,26,26,0,0.87,178176,1051.0231773920505
6,100005,Direct_Combined_25pctPower_BG16,B1_Shortest_Delay,Direct_Earth_to_Mars,200,0,0,200,26,174,0,0,0
6,100005,Direct_Combined_25pctPower_BG16,B2_Contact_Aware,Direct_Earth_to_Mars,200,0,0,200,26,174,0,0,0
6,100005,Direct_Combined_25pctPower_BG16,B3_Physical_Success,Earth_Relay1_Mars,200,139,0,61,61,0,0.69499999999999995,142336,1254.9391693178886
6,100005,Direct_Combined_25pctPower_BG16,B4_Physical_Multiobjective,Earth_Relay2_Mars,200,139,0,61,61,0,0.69499999999999995,142336,1117.2589524944608
6,100005,Direct_Pointing_25pct_Power,B1_Shortest_Delay,Direct_Earth_to_Mars,200,0,0,200,26,174,0,0,0
6,100005,Direct_Pointing_25pct_Power,B2_Contact_Aware,Direct_Earth_to_Mars,200,0,0,200,26,174,0,0,0
6,100005,Direct_Pointing_25pct_Power,B3_Physical_Success,Earth_Relay1_Mars,200,139,0,61,61,0,0.69499999999999995,142336,1254.9391693178886
6,100005,Direct_Pointing_25pct_Power,B4_Physical_Multiobjective,Earth_Relay2_Mars,200,139,0,61,61,0,0.69499999999999995,142336,1117.2589524944608
60,100059,Control,B1_Shortest_Delay,Direct_Earth_to_Mars,200,170,0,30,30,0,0.84999999999999998,174080,1359.8949038974304
60,100059,Control,B2_Contact_Aware,Direct_Earth_to_Mars,200,170,0,30,30,0,0.84999999999999998,174080,1359.8949038974304
60,100059,Control,B3_Physical_Success,Direct_Earth_to_Mars,200,170,0,30,30,0,0.84999999999999998,174080,1359.8949038974304
60,100059,Control,B4_Physical_Multiobjective,Direct_Earth_to_Mars,200,170,0,30,30,0,0.84999999999999998,174080,1359.8949038974304
60,100059,Direct_Background_16,B1_Shortest_Delay,Direct_Earth_to_Mars,200,160,0,40,30,10,0.80000000000000004,163840,1359.8949038974308
60,100059,Direct_Background_16,B2_Contact_Aware,Direct_Earth_to_Mars,200,160,0,40,30,10,0.80000000000000004,163840,1359.8949038974308
60,100059,Direct_Background_16,B3_Physical_Success,Direct_Earth_to_Mars,200,160,0,40,30,10,0.80000000000000004,163840,1359.8949038974308
60,100059,Direct_Background_16,B4_Physical_Multiobjective,Direct_Earth_to_Mars,200,160,0,40,30,10,0.80000000000000004,163840,1359.8949038974308
60,100059,Direct_Combined_25pctPower_BG16,B1_Shortest_Delay,Direct_Earth_to_Mars,200,0,0,200,30,170,0,0,0
60,100059,Direct_Combined_25pctPower_BG16,B2_Contact_Aware,Direct_Earth_to_Mars,200,0,0,200,30,170,0,0,0
60,100059,Direct_Combined_25pctPower_BG16,B3_Physical_Success,Earth_Relay1_Mars,200,0,154,46,46,0,0,0,0
60,100059,Direct_Combined_25pctPower_BG16,B4_Physical_Multiobjective,Earth_Relay2_Mars,200,154,0,46,46,0,0.77000000000000002,157696,1426.5337199827186
60,100059,Direct_Pointing_25pct_Power,B1_Shortest_Delay,Direct_Earth_to_Mars,200,0,0,200,30,170,0,0,0
60,100059,Direct_Pointing_25pct_Power,B2_Contact_Aware,Direct_Earth_to_Mars,200,0,0,200,30,170,0,0,0
60,100059,Direct_Pointing_25pct_Power,B3_Physical_Success,Earth_Relay1_Mars,200,0,154,46,46,0,0,0,0
60,100059,Direct_Pointing_25pct_Power,B4_Physical_Multiobjective,Earth_Relay2_Mars,200,154,0,46,46,0,0.77000000000000002,157696,1426.5337199827186
61,100060,Control,B1_Shortest_Delay,Direct_Earth_to_Mars,200,171,0,29,29,0,0.85499999999999998,175104,1367.870350159247
61,100060,Control,B2_Contact_Aware,Direct_Earth_to_Mars,200,171,0,29,29,0,0.85499999999999998,175104,1367.870350159247
61,100060,Control,B3_Physical_Success,Direct_Earth_to_Mars,200,171,0,29,29,0,0.85499999999999998,175104,1367.870350159247
61,100060,Control,B4_Physical_Multiobjective,Direct_Earth_to_Mars,200,171,0,29,29,0,0.85499999999999998,175104,1367.870350159247
61,100060,Direct_Background_16,B1_Shortest_Delay,Direct_Earth_to_Mars,200,117,0,83,29,54,0.58499999999999996,119808,1367.8703501592506
61,100060,Direct_Background_16,B2_Contact_Aware,Direct_Earth_to_Mars,200,117,0,83,29,54,0.58499999999999996,119808,1367.8703501592506
61,100060,Direct_Background_16,B3_Physical_Success,Earth_Relay1_Mars,200,0,148,52,52,0,0,0,0
61,100060,Direct_Background_16,B4_Physical_Multiobjective,Direct_Earth_to_Mars,200,117,0,83,29,54,0.58499999999999996,119808,1367.8703501592506
61,100060,Direct_Combined_25pctPower_BG16,B1_Shortest_Delay,Direct_Earth_to_Mars,200,0,0,200,29,171,0,0,0
61,100060,Direct_Combined_25pctPower_BG16,B2_Contact_Aware,Direct_Earth_to_Mars,200,0,0,200,29,171,0,0,0
61,100060,Direct_Combined_25pctPower_BG16,B3_Physical_Success,Earth_Relay1_Mars,200,0,148,52,52,0,0,0,0
61,100060,Direct_Combined_25pctPower_BG16,B4_Physical_Multiobjective,Earth_Relay2_Mars,200,148,0,52,52,0,0.73999999999999999,151552,1434.5334578659297
61,100060,Direct_Pointing_25pct_Power,B1_Shortest_Delay,Direct_Earth_to_Mars,200,0,0,200,29,171,0,0,0
61,100060,Direct_Pointing_25pct_Power,B2_Contact_Aware,Direct_Earth_to_Mars,200,0,0,200,29,171,0,0,0
61,100060,Direct_Pointing_25pct_Power,B3_Physical_Success,Earth_Relay1_Mars,200,0,148,52,52,0,0,0,0
61,100060,Direct_Pointing_25pct_Power,B4_Physical_Multiobjective,Earth_Relay2_Mars,200,148,0,52,52,0,0.73999999999999999,151552,1434.5334578659297
62,100061,Control,B1_Shortest_Delay,Direct_Earth_to_Mars,200,161,0,39,39,0,0.80500000000000005,164864,1322.8760712819644
62,100061,Control,B2_Contact_Aware,Direct_Earth_to_Mars,200,161,0,39,39,0,0.80500000000000005,164864,1322.8760712819644
62,100061,Control,B3_Physical_Success,Direct_Earth_to_Mars,200,161,0,39,39,0,0.80500000000000005,164864,1322.8760712819644
62,100061,Control,B4_Physical_Multiobjective,Direct_Earth_to_Mars,200,161,0,39,39,0,0.80500000000000005,164864,1322.8760712819644
62,100061,Direct_Background_16,B1_Shortest_Delay,Direct_Earth_to_Mars,200,152,0,48,39,9,0.76000000000000001,155648,1322.8760712819646
62,100061,Direct_Background_16,B2_Contact_Aware,Direct_Earth_to_Mars,200,152,0,48,39,9,0.76000000000000001,155648,1322.8760712819646
62,100061,Direct_Background_16,B3_Physical_Success,Direct_Earth_to_Mars,200,152,0,48,39,9,0.76000000000000001,155648,1322.8760712819646
62,100061,Direct_Background_16,B4_Physical_Multiobjective,Direct_Earth_to_Mars,200,152,0,48,39,9,0.76000000000000001,155648,1322.8760712819646
62,100061,Direct_Combined_25pctPower_BG16,B1_Shortest_Delay,Direct_Earth_to_Mars,200,0,0,200,39,161,0,0,0
62,100061,Direct_Combined_25pctPower_BG16,B2_Contact_Aware,Direct_Earth_to_Mars,200,0,0,200,39,161,0,0,0
62,100061,Direct_Combined_25pctPower_BG16,B3_Physical_Success,Earth_Relay0_Mars,200,0,128,72,72,0,0,0,0
62,100061,Direct_Combined_25pctPower_BG16,B4_Physical_Multiobjective,Earth_Relay2_Mars,200,128,0,72,72,0,0.64000000000000001,131072,1389.5217042311242
62,100061,Direct_Pointing_25pct_Power,B1_Shortest_Delay,Direct_Earth_to_Mars,200,0,0,200,39,161,0,0,0
62,100061,Direct_Pointing_25pct_Power,B2_Contact_Aware,Direct_Earth_to_Mars,200,0,0,200,39,161,0,0,0
62,100061,Direct_Pointing_25pct_Power,B3_Physical_Success,Earth_Relay0_Mars,200,0,128,72,72,0,0,0,0
62,100061,Direct_Pointing_25pct_Power,B4_Physical_Multiobjective,Earth_Relay2_Mars,200,128,0,72,72,0,0.64000000000000001,131072,1389.5217042311242
63,100062,Control,B1_Shortest_Delay,Direct_Earth_to_Mars,200,179,0,21,21,0,0.89500000000000002,183296,782.76235185122516
63,100062,Control,B2_Contact_Aware,Direct_Earth_to_Mars,200,179,0,21,21,0,0.89500000000000002,183296,782.76235185122516
63,100062,Control,B3_Physical_Success,Direct_Earth_to_Mars,200,179,0,21,21,0,0.89500000000000002,183296,782.76235185122516
63,100062,Control,B4_Physical_Multiobjective,Direct_Earth_to_Mars,200,179,0,21,21,0,0.89500000000000002,183296,782.76235185122516
63,100062,Direct_Background_16,B1_Shortest_Delay,Direct_Earth_to_Mars,200,179,0,21,21,0,0.89500000000000002,183296,782.76235185122516
63,100062,Direct_Background_16,B2_Contact_Aware,Direct_Earth_to_Mars,200,179,0,21,21,0,0.89500000000000002,183296,782.76235185122516
63,100062,Direct_Background_16,B3_Physical_Success,Direct_Earth_to_Mars,200,179,0,21,21,0,0.89500000000000002,183296,782.76235185122516
63,100062,Direct_Background_16,B4_Physical_Multiobjective,Direct_Earth_to_Mars,200,179,0,21,21,0,0.89500000000000002,183296,782.76235185122516
63,100062,Direct_Combined_25pctPower_BG16,B1_Shortest_Delay,Direct_Earth_to_Mars,200,0,0,200,21,179,0,0,0
63,100062,Direct_Combined_25pctPower_BG16,B2_Contact_Aware,Direct_Earth_to_Mars,200,0,0,200,21,179,0,0,0
63,100062,Direct_Combined_25pctPower_BG16,B3_Physical_Success,Earth_Relay0_Mars,200,157,0,43,43,0,0.78500000000000003,160768,941.55050485797562
63,100062,Direct_Combined_25pctPower_BG16,B4_Physical_Multiobjective,Earth_Relay2_Mars,200,157,0,43,43,0,0.78500000000000003,160768,848.65233524763255
63,100062,Direct_Pointing_25pct_Power,B1_Shortest_Delay,Direct_Earth_to_Mars,200,179,0,21,21,0,0.89500000000000002,183296,782.76235185122516
63,100062,Direct_Pointing_25pct_Power,B2_Contact_Aware,Direct_Earth_to_Mars,200,179,0,21,21,0,0.89500000000000002,183296,782.76235185122516
63,100062,Direct_Pointing_25pct_Power,B3_Physical_Success,Direct_Earth_to_Mars,200,179,0,21,21,0,0.89500000000000002,183296,782.76235185122516
63,100062,Direct_Pointing_25pct_Power,B4_Physical_Multiobjective,Direct_Earth_to_Mars,200,179,0,21,21,0,0.89500000000000002,183296,782.76235185122516
64,100063,Control,B1_Shortest_Delay,Direct_Earth_to_Mars,200,179,0,21,21,0,0.89500000000000002,183296,1104.5784646017994
64,100063,Control,B2_Contact_Aware,Direct_Earth_to_Mars,200,179,0,21,21,0,0.89500000000000002,183296,1104.5784646017994
64,100063,Control,B3_Physical_Success,Direct_Earth_to_Mars,200,179,0,21,21,0,0.89500000000000002,183296,1104.5784646017994
64,100063,Control,B4_Physical_Multiobjective,Direct_Earth_to_Mars,200,179,0,21,21,0,0.89500000000000002,183296,1104.5784646017994
64,100063,Direct_Background_16,B1_Shortest_Delay,Direct_Earth_to_Mars,200,179,0,21,21,0,0.89500000000000002,183296,1104.5784646017994
64,100063,Direct_Background_16,B2_Contact_Aware,Direct_Earth_to_Mars,200,179,0,21,21,0,0.89500000000000002,183296,1104.5784646017994
64,100063,Direct_Background_16,B3_Physical_Success,Direct_Earth_to_Mars,200,179,0,21,21,0,0.89500000000000002,183296,1104.5784646017994
64,100063,Direct_Background_16,B4_Physical_Multiobjective,Direct_Earth_to_Mars,200,179,0,21,21,0,0.89500000000000002,183296,1104.5784646017994
64,100063,Direct_Combined_25pctPower_BG16,B1_Shortest_Delay,Direct_Earth_to_Mars,200,0,0,200,21,179,0,0,0
64,100063,Direct_Combined_25pctPower_BG16,B2_Contact_Aware,Direct_Earth_to_Mars,200,0,0,200,21,179,0,0,0
64,100063,Direct_Combined_25pctPower_BG16,B3_Physical_Success,Earth_Relay0_Mars,200,165,0,35,35,0,0.82499999999999996,168960,1315.6573715840041
64,100063,Direct_Combined_25pctPower_BG16,B4_Physical_Multiobjective,Earth_Relay2_Mars,200,165,0,35,35,0,0.82499999999999996,168960,1170.9540598957994
64,100063,Direct_Pointing_25pct_Power,B1_Shortest_Delay,Direct_Earth_to_Mars,200,0,0,200,21,179,0,0,0
64,100063,Direct_Pointing_25pct_Power,B2_Contact_Aware,Direct_Earth_to_Mars,200,0,0,200,21,179,0,0,0
64,100063,Direct_Pointing_25pct_Power,B3_Physical_Success,Earth_Relay0_Mars,200,165,0,35,35,0,0.82499999999999996,168960,1315.6573715840041
64,100063,Direct_Pointing_25pct_Power,B4_Physical_Multiobjective,Earth_Relay2_Mars,200,165,0,35,35,0,0.82499999999999996,168960,1170.9540598957994
65,100064,Control,B1_Shortest_Delay,Direct_Earth_to_Mars,200,173,0,27,27,0,0.86499999999999999,177152,1260.2607821626589
65,100064,Control,B2_Contact_Aware,Direct_Earth_to_Mars,200,173,0,27,27,0,0.86499999999999999,177152,1260.2607821626589
65,100064,Control,B3_Physical_Success,Direct_Earth_to_Mars,200,173,0,27,27,0,0.86499999999999999,177152,1260.2607821626589
65,100064,Control,B4_Physical_Multiobjective,Direct_Earth_to_Mars,200,173,0,27,27,0,0.86499999999999999,177152,1260.2607821626589
65,100064,Direct_Background_16,B1_Shortest_Delay,Direct_Earth_to_Mars,200,173,0,27,27,0,0.86499999999999999,177152,1260.2607821626589
65,100064,Direct_Background_16,B2_Contact_Aware,Direct_Earth_to_Mars,200,173,0,27,27,0,0.86499999999999999,177152,1260.2607821626589
65,100064,Direct_Background_16,B3_Physical_Success,Direct_Earth_to_Mars,200,173,0,27,27,0,0.86499999999999999,177152,1260.2607821626589
65,100064,Direct_Background_16,B4_Physical_Multiobjective,Direct_Earth_to_Mars,200,173,0,27,27,0,0.86499999999999999,177152,1260.2607821626589
65,100064,Direct_Combined_25pctPower_BG16,B1_Shortest_Delay,Direct_Earth_to_Mars,200,0,0,200,27,173,0,0,0
65,100064,Direct_Combined_25pctPower_BG16,B2_Contact_Aware,Direct_Earth_to_Mars,200,0,0,200,27,173,0,0,0
65,100064,Direct_Combined_25pctPower_BG16,B3_Physical_Success,Earth_Relay1_Mars,200,151,0,49,49,0,0.755,154624,1491.6622460545932
65,100064,Direct_Combined_25pctPower_BG16,B4_Physical_Multiobjective,Earth_Relay2_Mars,200,151,0,49,49,0,0.755,154624,1326.746618054254
65,100064,Direct_Pointing_25pct_Power,B1_Shortest_Delay,Direct_Earth_to_Mars,200,0,0,200,27,173,0,0,0
65,100064,Direct_Pointing_25pct_Power,B2_Contact_Aware,Direct_Earth_to_Mars,200,0,0,200,27,173,0,0,0
65,100064,Direct_Pointing_25pct_Power,B3_Physical_Success,Earth_Relay1_Mars,200,151,0,49,49,0,0.755,154624,1491.6622460545932
65,100064,Direct_Pointing_25pct_Power,B4_Physical_Multiobjective,Earth_Relay2_Mars,200,151,0,49,49,0,0.755,154624,1326.746618054254
66,100065,Control,B1_Shortest_Delay,Direct_Earth_to_Mars,200,195,0,5,5,0,0.97499999999999998,199680,1147.2913970777802
66,100065,Control,B2_Contact_Aware,Direct_Earth_to_Mars,200,195,0,5,5,0,0.97499999999999998,199680,1147.2913970777802
66,100065,Control,B3_Physical_Success,Direct_Earth_to_Mars,200,195,0,5,5,0,0.97499999999999998,199680,1147.2913970777802
66,100065,Control,B4_Physical_Multiobjective,Direct_Earth_to_Mars,200,195,0,5,5,0,0.97499999999999998,199680,1147.2913970777802
66,100065,Direct_Background_16,B1_Shortest_Delay,Direct_Earth_to_Mars,200,195,0,5,5,0,0.97499999999999998,199680,1147.2913970777802
66,100065,Direct_Background_16,B2_Contact_Aware,Direct_Earth_to_Mars,200,195,0,5,5,0,0.97499999999999998,199680,1147.2913970777802
66,100065,Direct_Background_16,B3_Physical_Success,Direct_Earth_to_Mars,200,195,0,5,5,0,0.97499999999999998,199680,1147.2913970777802
66,100065,Direct_Background_16,B4_Physical_Multiobjective,Direct_Earth_to_Mars,200,195,0,5,5,0,0.97499999999999998,199680,1147.2913970777802
66,100065,Direct_Combined_25pctPower_BG16,B1_Shortest_Delay,Direct_Earth_to_Mars,200,0,0,200,5,195,0,0,0
66,100065,Direct_Combined_25pctPower_BG16,B2_Contact_Aware,Direct_Earth_to_Mars,200,0,0,200,5,195,0,0,0
66,100065,Direct_Combined_25pctPower_BG16,B3_Physical_Success,Earth_Relay0_Mars,200,183,0,17,17,0,0.91500000000000004,187392,1368.9062419868203
66,100065,Direct_Combined_25pctPower_BG16,B4_Physical_Multiobjective,Earth_Relay2_Mars,200,183,0,17,17,0,0.91500000000000004,187392,1213.7286587422116
66,100065,Direct_Pointing_25pct_Power,B1_Shortest_Delay,Direct_Earth_to_Mars,200,0,0,200,5,195,0,0,0
66,100065,Direct_Pointing_25pct_Power,B2_Contact_Aware,Direct_Earth_to_Mars,200,0,0,200,5,195,0,0,0
66,100065,Direct_Pointing_25pct_Power,B3_Physical_Success,Earth_Relay0_Mars,200,183,0,17,17,0,0.91500000000000004,187392,1368.9062419868203
66,100065,Direct_Pointing_25pct_Power,B4_Physical_Multiobjective,Earth_Relay2_Mars,200,183,0,17,17,0,0.91500000000000004,187392,1213.7286587422116
67,100066,Control,B1_Shortest_Delay,Direct_Earth_to_Mars,200,194,0,6,6,0,0.96999999999999997,198656,381.0954411240624
67,100066,Control,B2_Contact_Aware,Direct_Earth_to_Mars,200,194,0,6,6,0,0.96999999999999997,198656,381.0954411240624
67,100066,Control,B3_Physical_Success,Direct_Earth_to_Mars,200,194,0,6,6,0,0.96999999999999997,198656,381.0954411240624
67,100066,Control,B4_Physical_Multiobjective,Direct_Earth_to_Mars,200,194,0,6,6,0,0.96999999999999997,198656,381.0954411240624
67,100066,Direct_Background_16,B1_Shortest_Delay,Direct_Earth_to_Mars,200,194,0,6,6,0,0.96999999999999997,198656,381.0954411240624
67,100066,Direct_Background_16,B2_Contact_Aware,Direct_Earth_to_Mars,200,194,0,6,6,0,0.96999999999999997,198656,381.0954411240624
67,100066,Direct_Background_16,B3_Physical_Success,Direct_Earth_to_Mars,200,194,0,6,6,0,0.96999999999999997,198656,381.0954411240624
67,100066,Direct_Background_16,B4_Physical_Multiobjective,Direct_Earth_to_Mars,200,194,0,6,6,0,0.96999999999999997,198656,381.0954411240624
67,100066,Direct_Combined_25pctPower_BG16,B1_Shortest_Delay,Direct_Earth_to_Mars,200,194,0,6,6,0,0.96999999999999997,198656,381.0954411240624
67,100066,Direct_Combined_25pctPower_BG16,B2_Contact_Aware,Direct_Earth_to_Mars,200,194,0,6,6,0,0.96999999999999997,198656,381.0954411240624
67,100066,Direct_Combined_25pctPower_BG16,B3_Physical_Success,Direct_Earth_to_Mars,200,194,0,6,6,0,0.96999999999999997,198656,381.0954411240624
67,100066,Direct_Combined_25pctPower_BG16,B4_Physical_Multiobjective,Direct_Earth_to_Mars,200,194,0,6,6,0,0.96999999999999997,198656,381.0954411240624
67,100066,Direct_Pointing_25pct_Power,B1_Shortest_Delay,Direct_Earth_to_Mars,200,194,0,6,6,0,0.96999999999999997,198656,381.0954411240624
67,100066,Direct_Pointing_25pct_Power,B2_Contact_Aware,Direct_Earth_to_Mars,200,194,0,6,6,0,0.96999999999999997,198656,381.0954411240624
67,100066,Direct_Pointing_25pct_Power,B3_Physical_Success,Direct_Earth_to_Mars,200,194,0,6,6,0,0.96999999999999997,198656,381.0954411240624
67,100066,Direct_Pointing_25pct_Power,B4_Physical_Multiobjective,Direct_Earth_to_Mars,200,194,0,6,6,0,0.96999999999999997,198656,381.0954411240624
68,100067,Control,B1_Shortest_Delay,Direct_Earth_to_Mars,200,180,0,20,20,0,0.90000000000000002,184320,1274.6324548918426
68,100067,Control,B2_Contact_Aware,Direct_Earth_to_Mars,200,180,0,20,20,0,0.90000000000000002,184320,1274.6324548918426
68,100067,Control,B3_Physical_Success,Direct_Earth_to_Mars,200,180,0,20,20,0,0.90000000000000002,184320,1274.6324548918426
68,100067,Control,B4_Physical_Multiobjective,Direct_Earth_to_Mars,200,180,0,20,20,0,0.90000000000000002,184320,1274.6324548918426
68,100067,Direct_Background_16,B1_Shortest_Delay,Direct_Earth_to_Mars,200,177,0,23,20,3,0.88500000000000001,181248,1274.6324548918426
68,100067,Direct_Background_16,B2_Contact_Aware,Direct_Earth_to_Mars,200,177,0,23,20,3,0.88500000000000001,181248,1274.6324548918426
68,100067,Direct_Background_16,B3_Physical_Success,Direct_Earth_to_Mars,200,177,0,23,20,3,0.88500000000000001,181248,1274.6324548918426
68,100067,Direct_Background_16,B4_Physical_Multiobjective,Direct_Earth_to_Mars,200,177,0,23,20,3,0.88500000000000001,181248,1274.6324548918426
68,100067,Direct_Combined_25pctPower_BG16,B1_Shortest_Delay,Direct_Earth_to_Mars,200,0,0,200,20,180,0,0,0
68,100067,Direct_Combined_25pctPower_BG16,B2_Contact_Aware,Direct_Earth_to_Mars,200,0,0,200,20,180,0,0,0
68,100067,Direct_Combined_25pctPower_BG16,B3_Physical_Success,Earth_Relay0_Mars,200,0,154,46,46,0,0,0,0
68,100067,Direct_Combined_25pctPower_BG16,B4_Physical_Multiobjective,Earth_Relay2_Mars,200,154,0,46,46,0,0.77000000000000002,157696,1341.229832191058
68,100067,Direct_Pointing_25pct_Power,B1_Shortest_Delay,Direct_Earth_to_Mars,200,0,0,200,20,180,0,0,0
68,100067,Direct_Pointing_25pct_Power,B2_Contact_Aware,Direct_Earth_to_Mars,200,0,0,200,20,180,0,0,0
68,100067,Direct_Pointing_25pct_Power,B3_Physical_Success,Earth_Relay0_Mars,200,0,154,46,46,0,0,0,0
68,100067,Direct_Pointing_25pct_Power,B4_Physical_Multiobjective,Earth_Relay2_Mars,200,154,0,46,46,0,0.77000000000000002,157696,1341.229832191058
69,100068,Control,B1_Shortest_Delay,Direct_Earth_to_Mars,200,183,0,17,17,0,0.91500000000000004,187392,1188.5676826864726
69,100068,Control,B2_Contact_Aware,Direct_Earth_to_Mars,200,183,0,17,17,0,0.91500000000000004,187392,1188.5676826864726
69,100068,Control,B3_Physical_Success,Direct_Earth_to_Mars,200,183,0,17,17,0,0.91500000000000004,187392,1188.5676826864726
69,100068,Control,B4_Physical_Multiobjective,Direct_Earth_to_Mars,200,183,0,17,17,0,0.91500000000000004,187392,1188.5676826864726
69,100068,Direct_Background_16,B1_Shortest_Delay,Direct_Earth_to_Mars,200,183,0,17,17,0,0.91500000000000004,187392,1188.5676826864726
69,100068,Direct_Background_16,B2_Contact_Aware,Direct_Earth_to_Mars,200,183,0,17,17,0,0.91500000000000004,187392,1188.5676826864726
69,100068,Direct_Background_16,B3_Physical_Success,Direct_Earth_to_Mars,200,183,0,17,17,0,0.91500000000000004,187392,1188.5676826864726
69,100068,Direct_Background_16,B4_Physical_Multiobjective,Direct_Earth_to_Mars,200,183,0,17,17,0,0.91500000000000004,187392,1188.5676826864726
69,100068,Direct_Combined_25pctPower_BG16,B1_Shortest_Delay,Direct_Earth_to_Mars,200,0,0,200,17,183,0,0,0
69,100068,Direct_Combined_25pctPower_BG16,B2_Contact_Aware,Direct_Earth_to_Mars,200,0,0,200,17,183,0,0,0
69,100068,Direct_Combined_25pctPower_BG16,B3_Physical_Success,Earth_Relay1_Mars,200,170,0,30,30,0,0.84999999999999998,174080,1409.4859660218081
69,100068,Direct_Combined_25pctPower_BG16,B4_Physical_Multiobjective,Earth_Relay2_Mars,200,170,0,30,30,0,0.84999999999999998,174080,1254.9614957594517
69,100068,Direct_Pointing_25pct_Power,B1_Shortest_Delay,Direct_Earth_to_Mars,200,0,0,200,17,183,0,0,0
69,100068,Direct_Pointing_25pct_Power,B2_Contact_Aware,Direct_Earth_to_Mars,200,0,0,200,17,183,0,0,0
69,100068,Direct_Pointing_25pct_Power,B3_Physical_Success,Earth_Relay1_Mars,200,170,0,30,30,0,0.84999999999999998,174080,1409.4859660218081
69,100068,Direct_Pointing_25pct_Power,B4_Physical_Multiobjective,Earth_Relay2_Mars,200,170,0,30,30,0,0.84999999999999998,174080,1254.9614957594517
7,100006,Control,B1_Shortest_Delay,Direct_Earth_to_Mars,200,187,0,13,13,0,0.93500000000000005,191488,1359.8898816734379
7,100006,Control,B2_Contact_Aware,Direct_Earth_to_Mars,200,187,0,13,13,0,0.93500000000000005,191488,1359.8898816734379
7,100006,Control,B3_Physical_Success,Direct_Earth_to_Mars,200,187,0,13,13,0,0.93500000000000005,191488,1359.8898816734379
7,100006,Control,B4_Physical_Multiobjective,Direct_Earth_to_Mars,200,187,0,13,13,0,0.93500000000000005,191488,1359.8898816734379
7,100006,Direct_Background_16,B1_Shortest_Delay,Direct_Earth_to_Mars,200,147,0,53,13,40,0.73499999999999999,150528,1359.8898816734363
7,100006,Direct_Background_16,B2_Contact_Aware,Direct_Earth_to_Mars,200,147,0,53,13,40,0.73499999999999999,150528,1359.8898816734363
7,100006,Direct_Background_16,B3_Physical_Success,Earth_Relay1_Mars,200,0,181,19,19,0,0,0,0
7,100006,Direct_Background_16,B4_Physical_Multiobjective,Direct_Earth_to_Mars,200,147,0,53,13,40,0.73499999999999999,150528,1359.8898816734363
7,100006,Direct_Combined_25pctPower_BG16,B1_Shortest_Delay,Direct_Earth_to_Mars,200,0,0,200,13,187,0,0,0
7,100006,Direct_Combined_25pctPower_BG16,B2_Contact_Aware,Direct_Earth_to_Mars,200,0,0,200,13,187,0,0,0
7,100006,Direct_Combined_25pctPower_BG16,B3_Physical_Success,Earth_Relay1_Mars,200,0,181,19,19,0,0,0,0
7,100006,Direct_Combined_25pctPower_BG16,B4_Physical_Multiobjective,Earth_Relay2_Mars,200,181,0,19,19,0,0.90500000000000003,185344,1426.5286869099141
7,100006,Direct_Pointing_25pct_Power,B1_Shortest_Delay,Direct_Earth_to_Mars,200,0,0,200,13,187,0,0,0
7,100006,Direct_Pointing_25pct_Power,B2_Contact_Aware,Direct_Earth_to_Mars,200,0,0,200,13,187,0,0,0
7,100006,Direct_Pointing_25pct_Power,B3_Physical_Success,Earth_Relay1_Mars,200,0,181,19,19,0,0,0,0
7,100006,Direct_Pointing_25pct_Power,B4_Physical_Multiobjective,Earth_Relay2_Mars,200,181,0,19,19,0,0.90500000000000003,185344,1426.5286869099141
70,100069,Control,B1_Shortest_Delay,Direct_Earth_to_Mars,200,196,0,4,4,0,0.97999999999999998,200704,1251.9692475217089
70,100069,Control,B2_Contact_Aware,Direct_Earth_to_Mars,200,196,0,4,4,0,0.97999999999999998,200704,1251.9692475217089
70,100069,Control,B3_Physical_Success,Direct_Earth_to_Mars,200,196,0,4,4,0,0.97999999999999998,200704,1251.9692475217089
70,100069,Control,B4_Physical_Multiobjective,Direct_Earth_to_Mars,200,196,0,4,4,0,0.97999999999999998,200704,1251.9692475217089
70,100069,Direct_Background_16,B1_Shortest_Delay,Direct_Earth_to_Mars,200,196,0,4,4,0,0.97999999999999998,200704,1251.9692475217089
70,100069,Direct_Background_16,B2_Contact_Aware,Direct_Earth_to_Mars,200,196,0,4,4,0,0.97999999999999998,200704,1251.9692475217089
70,100069,Direct_Background_16,B3_Physical_Success,Direct_Earth_to_Mars,200,196,0,4,4,0,0.97999999999999998,200704,1251.9692475217089
70,100069,Direct_Background_16,B4_Physical_Multiobjective,Direct_Earth_to_Mars,200,196,0,4,4,0,0.97999999999999998,200704,1251.9692475217089
70,100069,Direct_Combined_25pctPower_BG16,B1_Shortest_Delay,Direct_Earth_to_Mars,200,0,0,200,4,196,0,0,0
70,100069,Direct_Combined_25pctPower_BG16,B2_Contact_Aware,Direct_Earth_to_Mars,200,0,0,200,4,196,0,0,0
70,100069,Direct_Combined_25pctPower_BG16,B3_Physical_Success,Earth_Relay1_Mars,200,186,0,14,14,0,0.93000000000000005,190464,1482.0613449925447
70,100069,Direct_Combined_25pctPower_BG16,B4_Physical_Multiobjective,Earth_Relay2_Mars,200,186,0,14,14,0,0.93000000000000005,190464,1318.4440208526487
70,100069,Direct_Pointing_25pct_Power,B1_Shortest_Delay,Direct_Earth_to_Mars,200,0,0,200,4,196,0,0,0
70,100069,Direct_Pointing_25pct_Power,B2_Contact_Aware,Direct_Earth_to_Mars,200,0,0,200,4,196,0,0,0
70,100069,Direct_Pointing_25pct_Power,B3_Physical_Success,Earth_Relay1_Mars,200,186,0,14,14,0,0.93000000000000005,190464,1482.0613449925447
70,100069,Direct_Pointing_25pct_Power,B4_Physical_Multiobjective,Earth_Relay2_Mars,200,186,0,14,14,0,0.93000000000000005,190464,1318.4440208526487
71,100070,Control,B1_Shortest_Delay,Direct_Earth_to_Mars,200,167,0,33,33,0,0.83499999999999996,171008,476.07796785225105
71,100070,Control,B2_Contact_Aware,Direct_Earth_to_Mars,200,167,0,33,33,0,0.83499999999999996,171008,476.07796785225105
71,100070,Control,B3_Physical_Success,Direct_Earth_to_Mars,200,167,0,33,33,0,0.83499999999999996,171008,476.07796785225105
71,100070,Control,B4_Physical_Multiobjective,Direct_Earth_to_Mars,200,167,0,33,33,0,0.83499999999999996,171008,476.07796785225105
71,100070,Direct_Background_16,B1_Shortest_Delay,Direct_Earth_to_Mars,200,167,0,33,33,0,0.83499999999999996,171008,476.07796785225105
71,100070,Direct_Background_16,B2_Contact_Aware,Direct_Earth_to_Mars,200,167,0,33,33,0,0.83499999999999996,171008,476.07796785225105
71,100070,Direct_Background_16,B3_Physical_Success,Direct_Earth_to_Mars,200,167,0,33,33,0,0.83499999999999996,171008,476.07796785225105
71,100070,Direct_Background_16,B4_Physical_Multiobjective,Direct_Earth_to_Mars,200,167,0,33,33,0,0.83499999999999996,171008,476.07796785225105
71,100070,Direct_Combined_25pctPower_BG16,B1_Shortest_Delay,Direct_Earth_to_Mars,200,167,0,33,33,0,0.83499999999999996,171008,476.07796785225105
71,100070,Direct_Combined_25pctPower_BG16,B2_Contact_Aware,Direct_Earth_to_Mars,200,167,0,33,33,0,0.83499999999999996,171008,476.07796785225105
71,100070,Direct_Combined_25pctPower_BG16,B3_Physical_Success,Direct_Earth_to_Mars,200,167,0,33,33,0,0.83499999999999996,171008,476.07796785225105
71,100070,Direct_Combined_25pctPower_BG16,B4_Physical_Multiobjective,Direct_Earth_to_Mars,200,167,0,33,33,0,0.83499999999999996,171008,476.07796785225105
71,100070,Direct_Pointing_25pct_Power,B1_Shortest_Delay,Direct_Earth_to_Mars,200,167,0,33,33,0,0.83499999999999996,171008,476.07796785225105
71,100070,Direct_Pointing_25pct_Power,B2_Contact_Aware,Direct_Earth_to_Mars,200,167,0,33,33,0,0.83499999999999996,171008,476.07796785225105
71,100070,Direct_Pointing_25pct_Power,B3_Physical_Success,Direct_Earth_to_Mars,200,167,0,33,33,0,0.83499999999999996,171008,476.07796785225105
71,100070,Direct_Pointing_25pct_Power,B4_Physical_Multiobjective,Direct_Earth_to_Mars,200,167,0,33,33,0,0.83499999999999996,171008,476.07796785225105
72,100071,Control,B1_Shortest_Delay,Direct_Earth_to_Mars,200,188,0,12,12,0,0.93999999999999995,192512,1113.0588206176174
72,100071,Control,B2_Contact_Aware,Direct_Earth_to_Mars,200,188,0,12,12,0,0.93999999999999995,192512,1113.0588206176174
72,100071,Control,B3_Physical_Success,Direct_Earth_to_Mars,200,188,0,12,12,0,0.93999999999999995,192512,1113.0588206176174
72,100071,Control,B4_Physical_Multiobjective,Direct_Earth_to_Mars,200,188,0,12,12,0,0.93999999999999995,192512,1113.0588206176174
72,100071,Direct_Background_16,B1_Shortest_Delay,Direct_Earth_to_Mars,200,188,0,12,12,0,0.93999999999999995,192512,1113.0588206176174
72,100071,Direct_Background_16,B2_Contact_Aware,Direct_Earth_to_Mars,200,188,0,12,12,0,0.93999999999999995,192512,1113.0588206176174
72,100071,Direct_Background_16,B3_Physical_Success,Direct_Earth_to_Mars,200,188,0,12,12,0,0.93999999999999995,192512,1113.0588206176174
72,100071,Direct_Background_16,B4_Physical_Multiobjective,Direct_Earth_to_Mars,200,188,0,12,12,0,0.93999999999999995,192512,1113.0588206176174
72,100071,Direct_Combined_25pctPower_BG16,B1_Shortest_Delay,Direct_Earth_to_Mars,200,0,0,200,12,188,0,0,0
72,100071,Direct_Combined_25pctPower_BG16,B2_Contact_Aware,Direct_Earth_to_Mars,200,0,0,200,12,188,0,0,0
72,100071,Direct_Combined_25pctPower_BG16,B3_Physical_Success,Earth_Relay1_Mars,200,168,0,32,32,0,0.83999999999999997,172032,1324.2721205659332
72,100071,Direct_Combined_25pctPower_BG16,B4_Physical_Multiobjective,Earth_Relay2_Mars,200,168,0,32,32,0,0.83999999999999997,172032,1179.3630748288419
72,100071,Direct_Pointing_25pct_Power,B1_Shortest_Delay,Direct_Earth_to_Mars,200,0,0,200,12,188,0,0,0
72,100071,Direct_Pointing_25pct_Power,B2_Contact_Aware,Direct_Earth_to_Mars,200,0,0,200,12,188,0,0,0
72,100071,Direct_Pointing_25pct_Power,B3_Physical_Success,Earth_Relay1_Mars,200,168,0,32,32,0,0.83999999999999997,172032,1324.2721205659332
72,100071,Direct_Pointing_25pct_Power,B4_Physical_Multiobjective,Earth_Relay2_Mars,200,168,0,32,32,0,0.83999999999999997,172032,1179.3630748288419
73,100072,Control,B1_Shortest_Delay,Direct_Earth_to_Mars,200,187,0,13,13,0,0.93500000000000005,191488,318.45207499414204
73,100072,Control,B2_Contact_Aware,Direct_Earth_to_Mars,200,187,0,13,13,0,0.93500000000000005,191488,318.45207499414204
73,100072,Control,B3_Physical_Success,Direct_Earth_to_Mars,200,187,0,13,13,0,0.93500000000000005,191488,318.45207499414204
73,100072,Control,B4_Physical_Multiobjective,Direct_Earth_to_Mars,200,187,0,13,13,0,0.93500000000000005,191488,318.45207499414204
73,100072,Direct_Background_16,B1_Shortest_Delay,Direct_Earth_to_Mars,200,187,0,13,13,0,0.93500000000000005,191488,318.45207499414204
73,100072,Direct_Background_16,B2_Contact_Aware,Direct_Earth_to_Mars,200,187,0,13,13,0,0.93500000000000005,191488,318.45207499414204
73,100072,Direct_Background_16,B3_Physical_Success,Direct_Earth_to_Mars,200,187,0,13,13,0,0.93500000000000005,191488,318.45207499414204
73,100072,Direct_Background_16,B4_Physical_Multiobjective,Direct_Earth_to_Mars,200,187,0,13,13,0,0.93500000000000005,191488,318.45207499414204
73,100072,Direct_Combined_25pctPower_BG16,B1_Shortest_Delay,Direct_Earth_to_Mars,200,187,0,13,13,0,0.93500000000000005,191488,318.45207499414204
73,100072,Direct_Combined_25pctPower_BG16,B2_Contact_Aware,Direct_Earth_to_Mars,200,187,0,13,13,0,0.93500000000000005,191488,318.45207499414204
73,100072,Direct_Combined_25pctPower_BG16,B3_Physical_Success,Direct_Earth_to_Mars,200,187,0,13,13,0,0.93500000000000005,191488,318.45207499414204
73,100072,Direct_Combined_25pctPower_BG16,B4_Physical_Multiobjective,Direct_Earth_to_Mars,200,187,0,13,13,0,0.93500000000000005,191488,318.45207499414204
73,100072,Direct_Pointing_25pct_Power,B1_Shortest_Delay,Direct_Earth_to_Mars,200,187,0,13,13,0,0.93500000000000005,191488,318.45207499414204
73,100072,Direct_Pointing_25pct_Power,B2_Contact_Aware,Direct_Earth_to_Mars,200,187,0,13,13,0,0.93500000000000005,191488,318.45207499414204
73,100072,Direct_Pointing_25pct_Power,B3_Physical_Success,Direct_Earth_to_Mars,200,187,0,13,13,0,0.93500000000000005,191488,318.45207499414204
73,100072,Direct_Pointing_25pct_Power,B4_Physical_Multiobjective,Direct_Earth_to_Mars,200,187,0,13,13,0,0.93500000000000005,191488,318.45207499414204
74,100073,Control,B1_Shortest_Delay,Direct_Earth_to_Mars,200,164,0,36,36,0,0.81999999999999995,167936,941.58860545428831
74,100073,Control,B2_Contact_Aware,Direct_Earth_to_Mars,200,164,0,36,36,0,0.81999999999999995,167936,941.58860545428831
74,100073,Control,B3_Physical_Success,Direct_Earth_to_Mars,200,164,0,36,36,0,0.81999999999999995,167936,941.58860545428831
74,100073,Control,B4_Physical_Multiobjective,Direct_Earth_to_Mars,200,164,0,36,36,0,0.81999999999999995,167936,941.58860545428831
74,100073,Direct_Background_16,B1_Shortest_Delay,Direct_Earth_to_Mars,200,164,0,36,36,0,0.81999999999999995,167936,941.58860545428831
74,100073,Direct_Background_16,B2_Contact_Aware,Direct_Earth_to_Mars,200,164,0,36,36,0,0.81999999999999995,167936,941.58860545428831
74,100073,Direct_Background_16,B3_Physical_Success,Direct_Earth_to_Mars,200,164,0,36,36,0,0.81999999999999995,167936,941.58860545428831
74,100073,Direct_Background_16,B4_Physical_Multiobjective,Direct_Earth_to_Mars,200,164,0,36,36,0,0.81999999999999995,167936,941.58860545428831
74,100073,Direct_Combined_25pctPower_BG16,B1_Shortest_Delay,Direct_Earth_to_Mars,200,0,0,200,36,164,0,0,0
74,100073,Direct_Combined_25pctPower_BG16,B2_Contact_Aware,Direct_Earth_to_Mars,200,0,0,200,36,164,0,0,0
74,100073,Direct_Combined_25pctPower_BG16,B3_Physical_Success,Earth_Relay0_Mars,200,131,0,69,69,0,0.65500000000000003,134144,1121.6030036899892
74,100073,Direct_Combined_25pctPower_BG16,B4_Physical_Multiobjective,Earth_Relay2_Mars,200,131,0,69,69,0,0.65500000000000003,134144,1007.6938147638168
74,100073,Direct_Pointing_25pct_Power,B1_Shortest_Delay,Direct_Earth_to_Mars,200,96,0,104,36,68,0.47999999999999998,98304,941.58860545428843
74,100073,Direct_Pointing_25pct_Power,B2_Contact_Aware,Direct_Earth_to_Mars,200,96,0,104,36,68,0.47999999999999998,98304,941.58860545428843
74,100073,Direct_Pointing_25pct_Power,B3_Physical_Success,Earth_Relay0_Mars,200,131,0,69,69,0,0.65500000000000003,134144,1121.6030036899892
74,100073,Direct_Pointing_25pct_Power,B4_Physical_Multiobjective,Direct_Earth_to_Mars,200,96,0,104,36,68,0.47999999999999998,98304,941.58860545428843
75,100074,Control,B1_Shortest_Delay,Direct_Earth_to_Mars,200,198,0,2,2,0,0.98999999999999999,202752,1108.2419264147734
75,100074,Control,B2_Contact_Aware,Direct_Earth_to_Mars,200,198,0,2,2,0,0.98999999999999999,202752,1108.2419264147734
75,100074,Control,B3_Physical_Success,Direct_Earth_to_Mars,200,198,0,2,2,0,0.98999999999999999,202752,1108.2419264147734
75,100074,Control,B4_Physical_Multiobjective,Direct_Earth_to_Mars,200,198,0,2,2,0,0.98999999999999999,202752,1108.2419264147734
75,100074,Direct_Background_16,B1_Shortest_Delay,Direct_Earth_to_Mars,200,198,0,2,2,0,0.98999999999999999,202752,1108.2419264147734
75,100074,Direct_Background_16,B2_Contact_Aware,Direct_Earth_to_Mars,200,198,0,2,2,0,0.98999999999999999,202752,1108.2419264147734
75,100074,Direct_Background_16,B3_Physical_Success,Direct_Earth_to_Mars,200,198,0,2,2,0,0.98999999999999999,202752,1108.2419264147734
75,100074,Direct_Background_16,B4_Physical_Multiobjective,Direct_Earth_to_Mars,200,198,0,2,2,0,0.98999999999999999,202752,1108.2419264147734
75,100074,Direct_Combined_25pctPower_BG16,B1_Shortest_Delay,Direct_Earth_to_Mars,200,0,0,200,2,198,0,0,0
75,100074,Direct_Combined_25pctPower_BG16,B2_Contact_Aware,Direct_Earth_to_Mars,200,0,0,200,2,198,0,0,0
75,100074,Direct_Combined_25pctPower_BG16,B3_Physical_Success,Earth_Relay0_Mars,200,198,0,2,2,0,0.98999999999999999,202752,1320.1786223821925
75,100074,Direct_Combined_25pctPower_BG16,B4_Physical_Multiobjective,Earth_Relay2_Mars,200,198,0,2,2,0,0.98999999999999999,202752,1174.62295129575
75,100074,Direct_Pointing_25pct_Power,B1_Shortest_Delay,Direct_Earth_to_Mars,200,0,0,200,2,198,0,0,0
75,100074,Direct_Pointing_25pct_Power,B2_Contact_Aware,Direct_Earth_to_Mars,200,0,0,200,2,198,0,0,0
75,100074,Direct_Pointing_25pct_Power,B3_Physical_Success,Earth_Relay0_Mars,200,198,0,2,2,0,0.98999999999999999,202752,1320.1786223821925
75,100074,Direct_Pointing_25pct_Power,B4_Physical_Multiobjective,Earth_Relay2_Mars,200,198,0,2,2,0,0.98999999999999999,202752,1174.62295129575
76,100075,Control,B1_Shortest_Delay,Direct_Earth_to_Mars,200,183,0,17,17,0,0.91500000000000004,187392,747.81638317118916
76,100075,Control,B2_Contact_Aware,Direct_Earth_to_Mars,200,183,0,17,17,0,0.91500000000000004,187392,747.81638317118916
76,100075,Control,B3_Physical_Success,Direct_Earth_to_Mars,200,183,0,17,17,0,0.91500000000000004,187392,747.81638317118916
76,100075,Control,B4_Physical_Multiobjective,Direct_Earth_to_Mars,200,183,0,17,17,0,0.91500000000000004,187392,747.81638317118916
76,100075,Direct_Background_16,B1_Shortest_Delay,Direct_Earth_to_Mars,200,183,0,17,17,0,0.91500000000000004,187392,747.81638317118916
76,100075,Direct_Background_16,B2_Contact_Aware,Direct_Earth_to_Mars,200,183,0,17,17,0,0.91500000000000004,187392,747.81638317118916
76,100075,Direct_Background_16,B3_Physical_Success,Direct_Earth_to_Mars,200,183,0,17,17,0,0.91500000000000004,187392,747.81638317118916
76,100075,Direct_Background_16,B4_Physical_Multiobjective,Direct_Earth_to_Mars,200,183,0,17,17,0,0.91500000000000004,187392,747.81638317118916
76,100075,Direct_Combined_25pctPower_BG16,B1_Shortest_Delay,Direct_Earth_to_Mars,200,114,0,86,17,69,0.56999999999999995,116736,747.81638317119075
76,100075,Direct_Combined_25pctPower_BG16,B2_Contact_Aware,Direct_Earth_to_Mars,200,114,0,86,17,69,0.56999999999999995,116736,747.81638317119075
76,100075,Direct_Combined_25pctPower_BG16,B3_Physical_Success,Earth_Relay0_Mars,200,177,0,23,23,0,0.88500000000000001,181248,903.99918222462259
76,100075,Direct_Combined_25pctPower_BG16,B4_Physical_Multiobjective,Direct_Earth_to_Mars,200,114,0,86,17,69,0.56999999999999995,116736,747.81638317119075
76,100075,Direct_Pointing_25pct_Power,B1_Shortest_Delay,Direct_Earth_to_Mars,200,183,0,17,17,0,0.91500000000000004,187392,747.81638317118916
76,100075,Direct_Pointing_25pct_Power,B2_Contact_Aware,Direct_Earth_to_Mars,200,183,0,17,17,0,0.91500000000000004,187392,747.81638317118916
76,100075,Direct_Pointing_25pct_Power,B3_Physical_Success,Direct_Earth_to_Mars,200,183,0,17,17,0,0.91500000000000004,187392,747.81638317118916
76,100075,Direct_Pointing_25pct_Power,B4_Physical_Multiobjective,Direct_Earth_to_Mars,200,183,0,17,17,0,0.91500000000000004,187392,747.81638317118916
77,100076,Control,B1_Shortest_Delay,Direct_Earth_to_Mars,200,159,0,41,41,0,0.79500000000000004,162816,363.26627175840247
77,100076,Control,B2_Contact_Aware,Direct_Earth_to_Mars,200,159,0,41,41,0,0.79500000000000004,162816,363.26627175840247
77,100076,Control,B3_Physical_Success,Direct_Earth_to_Mars,200,159,0,41,41,0,0.79500000000000004,162816,363.26627175840247
77,100076,Control,B4_Physical_Multiobjective,Direct_Earth_to_Mars,200,159,0,41,41,0,0.79500000000000004,162816,363.26627175840247
77,100076,Direct_Background_16,B1_Shortest_Delay,Direct_Earth_to_Mars,200,159,0,41,41,0,0.79500000000000004,162816,363.26627175840247
77,100076,Direct_Background_16,B2_Contact_Aware,Direct_Earth_to_Mars,200,159,0,41,41,0,0.79500000000000004,162816,363.26627175840247
77,100076,Direct_Background_16,B3_Physical_Success,Direct_Earth_to_Mars,200,159,0,41,41,0,0.79500000000000004,162816,363.26627175840247
77,100076,Direct_Background_16,B4_Physical_Multiobjective,Direct_Earth_to_Mars,200,159,0,41,41,0,0.79500000000000004,162816,363.26627175840247
77,100076,Direct_Combined_25pctPower_BG16,B1_Shortest_Delay,Direct_Earth_to_Mars,200,159,0,41,41,0,0.79500000000000004,162816,363.26627175840247
77,100076,Direct_Combined_25pctPower_BG16,B2_Contact_Aware,Direct_Earth_to_Mars,200,159,0,41,41,0,0.79500000000000004,162816,363.26627175840247
77,100076,Direct_Combined_25pctPower_BG16,B3_Physical_Success,Direct_Earth_to_Mars,200,159,0,41,41,0,0.79500000000000004,162816,363.26627175840247
77,100076,Direct_Combined_25pctPower_BG16,B4_Physical_Multiobjective,Direct_Earth_to_Mars,200,159,0,41,41,0,0.79500000000000004,162816,363.26627175840247
77,100076,Direct_Pointing_25pct_Power,B1_Shortest_Delay,Direct_Earth_to_Mars,200,159,0,41,41,0,0.79500000000000004,162816,363.26627175840247
77,100076,Direct_Pointing_25pct_Power,B2_Contact_Aware,Direct_Earth_to_Mars,200,159,0,41,41,0,0.79500000000000004,162816,363.26627175840247
77,100076,Direct_Pointing_25pct_Power,B3_Physical_Success,Direct_Earth_to_Mars,200,159,0,41,41,0,0.79500000000000004,162816,363.26627175840247
77,100076,Direct_Pointing_25pct_Power,B4_Physical_Multiobjective,Direct_Earth_to_Mars,200,159,0,41,41,0,0.79500000000000004,162816,363.26627175840247
78,100077,Control,B1_Shortest_Delay,Direct_Earth_to_Mars,200,174,0,26,26,0,0.87,178176,1214.7912342923826
78,100077,Control,B2_Contact_Aware,Direct_Earth_to_Mars,200,174,0,26,26,0,0.87,178176,1214.7912342923826
78,100077,Control,B3_Physical_Success,Direct_Earth_to_Mars,200,174,0,26,26,0,0.87,178176,1214.7912342923826
78,100077,Control,B4_Physical_Multiobjective,Direct_Earth_to_Mars,200,174,0,26,26,0,0.87,178176,1214.7912342923826
78,100077,Direct_Background_16,B1_Shortest_Delay,Direct_Earth_to_Mars,200,174,0,26,26,0,0.87,178176,1214.7912342923826
78,100077,Direct_Background_16,B2_Contact_Aware,Direct_Earth_to_Mars,200,174,0,26,26,0,0.87,178176,1214.7912342923826
78,100077,Direct_Background_16,B3_Physical_Success,Direct_Earth_to_Mars,200,174,0,26,26,0,0.87,178176,1214.7912342923826
78,100077,Direct_Background_16,B4_Physical_Multiobjective,Direct_Earth_to_Mars,200,174,0,26,26,0,0.87,178176,1214.7912342923826
78,100077,Direct_Combined_25pctPower_BG16,B1_Shortest_Delay,Direct_Earth_to_Mars,200,0,0,200,26,174,0,0,0
78,100077,Direct_Combined_25pctPower_BG16,B2_Contact_Aware,Direct_Earth_to_Mars,200,0,0,200,26,174,0,0,0
78,100077,Direct_Combined_25pctPower_BG16,B3_Physical_Success,Earth_Relay1_Mars,200,153,0,47,47,0,0.76500000000000001,156672,1439.3549893906952
78,100077,Direct_Combined_25pctPower_BG16,B4_Physical_Multiobjective,Earth_Relay2_Mars,200,153,0,47,47,0,0.76500000000000001,156672,1281.2178228288446
78,100077,Direct_Pointing_25pct_Power,B1_Shortest_Delay,Direct_Earth_to_Mars,200,0,0,200,26,174,0,0,0
78,100077,Direct_Pointing_25pct_Power,B2_Contact_Aware,Direct_Earth_to_Mars,200,0,0,200,26,174,0,0,0
78,100077,Direct_Pointing_25pct_Power,B3_Physical_Success,Earth_Relay1_Mars,200,153,0,47,47,0,0.76500000000000001,156672,1439.3549893906952
78,100077,Direct_Pointing_25pct_Power,B4_Physical_Multiobjective,Earth_Relay2_Mars,200,153,0,47,47,0,0.76500000000000001,156672,1281.2178228288446
79,100078,Control,B1_Shortest_Delay,Direct_Earth_to_Mars,200,191,0,9,9,0,0.95499999999999996,195584,285.37323995700029
79,100078,Control,B2_Contact_Aware,Direct_Earth_to_Mars,200,191,0,9,9,0,0.95499999999999996,195584,285.37323995700029
79,100078,Control,B3_Physical_Success,Direct_Earth_to_Mars,200,191,0,9,9,0,0.95499999999999996,195584,285.37323995700029
79,100078,Control,B4_Physical_Multiobjective,Direct_Earth_to_Mars,200,191,0,9,9,0,0.95499999999999996,195584,285.37323995700029
79,100078,Direct_Background_16,B1_Shortest_Delay,Direct_Earth_to_Mars,200,191,0,9,9,0,0.95499999999999996,195584,285.37323995700029
79,100078,Direct_Background_16,B2_Contact_Aware,Direct_Earth_to_Mars,200,191,0,9,9,0,0.95499999999999996,195584,285.37323995700029
79,100078,Direct_Background_16,B3_Physical_Success,Direct_Earth_to_Mars,200,191,0,9,9,0,0.95499999999999996,195584,285.37323995700029
79,100078,Direct_Background_16,B4_Physical_Multiobjective,Direct_Earth_to_Mars,200,191,0,9,9,0,0.95499999999999996,195584,285.37323995700029
79,100078,Direct_Combined_25pctPower_BG16,B1_Shortest_Delay,Direct_Earth_to_Mars,200,191,0,9,9,0,0.95499999999999996,195584,285.37323995700029
79,100078,Direct_Combined_25pctPower_BG16,B2_Contact_Aware,Direct_Earth_to_Mars,200,191,0,9,9,0,0.95499999999999996,195584,285.37323995700029
79,100078,Direct_Combined_25pctPower_BG16,B3_Physical_Success,Direct_Earth_to_Mars,200,191,0,9,9,0,0.95499999999999996,195584,285.37323995700029
79,100078,Direct_Combined_25pctPower_BG16,B4_Physical_Multiobjective,Direct_Earth_to_Mars,200,191,0,9,9,0,0.95499999999999996,195584,285.37323995700029
79,100078,Direct_Pointing_25pct_Power,B1_Shortest_Delay,Direct_Earth_to_Mars,200,191,0,9,9,0,0.95499999999999996,195584,285.37323995700029
79,100078,Direct_Pointing_25pct_Power,B2_Contact_Aware,Direct_Earth_to_Mars,200,191,0,9,9,0,0.95499999999999996,195584,285.37323995700029
79,100078,Direct_Pointing_25pct_Power,B3_Physical_Success,Direct_Earth_to_Mars,200,191,0,9,9,0,0.95499999999999996,195584,285.37323995700029
79,100078,Direct_Pointing_25pct_Power,B4_Physical_Multiobjective,Direct_Earth_to_Mars,200,191,0,9,9,0,0.95499999999999996,195584,285.37323995700029
8,100007,Control,B1_Shortest_Delay,Direct_Earth_to_Mars,200,169,0,31,31,0,0.84499999999999997,173056,603.0651434698384
8,100007,Control,B2_Contact_Aware,Direct_Earth_to_Mars,200,169,0,31,31,0,0.84499999999999997,173056,603.0651434698384
8,100007,Control,B3_Physical_Success,Direct_Earth_to_Mars,200,169,0,31,31,0,0.84499999999999997,173056,603.0651434698384
8,100007,Control,B4_Physical_Multiobjective,Direct_Earth_to_Mars,200,169,0,31,31,0,0.84499999999999997,173056,603.0651434698384
8,100007,Direct_Background_16,B1_Shortest_Delay,Direct_Earth_to_Mars,200,169,0,31,31,0,0.84499999999999997,173056,603.0651434698384
8,100007,Direct_Background_16,B2_Contact_Aware,Direct_Earth_to_Mars,200,169,0,31,31,0,0.84499999999999997,173056,603.0651434698384
8,100007,Direct_Background_16,B3_Physical_Success,Direct_Earth_to_Mars,200,169,0,31,31,0,0.84499999999999997,173056,603.0651434698384
8,100007,Direct_Background_16,B4_Physical_Multiobjective,Direct_Earth_to_Mars,200,169,0,31,31,0,0.84499999999999997,173056,603.0651434698384
8,100007,Direct_Combined_25pctPower_BG16,B1_Shortest_Delay,Direct_Earth_to_Mars,200,169,0,31,31,0,0.84499999999999997,173056,603.0651434698384
8,100007,Direct_Combined_25pctPower_BG16,B2_Contact_Aware,Direct_Earth_to_Mars,200,169,0,31,31,0,0.84499999999999997,173056,603.0651434698384
8,100007,Direct_Combined_25pctPower_BG16,B3_Physical_Success,Direct_Earth_to_Mars,200,169,0,31,31,0,0.84499999999999997,173056,603.0651434698384
8,100007,Direct_Combined_25pctPower_BG16,B4_Physical_Multiobjective,Direct_Earth_to_Mars,200,169,0,31,31,0,0.84499999999999997,173056,603.0651434698384
8,100007,Direct_Pointing_25pct_Power,B1_Shortest_Delay,Direct_Earth_to_Mars,200,169,0,31,31,0,0.84499999999999997,173056,603.0651434698384
8,100007,Direct_Pointing_25pct_Power,B2_Contact_Aware,Direct_Earth_to_Mars,200,169,0,31,31,0,0.84499999999999997,173056,603.0651434698384
8,100007,Direct_Pointing_25pct_Power,B3_Physical_Success,Direct_Earth_to_Mars,200,169,0,31,31,0,0.84499999999999997,173056,603.0651434698384
8,100007,Direct_Pointing_25pct_Power,B4_Physical_Multiobjective,Direct_Earth_to_Mars,200,169,0,31,31,0,0.84499999999999997,173056,603.0651434698384
80,100079,Control,B1_Shortest_Delay,Direct_Earth_to_Mars,200,190,0,10,10,0,0.94999999999999996,194560,1076.8624999915462
80,100079,Control,B2_Contact_Aware,Direct_Earth_to_Mars,200,190,0,10,10,0,0.94999999999999996,194560,1076.8624999915462
80,100079,Control,B3_Physical_Success,Direct_Earth_to_Mars,200,190,0,10,10,0,0.94999999999999996,194560,1076.8624999915462
80,100079,Control,B4_Physical_Multiobjective,Direct_Earth_to_Mars,200,190,0,10,10,0,0.94999999999999996,194560,1076.8624999915462
80,100079,Direct_Background_16,B1_Shortest_Delay,Direct_Earth_to_Mars,200,190,0,10,10,0,0.94999999999999996,194560,1076.8624999915462
80,100079,Direct_Background_16,B2_Contact_Aware,Direct_Earth_to_Mars,200,190,0,10,10,0,0.94999999999999996,194560,1076.8624999915462
80,100079,Direct_Background_16,B3_Physical_Success,Direct_Earth_to_Mars,200,190,0,10,10,0,0.94999999999999996,194560,1076.8624999915462
80,100079,Direct_Background_16,B4_Physical_Multiobjective,Direct_Earth_to_Mars,200,190,0,10,10,0,0.94999999999999996,194560,1076.8624999915462
80,100079,Direct_Combined_25pctPower_BG16,B1_Shortest_Delay,Direct_Earth_to_Mars,200,0,0,200,10,190,0,0,0
80,100079,Direct_Combined_25pctPower_BG16,B2_Contact_Aware,Direct_Earth_to_Mars,200,0,0,200,10,190,0,0,0
80,100079,Direct_Combined_25pctPower_BG16,B3_Physical_Success,Earth_Relay0_Mars,200,184,0,16,16,0,0.92000000000000004,188416,1281.7166094264751
80,100079,Direct_Combined_25pctPower_BG16,B4_Physical_Multiobjective,Earth_Relay2_Mars,200,184,0,16,16,0,0.92000000000000004,188416,1143.1962004512229
80,100079,Direct_Pointing_25pct_Power,B1_Shortest_Delay,Direct_Earth_to_Mars,200,0,0,200,10,190,0,0,0
80,100079,Direct_Pointing_25pct_Power,B2_Contact_Aware,Direct_Earth_to_Mars,200,0,0,200,10,190,0,0,0
80,100079,Direct_Pointing_25pct_Power,B3_Physical_Success,Earth_Relay0_Mars,200,184,0,16,16,0,0.92000000000000004,188416,1281.7166094264751
80,100079,Direct_Pointing_25pct_Power,B4_Physical_Multiobjective,Earth_Relay2_Mars,200,184,0,16,16,0,0.92000000000000004,188416,1143.1962004512229
81,100080,Control,B1_Shortest_Delay,Direct_Earth_to_Mars,200,184,0,16,16,0,0.92000000000000004,188416,835.39171320036985
81,100080,Control,B2_Contact_Aware,Direct_Earth_to_Mars,200,184,0,16,16,0,0.92000000000000004,188416,835.39171320036985
81,100080,Control,B3_Physical_Success,Direct_Earth_to_Mars,200,184,0,16,16,0,0.92000000000000004,188416,835.39171320036985
81,100080,Control,B4_Physical_Multiobjective,Direct_Earth_to_Mars,200,184,0,16,16,0,0.92000000000000004,188416,835.39171320036985
81,100080,Direct_Background_16,B1_Shortest_Delay,Direct_Earth_to_Mars,200,184,0,16,16,0,0.92000000000000004,188416,835.39171320036985
81,100080,Direct_Background_16,B2_Contact_Aware,Direct_Earth_to_Mars,200,184,0,16,16,0,0.92000000000000004,188416,835.39171320036985
81,100080,Direct_Background_16,B3_Physical_Success,Direct_Earth_to_Mars,200,184,0,16,16,0,0.92000000000000004,188416,835.39171320036985
81,100080,Direct_Background_16,B4_Physical_Multiobjective,Direct_Earth_to_Mars,200,184,0,16,16,0,0.92000000000000004,188416,835.39171320036985
81,100080,Direct_Combined_25pctPower_BG16,B1_Shortest_Delay,Direct_Earth_to_Mars,200,0,0,200,16,184,0,0,0
81,100080,Direct_Combined_25pctPower_BG16,B2_Contact_Aware,Direct_Earth_to_Mars,200,0,0,200,16,184,0,0,0
81,100080,Direct_Combined_25pctPower_BG16,B3_Physical_Success,Earth_Relay0_Mars,200,166,0,34,34,0,0.82999999999999996,169984,999.71239403451932
81,100080,Direct_Combined_25pctPower_BG16,B4_Physical_Multiobjective,Earth_Relay2_Mars,200,166,0,34,34,0,0.82999999999999996,169984,901.35225959142815
81,100080,Direct_Pointing_25pct_Power,B1_Shortest_Delay,Direct_Earth_to_Mars,200,178,0,22,16,6,0.89000000000000001,182272,835.39171320036985
81,100080,Direct_Pointing_25pct_Power,B2_Contact_Aware,Direct_Earth_to_Mars,200,178,0,22,16,6,0.89000000000000001,182272,835.39171320036985
81,100080,Direct_Pointing_25pct_Power,B3_Physical_Success,Direct_Earth_to_Mars,200,178,0,22,16,6,0.89000000000000001,182272,835.39171320036985
81,100080,Direct_Pointing_25pct_Power,B4_Physical_Multiobjective,Direct_Earth_to_Mars,200,178,0,22,16,6,0.89000000000000001,182272,835.39171320036985
82,100081,Control,B1_Shortest_Delay,Direct_Earth_to_Mars,200,169,0,31,31,0,0.84499999999999997,173056,1363.0432192491794
82,100081,Control,B2_Contact_Aware,Direct_Earth_to_Mars,200,169,0,31,31,0,0.84499999999999997,173056,1363.0432192491794
82,100081,Control,B3_Physical_Success,Direct_Earth_to_Mars,200,169,0,31,31,0,0.84499999999999997,173056,1363.0432192491794
82,100081,Control,B4_Physical_Multiobjective,Direct_Earth_to_Mars,200,169,0,31,31,0,0.84499999999999997,173056,1363.0432192491794
82,100081,Direct_Background_16,B1_Shortest_Delay,Direct_Earth_to_Mars,200,163,0,37,31,6,0.81499999999999995,166912,1363.0432192491796
82,100081,Direct_Background_16,B2_Contact_Aware,Direct_Earth_to_Mars,200,163,0,37,31,6,0.81499999999999995,166912,1363.0432192491796
82,100081,Direct_Background_16,B3_Physical_Success,Direct_Earth_to_Mars,200,163,0,37,31,6,0.81499999999999995,166912,1363.0432192491796
82,100081,Direct_Background_16,B4_Physical_Multiobjective,Direct_Earth_to_Mars,200,163,0,37,31,6,0.81499999999999995,166912,1363.0432192491796
82,100081,Direct_Combined_25pctPower_BG16,B1_Shortest_Delay,Direct_Earth_to_Mars,200,0,0,200,31,169,0,0,0
82,100081,Direct_Combined_25pctPower_BG16,B2_Contact_Aware,Direct_Earth_to_Mars,200,0,0,200,31,169,0,0,0
82,100081,Direct_Combined_25pctPower_BG16,B3_Physical_Success,Earth_Relay1_Mars,200,0,147,53,53,0,0,0,0
82,100081,Direct_Combined_25pctPower_BG16,B4_Physical_Multiobjective,Earth_Relay2_Mars,200,147,0,53,53,0,0.73499999999999999,150528,1429.7141681561407
82,100081,Direct_Pointing_25pct_Power,B1_Shortest_Delay,Direct_Earth_to_Mars,200,0,0,200,31,169,0,0,0
82,100081,Direct_Pointing_25pct_Power,B2_Contact_Aware,Direct_Earth_to_Mars,200,0,0,200,31,169,0,0,0
82,100081,Direct_Pointing_25pct_Power,B3_Physical_Success,Earth_Relay1_Mars,200,0,147,53,53,0,0,0,0
82,100081,Direct_Pointing_25pct_Power,B4_Physical_Multiobjective,Earth_Relay2_Mars,200,147,0,53,53,0,0.73499999999999999,150528,1429.7141681561407
83,100082,Control,B1_Shortest_Delay,Direct_Earth_to_Mars,200,183,0,17,17,0,0.91500000000000004,187392,516.98908890302005
83,100082,Control,B2_Contact_Aware,Direct_Earth_to_Mars,200,183,0,17,17,0,0.91500000000000004,187392,516.98908890302005
83,100082,Control,B3_Physical_Success,Direct_Earth_to_Mars,200,183,0,17,17,0,0.91500000000000004,187392,516.98908890302005
83,100082,Control,B4_Physical_Multiobjective,Direct_Earth_to_Mars,200,183,0,17,17,0,0.91500000000000004,187392,516.98908890302005
83,100082,Direct_Background_16,B1_Shortest_Delay,Direct_Earth_to_Mars,200,183,0,17,17,0,0.91500000000000004,187392,516.98908890302005
83,100082,Direct_Background_16,B2_Contact_Aware,Direct_Earth_to_Mars,200,183,0,17,17,0,0.91500000000000004,187392,516.98908890302005
83,100082,Direct_Background_16,B3_Physical_Success,Direct_Earth_to_Mars,200,183,0,17,17,0,0.91500000000000004,187392,516.98908890302005
83,100082,Direct_Background_16,B4_Physical_Multiobjective,Direct_Earth_to_Mars,200,183,0,17,17,0,0.91500000000000004,187392,516.98908890302005
83,100082,Direct_Combined_25pctPower_BG16,B1_Shortest_Delay,Direct_Earth_to_Mars,200,183,0,17,17,0,0.91500000000000004,187392,516.98908890302005
83,100082,Direct_Combined_25pctPower_BG16,B2_Contact_Aware,Direct_Earth_to_Mars,200,183,0,17,17,0,0.91500000000000004,187392,516.98908890302005
83,100082,Direct_Combined_25pctPower_BG16,B3_Physical_Success,Direct_Earth_to_Mars,200,183,0,17,17,0,0.91500000000000004,187392,516.98908890302005
83,100082,Direct_Combined_25pctPower_BG16,B4_Physical_Multiobjective,Direct_Earth_to_Mars,200,183,0,17,17,0,0.91500000000000004,187392,516.98908890302005
83,100082,Direct_Pointing_25pct_Power,B1_Shortest_Delay,Direct_Earth_to_Mars,200,183,0,17,17,0,0.91500000000000004,187392,516.98908890302005
83,100082,Direct_Pointing_25pct_Power,B2_Contact_Aware,Direct_Earth_to_Mars,200,183,0,17,17,0,0.91500000000000004,187392,516.98908890302005
83,100082,Direct_Pointing_25pct_Power,B3_Physical_Success,Direct_Earth_to_Mars,200,183,0,17,17,0,0.91500000000000004,187392,516.98908890302005
83,100082,Direct_Pointing_25pct_Power,B4_Physical_Multiobjective,Direct_Earth_to_Mars,200,183,0,17,17,0,0.91500000000000004,187392,516.98908890302005
84,100083,Control,B1_Shortest_Delay,Direct_Earth_to_Mars,200,178,0,22,22,0,0.89000000000000001,182272,1354.3455232333779
84,100083,Control,B2_Contact_Aware,Direct_Earth_to_Mars,200,178,0,22,22,0,0.89000000000000001,182272,1354.3455232333779
84,100083,Control,B3_Physical_Success,Direct_Earth_to_Mars,200,178,0,22,22,0,0.89000000000000001,182272,1354.3455232333779
84,100083,Control,B4_Physical_Multiobjective,Direct_Earth_to_Mars,200,178,0,22,22,0,0.89000000000000001,182272,1354.3455232333779
84,100083,Direct_Background_16,B1_Shortest_Delay,Direct_Earth_to_Mars,200,131,0,69,22,47,0.65500000000000003,134144,1354.3455232333772
84,100083,Direct_Background_16,B2_Contact_Aware,Direct_Earth_to_Mars,200,131,0,69,22,47,0.65500000000000003,134144,1354.3455232333772
84,100083,Direct_Background_16,B3_Physical_Success,Earth_Relay1_Mars,200,0,157,43,43,0,0,0,0
84,100083,Direct_Background_16,B4_Physical_Multiobjective,Direct_Earth_to_Mars,200,131,0,69,22,47,0.65500000000000003,134144,1354.3455232333772
84,100083,Direct_Combined_25pctPower_BG16,B1_Shortest_Delay,Direct_Earth_to_Mars,200,0,0,200,22,178,0,0,0
84,100083,Direct_Combined_25pctPower_BG16,B2_Contact_Aware,Direct_Earth_to_Mars,200,0,0,200,22,178,0,0,0
84,100083,Direct_Combined_25pctPower_BG16,B3_Physical_Success,Earth_Relay1_Mars,200,0,157,43,43,0,0,0,0
84,100083,Direct_Combined_25pctPower_BG16,B4_Physical_Multiobjective,Earth_Relay2_Mars,200,157,0,43,43,0,0.78500000000000003,160768,1420.9731086526319
84,100083,Direct_Pointing_25pct_Power,B1_Shortest_Delay,Direct_Earth_to_Mars,200,0,0,200,22,178,0,0,0
84,100083,Direct_Pointing_25pct_Power,B2_Contact_Aware,Direct_Earth_to_Mars,200,0,0,200,22,178,0,0,0
84,100083,Direct_Pointing_25pct_Power,B3_Physical_Success,Earth_Relay1_Mars,200,0,157,43,43,0,0,0,0
84,100083,Direct_Pointing_25pct_Power,B4_Physical_Multiobjective,Earth_Relay2_Mars,200,157,0,43,43,0,0.78500000000000003,160768,1420.9731086526319
85,100084,Control,B1_Shortest_Delay,Direct_Earth_to_Mars,200,172,0,28,28,0,0.85999999999999999,176128,758.38894683121464
85,100084,Control,B2_Contact_Aware,Direct_Earth_to_Mars,200,172,0,28,28,0,0.85999999999999999,176128,758.38894683121464
85,100084,Control,B3_Physical_Success,Direct_Earth_to_Mars,200,172,0,28,28,0,0.85999999999999999,176128,758.38894683121464
85,100084,Control,B4_Physical_Multiobjective,Direct_Earth_to_Mars,200,172,0,28,28,0,0.85999999999999999,176128,758.38894683121464
85,100084,Direct_Background_16,B1_Shortest_Delay,Direct_Earth_to_Mars,200,172,0,28,28,0,0.85999999999999999,176128,758.38894683121464
85,100084,Direct_Background_16,B2_Contact_Aware,Direct_Earth_to_Mars,200,172,0,28,28,0,0.85999999999999999,176128,758.38894683121464
85,100084,Direct_Background_16,B3_Physical_Success,Direct_Earth_to_Mars,200,172,0,28,28,0,0.85999999999999999,176128,758.38894683121464
85,100084,Direct_Background_16,B4_Physical_Multiobjective,Direct_Earth_to_Mars,200,172,0,28,28,0,0.85999999999999999,176128,758.38894683121464
85,100084,Direct_Combined_25pctPower_BG16,B1_Shortest_Delay,Direct_Earth_to_Mars,200,0,0,200,28,172,0,0,0
85,100084,Direct_Combined_25pctPower_BG16,B2_Contact_Aware,Direct_Earth_to_Mars,200,0,0,200,28,172,0,0,0
85,100084,Direct_Combined_25pctPower_BG16,B3_Physical_Success,Earth_Relay0_Mars,200,132,0,68,68,0,0.66000000000000003,135168,915.25923371402348
85,100084,Direct_Combined_25pctPower_BG16,B4_Physical_Multiobjective,Earth_Relay2_Mars,200,132,0,68,68,0,0.66000000000000003,135168,824.24699880022638
85,100084,Direct_Pointing_25pct_Power,B1_Shortest_Delay,Direct_Earth_to_Mars,200,172,0,28,28,0,0.85999999999999999,176128,758.38894683121464
85,100084,Direct_Pointing_25pct_Power,B2_Contact_Aware,Direct_Earth_to_Mars,200,172,0,28,28,0,0.85999999999999999,176128,758.38894683121464
85,100084,Direct_Pointing_25pct_Power,B3_Physical_Success,Direct_Earth_to_Mars,200,172,0,28,28,0,0.85999999999999999,176128,758.38894683121464
85,100084,Direct_Pointing_25pct_Power,B4_Physical_Multiobjective,Direct_Earth_to_Mars,200,172,0,28,28,0,0.85999999999999999,176128,758.38894683121464
86,100085,Control,B1_Shortest_Delay,Direct_Earth_to_Mars,200,181,0,19,19,0,0.90500000000000003,185344,1324.6798768047959
86,100085,Control,B2_Contact_Aware,Direct_Earth_to_Mars,200,181,0,19,19,0,0.90500000000000003,185344,1324.6798768047959
86,100085,Control,B3_Physical_Success,Direct_Earth_to_Mars,200,181,0,19,19,0,0.90500000000000003,185344,1324.6798768047959
86,100085,Control,B4_Physical_Multiobjective,Direct_Earth_to_Mars,200,181,0,19,19,0,0.90500000000000003,185344,1324.6798768047959
86,100085,Direct_Background_16,B1_Shortest_Delay,Direct_Earth_to_Mars,200,168,0,32,19,13,0.83999999999999997,172032,1324.6798768047963
86,100085,Direct_Background_16,B2_Contact_Aware,Direct_Earth_to_Mars,200,168,0,32,19,13,0.83999999999999997,172032,1324.6798768047963
86,100085,Direct_Background_16,B3_Physical_Success,Earth_Relay0_Mars,200,0,170,30,30,0,0,0,0
86,100085,Direct_Background_16,B4_Physical_Multiobjective,Direct_Earth_to_Mars,200,168,0,32,19,13,0.83999999999999997,172032,1324.6798768047963
86,100085,Direct_Combined_25pctPower_BG16,B1_Shortest_Delay,Direct_Earth_to_Mars,200,0,0,200,19,181,0,0,0
86,100085,Direct_Combined_25pctPower_BG16,B2_Contact_Aware,Direct_Earth_to_Mars,200,0,0,200,19,181,0,0,0
86,100085,Direct_Combined_25pctPower_BG16,B3_Physical_Success,Earth_Relay0_Mars,200,0,170,30,30,0,0,0,0
86,100085,Direct_Combined_25pctPower_BG16,B4_Physical_Multiobjective,Earth_Relay2_Mars,200,170,0,30,30,0,0.84999999999999998,174080,1391.3270927095709
86,100085,Direct_Pointing_25pct_Power,B1_Shortest_Delay,Direct_Earth_to_Mars,200,0,0,200,19,181,0,0,0
86,100085,Direct_Pointing_25pct_Power,B2_Contact_Aware,Direct_Earth_to_Mars,200,0,0,200,19,181,0,0,0
86,100085,Direct_Pointing_25pct_Power,B3_Physical_Success,Earth_Relay0_Mars,200,0,170,30,30,0,0,0,0
86,100085,Direct_Pointing_25pct_Power,B4_Physical_Multiobjective,Earth_Relay2_Mars,200,170,0,30,30,0,0.84999999999999998,174080,1391.3270927095709
87,100086,Control,B1_Shortest_Delay,Direct_Earth_to_Mars,200,171,0,29,29,0,0.85499999999999998,175104,1351.2838021860805
87,100086,Control,B2_Contact_Aware,Direct_Earth_to_Mars,200,171,0,29,29,0,0.85499999999999998,175104,1351.2838021860805
87,100086,Control,B3_Physical_Success,Direct_Earth_to_Mars,200,171,0,29,29,0,0.85499999999999998,175104,1351.2838021860805
87,100086,Control,B4_Physical_Multiobjective,Direct_Earth_to_Mars,200,171,0,29,29,0,0.85499999999999998,175104,1351.2838021860805
87,100086,Direct_Background_16,B1_Shortest_Delay,Direct_Earth_to_Mars,200,162,0,38,29,9,0.81000000000000005,165888,1351.2838021860805
87,100086,Direct_Background_16,B2_Contact_Aware,Direct_Earth_to_Mars,200,162,0,38,29,9,0.81000000000000005,165888,1351.2838021860805
87,100086,Direct_Background_16,B3_Physical_Success,Direct_Earth_to_Mars,200,162,0,38,29,9,0.81000000000000005,165888,1351.2838021860805
87,100086,Direct_Background_16,B4_Physical_Multiobjective,Direct_Earth_to_Mars,200,162,0,38,29,9,0.81000000000000005,165888,1351.2838021860805
87,100086,Direct_Combined_25pctPower_BG16,B1_Shortest_Delay,Direct_Earth_to_Mars,200,0,0,200,29,171,0,0,0
87,100086,Direct_Combined_25pctPower_BG16,B2_Contact_Aware,Direct_Earth_to_Mars,200,0,0,200,29,171,0,0,0
87,100086,Direct_Combined_25pctPower_BG16,B3_Physical_Success,Earth_Relay0_Mars,200,0,138,62,62,0,0,0,0
87,100086,Direct_Combined_25pctPower_BG16,B4_Physical_Multiobjective,Earth_Relay0_Mars,200,0,138,62,62,0,0,0,0
87,100086,Direct_Pointing_25pct_Power,B1_Shortest_Delay,Direct_Earth_to_Mars,200,0,0,200,29,171,0,0,0
87,100086,Direct_Pointing_25pct_Power,B2_Contact_Aware,Direct_Earth_to_Mars,200,0,0,200,29,171,0,0,0
87,100086,Direct_Pointing_25pct_Power,B3_Physical_Success,Earth_Relay0_Mars,200,0,138,62,62,0,0,0,0
87,100086,Direct_Pointing_25pct_Power,B4_Physical_Multiobjective,Earth_Relay0_Mars,200,0,138,62,62,0,0,0,0
88,100087,Control,B1_Shortest_Delay,Direct_Earth_to_Mars,200,166,0,34,34,0,0.82999999999999996,169984,1320.9330270034279
88,100087,Control,B2_Contact_Aware,Direct_Earth_to_Mars,200,166,0,34,34,0,0.82999999999999996,169984,1320.9330270034279
88,100087,Control,B3_Physical_Success,Direct_Earth_to_Mars,200,166,0,34,34,0,0.82999999999999996,169984,1320.9330270034279
88,100087,Control,B4_Physical_Multiobjective,Direct_Earth_to_Mars,200,166,0,34,34,0,0.82999999999999996,169984,1320.9330270034279
88,100087,Direct_Background_16,B1_Shortest_Delay,Direct_Earth_to_Mars,200,152,0,48,34,14,0.76000000000000001,155648,1320.9330270034279
88,100087,Direct_Background_16,B2_Contact_Aware,Direct_Earth_to_Mars,200,152,0,48,34,14,0.76000000000000001,155648,1320.9330270034279
88,100087,Direct_Background_16,B3_Physical_Success,Direct_Earth_to_Mars,200,152,0,48,34,14,0.76000000000000001,155648,1320.9330270034279
88,100087,Direct_Background_16,B4_Physical_Multiobjective,Direct_Earth_to_Mars,200,152,0,48,34,14,0.76000000000000001,155648,1320.9330270034279
88,100087,Direct_Combined_25pctPower_BG16,B1_Shortest_Delay,Direct_Earth_to_Mars,200,0,0,200,34,166,0,0,0
88,100087,Direct_Combined_25pctPower_BG16,B2_Contact_Aware,Direct_Earth_to_Mars,200,0,0,200,34,166,0,0,0
88,100087,Direct_Combined_25pctPower_BG16,B3_Physical_Success,Earth_Relay0_Mars,200,0,130,70,70,0,0,0,0
88,100087,Direct_Combined_25pctPower_BG16,B4_Physical_Multiobjective,Earth_Relay2_Mars,200,130,0,70,70,0,0.65000000000000002,133120,1387.5769313229227
88,100087,Direct_Pointing_25pct_Power,B1_Shortest_Delay,Direct_Earth_to_Mars,200,0,0,200,34,166,0,0,0
88,100087,Direct_Pointing_25pct_Power,B2_Contact_Aware,Direct_Earth_to_Mars,200,0,0,200,34,166,0,0,0
88,100087,Direct_Pointing_25pct_Power,B3_Physical_Success,Earth_Relay0_Mars,200,0,130,70,70,0,0,0,0
88,100087,Direct_Pointing_25pct_Power,B4_Physical_Multiobjective,Earth_Relay2_Mars,200,130,0,70,70,0,0.65000000000000002,133120,1387.5769313229227
89,100088,Control,B1_Shortest_Delay,Direct_Earth_to_Mars,200,171,0,29,29,0,0.85499999999999998,175104,318.99188571092975
89,100088,Control,B2_Contact_Aware,Direct_Earth_to_Mars,200,171,0,29,29,0,0.85499999999999998,175104,318.99188571092975
89,100088,Control,B3_Physical_Success,Direct_Earth_to_Mars,200,171,0,29,29,0,0.85499999999999998,175104,318.99188571092975
89,100088,Control,B4_Physical_Multiobjective,Direct_Earth_to_Mars,200,171,0,29,29,0,0.85499999999999998,175104,318.99188571092975
89,100088,Direct_Background_16,B1_Shortest_Delay,Direct_Earth_to_Mars,200,171,0,29,29,0,0.85499999999999998,175104,318.99188571092975
89,100088,Direct_Background_16,B2_Contact_Aware,Direct_Earth_to_Mars,200,171,0,29,29,0,0.85499999999999998,175104,318.99188571092975
89,100088,Direct_Background_16,B3_Physical_Success,Direct_Earth_to_Mars,200,171,0,29,29,0,0.85499999999999998,175104,318.99188571092975
89,100088,Direct_Background_16,B4_Physical_Multiobjective,Direct_Earth_to_Mars,200,171,0,29,29,0,0.85499999999999998,175104,318.99188571092975
89,100088,Direct_Combined_25pctPower_BG16,B1_Shortest_Delay,Direct_Earth_to_Mars,200,171,0,29,29,0,0.85499999999999998,175104,318.99188571092975
89,100088,Direct_Combined_25pctPower_BG16,B2_Contact_Aware,Direct_Earth_to_Mars,200,171,0,29,29,0,0.85499999999999998,175104,318.99188571092975
89,100088,Direct_Combined_25pctPower_BG16,B3_Physical_Success,Direct_Earth_to_Mars,200,171,0,29,29,0,0.85499999999999998,175104,318.99188571092975
89,100088,Direct_Combined_25pctPower_BG16,B4_Physical_Multiobjective,Direct_Earth_to_Mars,200,171,0,29,29,0,0.85499999999999998,175104,318.99188571092975
89,100088,Direct_Pointing_25pct_Power,B1_Shortest_Delay,Direct_Earth_to_Mars,200,171,0,29,29,0,0.85499999999999998,175104,318.99188571092975
89,100088,Direct_Pointing_25pct_Power,B2_Contact_Aware,Direct_Earth_to_Mars,200,171,0,29,29,0,0.85499999999999998,175104,318.99188571092975
89,100088,Direct_Pointing_25pct_Power,B3_Physical_Success,Direct_Earth_to_Mars,200,171,0,29,29,0,0.85499999999999998,175104,318.99188571092975
89,100088,Direct_Pointing_25pct_Power,B4_Physical_Multiobjective,Direct_Earth_to_Mars,200,171,0,29,29,0,0.85499999999999998,175104,318.99188571092975
9,100008,Control,B1_Shortest_Delay,Direct_Earth_to_Mars,200,172,0,28,28,0,0.85999999999999999,176128,787.22657445205482
9,100008,Control,B2_Contact_Aware,Direct_Earth_to_Mars,200,172,0,28,28,0,0.85999999999999999,176128,787.22657445205482
9,100008,Control,B3_Physical_Success,Direct_Earth_to_Mars,200,172,0,28,28,0,0.85999999999999999,176128,787.22657445205482
9,100008,Control,B4_Physical_Multiobjective,Direct_Earth_to_Mars,200,172,0,28,28,0,0.85999999999999999,176128,787.22657445205482
9,100008,Direct_Background_16,B1_Shortest_Delay,Direct_Earth_to_Mars,200,172,0,28,28,0,0.85999999999999999,176128,787.22657445205482
9,100008,Direct_Background_16,B2_Contact_Aware,Direct_Earth_to_Mars,200,172,0,28,28,0,0.85999999999999999,176128,787.22657445205482
9,100008,Direct_Background_16,B3_Physical_Success,Direct_Earth_to_Mars,200,172,0,28,28,0,0.85999999999999999,176128,787.22657445205482
9,100008,Direct_Background_16,B4_Physical_Multiobjective,Direct_Earth_to_Mars,200,172,0,28,28,0,0.85999999999999999,176128,787.22657445205482
9,100008,Direct_Combined_25pctPower_BG16,B1_Shortest_Delay,Direct_Earth_to_Mars,200,0,0,200,28,172,0,0,0
9,100008,Direct_Combined_25pctPower_BG16,B2_Contact_Aware,Direct_Earth_to_Mars,200,0,0,200,28,172,0,0,0
9,100008,Direct_Combined_25pctPower_BG16,B3_Physical_Success,Earth_Relay0_Mars,200,154,0,46,46,0,0.77000000000000002,157696,946.41336407974916
9,100008,Direct_Combined_25pctPower_BG16,B4_Physical_Multiobjective,Earth_Relay2_Mars,200,154,0,46,46,0,0.77000000000000002,157696,853.1224697036223
9,100008,Direct_Pointing_25pct_Power,B1_Shortest_Delay,Direct_Earth_to_Mars,200,172,0,28,28,0,0.85999999999999999,176128,787.22657445205482
9,100008,Direct_Pointing_25pct_Power,B2_Contact_Aware,Direct_Earth_to_Mars,200,172,0,28,28,0,0.85999999999999999,176128,787.22657445205482
9,100008,Direct_Pointing_25pct_Power,B3_Physical_Success,Direct_Earth_to_Mars,200,172,0,28,28,0,0.85999999999999999,176128,787.22657445205482
9,100008,Direct_Pointing_25pct_Power,B4_Physical_Multiobjective,Direct_Earth_to_Mars,200,172,0,28,28,0,0.85999999999999999,176128,787.22657445205482
90,100089,Control,B1_Shortest_Delay,Direct_Earth_to_Mars,200,192,0,8,8,0,0.95999999999999996,196608,1085.6566376709382
90,100089,Control,B2_Contact_Aware,Direct_Earth_to_Mars,200,192,0,8,8,0,0.95999999999999996,196608,1085.6566376709382
90,100089,Control,B3_Physical_Success,Direct_Earth_to_Mars,200,192,0,8,8,0,0.95999999999999996,196608,1085.6566376709382
90,100089,Control,B4_Physical_Multiobjective,Direct_Earth_to_Mars,200,192,0,8,8,0,0.95999999999999996,196608,1085.6566376709382
90,100089,Direct_Background_16,B1_Shortest_Delay,Direct_Earth_to_Mars,200,192,0,8,8,0,0.95999999999999996,196608,1085.6566376709382
90,100089,Direct_Background_16,B2_Contact_Aware,Direct_Earth_to_Mars,200,192,0,8,8,0,0.95999999999999996,196608,1085.6566376709382
90,100089,Direct_Background_16,B3_Physical_Success,Direct_Earth_to_Mars,200,192,0,8,8,0,0.95999999999999996,196608,1085.6566376709382
90,100089,Direct_Background_16,B4_Physical_Multiobjective,Direct_Earth_to_Mars,200,192,0,8,8,0,0.95999999999999996,196608,1085.6566376709382
90,100089,Direct_Combined_25pctPower_BG16,B1_Shortest_Delay,Direct_Earth_to_Mars,200,0,0,200,8,192,0,0,0
90,100089,Direct_Combined_25pctPower_BG16,B2_Contact_Aware,Direct_Earth_to_Mars,200,0,0,200,8,192,0,0,0
90,100089,Direct_Combined_25pctPower_BG16,B3_Physical_Success,Earth_Relay0_Mars,200,180,0,20,20,0,0.90000000000000002,184320,1292.4357839915838
90,100089,Direct_Combined_25pctPower_BG16,B4_Physical_Multiobjective,Earth_Relay2_Mars,200,180,0,20,20,0,0.90000000000000002,184320,1152.0037849893538
90,100089,Direct_Pointing_25pct_Power,B1_Shortest_Delay,Direct_Earth_to_Mars,200,0,0,200,8,192,0,0,0
90,100089,Direct_Pointing_25pct_Power,B2_Contact_Aware,Direct_Earth_to_Mars,200,0,0,200,8,192,0,0,0
90,100089,Direct_Pointing_25pct_Power,B3_Physical_Success,Earth_Relay0_Mars,200,180,0,20,20,0,0.90000000000000002,184320,1292.4357839915838
90,100089,Direct_Pointing_25pct_Power,B4_Physical_Multiobjective,Earth_Relay2_Mars,200,180,0,20,20,0,0.90000000000000002,184320,1152.0037849893538
91,100090,Control,B1_Shortest_Delay,Direct_Earth_to_Mars,200,170,0,30,30,0,0.84999999999999998,174080,349.19205095290084
91,100090,Control,B2_Contact_Aware,Direct_Earth_to_Mars,200,170,0,30,30,0,0.84999999999999998,174080,349.19205095290084
91,100090,Control,B3_Physical_Success,Direct_Earth_to_Mars,200,170,0,30,30,0,0.84999999999999998,174080,349.19205095290084
91,100090,Control,B4_Physical_Multiobjective,Direct_Earth_to_Mars,200,170,0,30,30,0,0.84999999999999998,174080,349.19205095290084
91,100090,Direct_Background_16,B1_Shortest_Delay,Direct_Earth_to_Mars,200,170,0,30,30,0,0.84999999999999998,174080,349.19205095290084
91,100090,Direct_Background_16,B2_Contact_Aware,Direct_Earth_to_Mars,200,170,0,30,30,0,0.84999999999999998,174080,349.19205095290084
91,100090,Direct_Background_16,B3_Physical_Success,Direct_Earth_to_Mars,200,170,0,30,30,0,0.84999999999999998,174080,349.19205095290084
91,100090,Direct_Background_16,B4_Physical_Multiobjective,Direct_Earth_to_Mars,200,170,0,30,30,0,0.84999999999999998,174080,349.19205095290084
91,100090,Direct_Combined_25pctPower_BG16,B1_Shortest_Delay,Direct_Earth_to_Mars,200,170,0,30,30,0,0.84999999999999998,174080,349.19205095290084
91,100090,Direct_Combined_25pctPower_BG16,B2_Contact_Aware,Direct_Earth_to_Mars,200,170,0,30,30,0,0.84999999999999998,174080,349.19205095290084
91,100090,Direct_Combined_25pctPower_BG16,B3_Physical_Success,Direct_Earth_to_Mars,200,170,0,30,30,0,0.84999999999999998,174080,349.19205095290084
91,100090,Direct_Combined_25pctPower_BG16,B4_Physical_Multiobjective,Direct_Earth_to_Mars,200,170,0,30,30,0,0.84999999999999998,174080,349.19205095290084
91,100090,Direct_Pointing_25pct_Power,B1_Shortest_Delay,Direct_Earth_to_Mars,200,170,0,30,30,0,0.84999999999999998,174080,349.19205095290084
91,100090,Direct_Pointing_25pct_Power,B2_Contact_Aware,Direct_Earth_to_Mars,200,170,0,30,30,0,0.84999999999999998,174080,349.19205095290084
91,100090,Direct_Pointing_25pct_Power,B3_Physical_Success,Direct_Earth_to_Mars,200,170,0,30,30,0,0.84999999999999998,174080,349.19205095290084
91,100090,Direct_Pointing_25pct_Power,B4_Physical_Multiobjective,Direct_Earth_to_Mars,200,170,0,30,30,0,0.84999999999999998,174080,349.19205095290084
92,100091,Control,B1_Shortest_Delay,Direct_Earth_to_Mars,200,185,0,15,15,0,0.92500000000000004,189440,366.45544748774972
92,100091,Control,B2_Contact_Aware,Direct_Earth_to_Mars,200,185,0,15,15,0,0.92500000000000004,189440,366.45544748774972
92,100091,Control,B3_Physical_Success,Direct_Earth_to_Mars,200,185,0,15,15,0,0.92500000000000004,189440,366.45544748774972
92,100091,Control,B4_Physical_Multiobjective,Direct_Earth_to_Mars,200,185,0,15,15,0,0.92500000000000004,189440,366.45544748774972
92,100091,Direct_Background_16,B1_Shortest_Delay,Direct_Earth_to_Mars,200,185,0,15,15,0,0.92500000000000004,189440,366.45544748774972
92,100091,Direct_Background_16,B2_Contact_Aware,Direct_Earth_to_Mars,200,185,0,15,15,0,0.92500000000000004,189440,366.45544748774972
92,100091,Direct_Background_16,B3_Physical_Success,Direct_Earth_to_Mars,200,185,0,15,15,0,0.92500000000000004,189440,366.45544748774972
92,100091,Direct_Background_16,B4_Physical_Multiobjective,Direct_Earth_to_Mars,200,185,0,15,15,0,0.92500000000000004,189440,366.45544748774972
92,100091,Direct_Combined_25pctPower_BG16,B1_Shortest_Delay,Direct_Earth_to_Mars,200,185,0,15,15,0,0.92500000000000004,189440,366.45544748774972
92,100091,Direct_Combined_25pctPower_BG16,B2_Contact_Aware,Direct_Earth_to_Mars,200,185,0,15,15,0,0.92500000000000004,189440,366.45544748774972
92,100091,Direct_Combined_25pctPower_BG16,B3_Physical_Success,Direct_Earth_to_Mars,200,185,0,15,15,0,0.92500000000000004,189440,366.45544748774972
92,100091,Direct_Combined_25pctPower_BG16,B4_Physical_Multiobjective,Direct_Earth_to_Mars,200,185,0,15,15,0,0.92500000000000004,189440,366.45544748774972
92,100091,Direct_Pointing_25pct_Power,B1_Shortest_Delay,Direct_Earth_to_Mars,200,185,0,15,15,0,0.92500000000000004,189440,366.45544748774972
92,100091,Direct_Pointing_25pct_Power,B2_Contact_Aware,Direct_Earth_to_Mars,200,185,0,15,15,0,0.92500000000000004,189440,366.45544748774972
92,100091,Direct_Pointing_25pct_Power,B3_Physical_Success,Direct_Earth_to_Mars,200,185,0,15,15,0,0.92500000000000004,189440,366.45544748774972
92,100091,Direct_Pointing_25pct_Power,B4_Physical_Multiobjective,Direct_Earth_to_Mars,200,185,0,15,15,0,0.92500000000000004,189440,366.45544748774972
93,100092,Control,B1_Shortest_Delay,Direct_Earth_to_Mars,200,183,0,17,17,0,0.91500000000000004,187392,605.73290831493443
93,100092,Control,B2_Contact_Aware,Direct_Earth_to_Mars,200,183,0,17,17,0,0.91500000000000004,187392,605.73290831493443
93,100092,Control,B3_Physical_Success,Direct_Earth_to_Mars,200,183,0,17,17,0,0.91500000000000004,187392,605.73290831493443
93,100092,Control,B4_Physical_Multiobjective,Direct_Earth_to_Mars,200,183,0,17,17,0,0.91500000000000004,187392,605.73290831493443
93,100092,Direct_Background_16,B1_Shortest_Delay,Direct_Earth_to_Mars,200,183,0,17,17,0,0.91500000000000004,187392,605.73290831493443
93,100092,Direct_Background_16,B2_Contact_Aware,Direct_Earth_to_Mars,200,183,0,17,17,0,0.91500000000000004,187392,605.73290831493443
93,100092,Direct_Background_16,B3_Physical_Success,Direct_Earth_to_Mars,200,183,0,17,17,0,0.91500000000000004,187392,605.73290831493443
93,100092,Direct_Background_16,B4_Physical_Multiobjective,Direct_Earth_to_Mars,200,183,0,17,17,0,0.91500000000000004,187392,605.73290831493443
93,100092,Direct_Combined_25pctPower_BG16,B1_Shortest_Delay,Direct_Earth_to_Mars,200,183,0,17,17,0,0.91500000000000004,187392,605.73290831493443
93,100092,Direct_Combined_25pctPower_BG16,B2_Contact_Aware,Direct_Earth_to_Mars,200,183,0,17,17,0,0.91500000000000004,187392,605.73290831493443
93,100092,Direct_Combined_25pctPower_BG16,B3_Physical_Success,Direct_Earth_to_Mars,200,183,0,17,17,0,0.91500000000000004,187392,605.73290831493443
93,100092,Direct_Combined_25pctPower_BG16,B4_Physical_Multiobjective,Direct_Earth_to_Mars,200,183,0,17,17,0,0.91500000000000004,187392,605.73290831493443
93,100092,Direct_Pointing_25pct_Power,B1_Shortest_Delay,Direct_Earth_to_Mars,200,183,0,17,17,0,0.91500000000000004,187392,605.73290831493443
93,100092,Direct_Pointing_25pct_Power,B2_Contact_Aware,Direct_Earth_to_Mars,200,183,0,17,17,0,0.91500000000000004,187392,605.73290831493443
93,100092,Direct_Pointing_25pct_Power,B3_Physical_Success,Direct_Earth_to_Mars,200,183,0,17,17,0,0.91500000000000004,187392,605.73290831493443
93,100092,Direct_Pointing_25pct_Power,B4_Physical_Multiobjective,Direct_Earth_to_Mars,200,183,0,17,17,0,0.91500000000000004,187392,605.73290831493443
94,100093,Control,B1_Shortest_Delay,Direct_Earth_to_Mars,200,160,0,40,40,0,0.80000000000000004,163840,471.92186403999375
94,100093,Control,B2_Contact_Aware,Direct_Earth_to_Mars,200,160,0,40,40,0,0.80000000000000004,163840,471.92186403999375
94,100093,Control,B3_Physical_Success,Direct_Earth_to_Mars,200,160,0,40,40,0,0.80000000000000004,163840,471.92186403999375
94,100093,Control,B4_Physical_Multiobjective,Direct_Earth_to_Mars,200,160,0,40,40,0,0.80000000000000004,163840,471.92186403999375
94,100093,Direct_Background_16,B1_Shortest_Delay,Direct_Earth_to_Mars,200,160,0,40,40,0,0.80000000000000004,163840,471.92186403999375
94,100093,Direct_Background_16,B2_Contact_Aware,Direct_Earth_to_Mars,200,160,0,40,40,0,0.80000000000000004,163840,471.92186403999375
94,100093,Direct_Background_16,B3_Physical_Success,Direct_Earth_to_Mars,200,160,0,40,40,0,0.80000000000000004,163840,471.92186403999375
94,100093,Direct_Background_16,B4_Physical_Multiobjective,Direct_Earth_to_Mars,200,160,0,40,40,0,0.80000000000000004,163840,471.92186403999375
94,100093,Direct_Combined_25pctPower_BG16,B1_Shortest_Delay,Direct_Earth_to_Mars,200,160,0,40,40,0,0.80000000000000004,163840,471.92186403999375
94,100093,Direct_Combined_25pctPower_BG16,B2_Contact_Aware,Direct_Earth_to_Mars,200,160,0,40,40,0,0.80000000000000004,163840,471.92186403999375
94,100093,Direct_Combined_25pctPower_BG16,B3_Physical_Success,Direct_Earth_to_Mars,200,160,0,40,40,0,0.80000000000000004,163840,471.92186403999375
94,100093,Direct_Combined_25pctPower_BG16,B4_Physical_Multiobjective,Direct_Earth_to_Mars,200,160,0,40,40,0,0.80000000000000004,163840,471.92186403999375
94,100093,Direct_Pointing_25pct_Power,B1_Shortest_Delay,Direct_Earth_to_Mars,200,160,0,40,40,0,0.80000000000000004,163840,471.92186403999375
94,100093,Direct_Pointing_25pct_Power,B2_Contact_Aware,Direct_Earth_to_Mars,200,160,0,40,40,0,0.80000000000000004,163840,471.92186403999375
94,100093,Direct_Pointing_25pct_Power,B3_Physical_Success,Direct_Earth_to_Mars,200,160,0,40,40,0,0.80000000000000004,163840,471.92186403999375
94,100093,Direct_Pointing_25pct_Power,B4_Physical_Multiobjective,Direct_Earth_to_Mars,200,160,0,40,40,0,0.80000000000000004,163840,471.92186403999375
95,100094,Control,B1_Shortest_Delay,Direct_Earth_to_Mars,200,164,0,36,36,0,0.81999999999999995,167936,518.196898141784
95,100094,Control,B2_Contact_Aware,Direct_Earth_to_Mars,200,164,0,36,36,0,0.81999999999999995,167936,518.196898141784
95,100094,Control,B3_Physical_Success,Direct_Earth_to_Mars,200,164,0,36,36,0,0.81999999999999995,167936,518.196898141784
95,100094,Control,B4_Physical_Multiobjective,Direct_Earth_to_Mars,200,164,0,36,36,0,0.81999999999999995,167936,518.196898141784
95,100094,Direct_Background_16,B1_Shortest_Delay,Direct_Earth_to_Mars,200,164,0,36,36,0,0.81999999999999995,167936,518.196898141784
95,100094,Direct_Background_16,B2_Contact_Aware,Direct_Earth_to_Mars,200,164,0,36,36,0,0.81999999999999995,167936,518.196898141784
95,100094,Direct_Background_16,B3_Physical_Success,Direct_Earth_to_Mars,200,164,0,36,36,0,0.81999999999999995,167936,518.196898141784
95,100094,Direct_Background_16,B4_Physical_Multiobjective,Direct_Earth_to_Mars,200,164,0,36,36,0,0.81999999999999995,167936,518.196898141784
95,100094,Direct_Combined_25pctPower_BG16,B1_Shortest_Delay,Direct_Earth_to_Mars,200,164,0,36,36,0,0.81999999999999995,167936,518.196898141784
95,100094,Direct_Combined_25pctPower_BG16,B2_Contact_Aware,Direct_Earth_to_Mars,200,164,0,36,36,0,0.81999999999999995,167936,518.196898141784
95,100094,Direct_Combined_25pctPower_BG16,B3_Physical_Success,Direct_Earth_to_Mars,200,164,0,36,36,0,0.81999999999999995,167936,518.196898141784
95,100094,Direct_Combined_25pctPower_BG16,B4_Physical_Multiobjective,Direct_Earth_to_Mars,200,164,0,36,36,0,0.81999999999999995,167936,518.196898141784
95,100094,Direct_Pointing_25pct_Power,B1_Shortest_Delay,Direct_Earth_to_Mars,200,164,0,36,36,0,0.81999999999999995,167936,518.196898141784
95,100094,Direct_Pointing_25pct_Power,B2_Contact_Aware,Direct_Earth_to_Mars,200,164,0,36,36,0,0.81999999999999995,167936,518.196898141784
95,100094,Direct_Pointing_25pct_Power,B3_Physical_Success,Direct_Earth_to_Mars,200,164,0,36,36,0,0.81999999999999995,167936,518.196898141784
95,100094,Direct_Pointing_25pct_Power,B4_Physical_Multiobjective,Direct_Earth_to_Mars,200,164,0,36,36,0,0.81999999999999995,167936,518.196898141784
96,100095,Control,B1_Shortest_Delay,Direct_Earth_to_Mars,200,180,0,20,20,0,0.90000000000000002,184320,1093.9306784751748
96,100095,Control,B2_Contact_Aware,Direct_Earth_to_Mars,200,180,0,20,20,0,0.90000000000000002,184320,1093.9306784751748
96,100095,Control,B3_Physical_Success,Direct_Earth_to_Mars,200,180,0,20,20,0,0.90000000000000002,184320,1093.9306784751748
96,100095,Control,B4_Physical_Multiobjective,Direct_Earth_to_Mars,200,180,0,20,20,0,0.90000000000000002,184320,1093.9306784751748
96,100095,Direct_Background_16,B1_Shortest_Delay,Direct_Earth_to_Mars,200,180,0,20,20,0,0.90000000000000002,184320,1093.9306784751748
96,100095,Direct_Background_16,B2_Contact_Aware,Direct_Earth_to_Mars,200,180,0,20,20,0,0.90000000000000002,184320,1093.9306784751748
96,100095,Direct_Background_16,B3_Physical_Success,Direct_Earth_to_Mars,200,180,0,20,20,0,0.90000000000000002,184320,1093.9306784751748
96,100095,Direct_Background_16,B4_Physical_Multiobjective,Direct_Earth_to_Mars,200,180,0,20,20,0,0.90000000000000002,184320,1093.9306784751748
96,100095,Direct_Combined_25pctPower_BG16,B1_Shortest_Delay,Direct_Earth_to_Mars,200,0,0,200,20,180,0,0,0
96,100095,Direct_Combined_25pctPower_BG16,B2_Contact_Aware,Direct_Earth_to_Mars,200,0,0,200,20,180,0,0,0
96,100095,Direct_Combined_25pctPower_BG16,B3_Physical_Success,Earth_Relay0_Mars,200,152,0,48,48,0,0.76000000000000001,155648,1302.5632776757316
96,100095,Direct_Combined_25pctPower_BG16,B4_Physical_Multiobjective,Earth_Relay2_Mars,200,152,0,48,48,0,0.76000000000000001,155648,1160.2903478695364
96,100095,Direct_Pointing_25pct_Power,B1_Shortest_Delay,Direct_Earth_to_Mars,200,0,0,200,20,180,0,0,0
96,100095,Direct_Pointing_25pct_Power,B2_Contact_Aware,Direct_Earth_to_Mars,200,0,0,200,20,180,0,0,0
96,100095,Direct_Pointing_25pct_Power,B3_Physical_Success,Earth_Relay0_Mars,200,152,0,48,48,0,0.76000000000000001,155648,1302.5632776757316
96,100095,Direct_Pointing_25pct_Power,B4_Physical_Multiobjective,Earth_Relay2_Mars,200,152,0,48,48,0,0.76000000000000001,155648,1160.2903478695364
97,100096,Control,B1_Shortest_Delay,Direct_Earth_to_Mars,200,189,0,11,11,0,0.94499999999999995,193536,1281.859046152641
97,100096,Control,B2_Contact_Aware,Direct_Earth_to_Mars,200,189,0,11,11,0,0.94499999999999995,193536,1281.859046152641
97,100096,Control,B3_Physical_Success,Direct_Earth_to_Mars,200,189,0,11,11,0,0.94499999999999995,193536,1281.859046152641
97,100096,Control,B4_Physical_Multiobjective,Direct_Earth_to_Mars,200,189,0,11,11,0,0.94499999999999995,193536,1281.859046152641
97,100096,Direct_Background_16,B1_Shortest_Delay,Direct_Earth_to_Mars,200,186,0,14,11,3,0.93000000000000005,190464,1281.859046152641
97,100096,Direct_Background_16,B2_Contact_Aware,Direct_Earth_to_Mars,200,186,0,14,11,3,0.93000000000000005,190464,1281.859046152641
97,100096,Direct_Background_16,B3_Physical_Success,Direct_Earth_to_Mars,200,186,0,14,11,3,0.93000000000000005,190464,1281.859046152641
97,100096,Direct_Background_16,B4_Physical_Multiobjective,Direct_Earth_to_Mars,200,186,0,14,11,3,0.93000000000000005,190464,1281.859046152641
97,100096,Direct_Combined_25pctPower_BG16,B1_Shortest_Delay,Direct_Earth_to_Mars,200,0,0,200,11,189,0,0,0
97,100096,Direct_Combined_25pctPower_BG16,B2_Contact_Aware,Direct_Earth_to_Mars,200,0,0,200,11,189,0,0,0
97,100096,Direct_Combined_25pctPower_BG16,B3_Physical_Success,Earth_Relay1_Mars,200,0,179,21,21,0,0,0,0
97,100096,Direct_Combined_25pctPower_BG16,B4_Physical_Multiobjective,Earth_Relay2_Mars,200,179,0,21,21,0,0.89500000000000002,183296,1348.3743520109565
97,100096,Direct_Pointing_25pct_Power,B1_Shortest_Delay,Direct_Earth_to_Mars,200,0,0,200,11,189,0,0,0
97,100096,Direct_Pointing_25pct_Power,B2_Contact_Aware,Direct_Earth_to_Mars,200,0,0,200,11,189,0,0,0
97,100096,Direct_Pointing_25pct_Power,B3_Physical_Success,Earth_Relay1_Mars,200,0,179,21,21,0,0,0,0
97,100096,Direct_Pointing_25pct_Power,B4_Physical_Multiobjective,Earth_Relay2_Mars,200,179,0,21,21,0,0.89500000000000002,183296,1348.3743520109565
98,100097,Control,B1_Shortest_Delay,Direct_Earth_to_Mars,200,184,0,16,16,0,0.92000000000000004,188416,1331.4411405101691
98,100097,Control,B2_Contact_Aware,Direct_Earth_to_Mars,200,184,0,16,16,0,0.92000000000000004,188416,1331.4411405101691
98,100097,Control,B3_Physical_Success,Direct_Earth_to_Mars,200,184,0,16,16,0,0.92000000000000004,188416,1331.4411405101691
98,100097,Control,B4_Physical_Multiobjective,Direct_Earth_to_Mars,200,184,0,16,16,0,0.92000000000000004,188416,1331.4411405101691
98,100097,Direct_Background_16,B1_Shortest_Delay,Direct_Earth_to_Mars,200,161,0,39,16,23,0.80500000000000005,164864,1331.4411405101687
98,100097,Direct_Background_16,B2_Contact_Aware,Direct_Earth_to_Mars,200,161,0,39,16,23,0.80500000000000005,164864,1331.4411405101687
98,100097,Direct_Background_16,B3_Physical_Success,Earth_Relay0_Mars,200,0,169,31,31,0,0,0,0
98,100097,Direct_Background_16,B4_Physical_Multiobjective,Direct_Earth_to_Mars,200,161,0,39,16,23,0.80500000000000005,164864,1331.4411405101687
98,100097,Direct_Combined_25pctPower_BG16,B1_Shortest_Delay,Direct_Earth_to_Mars,200,0,0,200,16,184,0,0,0
98,100097,Direct_Combined_25pctPower_BG16,B2_Contact_Aware,Direct_Earth_to_Mars,200,0,0,200,16,184,0,0,0
98,100097,Direct_Combined_25pctPower_BG16,B3_Physical_Success,Earth_Relay0_Mars,200,0,169,31,31,0,0,0,0
98,100097,Direct_Combined_25pctPower_BG16,B4_Physical_Multiobjective,Earth_Relay0_Mars,200,0,169,31,31,0,0,0,0
98,100097,Direct_Pointing_25pct_Power,B1_Shortest_Delay,Direct_Earth_to_Mars,200,0,0,200,16,184,0,0,0
98,100097,Direct_Pointing_25pct_Power,B2_Contact_Aware,Direct_Earth_to_Mars,200,0,0,200,16,184,0,0,0
98,100097,Direct_Pointing_25pct_Power,B3_Physical_Success,Earth_Relay0_Mars,200,0,169,31,31,0,0,0,0
98,100097,Direct_Pointing_25pct_Power,B4_Physical_Multiobjective,Earth_Relay0_Mars,200,0,169,31,31,0,0,0,0
99,100098,Control,B1_Shortest_Delay,Direct_Earth_to_Mars,200,181,0,19,19,0,0.90500000000000003,185344,1294.1770843382321
99,100098,Control,B2_Contact_Aware,Direct_Earth_to_Mars,200,181,0,19,19,0,0.90500000000000003,185344,1294.1770843382321
99,100098,Control,B3_Physical_Success,Direct_Earth_to_Mars,200,181,0,19,19,0,0.90500000000000003,185344,1294.1770843382321
99,100098,Control,B4_Physical_Multiobjective,Direct_Earth_to_Mars,200,181,0,19,19,0,0.90500000000000003,185344,1294.1770843382321
99,100098,Direct_Background_16,B1_Shortest_Delay,Direct_Earth_to_Mars,200,180,0,20,19,1,0.90000000000000002,184320,1294.1770843382319
99,100098,Direct_Background_16,B2_Contact_Aware,Direct_Earth_to_Mars,200,180,0,20,19,1,0.90000000000000002,184320,1294.1770843382319
99,100098,Direct_Background_16,B3_Physical_Success,Direct_Earth_to_Mars,200,180,0,20,19,1,0.90000000000000002,184320,1294.1770843382319
99,100098,Direct_Background_16,B4_Physical_Multiobjective,Direct_Earth_to_Mars,200,180,0,20,19,1,0.90000000000000002,184320,1294.1770843382319
99,100098,Direct_Combined_25pctPower_BG16,B1_Shortest_Delay,Direct_Earth_to_Mars,200,0,0,200,19,181,0,0,0
99,100098,Direct_Combined_25pctPower_BG16,B2_Contact_Aware,Direct_Earth_to_Mars,200,0,0,200,19,181,0,0,0
99,100098,Direct_Combined_25pctPower_BG16,B3_Physical_Success,Earth_Relay1_Mars,200,0,157,43,43,0,0,0,0
99,100098,Direct_Combined_25pctPower_BG16,B4_Physical_Multiobjective,Earth_Relay2_Mars,200,157,0,43,43,0,0.78500000000000003,160768,1360.7096951052645
99,100098,Direct_Pointing_25pct_Power,B1_Shortest_Delay,Direct_Earth_to_Mars,200,0,0,200,19,181,0,0,0
99,100098,Direct_Pointing_25pct_Power,B2_Contact_Aware,Direct_Earth_to_Mars,200,0,0,200,19,181,0,0,0
99,100098,Direct_Pointing_25pct_Power,B3_Physical_Success,Earth_Relay1_Mars,200,0,157,43,43,0,0,0,0
99,100098,Direct_Pointing_25pct_Power,B4_Physical_Multiobjective,Earth_Relay2_Mars,200,157,0,43,43,0,0.78500000000000003,160768,1360.7096951052645
